0.14560373582388478 8.637825216811512e-06 1.343629086057371e-06 5.961307538358906 2.159919946631067e-05 2.159919946631067e-05 2.159919946631067e-06
0.16721814543028948 3.6326884589726338e-06 4.746497665110066e-07 8.616410940627084 1.135100066711133e-05 1.135100066711133e-05 1.135100066711133e-06
0.1745430286857933 1.80993995997331e-06 3.4614409606405055e-06 8.969979986657771 2.32715810540358e-05 2.32715810540358e-05 2.32715810540358e-06
0.06178785857238211 5.2891927951968804e-06 3.7060040026685386e-06 7.222148098732488 2.017961974649748e-05 2.017961974649748e-05 2.017961974649748e-06
0.11870580386924783 4.4401601067378514e-06 3.7476317545030975e-06 12.078719146097397 2.929993328885894e-05 2.929993328885894e-05 2.9299933288858942e-06
0.02540360240160102 2.065243495663769e-06 1.1302868579052744e-06 6.434956637758505 1.2556671114075958e-05 1.2556671114075958e-05 1.2556671114075958e-06
0.052181454302868906 5.330753835890679e-06 2.8994663108739613e-06 10.824549699799865 2.978609072715113e-05 2.978609072715113e-05 2.978609072715113e-06
0.10393595730487128 5.746364242828665e-06 3.3131420947298897e-06 11.044696464309538 8.784089392928573e-06 8.784089392928573e-06 8.784089392928574e-07
0.11078052034689943 8.459706470980947e-06 2.2230153435623803e-06 12.919279519679785 1.652371581054022e-05 1.652371581054022e-05 1.652371581054022e-06
0.1761040693795892 8.302868579052693e-07 1.015810540360247e-06 8.743162108072047 2.075116744496331e-06 2.075116744496331e-06 2.075116744496331e-07
0.057705136757839 3.858305537024671e-06 3.2116744496331525e-06 5.901267511674449 2.9280486991327253e-05 2.9280486991327253e-05 2.9280486991327253e-06
0.049779853235490605 7.946631087391587e-07 5.396931287525021e-07 12.58572381587725 1.9732354903268666e-05 1.9732354903268666e-05 1.9732354903268664e-06
0.16781854569713406 3.133955970647086e-06 2.8212141427618376e-07 6.935290193462308 1.969346230820529e-05 1.969346230820529e-05 1.969346230820529e-06
0.030326884589726395 2.2374249499666367e-06 2.9931287525017187e-06 10.651100733822547 2.224092728485636e-05 2.224092728485636e-05 2.224092728485636e-06
0.1753835890593757 1.1781187458305536e-07 2.4311541027351745e-06 13.759839893262173 2.566347565043337e-05 2.566347565043337e-05 2.5663475650433367e-06
0.028045363575717075 5.099199466310944e-06 3.2220813875917922e-06 12.992661774516343 6.43108739159438e-06 6.43108739159438e-06 6.431087391594379e-07
0.18691127418279155 2.3502334889926535e-06 2.165777184789862e-06 11.098065376917944 2.5391227484989743e-05 2.5391227484989743e-05 2.5391227484989743e-06
0.08052034689793285 5.520747164776616e-06 3.8751167444964334e-06 11.985323549032687 1.5104136090727027e-05 1.5104136090727027e-05 1.5104136090727026e-06
0.1642161440960666 1.2755837224816515e-06 3.7840560373583364e-06 4.780520346897932 1.961567711807854e-05 1.961567711807854e-05 1.961567711807854e-06
0.1713008672448326 2.308672448298858e-06 8.831220813875985e-07 7.215476984656437 1.755436957971966e-05 1.755436957971966e-05 1.755436957971966e-06
0.028285523682454898 4.416410940627109e-06 6.151434289526369e-07 13.719813208805869 7.870113408939259e-06 7.870113408939259e-06 7.870113408939259e-07
0.031407605070046606 1.18058705803869e-06 3.091994663108796e-06 12.719146097398264 1.7282121414276035e-05 1.7282121414276035e-05 1.7282121414276035e-06
0.16913942628419212 8.709072715143739e-06 5.501000667111414e-07 4.680453635757171 2.0471314209472793e-05 2.0471314209472793e-05 2.047131420947279e-06
0.0961307538358918 1.0737158105403583e-06 6.489659773182146e-07 7.008672448298865 5.40043362241494e-06 5.40043362241494e-06 5.400433622414939e-07
0.06671114076050762 6.904136090727341e-06 2.870847231487702e-06 13.72648432288192 2.5118979319546117e-05 2.5118979319546117e-05 2.511897931954612e-06
0.18150767178119037 2.195863909272841e-06 2.8136090727151837e-06 12.945963975983988 1.5629186124082593e-05 1.5629186124082593e-05 1.5629186124082594e-06
0.14056037358239035 7.58098732488349e-06 3.968779186124191e-06 9.617078052034689 1.8623915943962476e-05 1.8623915943962476e-05 1.8623915943962475e-06
0.10285523682455104 6.4944629753170405e-06 1.7442961974649671e-06 6.354903268845897 2.4593929286190553e-05 2.4593929286190553e-05 2.459392928619055e-06
0.1472848565710496 8.263775850567325e-06 1.07825216811208e-06 13.893262174783187 2.033519012675098e-05 2.033519012675098e-05 2.033519012675098e-06
0.0729553035356912 8.061907938626017e-06 2.915076717811921e-06 8.703135423615743 2.8697098065376627e-05 2.8697098065376627e-05 2.8697098065376627e-06
0.05758505670447008 3.585190126751153e-06 2.053902601734485e-06 6.128085390260173 2.391330887258149e-05 2.391330887258149e-05 2.3913308872581488e-06
0.10561707805203609 2.1602401601067305e-06 3.1726484322882536e-06 9.843895930620413 1.45207471647764e-05 1.45207471647764e-05 1.45207471647764e-06
0.03849232821881259 2.694596397598389e-06 7.790527018012056e-07 4.253502334889927 1.6484823215476845e-05 1.6484823215476845e-05 1.6484823215476844e-06
0.0665910607071387 9.000000000000329e-06 1.908205470313529e-06 13.519679786524348 2.5857938625750244e-05 2.5857938625750244e-05 2.5857938625750243e-06
0.12999332888592582 5.217945296864654e-06 8.75316877918619e-07 8.636424282855236 4.000300200133436e-06 4.000300200133436e-06 4.000300200133436e-07
0.10165443629086189 7.598799199466547e-06 4.4342895263508937e-07 10.350900600400266 1.5512508338892467e-05 1.5512508338892467e-05 1.5512508338892467e-06
0.027324883255503606 7.3434956637760695e-06 1.8249499666444183e-06 9.06337558372248 1.3062274849899834e-05 1.3062274849899834e-05 1.3062274849899834e-06
0.04701801200800556 5.591994663108842e-06 1.156104069379586e-07 13.786524349566376 7.131154102735132e-06 7.131154102735132e-06 7.131154102735132e-07
0.03813208805870585 2.623348899266168e-06 2.2100066711140807e-06 10.477651767845229 1.8079419613075224e-05 1.8079419613075224e-05 1.8079419613075225e-06
0.04845897264843254 4.950767178118806e-06 7.166110740493699e-07 11.298198799199465 4.525350233489e-06 4.525350233489e-06 4.5253502334889996e-07
0.14548365577051586 6.607271514343065e-06 3.901134089393033e-06 11.571714476317544 2.0160173448965792e-05 2.0160173448965792e-05 2.0160173448965794e-06
0.0753569046030695 2.7242828552368144e-06 3.2428952635090716e-06 12.472314876584388 2.4205003335556802e-05 2.4205003335556802e-05 2.42050033355568e-06
0.05626417611741202 7.836290860573967e-06 3.0737825216811764e-06 9.390260173448965 1.6776517678452158e-05 1.6776517678452158e-05 1.6776517678452157e-06
0.09589059372915397 7.800667111407854e-06 5.058705803869244e-07 11.678452301534355 2.1307505003335357e-05 2.1307505003335357e-05 2.1307505003335357e-06
0.09396931287525133 6.898198799199656e-06 3.29753168779193e-06 8.896597731821213 9.250800533689075e-06 9.250800533689075e-06 9.250800533689074e-07
0.16997998665777453 4.511407605070078e-06 2.379119412941976e-06 13.332888592394928 2.8424849899933e-05 2.8424849899933e-05 2.8424849899933003e-06
0.14944629753169006 5.74042695130098e-06 1.8925950633755709e-06 12.378919279519678 1.6951534356237346e-05 1.6951534356237346e-05 1.6951534356237346e-06
0.18703135423616046 4.799866577718488e-07 2.0356904603068656e-06 7.949299533022014 2.9747198132087754e-05 2.9747198132087754e-05 2.9747198132087753e-06
0.09865243495663902 6.72008005336909e-06 1.944629753168768e-06 8.723148765843895 1.953789192795179e-05 1.953789192795179e-05 1.953789192795179e-06
0.1849899933288889 7.3197464976653274e-06 3.1024016010674356e-06 13.966644429619745 4.428118745830562e-06 4.428118745830562e-06 4.428118745830562e-07
0.09637091394262963 5.930420280186916e-06 2.0667111407605048e-07 11.831887925283521 2.294099399599711e-05 2.294099399599711e-05 2.294099399599711e-06
0.12290860573715985 3.4248832555036555e-06 3.7318212141427564e-07 6.908605737158105 1.0106437625083327e-05 1.0106437625083327e-05 1.0106437625083327e-06
0.15184789859906836 7.070380253502536e-06 3.934956637758612e-06 11.031354236157437 2.3932755170113177e-05 2.3932755170113177e-05 2.3932755170113177e-06
0.03645096731154104 1.3824549699799832e-06 8.935290193462378e-07 9.937291527685122 1.3820680453635649e-05 1.3820680453635649e-05 1.3820680453635648e-06
0.051701134089393246 8.738759172782166e-06 2.131954636424283e-06 11.024683122081386 5.069846564376251e-06 5.069846564376251e-06 5.069846564376251e-07
0.07271514342895337 3.4308205470313406e-06 4.070046697798526e-07 7.935957304869913 1.4909673115410152e-05 1.4909673115410152e-05 1.490967311541015e-06
0.09961307538359034 5.348565710473736e-06 2.9228819212809006e-06 10.737825216811206 2.169643095396911e-05 2.169643095396911e-05 2.169643095396911e-06
0.19711807871914933 7.040693795864108e-06 1.3306204136090724e-06 6.508338892595063 1.5551400933955843e-05 1.5551400933955843e-05 1.5551400933955843e-06
0.09805203468979444 3.318012008005324e-06 2.4285523682455145e-06 4.293529019346231 1.43651767845229e-05 1.43651767845229e-05 1.43651767845229e-06
0.09264843228819326 2.2468312208138752e-07 2.1187458305537002e-07 6.608405603735823 1.564863242161428e-05 1.564863242161428e-05 1.564863242161428e-06
0.12350900600400443 8.008472314876847e-06 3.30793862575057e-06 4.080053368912608 1.6698732488325408e-05 1.6698732488325408e-05 1.6698732488325409e-06
0.0537424949966648 1.061841227484988e-06 2.4233488992661947e-06 7.2488325550366906 1.0650933955970578e-05 1.0650933955970578e-05 1.065093395597058e-06
0.18523015343562674 1.5961974649766465e-06 2.58465643762511e-06 4.126751167444963 1.8701701134089226e-05 1.8701701134089226e-05 1.8701701134089225e-06
0.172141427618415 7.768512341561035e-07 1.3566377585056696e-06 11.811874583055369 9.075783855903887e-06 9.075783855903887e-06 9.075783855903887e-07
0.16037358238826133 8.976250833889587e-06 2.2828552368245586e-06 6.708472314876584 7.033922615076694e-06 7.033922615076694e-06 7.033922615076694e-07
0.027925283522348163 5.413875917278276e-06 3.131020680453695e-06 11.591727818545696 1.5500667111407596e-06 1.5500667111407596e-06 1.5500667111407597e-07
0.06022681787858621 7.794729819880169e-06 8.154769846564431e-07 10.77785190126751 2.9766644429619442e-05 2.9766644429619442e-05 2.976664442961944e-06
0.1705803869246191 8.896597731821202e-07 3.7034022681788787e-06 10.064042695130086 2.6305203468979058e-05 2.6305203468979058e-05 2.6305203468979057e-06
0.04485657104736509 3.434289526350904e-07 1.2941961307538364e-06 13.146097398265509 2.653855903935931e-05 2.653855903935931e-05 2.6538559039359307e-06
0.16073382254836807 2.424949966644429e-07 3.0607738492328768e-06 12.659106070713808 1.7496030687124598e-05 1.7496030687124598e-05 1.7496030687124598e-06
0.17238158772515283 6.993195463642624e-06 1.4503002001334193e-06 12.318879252835222 2.8152601734489375e-05 2.8152601734489375e-05 2.8152601734489374e-06
0.13179452968645955 4.713275517011385e-06 3.3807871914610478e-06 12.86591060707138 3.0863242161441055e-06 3.0863242161441055e-06 3.0863242161441057e-07
0.050020013342228435 3.876117411607727e-06 3.2402935290194117e-06 11.958639092728484 2.9805537024682817e-05 2.9805537024682817e-05 2.9805537024682816e-06
0.10129419613075515 3.905803869246155e-06 1.1745163442294895e-06 8.949966644429619 2.010183455637073e-05 2.010183455637073e-05 2.010183455637073e-06
0.03248832555036684 1.8515010006671056e-06 6.411607738492351e-07 9.490326884589726 7.811774516344196e-06 7.811774516344196e-06 7.811774516344196e-07
0.0626284189459645 3.4936624416277553e-07 3.830887258172215e-06 12.87925283522348 1.2187191460973895e-05 1.2187191460973895e-05 1.2187191460973894e-06
0.1992795196797898 4.855770513675838e-06 5.448965977318218e-07 7.975983989326217 2.406887925283499e-05 2.406887925283499e-05 2.406887925283499e-06
0.0601067378252173 6.08478985990674e-06 2.9773182121414236e-07 7.9826551034022675 1.946010673782504e-05 1.946010673782504e-05 1.946010673782504e-06
0.09553035356904722 8.810006671114392e-06 3.6305537024684007e-06 9.890593729152767 1.4345730486991213e-05 1.4345730486991213e-05 1.4345730486991214e-06
0.024202801867911905 4.778585723815926e-06 3.3521681120747886e-06 6.76851234156104 1.8643362241494163e-05 1.8643362241494163e-05 1.8643362241494164e-06
0.13923949299533228 3.579252835223468e-06 9.299533022014753e-07 6.595063375583722 1.763215476984641e-05 1.763215476984641e-05 1.763215476984641e-06
0.19411607738492645 8.540360240160097e-07 7.920613742495047e-07 8.042695130086724 6.956137424949944e-06 6.956137424949944e-06 6.956137424949943e-07
0.16853902601734755 8.358772515010293e-06 3.0373582388259374e-06 7.375583722481654 2.580720480320218e-06 2.580720480320218e-06 2.580720480320218e-07
0.1889526350900631 5.274849899933295e-07 4.772515010006664e-07 10.470980653769178 2.6110740493662182e-05 2.6110740493662182e-05 2.611074049366218e-06
0.07247498332221554 3.2883255503668983e-06 2.1553702468312222e-06 12.605737158105402 8.49239492995326e-06 8.49239492995326e-06 8.49239492995326e-07
0.14392261507671997 6.102601734489796e-06 3.0321547698466176e-06 4.153435623749166 9.270246831220762e-06 9.270246831220762e-06 9.270246831220762e-07
0.11474316210807363 7.735356904603314e-06 2.4623749166110936e-06 9.517011340893928 2.82692795196795e-05 2.82692795196795e-05 2.82692795196795e-06
0.11810540360240325 1.4596397598398894e-06 2.4309539693128724e-07 6.67511674449633 2.6227418278852308e-05 2.6227418278852308e-05 2.622741827885231e-06
0.03597064709806538 5.182321547698541e-06 2.7199466310874264e-06 7.655770513675783 2.7841460973982374e-05 2.7841460973982374e-05 2.7841460973982376e-06
0.16625750500333816 5.259506337558453e-06 2.300867244829884e-07 6.201467645096731 8.511841227484948e-06 8.511841227484948e-06 8.511841227484947e-07
0.10273515677118213 4.867645096731209e-06 2.6705136757838877e-06 6.535023348899266 5.964376250833879e-06 5.964376250833879e-06 5.964376250833879e-07
0.11726484322882084 3.525817211474302e-06 3.6825883922615993e-06 4.620413609072715 4.214209472981999e-06 4.214209472981999e-06 4.214209472981999e-07
0.08844563042028124 6.975383589059567e-06 2.1967978652434932e-07 8.462975316877918 2.0918579052701606e-05 2.0918579052701606e-05 2.0918579052701606e-06
0.09817211474316336 2.9380253502334778e-06 2.8992661774516306e-07 5.707805203468979 2.6071847898598807e-05 2.6071847898598807e-05 2.6071847898598807e-06
0.10237491661107538 8.955970647098053e-07 3.1594396264176074e-07 4.406937958639093 1.166214142761833e-05 1.166214142761833e-05 1.166214142761833e-06
0.10441627751834694 1.7802535023348844e-06 2.4649766511007535e-06 10.897931954636423 2.770533689126056e-05 2.770533689126056e-05 2.770533689126056e-06
0.15965310206804784 1.121214142761839e-06 1.8119412941961197e-06 6.975316877918612 2.0510206804536168e-05 2.0510206804536168e-05 2.0510206804536166e-06
0.06863242161441026 3.205203468979307e-06 4.174116077384917e-07 8.516344229486323 1.2051067378252082e-05 1.2051067378252082e-05 1.2051067378252082e-06
0.08616410940627185 4.2561040693796e-06 8.284856571047422e-07 5.067378252168112 7.77288192128082e-06 7.77288192128082e-06 7.772881921280821e-07
0.13047364909940148 4.333288859239512e-06 1.3098065376917947e-06 11.238158772515009 1.1448232154769768e-05 1.1448232154769768e-05 1.1448232154769768e-06
0.044016010673782684 3.199266177451622e-06 2.7431621080720445e-07 8.349566377585056 3.6113742494996808e-06 3.6113742494996808e-06 3.611374249499681e-07
0.1442828552368267 4.659839893262216e-06 1.663642428285516e-06 5.314209472981988 1.4528352234823207e-06 1.4528352234823207e-06 1.4528352234823208e-07
0.11558372248165603 5.3129419613076225e-06 2.535023348899263e-07 4.4536357571714476 2.525510340226793e-05 2.525510340226793e-05 2.525510340226793e-06
0.11318212141427773 7.670046697798773e-06 2.0799199466310844e-06 13.086057371581052 6.469979986657755e-06 6.469979986657755e-06 6.469979986657755e-07
0.11006004002668594 4.87951967978658e-06 1.1354903268845938e-06 12.218812541694462 1.9965710473648916e-05 1.9965710473648916e-05 1.996571047364892e-06
0.1498065376917968 7.06444296197485e-06 3.549899933288943e-06 9.176784523015343 9.892528352234764e-06 9.892528352234764e-06 9.892528352234764e-07
0.10777851901267656 8.133155436958243e-06 1.8223482321547586e-06 6.95530353569046 2.772478318879225e-05 2.772478318879225e-05 2.772478318879225e-06
0.18595063375584023 7.949099399599992e-06 1.6012008005336828e-06 6.601734489659773 1.5065243495663652e-05 1.5065243495663652e-05 1.5065243495663652e-06
0.16121414276184373 3.258639092728473e-06 3.1440293529019944e-06 5.020680453635757 1.5590293529019218e-05 1.5590293529019218e-05 1.5590293529019217e-06
0.1920747164776549 4.232354903268858e-06 3.0553702468312167e-07 12.839226150767177 7.247831887925257e-06 7.247831887925257e-06 7.247831887925257e-07
0.13311541027351761 2.7836557705136653e-06 3.2741160773849908e-06 4.640426951300867 1.8448899266177288e-05 1.8448899266177288e-05 1.8448899266177288e-06
0.09745163442294986 6.759172781854569e-07 1.1563042028018715e-06 5.494329553035357 1.2128852568378832e-05 1.2128852568378832e-05 1.2128852568378832e-06
0.05938625750500381 2.379919946631079e-06 2.9723148765844393e-06 4.773849232821881 2.3329919946630863e-05 2.3329919946630863e-05 2.332991994663086e-06
0.06298865910607125 5.987324883255506e-07 9.715810540360318e-07 12.692461641094061 9.6786190793862e-06 9.6786190793862e-06 9.678619079386202e-07
0.1553302201467669 1.0143428952635073e-06 2.5690460306871506e-06 9.210140093395596 1.84294529686456e-05 1.84294529686456e-05 1.84294529686456e-06
0.17430286857905547 6.078852568379054e-06 2.3947298198799355e-06 4.5203468979319545 1.9674016010673603e-05 1.9674016010673603e-05 1.9674016010673605e-06
0.16217478318879505 2.3561707805203386e-06 3.5004669779854044e-06 4.266844563042028 9.60083388925945e-06 9.60083388925945e-06 9.60083388925945e-07
0.02996664442961966 7.361307538359126e-06 3.016544362908658e-06 10.044029352901934 2.095747164776498e-05 2.095747164776498e-05 2.095747164776498e-06
0.05278185456971348 1.7268178785857186e-06 1.609006004002662e-06 5.367578385590393 5.5365577051367525e-06 5.5365577051367525e-06 5.536557705136752e-07
0.10453635757171585 5.366377585056792e-06 2.2438292194796597e-06 8.336224149432955 2.9358272181454003e-05 2.9358272181454003e-05 2.9358272181454e-06
0.14512341561040912 5.631087391594401e-07 3.9089392928620125e-06 6.688458972648432 8.161807871914572e-06 8.161807871914572e-06 8.161807871914572e-07
0.06286857905270234 6.4707138092062984e-06 3.890727151434393e-06 13.479653102068044 1.5940326884589594e-05 1.5940326884589594e-05 1.5940326884589594e-06
0.16865910607071646 8.542828552368544e-06 3.484856571047445e-06 13.212808539026016 4.350333555703812e-06 4.350333555703812e-06 4.350333555703812e-07
0.05986657771847947 2.011807871914603e-06 9.559706470980735e-07 11.53835890593729 2.9113075383589137e-06 2.9113075383589137e-06 2.9113075383589136e-07
0.19339559706471296 6.3104069379587895e-06 7.73849232821886e-07 5.267511674449633 1.4229052701801087e-05 1.4229052701801087e-05 1.4229052701801087e-06
0.1936357571714508 1.1093395597064688e-06 1.4476984656437596e-06 8.276184122748498 2.651911274182762e-05 2.651911274182762e-05 2.651911274182762e-06
0.08148098732488417 5.1526350900601135e-06 1.4242828552368222e-06 13.599733155436956 2.5624583055369994e-05 2.5624583055369994e-05 2.5624583055369993e-06
0.06803202134756568 7.705670446964886e-06 1.5335557038025302e-06 12.372248165443628 5.108739159439626e-06 5.108739159439626e-06 5.108739159439626e-07
0.09096731154102845 1.7030687124749782e-06 3.867311541027454e-06 9.790527018012007 2.1618645763842358e-05 2.1618645763842358e-05 2.161864576384236e-06
0.10261507671781321 2.2849232821881174e-06 3.261107404936691e-06 13.406270847231486 5.030953969312876e-06 5.030953969312876e-06 5.030953969312877e-07
0.12795196797865427 3.769246164109391e-06 4.98065376917945e-07 12.68579052701801 2.4982855236824304e-05 2.4982855236824304e-05 2.4982855236824303e-06
0.12386924616411117 2.8999332888592406e-07 6.645763842561735e-07 11.118078719146096 1.1416944629753166e-06 1.1416944629753166e-06 1.1416944629753165e-07
0.07739826551034105 3.899866577718469e-06 3.846497665110174e-06 9.73048699132755 1.8857271514342726e-05 1.8857271514342726e-05 1.8857271514342727e-06
0.1793462308205499 3.466444296197451e-06 5.787191460973994e-07 9.82388258839226 1.1078752501667704e-05 1.1078752501667704e-05 1.1078752501667704e-06
0.03993328885923957 3.217078052034677e-06 8.909272848565779e-07 8.149432955303535 6.1393929286190665e-06 6.1393929286190665e-06 6.139392928619066e-07
0.17874583055370533 8.006004002668438e-07 3.333955970647169e-06 10.157438292194795 1.4015143428952524e-05 1.4015143428952524e-05 1.4015143428952524e-06
0.15424949966644666 2.890527018011997e-06 1.143295530353573e-06 8.876584389593061 1.1623248832554956e-05 1.1623248832554956e-05 1.1623248832554957e-06
0.10909939959973462 3.39519679786523e-06 3.232488325550432e-06 11.618412274849899 1.9751801200800353e-05 1.9751801200800353e-05 1.9751801200800353e-06
0.1657771847898625 4.91861240827219e-07 6.255503669112762e-07 4.493662441627752 2.3641060707137863e-05 2.3641060707137863e-05 2.3641060707137863e-06
0.08796531020680558 2.6708472314876485e-06 2.449366244162794e-06 6.468312208138759 1.8001634422948474e-05 1.8001634422948474e-05 1.8001634422948474e-06
0.1762241494329581 1.0796531020680434e-06 3.991994663108733e-07 11.05803869246164 2.794629753168786e-06 2.794629753168786e-06 2.794629753168786e-07
0.08196130753835983 4.2917278185457135e-06 1.0626417611741218e-06 8.369579719813208 2.286320880587036e-05 2.286320880587036e-05 2.286320880587036e-06
0.04305537024683136 2.819279519679776e-06 2.2282188125417e-06 13.05937291527685 9.13412274849895e-06 9.13412274849895e-06 9.134122748498949e-07
0.034769846564376226 2.255236824549692e-06 2.8188125416945036e-06 12.885923949299531 6.975583722481631e-06 6.975583722481631e-06 6.975583722481632e-07
0.18943295530353876 8.305336891261123e-06 1.0028018679119483e-06 6.728485657104736 1.047591727818539e-05 1.047591727818539e-05 1.047591727818539e-06
0.1322748498999352 6.144162775183595e-06 2.9488992661775e-06 5.654436290860573 3.7280520346898086e-06 3.7280520346898086e-06 3.7280520346898084e-07
0.11378252168112231 4.7963975983989825e-06 1.4162775183455628e-07 10.58438959306204 1.1000967311540954e-05 1.1000967311540954e-05 1.1000967311540954e-06
0.04233488992661787 8.659106070713799e-07 9.273515677118154e-07 11.138092061374248 1.5706971314209343e-05 1.5706971314209343e-05 1.5706971314209342e-06
0.04269513008672462 1.2933955970647067e-06 3.627951967978741e-06 5.841227484989993 3.8058372248165605e-06 3.8058372248165605e-06 3.8058372248165606e-07
0.06683122081387653 4.398599066044053e-06 1.6376250833889188e-06 6.881921280853902 8.706304202801823e-06 8.706304202801823e-06 8.706304202801823e-07
0.12158772515010179 7.955036691127678e-06 1.3644429619746487e-06 7.9159439626417605 2.3084723148765865e-06 2.3084723148765865e-06 2.3084723148765865e-07
0.15340893929286425 4.77264843228824e-06 3.1492328218813143e-06 5.4342895263509 7.928452301534321e-06 7.928452301534321e-06 7.928452301534321e-07
0.03705136757838561 5.809206137424954e-07 3.804869913275616e-06 12.158772515010005 2.0996364242828357e-05 2.0996364242828357e-05 2.0996364242828355e-06
0.11150100066711292 7.201000667111617e-06 5.474983322214816e-07 6.795196797865243 4.311440960640437e-06 4.311440960640437e-06 4.311440960640437e-07
0.1041761174116091 5.158572381587799e-06 2.912474983322261e-06 10.537691794529685 8.57018012008001e-06 8.57018012008001e-06 8.57018012008001e-07
0.1800667111407634 5.452968645763848e-07 1.041827885256844e-06 13.306204136090725 2.002404936624398e-05 2.002404936624398e-05 2.0024049366243977e-06
0.08484322881921379 6.862575050033543e-06 1.5855903935957245e-06 7.3822548365577045 1.3528985990660336e-05 1.3528985990660336e-05 1.3528985990660335e-06
0.05806537691794574 8.329086057371865e-06 2.275050033355579e-06 8.229486324216143 1.2517778519012583e-05 1.2517778519012583e-05 1.2517778519012583e-06
0.19087391594396574 6.803202134756687e-06 2.0408939292861855e-06 12.418945963975982 1.3606771180787086e-05 1.3606771180787086e-05 1.3606771180787086e-06
0.1824683122081417 5.690460306871252e-07 6.567711807871941e-07 6.848565710473649 4.992061374249501e-06 4.992061374249501e-06 4.992061374249501e-07
0.032368245496997926 3.3773849232821747e-06 3.086791194129476e-06 9.05670446964643 1.7029319546364096e-05 1.7029319546364096e-05 1.7029319546364096e-06
0.1688992661774543 3.6801867911941145e-06 3.2845230153436305e-06 12.118745830553701 1.629036024015997e-05 1.629036024015997e-05 1.6290360240159969e-06
0.17586390927285137 4.529219479653134e-06 2.1527685123415623e-06 8.062708472314876 4.330887258172124e-06 4.330887258172124e-06 4.330887258172124e-07
0.16229486324216397 1.2696464309539664e-06 3.7424282855237776e-06 4.747164776517678 1.6309806537691657e-05 1.6309806537691657e-05 1.6309806537691658e-06
0.034289526350900566 8.519079386257802e-06 1.3592394929953293e-06 4.3669112741827885 2.216314209472961e-05 2.216314209472961e-05 2.216314209472961e-06
0.03825216811207476 1.305270180120077e-06 3.508272181454384e-06 11.945296864576383 4.039192795196811e-06 4.039192795196811e-06 4.039192795196811e-07
0.15845230153435869 6.559773182121581e-06 3.4900600400267647e-06 12.332221480987323 2.556624416277493e-05 2.556624416277493e-05 2.556624416277493e-06
0.043775850567044854 5.087324883255573e-06 2.0460973982655053e-06 11.33822548365577 1.6084056037358228e-06 1.6084056037358228e-06 1.608405603735823e-07
0.10741827885256981 3.3714476317544896e-06 3.7372248165444577e-06 11.35156771180787 2.8930453635756877e-05 2.8930453635756877e-05 2.8930453635756876e-06
0.07043362241494398 1.8871247498332161e-06 3.3625750500334283e-06 8.95663775850567 6.995030020013319e-06 6.995030020013319e-06 6.995030020013319e-07
0.07643762508338973 1e-07 1.845763842561696e-06 7.535690460306871 8.297931954636385e-06 8.297931954636385e-06 8.297931954636385e-07
0.08928619079386364 7.272248165443843e-06 1.4422948632421605e-07 7.52901934623082 2.0276851234155917e-05 2.0276851234155917e-05 2.0276851234155916e-06
0.1786257505003364 8.12474983322214e-07 3.0295530353569576e-06 7.682454969979986 7.364509673115382e-06 7.364509673115382e-06 7.364509673115383e-07
0.10345563709139562 2.7183455637091293e-06 5.136757838559039e-07 7.2288192128085385 1.6348699132755032e-05 1.6348699132755032e-05 1.6348699132755032e-06
0.048819212808539285 7.960973982655363e-06 2.6418945963976286e-06 4.647098065376918 2.0237958639092542e-05 2.0237958639092542e-05 2.0237958639092542e-06
0.09877251501000793 5.868579052701805e-07 2.3687124749833362e-06 4.967311541027351 3.1641094062708574e-06 3.1641094062708574e-06 3.1641094062708574e-07
0.07307538358906011 5.146697798532428e-06 1.9602401601067277e-06 7.155436957971981 1.778772515009991e-05 1.778772515009991e-05 1.7787725150099911e-06
0.142481654436293 6.298532354903418e-06 1.234356237491663e-06 13.866577718478984 3.1835557038025453e-06 3.1835557038025453e-06 3.1835557038025455e-07
0.12134756504336396 8.887191460974304e-06 1.918612408272169e-06 13.386257505003334 1.708765843895916e-05 1.708765843895916e-05 1.708765843895916e-06
0.10465643762508477 4.576717811874618e-06 1.8977985323548903e-06 4.19346230820547 8.888925950633755e-07 8.888925950633755e-07 8.888925950633755e-08
0.160853902601737 8.90500333555736e-06 3.0789859906604963e-06 6.488325550366911 9.472314876584388e-07 9.472314876584388e-07 9.472314876584389e-08
0.03320880587058033 7.5038025350235785e-06 3.692995330220239e-06 4.713809206137425 1.9421214142761665e-05 1.9421214142761665e-05 1.9421214142761666e-06
0.1289126084056056 2.943962641761163e-06 8.02468312208144e-07 11.54503002001334 8.686857905270136e-06 8.686857905270136e-06 8.686857905270136e-07
0.0561440960640431 5.960106737825344e-06 1.5517678452301482e-06 5.921280853902601 2.1326951300867045e-05 2.1326951300867045e-05 2.1326951300867047e-06
0.16433622414943552 7.426617745163667e-06 1.5101400933955928e-06 8.129419613075383 1.8612074716477637e-06 1.8612074716477637e-06 1.8612074716477637e-07
0.07019346230820615 4.066110740493664e-06 9.351567711807949e-07 11.271514342895262 1.9110073382254664e-05 1.9110073382254664e-05 1.9110073382254663e-06
0.17598398932622028 5.039826551034089e-06 2.7849899933289245e-06 10.024016010673781 1.0281454302868515e-05 1.0281454302868515e-05 1.0281454302868515e-06
0.11834556370914108 1.4156104069379584e-07 1.7312875250166686e-06 9.483655770513675 2.5682921947965056e-05 2.5682921947965056e-05 2.5682921947965056e-06
0.11402268178786014 8.435957304870205e-06 1.6532354903268771e-06 9.643762508338892 1.7184889926617597e-05 1.7184889926617597e-05 1.7184889926617598e-06
0.10405603735824019 7.325683789193013e-06 2.3973315543695954e-06 13.192795196797864 1.2576117411607646e-05 1.2576117411607646e-05 1.2576117411607645e-06
0.04797865243495688 4.891394262841951e-06 7.140093395597101e-07 13.693128752501666 1.0359239492995265e-05 1.0359239492995265e-05 1.0359239492995266e-06
0.020960640426951293 6.055103402268312e-06 1.916010673782509e-06 8.029352901934622 2.036224149432955e-06 2.036224149432955e-06 2.0362241494329548e-07
0.09709139426284312 4.1195463642428335e-06 3.7138092061375184e-06 8.683122081387591 2.9241594396263878e-05 2.9241594396263878e-05 2.924159439626388e-06
0.17730486991327835 1.875250166777846e-06 4.6944629753168705e-07 6.8952635090060035 2.5223815877251542e-06 2.5223815877251542e-06 2.522381587725154e-07
0.03416944629753165 8.109406270847501e-06 3.721614409606498e-06 6.3415610406937954 2.8230386924616125e-05 2.8230386924616125e-05 2.8230386924616127e-06
0.18847231487658744 6.530086724483154e-06 1.5413609072715094e-06 8.136090727151434 1.7250833889259494e-06 1.7250833889259494e-06 1.7250833889259494e-07
0.03837224816544368 8.192528352235098e-06 5.214809873248834e-07 12.072048032021346 2.1890893929285984e-05 2.1890893929285984e-05 2.1890893929285984e-06
0.1561707805203493 1.2637091394262813e-06 2.444162775183474e-06 10.444296197464976 2.628575717144737e-05 2.628575717144737e-05 2.628575717144737e-06
0.07067378252168181 7.082254836557907e-06 2.556037358238851e-06 7.202134756504336 1.90517344896596e-05 1.90517344896596e-05 1.9051734489659602e-06
0.17742494996664726 6.821014009339744e-06 2.194396264176121e-06 10.924616410940626 2.1540860573715608e-05 2.1540860573715608e-05 2.1540860573715607e-06
0.12879252835223667 5.277318212141509e-06 1.3020013342228156e-06 12.48565710473649 1.4948565710473527e-05 1.4948565710473527e-05 1.4948565710473527e-06
0.12627084723148946 7.100066711140963e-06 1.806537691794528e-07 10.237491661107404 1.9810140093395416e-05 1.9810140093395416e-05 1.9810140093395417e-06
0.07715810540360322 7.485990660440522e-06 1.0730486991327606e-06 12.338892595063374 2.955273515677088e-05 2.955273515677088e-05 2.9552735156770877e-06
0.10081387591727949 1.429953302201464e-06 2.3869246164109557e-06 5.834556370913942 2.639059372915282e-06 2.639059372915282e-06 2.639059372915282e-07
0.10897931954636571 5.609806537691898e-06 2.985323549032739e-06 10.524349566377584 1.5318045363575592e-05 1.5318045363575592e-05 1.5318045363575591e-06
0.09901267511674576 8.857505003335876e-06 2.5014009339559925e-06 4.4336224149432955 1.930453635757154e-05 1.930453635757154e-05 1.930453635757154e-06
0.1112608405603751 5.85917278185469e-06 1.2135423615743853e-06 4.793862575050033 1.0639092728485655e-06 1.0639092728485655e-06 1.0639092728485655e-07
0.05590393595730527 1.6793195463642379e-06 1.463308872581718e-06 4.060040026684456 1.747658438959291e-05 1.747658438959291e-05 1.747658438959291e-06
0.1530486991327575 7.616611074049603e-06 3.440627084723226e-06 10.831220813875916 1.6465376917945157e-05 1.6465376917945157e-05 1.6465376917945157e-06
0.18667111407605372 7.352901934623078e-07 3.7736490993996967e-06 5.274182788525684 2.75573715810541e-06 2.75573715810541e-06 2.7557371581054097e-07
0.06527018012008064 5.924482988659231e-06 2.2748498999332863e-07 4.313542361574383 1.1312108072047955e-05 1.1312108072047955e-05 1.1312108072047954e-06
0.15629086057371822 3.08052034689792e-06 2.059106070713805e-06 4.306871247498332 2.867765176784494e-05 2.867765176784494e-05 2.8677651767844937e-06
0.17358238825884198 4.2679786524349714e-06 2.657505003335588e-06 8.262841894596397 2.8249833222147813e-05 2.8249833222147813e-05 2.824983322214781e-06
0.06226817878585777 2.2136757838558963e-06 1.90040026684455e-06 9.930620413609072 2.2415943962641548e-05 2.2415943962641548e-05 2.2415943962641547e-06
0.1321547698465663 8.584389593062343e-06 3.30273515677125e-06 8.222815210140093 1.5862541694462843e-05 1.5862541694462843e-05 1.5862541694462843e-06
0.1529286190793886 8.168779186124356e-06 2.626284189459669e-06 6.6284189459639755 2.5216210807204555e-05 2.5216210807204555e-05 2.5216210807204557e-06
0.04749833222148122 8.572515010006972e-06 4.59039359573048e-07 5.8078719146097395 2.4963408939292617e-05 2.4963408939292617e-05 2.4963408939292618e-06
0.13995997331554577 7.11787858572402e-06 8.206804536357628e-07 4.993995997331554 1.0145330220146702e-05 1.0145330220146702e-05 1.01453302201467e-06
0.1633755837224842 3.0627084723148647e-06 2.2204136090727204e-06 4.206804536357572 1.3217845230153335e-05 1.3217845230153335e-05 1.3217845230153335e-06
0.04341561040693811 7.284122748499214e-06 8.18078719146103e-07 6.528352234823215 4.486457638425625e-06 4.486457638425625e-06 4.486457638425625e-07
0.08784523015343666 6.844763175450486e-06 6.541694462975342e-07 10.184122748498998 2.0587991994662918e-05 2.0587991994662918e-05 2.058799199466292e-06
0.08232154769846657 5.164509673115485e-06 3.341561040693791e-07 7.695797198132087 2.8327618412274563e-05 2.8327618412274563e-05 2.8327618412274565e-06
0.15833222148098977 7.438492328219038e-06 1.6896597731821131e-06 7.468979319546364 2.922214809873219e-05 2.922214809873219e-05 2.922214809873219e-06
0.11270180120080207 1.5343562374916608e-07 2.735557038025386e-06 12.245496997998664 5.47821881254169e-06 5.47821881254169e-06 5.47821881254169e-07
0.1769446297531716 5.449499666444389e-06 2.839626417611783e-06 5.501000667111407 2.7977585056704187e-05 2.7977585056704187e-05 2.797758505670419e-06
0.15917278185457218 6.435090060040185e-06 4.798532354903262e-07 6.981987991994663 1.8682254836557538e-05 1.8682254836557538e-05 1.8682254836557538e-06
0.03969312875250174 7.842228152101653e-06 2.977518345563759e-06 13.272848565710472 6.411641094062692e-06 6.411641094062692e-06 6.411641094062692e-07
0.04437625083388943 7.076317545030221e-06 2.8214142761841635e-06 4.486991327551701 2.3473649099399625e-06 2.3473649099399625e-06 2.3473649099399626e-07
0.17262174783189066 2.6174116077384827e-06 3.365176784523088e-06 8.96330887258172 2.7860907271514062e-05 2.7860907271514062e-05 2.786090727151406e-06
0.17982655103402556 1.296864576384256e-07 2.1397598398932627e-06 8.529686457638425 6.003268845897254e-06 6.003268845897254e-06 6.003268845897254e-07
0.12555036691127597 1.435890593729149e-06 2.1707805203468956e-07 13.933288859239491 1.7826617745163286e-05 1.7826617745163286e-05 1.7826617745163286e-06
0.17406270847231764 1.4062041360907235e-06 1.3722481654436279e-06 12.785857238158771 1.413182121414265e-05 1.413182121414265e-05 1.4131821214142649e-06
0.027084723148765782 2.8489659773182014e-06 4.3562374916611007e-07 7.1621080720480315 1.5220813875917153e-05 1.5220813875917153e-05 1.5220813875917153e-06
0.1225483655770531 7.307871914609956e-06 2.264643095396939e-06 9.096731154102734 1.2245530353568957e-05 1.2245530353568957e-05 1.2245530353568957e-06
0.17082054703135693 5.799799866577835e-06 1.252568378919281e-06 9.423615743829219 8.278485657104697e-06 8.278485657104697e-06 8.278485657104697e-07
0.053862575050033716 4.048298865910607e-06 1.590793862575044e-06 9.170113408939292 2.945550366911244e-05 2.945550366911244e-05 2.945550366911244e-06
0.07487658438959384 2.0949299533021944e-06 2.3921280853902756e-06 12.478985990660439 2.9649966644429317e-05 2.9649966644429317e-05 2.9649966644429315e-06
0.17826551034022967 5.176384256170856e-06 3.9427618412275915e-06 11.171447631754502 2.0665777184789668e-05 2.0665777184789668e-05 2.0665777184789667e-06
0.18907271514343202 1.441827885256834e-06 3.151834556370974e-06 8.909939959973315 1.1611407605070043e-06 1.1611407605070043e-06 1.1611407605070043e-07
0.12603068712475163 2.2730486991327472e-06 3.1128085390260753e-06 9.883922615076717 2.5994062708472057e-05 2.5994062708472057e-05 2.599406270847206e-06
0.07811874583055455 7.984723148766105e-06 1.4372915276851208e-06 13.43962641761174 3.358572381587737e-06 3.358572381587737e-06 3.358572381587737e-07
0.10057371581054166 8.346897931954922e-06 3.7398265510341177e-06 6.014676450967311 3.883622414943311e-06 3.883622414943311e-06 3.8836224149433107e-07
0.18390927284856867 6.292595063375733e-06 3.4354236157439062e-06 4.527018012008005 8.200700466977947e-06 8.200700466977947e-06 8.200700466977947e-07
0.07799866577718563 6.521681120747165e-07 1.53615743829219e-06 10.877918612408271 1.4073482321547587e-05 1.4073482321547587e-05 1.4073482321547587e-06
0.12855236824549884 6.462308205470314e-07 3.7866577718479964e-06 11.011340893929285 2.762755170113381e-05 2.762755170113381e-05 2.762755170113381e-06
0.07475650433622492 6.880386924616599e-06 6.983989326217512e-07 9.677118078719145 1.199272848565702e-05 1.199272848565702e-05 1.1992728485657018e-06
0.04317545030020028 6.233222148098878e-06 3.224683122081452e-06 6.134756504336224 2.2435390260173235e-05 2.2435390260173235e-05 2.2435390260173236e-06
0.06551034022681847 5.075450300200202e-06 3.6669779853236397e-06 6.2948632421614406 1.1020413609072642e-05 1.1020413609072642e-05 1.102041360907264e-06
0.13239492995330412 7.5275517011343205e-06 1.6584389593061965e-06 11.304869913275516 2.4399466310873678e-05 2.4399466310873678e-05 2.4399466310873676e-06
0.05422281521014046 4.832021347565096e-06 1.494329553035356e-07 8.543028685790526 2.183255503669092e-05 2.183255503669092e-05 2.183255503669092e-06
0.06454969979986715 3.2408272181454176e-06 1.5023348899266136e-06 7.702468312208138 2.0451867911941105e-05 2.0451867911941105e-05 2.0451867911941107e-06
0.12867244829886776 1.4121414276184086e-06 1.3124082721814544e-06 4.086724482988659 2.7899799866577437e-05 2.7899799866577437e-05 2.7899799866577435e-06
0.07235490326884662 1.6971314209472931e-06 3.8879252835223425e-07 4.09339559706471 2.2454836557704923e-05 2.2454836557704923e-05 2.245483655770492e-06
0.04509673115410292 7.709139426284184e-07 5.26684456304203e-07 13.16611074049366 2.7044162775183185e-05 2.7044162775183185e-05 2.7044162775183185e-06
0.14692461641094284 4.6479653102068446e-06 1.361841227484989e-06 11.711807871914608 2.1968679119412734e-05 2.1968679119412734e-05 2.1968679119412732e-06
0.054102735156771546 1.376517678452298e-06 3.1674449633089338e-06 5.6744496330887255 2.747198132088031e-05 2.747198132088031e-05 2.747198132088031e-06
0.19951967978652763 1.0321547698465626e-06 3.5290860573716636e-06 4.173448965977318 5.9254836557705035e-06 5.9254836557705035e-06 5.925483655770503e-07
0.17958639092728773 6.5182121414277826e-06 3.445630420280182e-07 13.232821881254168 2.2668745830553486e-05 2.2668745830553486e-05 2.2668745830553486e-06
0.19639759839893584 3.763308872581706e-06 3.8126751167445956e-06 13.999999999999998 1.5306204136090718e-06 1.5306204136090718e-06 1.5306204136090717e-07
0.07571714476317624 7.468178785857465e-06 3.797064709806636e-06 4.220146764509673 1.4656871247498214e-05 1.4656871247498214e-05 1.4656871247498214e-06
0.04065376917945306 4.9804536357572335e-06 9.169446297531762e-07 4.687124749833222 2.1346397598398733e-05 2.1346397598398733e-05 2.134639759839873e-06
0.18763175450300504 5.354503002001421e-06 5.318879252835227e-07 10.597731821214142 8.842428285523636e-06 8.842428285523636e-06 8.842428285523636e-07
0.08676450967311643 5.05170113408946e-06 2.6080720480320495e-06 13.039359573048698 1.590143428952622e-05 1.590143428952622e-05 1.5901434289526218e-06
0.19795863909273173 3.151767845230141e-06 3.591527685123502e-06 9.637091394262841 1.835166777851885e-05 1.835166777851885e-05 1.835166777851885e-06
0.17106070713809476 3.027084723148754e-06 8.258839226150824e-07 7.362241494329552 5.439326217478315e-06 5.439326217478315e-06 5.439326217478315e-07
0.06202801867911994 3.7336224149432804e-06 2.522214809873272e-06 7.589059372915276 9.756404269512951e-06 9.756404269512951e-06 9.75640426951295e-07
0.09793195463642553 8.424082721814834e-06 3.448432288192206e-06 6.328218812541694 2.177421614409586e-05 2.177421614409586e-05 2.1774216144095857e-06
0.09444963308872699 1.6377585056704422e-06 3.698198799199559e-06 12.30553702468312 2.064633088725798e-05 2.064633088725798e-05 2.0646330887257982e-06
0.04677785190126773 4.226417611741173e-06 1.5231487658438914e-06 12.519012675116743 6.178285523682442e-06 6.178285523682442e-06 6.178285523682441e-07
0.03152768512341552 5.336691127418365e-06 1.3488325550366904e-06 9.750500333555703 2.6985823882588122e-05 2.6985823882588122e-05 2.698582388258812e-06
0.0745163442294871 7.6997331554372e-06 3.8074716477652758e-06 9.810540360240159 2.1404736490993795e-05 2.1404736490993795e-05 2.1404736490993795e-06
0.09360907271514458 1.3943295530353533e-06 1.5751834556370857e-06 9.763842561707804 9.095230153435574e-06 9.095230153435574e-06 9.095230153435574e-07
0.1450033355570402 2.2789859906604323e-06 1.5127418278852525e-06 10.691127418278851 3.7863909272848725e-06 3.7863909272848725e-06 3.7863909272848724e-07
0.1265110073382273 5.882921947965432e-06 3.0399599733155974e-06 12.905937291527684 6.3144096064042545e-06 6.3144096064042545e-06 6.314409606404254e-07
0.03861240827218151 6.648832555036864e-06 3.336557705136829e-06 9.983989326217477 1.700987324883241e-05 1.700987324883241e-05 1.700987324883241e-06
0.07187458305537096 3.0983322214809753e-06 3.6487658438960202e-06 11.53168779186124 1.9343428952634915e-05 1.9343428952634915e-05 1.9343428952634913e-06
0.1554503002001358 7.450366911274409e-06 2.771981320880625e-06 8.903268845897264 2.476894596397574e-05 2.476894596397574e-05 2.4768945963975742e-06
0.15593062041361147 5.550433622415043e-06 3.98438959306215e-06 13.472981987991993 2.708305537024656e-05 2.708305537024656e-05 2.708305537024656e-06
0.07103402268178856 6.221347565043507e-06 2.376517678452316e-06 6.028018679119413 1.5279152768512217e-05 1.5279152768512217e-05 1.5279152768512217e-06
0.032128085390260096 3.086457638425605e-06 6.931954636424315e-07 4.900600400266844 1.1175983989326142e-05 1.1175983989326142e-05 1.1175983989326142e-06
0.06430953969312932 4.517344896597763e-06 3.971380920613851e-06 13.079386257505002 1.310116744496321e-05 1.310116744496321e-05 1.310116744496321e-06
0.16697798532355165 2.4155436957971895e-06 3.877718478986093e-06 9.34356237491661 2.366050700466955e-05 2.366050700466955e-05 2.3660507004669553e-06
0.19651767845230475 1.6080720480320167e-06 3.5030687124750643e-06 6.521681120747164 5.303202134756502e-06 5.303202134756502e-06 5.303202134756502e-07
0.1656571047364936 2.3062041360907265e-07 1.416477651767843e-06 11.111407605070045 7.345063375583695e-06 7.345063375583695e-06 7.345063375583694e-07
0.1393595730487012 7.028819212808737e-06 1.6246164109406202e-06 13.24616410940627 2.4924516344229242e-05 2.4924516344229242e-05 2.4924516344229244e-06
0.0897665110073393 2.543695797198132e-07 3.3573715810541084e-06 11.184789859906603 1.0825950633755766e-05 1.0825950633755766e-05 1.0825950633755765e-06
0.19915943962642088 1.4893262174783148e-06 3.045163442294917e-06 12.912608405603734 6.781120747164756e-06 6.781120747164756e-06 6.781120747164756e-07
0.12783188792528535 5.853235490327005e-06 3.8725150100067735e-06 8.309539693128752 6.722781854569693e-06 6.722781854569693e-06 6.722781854569693e-07
0.15400933955970883 4.324883255503676e-07 3.3183455637092095e-06 13.679786524349565 2.7783122081387312e-05 2.7783122081387312e-05 2.7783122081387313e-06
0.18991327551701442 6.262908605737305e-06 3.30013342228159e-06 8.329553035356904 2.0315743829219292e-05 2.0315743829219292e-05 2.031574382921929e-06
0.06539026017344955 4.13735823882589e-06 2.0304869913275457e-06 5.24082721814543 1.6737625083388783e-05 1.6737625083388783e-05 1.6737625083388783e-06
0.03669112741827887 6.8150767178120584e-06 2.45697131420947e-07 13.886591060707136 2.8483188792528064e-05 2.8483188792528064e-05 2.848318879252806e-06
0.06695130086724545 8.590326884590028e-06 9.091394262841967e-07 11.791861240827217 1.891561040693779e-05 1.891561040693779e-05 1.8915610406937788e-06
0.05698465643762551 1.7683789192795143e-06 1.1406937958639132e-06 4.4736490993996 2.3621614409606176e-05 2.3621614409606176e-05 2.3621614409606174e-06
0.14308205470313756 7.189126084056246e-06 8.076717811874637e-07 8.2895263509006 6.4894262841894424e-06 6.4894262841894424e-06 6.489426284189443e-07
0.08820547031354341 7.818478985990911e-06 2.7797865243496047e-06 12.672448298865909 8.609072715143385e-06 8.609072715143385e-06 8.609072715143385e-07
0.09913275517011468 1.8396264176117354e-06 3.263709139426351e-06 8.269513008672448 2.6382988659105808e-05 2.6382988659105808e-05 2.638298865910581e-06
0.05014009339559735 1.625883922615072e-06 3.7762508338893566e-06 12.892595063375582 2.6169079386257245e-05 2.6169079386257245e-05 2.6169079386257245e-06
0.05566377585056744 7.747231487658685e-06 3.263509006003998e-07 9.33689126084056 1.508468979319534e-05 1.508468979319534e-05 1.508468979319534e-06
0.04161440960640438 2.8608405603735716e-06 1.2473649099399616e-06 10.050700466977984 2.788035356904575e-05 2.788035356904575e-05 2.788035356904575e-06
0.05998665777184838 6.726017344896776e-06 2.8578385590394025e-06 6.268178785857238 2.5430120080053118e-05 2.5430120080053118e-05 2.5430120080053117e-06
0.02372248165443626 8.566577718479286e-06 2.2464309539693197e-06 7.995997331554369 1.3956804536357462e-05 1.3956804536357462e-05 1.3956804536357463e-06
0.03128752501667769 8.536891260840859e-06 4.330220146764503e-07 8.402935290193462 2.6713575717144496e-05 2.6713575717144496e-05 2.6713575717144497e-06
0.11162108072048184 4.802334889926668e-06 9.819879919946706e-07 7.835890593729152 2.667468312208112e-05 2.667468312208112e-05 2.6674683122081123e-06
0.048579052701801455 8.934689793195788e-06 1.7833222148098629e-06 12.899266177451633 9.561941294196075e-06 9.561941294196075e-06 9.561941294196075e-07
0.18366911274183084 5.407938625750591e-06 2.7589726484323253e-06 7.855903935957304 1.7204336224149284e-05 1.7204336224149284e-05 1.7204336224149285e-06
0.14608405603736044 6.684456304202977e-06 1.1927284856571075e-06 11.82521681120747 5.594896597731815e-06 5.594896597731815e-06 5.594896597731815e-07
0.08088058705803959 2.959306204136092e-07 3.0009339559706985e-06 12.539026017344895 3.1446631087391694e-06 3.1446631087391694e-06 3.144663108739169e-07
0.13023348899266365 7.901601067378508e-06 2.267244829886599e-06 4.840560373582388 1.9032288192127914e-05 1.9032288192127914e-05 1.9032288192127915e-06
0.18114743162108363 8.447831887925576e-06 3.162241494329614e-06 9.970647098065376 1.8526684456304038e-05 1.8526684456304038e-05 1.8526684456304037e-06
0.11222148098732641 2.2314876584389516e-06 2.298465643762518e-06 10.410940627084722 1.997331554369579e-06 1.997331554369579e-06 1.997331554369579e-07
0.11738492328218976 7.480053368912836e-06 2.1059372915276836e-06 11.124749833222147 1.1759372915276769e-05 1.1759372915276769e-05 1.1759372915276769e-06
0.09192795196797977 6.476651100733984e-06 2.1475650433622425e-06 13.979986657771846 8.803535690460261e-06 8.803535690460261e-06 8.803535690460261e-07
0.16637758505670708 6.640426951300867e-07 1.6662441627751757e-06 12.172114743162107 1.127321547698458e-05 1.127321547698458e-05 1.127321547698458e-06
0.13287525016677978 3.968645763842567e-07 9.949966644429692e-07 10.324216144096063 2.0393529019346043e-05 2.0393529019346043e-05 2.0393529019346043e-06
0.12843228819212993 1.8336891260840503e-06 1.9056037358238695e-06 12.405603735823881 2.5780153435623494e-05 2.5780153435623494e-05 2.5780153435623494e-06
0.032848565710473586 5.544496330887358e-06 7.634422948632467e-07 5.200800533689126 1.180587058038692e-06 1.180587058038692e-06 1.1805870580386921e-07
0.12675116744496512 8.026284189459904e-06 3.4224149432956066e-06 13.626417611741159 1.4306837891927838e-05 1.4306837891927838e-05 1.4306837891927837e-06
0.18066711140760797 6.357905270180274e-06 2.5092061374249723e-06 9.697131420947297 2.7335857238158498e-05 2.7335857238158498e-05 2.73358572381585e-06
0.07979986657771936 2.2196130753835814e-06 2.7537691794530054e-06 8.936624416277517 2.5041194129419367e-05 2.5041194129419367e-05 2.5041194129419366e-06
0.08532354903268945 5.871047364910061e-06 3.5655103402269026e-06 13.753168779186122 2.0549099399599543e-05 2.0549099399599543e-05 2.0549099399599545e-06
0.021320880587058028 5.194196130753912e-06 3.7190126751168383e-06 9.083388925950633 2.4360573715810303e-05 2.4360573715810303e-05 2.43605737158103e-06
0.09517011340894048 4.089859906604406e-06 2.665310206804568e-06 11.951967978652434 9.192461641094012e-06 9.192461641094012e-06 9.192461641094012e-07
0.05398265510340263 8.156904603068985e-06 2.9254836557705606e-06 8.00933955970647 2.3854969979986427e-05 2.3854969979986427e-05 2.385496997998643e-06
0.17898599066044316 7.254436290860787e-06 3.794462975316976e-06 8.563042028018678 1.984903268845879e-05 1.984903268845879e-05 1.984903268845879e-06
0.12939292861908125 5.776050700467093e-06 3.5629086057372426e-06 9.563709139426283 8.64796531020676e-06 8.64796531020676e-06 8.64796531020676e-07
0.09973315543695925 8.065376917945289e-07 3.2374916611074004e-07 7.368912608405603 2.1529019346230827e-06 2.1529019346230827e-06 2.1529019346230828e-07
0.13647765176784724 8.418145430287148e-06 1.3902601734489652e-07 5.614409606404269 1.1934389593061957e-05 1.1934389593061957e-05 1.1934389593061957e-06
0.18535023348899565 5.4613742494997605e-06 3.3963975983990073e-06 8.783188792528351 1.0534256170780453e-05 1.0534256170780453e-05 1.0534256170780452e-06
0.14068045363575926 6.631020680453807e-06 5.110740493662441e-07 5.72114743162108 2.9844429619746192e-05 2.9844429619746192e-05 2.984442961974619e-06
0.1969979986657804 3.145830553702456e-06 6.619746497665137e-07 8.696464309539692 1.2264976651100645e-05 1.2264976651100645e-05 1.2264976651100644e-06
0.033088725817211416 4.558905937291562e-06 3.497665110073377e-07 6.041360907271514 1.0514809873248765e-05 1.0514809873248765e-05 1.0514809873248765e-06
0.04029352901934632 3.4723815877251362e-06 2.085123415610404e-06 11.738492328218811 2.4029986657771614e-05 2.4029986657771614e-05 2.4029986657771614e-06
0.028765843895930544 7.1594396264178185e-06 1.2395597064709824e-06 11.62508338892595 1.103985990660433e-05 1.103985990660433e-05 1.103985990660433e-06
0.13347565043362436 7.68785857238183e-06 2.9332888592395404e-06 4.38025350233489 1.4734656437624964e-05 1.4734656437624964e-05 1.4734656437624965e-06
0.06755170113409002 7.242561707805416e-06 3.5394929953303033e-06 5.114076050700467 1.9479553035356728e-05 1.9479553035356728e-05 1.947955303535673e-06
0.06166777851901319 4.861707805203523e-06 2.6731154102735477e-06 10.39092728485657 1.9401767845229978e-05 1.9401767845229978e-05 1.9401767845229977e-06
0.16949966644429887 2.7302201467644995e-06 1.3956637758505653e-06 10.797865243495663 3.514142761841241e-06 3.514142761841241e-06 3.514142761841241e-07
0.1369579719813229 4.671714476317587e-06 4.720480320213468e-07 5.360907271514343 1.1837158105403519e-05 1.1837158105403519e-05 1.183715810540352e-06
0.02912608405603728 8.910940627085046e-06 1.7963308872581614e-06 11.718478985990659 2.231871247498311e-05 2.231871247498311e-05 2.231871247498311e-06
0.15196797865243727 4.903268845897322e-06 3.914142761841332e-06 5.514342895263509 3.280787191460985e-06 3.280787191460985e-06 3.2807871914609854e-07
0.1816277518345593 2.0236824549699733e-06 3.5941294196131618e-06 6.968645763842561 2.7802568378919e-05 2.7802568378919e-05 2.7802568378918998e-06
0.04461641094062726 9.312208138759159e-07 1.6038025350233425e-06 4.807204803202135 2.803592394929925e-05 2.803592394929925e-05 2.803592394929925e-06
0.0793195463642437 2.1008672448298795e-06 2.79519679786524e-07 11.938625750500332 2.484673115410249e-05 2.484673115410249e-05 2.484673115410249e-06
0.1489659773182144 8.050033355570646e-06 1.0132088058705872e-06 6.875250166777851 1.4462408272181338e-05 1.4462408272181338e-05 1.4462408272181338e-06
0.03573048699132755 2.8549032688458865e-06 4.564376250833882e-07 4.507004669779853 1.938992661774515e-06 1.938992661774515e-06 1.938992661774515e-07
0.13431621080720677 6.60133422281538e-06 3.8386924616411945e-06 13.873248832555035 1.302338225483646e-05 1.302338225483646e-05 1.302338225483646e-06
0.17886591060707424 7.87191460974008e-06 1.2915943962641767e-06 9.950633755837224 8.667411607738448e-06 8.667411607738448e-06 8.667411607738448e-07
0.09673115410273637 7.628485657104974e-06 2.550833889259531e-06 9.770513675783855 2.7685890593728874e-05 2.7685890593728874e-05 2.7685890593728875e-06
0.13203468979319738 4.457971981320908e-06 3.378185456971388e-06 10.724482988659105 1.2323315543695708e-05 1.2323315543695708e-05 1.2323315543695708e-06
0.13155436957972172 8.400333555704092e-06 1.4789192795196762e-06 5.42761841227485 1.3937358238825774e-05 1.3937358238825774e-05 1.3937358238825773e-06
0.16541694462975576 6.957571714476511e-06 1.005403602401608e-06 11.218145430286857 5.55600400266844e-06 5.55600400266844e-06 5.55600400266844e-07
0.129753168779188 4.202668445630431e-06 1.5647765176784468e-06 8.923282188125416 1.4792995330220026e-05 1.4792995330220026e-05 1.4792995330220026e-06
0.153769179452971 2.7955303535690355e-06 3.791861240827316e-06 4.046697798532355 1.81183122081386e-05 1.81183122081386e-05 1.8118312208138599e-06
0.08856571047365015 4.7073382254837e-06 3.1076050700467555e-06 5.747831887925283 7.150600400266819e-06 7.150600400266819e-06 7.150600400266819e-07
0.14536357571714695 5.948232154769973e-06 3.799666444296296e-06 12.452301534356236 8.25903935957301e-06 8.25903935957301e-06 8.25903935957301e-07
0.1458438959306226 7.741294196131e-06 2.717144763175447e-07 12.365577051367577 1.8028685790527005e-06 1.8028685790527005e-06 1.8028685790527005e-07
0.18222815210140386 2.0296197464976584e-06 3.271514342895331e-06 11.698465643762507 2.0218512341560855e-05 2.0218512341560855e-05 2.0218512341560853e-06
0.19627751834556692 1.3230820547031322e-06 1.3670446964643084e-06 11.805203468979318 2.8852668445630127e-05 2.8852668445630127e-05 2.8852668445630128e-06
0.17550366911274462 7.052568378919479e-06 1.3358238825883919e-06 13.53302201467645 2.1813108739159234e-05 2.1813108739159234e-05 2.1813108739159235e-06
0.06394929953302257 4.273915943962657e-06 2.170980653769182e-06 13.379586390927283 2.579959973315518e-05 2.579959973315518e-05 2.5799599733155183e-06
0.19747831887925607 6.037291527685256e-06 7.478318879252878e-07 13.879919946631086 2.6869146097397997e-05 2.6869146097397997e-05 2.6869146097398e-06
0.13839893262174988 2.831154102735146e-06 1.988859239492987e-06 5.881254169446297 1.2965043362241397e-05 1.2965043362241397e-05 1.2965043362241396e-06
0.15256837891928185 5.3248165443629935e-06 3.339159439626489e-06 11.264843228819212 2.494396264176093e-05 2.494396264176093e-05 2.494396264176093e-06
0.08748498999332992 8.002535023349162e-06 3.6383589059373805e-06 8.436290860573715 2.37382921947963e-05 2.37382921947963e-05 2.37382921947963e-06
0.16289526350900854 7.046631087391794e-06 2.654903268845928e-06 11.418278852568378 2.1723482321547707e-06 2.1723482321547707e-06 2.1723482321547707e-07
0.18486991327552 6.165443629086059e-07 3.3495663775851286e-06 4.333555703802535 1.2972648432288186e-06 1.2972648432288186e-06 1.2972648432288185e-07
0.02084056037358238 3.015210140093384e-06 1.0080053368912678e-06 12.699132755170112 9.581387591727763e-06 9.581387591727763e-06 9.581387591727764e-07
0.06250833889259559 6.755703802535203e-06 2.446764509673134e-06 4.280186791194129 8.550733822548323e-06 8.550733822548323e-06 8.550733822548323e-07
0.08556370913942728 4.873582388258894e-06 7.374249499666485e-07 12.512341561040692 2.558569046030662e-05 2.558569046030662e-05 2.558569046030662e-06
0.1858305537024713 7.497865243495893e-06 3.0763842561708363e-06 11.998665777184788 3.0668779186124175e-06 3.0668779186124175e-06 3.0668779186124175e-07
0.11858572381587891 3.264576384256158e-06 1.7026684456304117e-06 6.448298865910607 1.1720480320213393e-05 1.1720480320213393e-05 1.1720480320213394e-06
0.19063375583722791 7.034756504336423e-06 1.2811874583055379e-06 7.388925950633755 3.378018679119425e-06 3.378018679119425e-06 3.3780186791194253e-07
0.10693795863909415 8.489392928619374e-06 3.843895930620514e-06 9.116744496330886 2.700527018011981e-05 2.700527018011981e-05 2.700527018011981e-06
0.19807871914610065 4.6242161440961025e-06 2.2620413609072792e-06 10.084056037358238 2.6577451634422684e-05 2.6577451634422684e-05 2.6577451634422685e-06
0.02768512341561034 3.3120747164776387e-06 1.4841227484989956e-06 11.965310206804535 1.9012841894596227e-05 1.9012841894596227e-05 1.9012841894596226e-06
0.05602401601067419 4.897331554369636e-06 3.6537691794529633e-07 11.284856571047364 2.7063609072714872e-05 2.7063609072714872e-05 2.7063609072714874e-06
0.1386390927284877 5.093262174783258e-06 3.1804536357572334e-06 9.830553702468311 5.128185456971314e-06 5.128185456971314e-06 5.128185456971314e-07
0.06370913942628474 1.999933288859233e-06 1.088659106070719e-06 5.927951967978652 1.819609739826535e-05 1.819609739826535e-05 1.819609739826535e-06
0.08064042695130176 6.791327551701316e-06 3.1362241494330146e-06 9.15010006671114 5.653235490326878e-06 5.653235490326878e-06 5.653235490326877e-07
0.19975983989326546 4.196731154102745e-06 1.4190793862575027e-06 6.735156771180787 3.553035356904617e-06 3.553035356904617e-06 3.553035356904617e-07
0.11846564376251 4.677651767845272e-06 3.98959306204147e-06 6.755170113408939 1.9907371581053854e-05 1.9907371581053854e-05 1.9907371581053855e-06
0.11498332221481146 6.22481654436291e-07 3.939959973315538e-07 10.190793862575049 2.0685223482321356e-05 2.0685223482321356e-05 2.0685223482321357e-06
0.1673382254836584 1.7149432955303484e-06 1.4060707138092042e-06 7.395597064709806 2.9163809206137128e-05 2.9163809206137128e-05 2.9163809206137126e-06
0.06142761841227536 6.274783188792676e-06 2.558639092728511e-06 5.354236157438292 2.113248832555017e-05 2.113248832555017e-05 2.113248832555017e-06
0.05062041360907301 4.790460306871297e-06 3.024349566377638e-06 4.873915943962642 1.7515476984656285e-05 1.7515476984656285e-05 1.7515476984656285e-06
0.17202134756504608 3.531754503001987e-06 3.547298198799283e-06 12.00533689126084 3.494696464309553e-06 3.494696464309553e-06 3.494696464309553e-07
0.0952901934623094 5.936357571714602e-06 1.4607071380920582e-06 7.862575050033355 1.82738825883921e-05 1.82738825883921e-05 1.82738825883921e-06
0.19195463642428598 8.067845230153703e-06 2.774583055370285e-06 4.393595730486991 3.1057705136757934e-06 3.1057705136757934e-06 3.1057705136757933e-07
0.16205470313542614 1.560573715810536e-06 5.657104736491003e-07 8.523015343562374 1.6667444963308861e-06 1.6667444963308861e-06 1.666744496330886e-07
0.10309539693128887 4.642028018679159e-06 3.6331554369580607e-06 6.394929953302201 1.7340460306871097e-05 1.7340460306871097e-05 1.7340460306871097e-06
0.029486324216144014 7.972848565710734e-06 1.2447631754503018e-06 7.549032688458972 1.2583722481654431e-06 1.2583722481654431e-06 1.2583722481654432e-07
0.11306204136090882 8.198465643762784e-06 2.272448298865919e-06 6.168112074716477 3.2224482988659213e-06 3.2224482988659213e-06 3.2224482988659214e-07
0.18270847231487952 7.590393595730482e-07 1.312208138759172e-07 6.09472981987992 1.0689826551033953e-05 1.0689826551033953e-05 1.0689826551033953e-06
0.06515010006671172 2.0474316210807137e-06 1.8431621080720363e-06 7.168779186124082 1.9654569713141916e-05 1.9654569713141916e-05 1.9654569713141916e-06
0.08604402935290294 2.6114743162107976e-06 3.107404936624412e-07 6.108072048032021 1.3198398932621647e-05 1.3198398932621647e-05 1.3198398932621648e-06
0.08244162775183549 4.760773849232869e-06 2.2906604402935384e-06 11.318212141427617 9.950867244829826e-06 9.950867244829826e-06 9.950867244829826e-07
0.022761841227484966 1.593729152768512e-07 7.45230153435628e-07 12.1054036024016 2.5935723815876994e-05 2.5935723815876994e-05 2.5935723815876995e-06
0.13683789192795398 7.373182121414497e-06 2.842228152101443e-06 13.0660440293529 2.025740493662423e-05 2.025740493662423e-05 2.025740493662423e-06
0.04581721147431641 3.3061374249499536e-06 1.7677118078719046e-06 6.681787858572381 9.795296864576326e-06 9.795296864576326e-06 9.795296864576326e-07
0.15977318212141675 3.0567711807871797e-06 1.754703135423606e-06 10.404269513008671 2.1793662441627546e-05 2.1793662441627546e-05 2.1793662441627546e-06
0.06238825883922668 1.8574382921947907e-06 1.3748498999332876e-06 10.284189459639759 2.049076050700448e-05 2.049076050700448e-05 2.049076050700448e-06
0.17478318879253113 6.9872581721149384e-06 1.62721814543028e-06 7.929286190793862 7.69509673115407e-06 7.69509673115407e-06 7.69509673115407e-07
0.1544896597731845 3.1280186791194008e-06 3.856904603068814e-06 8.48965977318212 2.2112408272181466e-06 2.2112408272181466e-06 2.2112408272181466e-07
0.052421614409606736 4.125483655770519e-06 2.9905270180120587e-06 4.593729152768512 1.87405937291526e-05 1.87405937291526e-05 1.8740593729152602e-06
0.19399599733155753 4.65390260173453e-06 2.5716477651768105e-06 12.712474983322213 1.914896597731804e-05 1.914896597731804e-05 1.9148965977318038e-06
0.08772515010006775 2.077118078719139e-06 8.961307538358976e-07 5.827885256837892 5.692128085390253e-06 5.692128085390253e-06 5.692128085390253e-07
0.09721147431621203 7.551300867245063e-06 1.517945296864572e-06 13.399599733155435 5.1865243495663766e-06 5.1865243495663766e-06 5.186524349566377e-07
0.09565043362241614 8.83969312875282e-06 2.7485657104736856e-06 7.328885923949299 8.745196797865198e-06 8.745196797865198e-06 8.745196797865198e-07
0.15677118078719388 8.750633755837537e-06 1.0990660440293578e-06 9.550366911274182 6.742228152101381e-06 6.742228152101381e-06 6.742228152101381e-07
0.02612408272181449 2.3680453635757088e-06 3.7086057371581986e-06 12.125416944629752 1.1467678452301455e-05 1.1467678452301455e-05 1.1467678452301455e-06
0.14320213475650648 3.0186791194129436e-07 4.148098732488319e-07 5.681120747164776 5.167078052034689e-06 5.167078052034689e-06 5.167078052034689e-07
0.15953302201467892 6.8507004669781715e-06 3.445830553702546e-06 10.851234156104068 2.4107771847898365e-05 2.4107771847898365e-05 2.4107771847898363e-06
0.15232821881254402 2.629286190793853e-06 8.675116744496396e-07 11.771847898599065 2.9494396264175816e-05 2.9494396264175816e-05 2.9494396264175818e-06
0.1250700466978003 6.565710473649267e-06 7.972648432288244e-07 4.346897931954636 2.2695797198132106e-06 2.2695797198132106e-06 2.2695797198132106e-07
0.050740493662441925 8.875316877918933e-06 2.834422948632463e-06 13.312875250166776 6.061607738492316e-06 6.061607738492316e-06 6.061607738492317e-07
0.1361174116077405 4.101734489659777e-06 1.1849232821881284e-06 13.83322214809873 4.778152101400938e-06 4.778152101400938e-06 4.778152101400938e-07
0.15496997998666015 6.4291527685125e-06 6.021347565043378e-07 8.09606404269513 1.7418245496997847e-05 1.7418245496997847e-05 1.7418245496997847e-06
0.11354236157438448 3.834556370913929e-06 3.895930620413713e-06 9.837224816544362 8.317378252168072e-06 8.317378252168072e-06 8.317378252168072e-07
0.045937291527685324 3.276450967311528e-06 2.0927284856571025e-07 9.783855903935956 1.214829886591052e-05 1.214829886591052e-05 1.214829886591052e-06
0.09156771180787303 3.7395597064709655e-06 2.4259506337558546e-06 7.755837224816544 2.937771847898569e-05 2.937771847898569e-05 2.937771847898569e-06
0.05710473649099442 4.297665110073399e-06 2.306270847231498e-06 9.163442294863241 2.6480220146764246e-05 2.6480220146764246e-05 2.6480220146764248e-06
0.1626551034022707 1.4774516344229447e-06 2.8630420280187223e-06 7.268845897264843 2.3232688458972425e-05 2.3232688458972425e-05 2.3232688458972423e-06
0.07007338225483724 6.81854569713142e-07 2.163175450300202e-06 13.419613075383587 1.2906704469646334e-05 1.2906704469646334e-05 1.2906704469646334e-06
0.05662441627751876 6.6666444296199205e-06 4.0440293529019285e-07 13.799866577718477 1.5298599066043904e-05 1.5298599066043904e-05 1.5298599066043904e-06
0.135396931287527 5.508872581721245e-06 1.6610406937958563e-06 13.993328885923948 2.8969346230820252e-05 2.8969346230820252e-05 2.896934623082025e-06
0.10021347565043491 3.6148765843895785e-06 1.681854569713134e-06 11.018012008005336 1.325673782521671e-05 1.325673782521671e-05 1.325673782521671e-06
0.0705537024683129 6.536024016010839e-06 3.555103402268263e-06 11.518345563709138 1.3898465643762399e-05 1.3898465643762399e-05 1.38984656437624e-06
0.10885923949299679 8.03222148098759e-06 2.6496997998666083e-06 4.7204803202134755 2.31160106737823e-05 2.31160106737823e-05 2.31160106737823e-06
0.06875250166777917 5.34262841894605e-06 3.4328218812542463e-06 10.29086057371581 2.7121947965309935e-05 2.7121947965309935e-05 2.7121947965309933e-06
0.07319546364242903 3.6683122081387443e-06 1.4945296864576345e-06 12.705803869246163 1.675707138092047e-05 1.675707138092047e-05 1.675707138092047e-06
0.08040026684456393 5.105136757838629e-06 3.5420947298199632e-06 9.877251501000666 2.6246864576383995e-05 2.6246864576383995e-05 2.6246864576383994e-06
0.10297531687791996 3.0389593062041244e-06 1.4086724482988639e-06 8.983322214809872 2.5060640426951055e-05 2.5060640426951055e-05 2.5060640426951056e-06
0.19543695797198452 2.635223482321538e-06 1.7989326217478212e-06 5.447631754503002 2.1074149432955107e-05 2.1074149432955107e-05 2.1074149432955108e-06
0.1912341561040725 4.582655103402304e-06 1.6116077384923217e-06 4.48032021347565 9.861240827218145e-07 9.861240827218145e-07 9.861240827218145e-08
0.07115410273515747 5.603869246164213e-06 1.616811207471641e-06 6.054703135423615 2.2046464309539484e-05 2.2046464309539484e-05 2.2046464309539485e-06
0.05182121414276216 4.731087391594442e-06 1.2681787858572393e-06 11.798532354903267 1.5998665777184656e-05 1.5998665777184656e-05 1.5998665777184655e-06
0.1625350233489018 7.005070046697995e-06 1.9394262841894483e-06 7.902601734489659 9.083388925950633e-07 9.083388925950633e-07 9.083388925950633e-08
0.14704469646431176 2.4630420280186703e-06 2.23082054703136e-06 7.555703802535023 9.277851901267511e-07 9.277851901267511e-07 9.277851901267511e-08
0.18679119412942263 2.2908605737158025e-06 6.333555703802557e-07 6.655103402268178 1.0884289526350829e-05 1.0884289526350829e-05 1.0884289526350829e-06
0.18787191460974287 4.000800533689123e-06 2.704336224149467e-06 12.765843895930619 2.430223482321524e-05 2.430223482321524e-05 2.430223482321524e-06
0.06923282188125483 7.996597731821476e-06 3.65396931287534e-06 6.068045363575717 1.3081721147431522e-05 1.3081721147431522e-05 1.3081721147431523e-06
0.1737024683122109 6.731954636424461e-06 1.9316210807204685e-06 13.359573048699131 9.153569046030637e-06 9.153569046030637e-06 9.153569046030636e-07
0.16829886591060972 1.9821214142761776e-06 8.623082054703199e-07 11.558372248165442 1.4695763842561589e-05 1.4695763842561589e-05 1.4695763842561588e-06
0.044256170780520514 5.9660440293530294e-06 2.561240827218171e-06 9.090060040026684 2.661634422948606e-05 2.661634422948606e-05 2.661634422948606e-06
0.17970647098065665 4.5030020013342303e-07 3.052968645763897e-06 10.277518345563708 2.9027685123415315e-05 2.9027685123415315e-05 2.9027685123415314e-06
0.18799199466311178 5.6335557038026405e-06 3.193462308205533e-06 13.132755170113407 1.4267945296864463e-05 1.4267945296864463e-05 1.4267945296864463e-06
0.1601334222815235 7.919412941961565e-06 2.519613075383612e-06 4.020013342228152 1.4248498999332775e-05 1.4248498999332775e-05 1.4248498999332776e-06
0.06971314209473049 1.685256837891923e-06 1.572381587725149e-07 5.594396264176117 1.333452301534346e-05 1.333452301534346e-05 1.333452301534346e-06
0.12266844563042202 6.3222815210141605e-06 2.974916611074099e-06 11.658438959306203 9.814743162108014e-06 9.814743162108014e-06 9.814743162108014e-07
0.05842561707805249 3.074583055370235e-06 8.701134089392994e-07 5.534356237491661 2.2824316210806986e-05 2.2824316210806986e-05 2.2824316210806987e-06
0.0713942628418953 3.7514342895263356e-06 6.307538358905958e-07 11.278185456971313 1.958438959306203e-06 1.958438959306203e-06 1.958438959306203e-07
0.025523682454969932 4.1467645096731215e-07 3.30533689126091e-06 11.424949966644428 6.936691127418256e-06 6.936691127418256e-06 6.936691127418256e-07
0.06719146097398328 7.402868579052925e-06 2.121547698465643e-06 7.662441627751834 5.342094729819877e-06 5.342094729819877e-06 5.342094729819877e-07
0.05230153435623782 3.1814543028685666e-06 3.29492995330227e-06 11.24482988659106 2.270763842561686e-05 2.270763842561686e-05 2.270763842561686e-06
0.06190793862575102 4.562374916611082e-07 1.6688458972648354e-06 12.152101400933955 2.3310473649099175e-05 2.3310473649099175e-05 2.3310473649099176e-06
0.1017745163442308 2.4096064042695044e-06 1.3852568378919265e-06 13.91327551701134 8.395163442294822e-06 8.395163442294822e-06 8.395163442294823e-07
0.07511674449633167 5.675116744496439e-06 2.1735823882588417e-06 10.137424949966643 2.677191460973956e-05 2.677191460973956e-05 2.677191460973956e-06
0.06130753835890645 2.7480320213475548e-06 9.143428952635163e-07 7.422281521014009 7.0922615076717565e-06 7.0922615076717565e-06 7.092261507671756e-07
0.07895930620413695 8.32314876584418e-06 1.0678452301534412e-06 5.627751834556371 2.2357605070046485e-05 2.2357605070046485e-05 2.2357605070046483e-06
0.021080720480320204 7.106004002668649e-06 9.663775850567123e-07 13.853235490326883 1.804052701801185e-05 1.804052701801185e-05 1.8040527018011848e-06
0.07439626417611818 3.448632421614396e-06 2.2516344229486395e-06 5.167444963308872 5.322648432288189e-06 5.322648432288189e-06 5.32264843228819e-07
0.09240827218145543 5.586057371581156e-06 1.6506337558372174e-06 8.58305537024683 2.76469979986655e-05 2.76469979986655e-05 2.76469979986655e-06
0.09384923282188241 4.244229486324229e-06 7.842561707805253e-07 9.323549032688458 2.1249166110740295e-05 2.1249166110740295e-05 2.1249166110740294e-06
0.053142094729820226 4.523282188125449e-06 2.6028685790527296e-06 11.458305537024682 1.0864843228819141e-05 1.0864843228819141e-05 1.0864843228819142e-06
0.03344896597731816 4.30953969312877e-06 1.1537024683122118e-06 7.815877251501 6.333855903935942e-06 6.333855903935942e-06 6.333855903935942e-07
0.09757171447631878 8.530953969313173e-06 1.913408939292849e-06 7.922615076717811 7.228385590393569e-06 7.228385590393569e-06 7.22838559039357e-07
0.13587725150100266 1.0440293529019328e-06 1.8691794529686335e-06 6.188125416944629 2.055670446964643e-06 2.055670446964643e-06 2.055670446964643e-07
0.07559706470980733 2.700533689126074e-06 2.2542361574382995e-06 9.043362241494329 3.941961307538373e-06 3.941961307538373e-06 3.941961307538373e-07
0.10609739826551175 6.874449633088914e-06 1.8067378252168003e-06 11.491661107404935 1.5201367578385465e-05 1.5201367578385465e-05 1.5201367578385464e-06
0.10825883922615222 3.887991994663098e-06 1.7521014009339463e-06 10.130753835890593 1.1545463642428206e-05 1.1545463642428206e-05 1.1545463642428206e-06
0.030206804536357483 1.7386924616410888e-06 1.4034689793195445e-06 13.219479653102066 1.9362875250166602e-05 1.9362875250166602e-05 1.9362875250166602e-06
0.12362908605737334 5.906671114076174e-06 1.6064042695130022e-06 5.761174116077385 1.238165443629077e-05 1.238165443629077e-05 1.238165443629077e-06
0.022881921280853878 7.776917945297112e-06 2.8864576384256617e-06 4.560373582388259 4.7975983989326256e-06 4.7975983989326256e-06 4.797598398932626e-07
0.19267511674449947 6.245096731154249e-06 2.808405603735864e-06 9.456971314209472 8.920213475650386e-06 8.920213475650386e-06 8.920213475650387e-07
0.17346230820547306 8.145030020013614e-06 2.878652434956682e-06 10.517678452301533 1.732101400933941e-05 1.732101400933941e-05 1.732101400933941e-06
0.18282855236824844 1.8693128752501609e-06 5.917278185456985e-07 5.7411607738492325 2.7296964643095123e-05 2.7296964643095123e-05 2.7296964643095124e-06
0.15088725817211704 4.036424282855236e-06 7.036024016010708e-07 4.013342228152101 8.5e-07 8.5e-07 8.500000000000001e-08
0.0489392928619082 8.37658438959335e-06 2.811007338225524e-06 11.224816544362907 1.8157204803201974e-05 1.8157204803201974e-05 1.8157204803201975e-06
0.1809072715143458 7.088192128085592e-06 1.0938625750500384e-06 12.178785857238157 1.3944963308872575e-06 1.3944963308872575e-06 1.3944963308872574e-07
0.19315543695797513 3.193328885923937e-06 1.6974649766510923e-06 6.621747831887925 2.6946931287524747e-05 2.6946931287524747e-05 2.6946931287524747e-06
0.021681120747164762 3.656437625083374e-06 4.3042028018679053e-07 13.699799866577717 4.6809206137425e-06 4.6809206137425e-06 4.6809206137425004e-07
0.18078719146097688 6.197598398932765e-06 2.6366911274183087e-06 6.888592394929953 2.1917945296864587e-06 2.1917945296864587e-06 2.1917945296864587e-07
0.028165443629085987 1.2815210140093366e-06 1.7859239492995226e-06 4.927284856571047 2.5157871914609492e-05 2.5157871914609492e-05 2.5157871914609493e-06
0.19483655770513994 2.391794529686449e-06 1.325416944629753e-06 11.1581054036024 1.1222481654436288e-06 1.1222481654436288e-06 1.1222481654436288e-07
0.11258172114743316 6.5063375583724115e-06 1.6792528352234743e-06 7.24216144096064 1.2478885923949208e-05 1.2478885923949208e-05 1.2478885923949207e-06
0.09300867244830001 7.412274849899929e-07 8.779186124082788e-07 4.420280186791194 1.3003935957304772e-05 1.3003935957304772e-05 1.3003935957304772e-06
0.09505003335557156 6.458839226150927e-06 1.80933955970646e-06 7.809206137424949 1.0300900600400202e-05 1.0300900600400202e-05 1.0300900600400202e-06
0.10501667778519151 8.20440293529047e-06 1.8613742494996543e-06 9.190126751167444 1.8254436290860412e-05 1.8254436290860412e-05 1.8254436290860413e-06
0.09084723148765954 6.87791861240827e-07 3.763242161441057e-06 4.533689126084056 1.7748832555036536e-05 1.7748832555036536e-05 1.7748832555036535e-06
0.13035356904603257 7.295997331554585e-06 6.801867911941324e-07 12.038692461641093 5.419879919946627e-06 5.419879919946627e-06 5.419879919946628e-07
0.14644429619746718 2.3655770513675777e-07 1.481521014009336e-06 9.183455637091393 9.931420947298139e-06 9.931420947298139e-06 9.931420947298138e-07
0.15809206137425194 8.982188125417272e-06 7.426284189459681e-07 9.023348899266177 1.5745863909272718e-05 1.5745863909272718e-05 1.5745863909272718e-06
0.1897931954636455 8.756571047365223e-06 3.050366911274237e-06 8.829886591060706 1.7651601067378098e-05 1.7651601067378098e-05 1.7651601067378097e-06
0.04053368912608415 5.835423615743948e-06 2.847231487658435e-07 10.210807204803201 8.084022681787822e-06 8.084022681787822e-06 8.084022681787821e-07
0.023962641761174082 7.1713142094731895e-06 1.7651100733822449e-06 13.766511007338224 1.2031621080720394e-05 1.2031621080720394e-05 1.2031621080720395e-06
0.026484322881921225 5.749833222148103e-07 3.4276184122749265e-06 12.138759172781853 2.7491427618412e-05 2.7491427618412e-05 2.7491427618412e-06
0.17154102735157042 4.167044696464318e-06 2.022681787858566e-06 6.021347565043362 6.372748498999317e-06 6.372748498999317e-06 6.372748498999317e-07
0.17706470980654052 3.893929286190784e-06 1.2603735823882601e-06 5.100733822548365 1.1876050700466894e-05 1.1876050700466894e-05 1.1876050700466893e-06
0.035250166777851887 2.6055370246831125e-06 3.835890593729147e-07 9.463642428285523 2.2377051367578173e-05 2.2377051367578173e-05 2.2377051367578173e-06
0.1681787858572408 5.491060707138188e-06 3.289526350900596e-07 10.29753168779186 2.7666444296197186e-05 2.7666444296197186e-05 2.7666444296197186e-06
0.1833088725817241 5.307004669779937e-06 8.571047364910003e-07 12.545697131420946 1.039813208805864e-05 1.039813208805864e-05 1.039813208805864e-06
0.10033355570380383 7.990660440293791e-06 5.422948632421619e-07 9.53702468312208 1.739879919946616e-05 1.739879919946616e-05 1.739879919946616e-06
0.17394262841894872 7.664109406271087e-06 2.868245496998042e-06 8.036024016010673 1.142878585723808e-05 1.142878585723808e-05 1.142878585723808e-06
0.08352234823215572 5.995730486991457e-06 1.955036691127408e-06 5.134089392928619 1.4326284189459525e-05 1.4326284189459525e-05 1.4326284189459524e-06
0.07331554369579794 5.318879252835308e-06 1.7545030020013327e-07 12.999332888592393 1.6270913942628282e-05 1.6270913942628282e-05 1.6270913942628282e-06
0.05686457638425659 3.982988659106067e-06 1.572581721147426e-06 5.060707138092061 2.074356237491642e-05 2.074356237491642e-05 2.074356237491642e-06
0.17442294863242438 8.477518345564003e-06 3.164843228819274e-06 5.374249499666444 2.35827218145428e-05 2.35827218145428e-05 2.35827218145428e-06
0.06214809873248885 8.513142094730116e-06 1.3046030687124753e-06 7.455637091394262 8.939659773182074e-06 8.939659773182074e-06 8.939659773182074e-07
0.050260173448966265 2.071180787191454e-06 2.480587058038713e-06 6.801867911941294 8.356270847231447e-06 8.356270847231447e-06 8.356270847231447e-07
0.18054703135423905 6.090727151434425e-06 1.7494996664442866e-06 5.400933955970647 1.8332221480987162e-05 1.8332221480987162e-05 1.8332221480987161e-06
0.1346764509673135 6.417278185457129e-06 1.5777851901267454e-06 9.030020013342227 1.2498332221480895e-05 1.2498332221480895e-05 1.2498332221480896e-06
0.04965977318212169 4.386724482988682e-06 3.758038692461737e-06 5.62108072048032 1.2673348899266083e-05 1.2673348899266083e-05 1.2673348899266083e-06
0.17166110740493934 2.840560373582389e-07 3.601734489659768e-07 11.004669779853234 2.9922214809872942e-05 2.9922214809872942e-05 2.9922214809872943e-06
0.19579719813209126 8.04409606404296e-06 1.791127418278842e-06 8.156104069379586 1.9168412274849727e-05 1.9168412274849727e-05 1.9168412274849727e-06
0.04077384923282198 7.337558372248384e-06 2.5300200133422517e-06 4.5870580386924615 2.8094262841894313e-05 2.8094262841894313e-05 2.809426284189431e-06
0.054583055370247206 5.894796531020803e-06 2.373915943962656e-06 11.665110073382253 5.3615410273515645e-06 5.3615410273515645e-06 5.361541027351564e-07
0.15821214142762086 8.777851901267501e-07 3.6799866577719394e-06 11.478318879252834 1.1564909939959893e-05 1.1564909939959893e-05 1.1564909939959893e-06
0.1169046030687141 6.581054036024016e-07 2.699132755170147e-06 13.5396931287525 1.977885256837891e-06 1.977885256837891e-06 1.977885256837891e-07
0.12723148765844078 2.3977318212141342e-06 2.204803202134761e-06 7.288859239492995 1.2634456304202708e-05 1.2634456304202708e-05 1.2634456304202708e-06
0.07595730486991407 7.123815877251705e-06 2.9619079386257996e-06 10.10406937958639 2.5080086724482742e-05 2.5080086724482742e-05 2.508008672448274e-06
0.06635090060040087 7.966911274183049e-06 2.803202134756544e-06 11.898599066044028 1.0048098732488264e-05 1.0048098732488264e-05 1.0048098732488263e-06
0.14848565710473874 2.130553702468305e-06 3.929753168779292e-06 7.0953969312875245 2.121027351567692e-05 2.121027351567692e-05 2.121027351567692e-06
0.06034689793195513 4.9685790527018625e-06 1.8405603735823766e-06 4.913942628418946 1.0437024683122015e-05 1.0437024683122015e-05 1.0437024683122014e-06
0.05950633755837272 5.971981320880715e-06 1.910807204803189e-06 7.3422281521014 7.792328218812508e-06 7.792328218812508e-06 7.792328218812508e-07
0.10117411607738623 8.768445630420594e-06 8.545030020013404e-07 13.466310873915942 1.2401100733822458e-05 1.2401100733822458e-05 1.2401100733822459e-06
0.12302868579052877 2.0414943295530286e-06 1.4450967311541e-06 13.032688458972647 2.26492995330218e-05 2.26492995330218e-05 2.2649299533021797e-06
0.0801601067378261 2.332421614409598e-06 2.0669112741827847e-06 13.953302201467643 2.9902768512341255e-05 2.9902768512341255e-05 2.9902768512341254e-06
0.06358905937291583 3.7989326217478164e-06 1.2031354236157464e-06 12.39893262174783 2.4057038025350264e-06 2.4057038025350264e-06 2.4057038025350266e-07
0.11954636424283023 6.77351567711826e-06 2.157971981320882e-06 5.847898599066044 1.0009206137424889e-05 1.0009206137424889e-05 1.000920613742489e-06
0.09685123415610529 2.5342895263508914e-06 2.730353569046066e-06 9.91060707138092 4.097531687791874e-06 4.097531687791874e-06 4.097531687791874e-07
0.05734489659773225 8.95843895930653e-06 3.953168779186231e-06 11.071380920613741 1.1370446964643018e-05 1.1370446964643018e-05 1.1370446964643018e-06
0.12206804536357745 1.6436957971981273e-06 7.348232154769887e-07 8.596397598398932 1.5181921280853777e-05 1.5181921280853777e-05 1.5181921280853777e-06
0.022641761174116055 4.220480320213487e-06 6.359573048699155e-07 5.1207471647765175 1.3373415610406835e-05 1.3373415610406835e-05 1.3373415610406836e-06
0.17022014676451236 2.0830553702468242e-06 3.6071380920614614e-06 8.169446297531687 2.9261040693795566e-05 2.9261040693795566e-05 2.9261040693795564e-06
0.17682454969980269 8.61407605070077e-06 1.0260173448965976e-07 8.889926617745163 2.736290860573722e-06 2.736290860573722e-06 2.736290860573722e-07
0.1690193462308232 2.314609739826543e-06 3.544696464309623e-06 10.644429619746496 2.1190827218145232e-05 2.1190827218145232e-05 2.119082721814523e-06
0.08664442961974751 2.4689793195463554e-06 1.4971314209472942e-06 13.973315543695795 1.7379352901934472e-05 1.7379352901934472e-05 1.7379352901934473e-06
0.11066044029353052 8.370647098065664e-06 1.0756504336224204e-06 4.827218145430287 1.588198799199453e-05 1.588198799199453e-05 1.588198799199453e-06
0.18511007338225782 4.742961974649813e-06 7.192128085390298e-07 10.604402935290192 1.841761174116076e-06 1.841761174116076e-06 1.841761174116076e-07
0.1968779186124115 1.2577718478985962e-06 8.46697798532361e-07 11.44496330887258 1.0378685790526952e-05 1.0378685790526952e-05 1.0378685790526953e-06
0.043535690460307024 2.9973982655103287e-06 1.1589059372915312e-06 9.15677118078719 2.963052034689763e-05 2.963052034689763e-05 2.963052034689763e-06
0.0650300200133428 1.7327551701134037e-06 7.946631087391646e-07 9.24349566377585 2.1035256837891732e-05 2.1035256837891732e-05 2.1035256837891733e-06
0.04989993328885952 1.6615076717811826e-06 2.3999332888592554e-06 4.140093395597065 2.3718845897264614e-05 2.3718845897264614e-05 2.371884589726461e-06
0.10537691794529826 7.509739826551264e-06 4.25216811207471e-07 12.752501667778517 2.4088325550366677e-05 2.4088325550366677e-05 2.408832555036668e-06
0.18715143428952938 1.9761841227484926e-06 3.932354903268952e-06 13.499666444296196 1.3742895263508899e-05 1.3742895263508899e-05 1.3742895263508898e-06
0.18462975316878216 5.580120080053471e-06 1.4424949966644402e-06 8.86324216144096 8.72575050033351e-06 8.72575050033351e-06 8.725750500333511e-07
0.18306871247498627 1.0262174783188775e-06 5.813208805870592e-07 11.871914609739825 7.4811874583055075e-06 7.4811874583055075e-06 7.481187458305508e-07
0.0737958639092736 2.5283522348232063e-06 1.543962641761169e-06 8.556370913942628 1.621257505003322e-05 1.621257505003322e-05 1.621257505003322e-06
0.07991994663108827 8.928752501668103e-06 2.7927951967979043e-06 7.769179452968645 1.7834222815210127e-06 1.7834222815210127e-06 1.7834222815210126e-07
0.14464309539693346 8.620013342228456e-06 1.3696464309539682e-06 9.43028685790527 2.1268612408271982e-05 2.1268612408271982e-05 2.1268612408271983e-06
0.1160640426951317 8.38845897264872e-06 1.161507671781191e-06 4.95396931287525 2.65850567044697e-06 2.65850567044697e-06 2.65850567044697e-07
0.05974649766511055 6.8388258839228005e-06 5.006671114076048e-07 9.62374916611074 2.4516144096063803e-05 2.4516144096063803e-05 2.4516144096063803e-06
0.04773849232821905 5.156104069379593e-07 2.5274182788525918e-06 13.026017344896596 1.0184222815210077e-05 1.0184222815210077e-05 1.0184222815210077e-06
0.06274849899933342 8.465643762508632e-06 3.5993328885924816e-06 5.194129419613075 1.809886591060691e-05 1.809886591060691e-05 1.8098865910606912e-06
0.0513408939292865 4.1432955303535756e-06 2.2880587058038785e-06 6.2748498999332885 1.8876717811874414e-05 1.8876717811874414e-05 1.8876717811874414e-06
0.17250166777852174 2.326484322881913e-06 9.065376917945369e-07 12.565710473649098 8.025683789192759e-06 8.025683789192759e-06 8.025683789192759e-07
0.07847898599066129 7.63442294863266e-06 1.1719146097398298e-06 10.00400266844563 9.503602401601013e-06 9.503602401601013e-06 9.503602401601013e-07
0.05326217478318914 1.7980653769179397e-06 1.4919279519679748e-06 6.808539026017344 3.825283522348248e-06 3.825283522348248e-06 3.825283522348248e-07
0.08112074716477742 8.94656437625116e-06 8.388925950633815e-07 6.3815877251501 1.4812441627751714e-05 1.4812441627751714e-05 1.4812441627751713e-06
0.054823215476985036 4.214543028685802e-06 3.869913275517114e-06 4.226817878585724 2.4010540360239927e-05 2.4010540360239927e-05 2.4010540360239925e-06
0.08568378919279619 7.729419613075628e-06 1.554369579719808e-06 9.230153435623748 1.3840126751167336e-05 1.3840126751167336e-05 1.3840126751167336e-06
0.11798532354903433 1.5902601734489614e-06 1.3280186791194127e-06 10.170780520346897 2.7141394262841623e-05 2.7141394262841623e-05 2.7141394262841623e-06
0.1033355570380267 7.717545030020257e-06 2.1449633088725825e-06 10.731154102735156 2.5605136757838306e-05 2.5605136757838306e-05 2.5605136757838308e-06
0.12963308872581908 7.569112741828119e-06 1.957638425617068e-06 6.2081387591727815 7.850667111407571e-06 7.850667111407571e-06 7.850667111407571e-07
0.048098732488325795 1.940560373582382e-06 3.950567044696571e-06 12.01867911941294 2.2104803202134547e-05 2.2104803202134547e-05 2.210480320213455e-06
0.14452301534356454 8.228152101401212e-06 1.1641094062708507e-06 7.14876584389593 2.1501967978652233e-05 2.1501967978652233e-05 2.1501967978652233e-06
0.09108739159439737 1.5783855903935913e-06 2.769379586390965e-06 7.0286857905270175 2.5002301534355992e-05 2.5002301534355992e-05 2.500230153435599e-06
0.1232688458972666 1.3646430953969279e-06 2.5352234823215715e-06 9.05003335557038 7.3061707805203195e-06 7.3061707805203195e-06 7.306170780520319e-07
0.1474049366244185 5.271380920613824e-06 3.159639759839954e-06 9.510340226817878 2.6266310873915683e-05 2.6266310873915683e-05 2.6266310873915683e-06
0.1752635090060068 2.575850567044687e-06 3.7112074716478585e-06 10.337558372248164 2.8210940627084438e-05 2.8210940627084438e-05 2.8210940627084438e-06
0.06791194129419677 1.2043362241494303e-06 2.6470980653769484e-06 11.404936624416276 1.714599733155422e-05 1.714599733155422e-05 1.7145997331554221e-06
0.11918612408272349 4.113609072715148e-06 3.7838559039359517e-07 13.793195463642427 9.5230486991327e-06 9.5230486991327e-06 9.5230486991327e-07
0.03200800533689118 6.779452968645945e-06 4.2261507671781123e-07 10.717811874583054 1.02501667778519e-06 1.02501667778519e-06 1.02501667778519e-07
0.15352901934623317 5.532621747831987e-06 3.477051367578465e-06 5.420947298198799 2.2260373582388047e-05 2.2260373582388047e-05 2.2260373582388046e-06
0.13479653102068243 5.5682454969981e-06 2.24122748499e-06 11.178118745830552 2.2338158772514798e-05 2.2338158772514798e-05 2.23381587725148e-06
0.14044029352902143 2.8430286857905163e-06 1.772915276851224e-06 11.164776517678451 2.381607738492305e-05 2.381607738492305e-05 2.381607738492305e-06
0.1426017344896619 2.320547031354228e-06 3.0425617078052573e-06 6.4949966644429615 2.167698465643742e-05 2.167698465643742e-05 2.167698465643742e-06
0.1578519012675141 6.280720480320362e-06 1.1823215476984687e-06 6.474983322214809 9.3674783188792e-06 9.3674783188792e-06 9.3674783188792e-07
0.13515677118078917 5.063575717144831e-06 1.8899933288859112e-06 8.069379586390927 8.18125416944626e-06 8.18125416944626e-06 8.181254169446259e-07
0.03513008672448297 7.456304202802094e-06 2.454569713142114e-06 6.461641094062708 6.800567044696443e-06 6.800567044696443e-06 6.800567044696443e-07
0.046177451634423154 1.1983989326217452e-06 2.8942628418946415e-06 4.340226817878586 7.733989326217446e-06 7.733989326217446e-06 7.733989326217445e-07
0.10981987991994811 5.4732488325551315e-06 2.6106737825217094e-06 11.858572381587724 5.983822548365566e-06 5.983822548365566e-06 5.983822548365566e-07
0.18931287525016985 2.13649099399599e-06 3.9063375583723526e-06 7.122081387591727 2.502174783188768e-05 2.502174783188768e-05 2.502174783188768e-06
0.0353702468312208 4.238292194796544e-06 1.7781187458305434e-06 4.980653769179453 2.6421881254169183e-05 2.6421881254169183e-05 2.6421881254169184e-06
0.05746497665110117 1.2102735156771154e-06 8.440960640427012e-07 13.492995330220145 2.7199733155436685e-05 2.7199733155436685e-05 2.7199733155436686e-06
0.18775183455637395 6.488525683789355e-06 2.4363575717144943e-06 13.279519679786523 2.7024716477651497e-05 2.7024716477651497e-05 2.7024716477651496e-06
0.0841227484990003 4.4757838559039645e-06 3.0711807871915165e-06 11.331554369579719 1.1778819212808456e-05 1.1778819212808456e-05 1.1778819212808456e-06
0.05674449633088768 9.134089392928606e-07 2.0825216811207443e-06 8.989993328885923 1.3801234156103961e-05 1.3801234156103961e-05 1.3801234156103961e-06
0.09925283522348359 4.885456971314265e-06 1.2005336891260867e-06 6.541694462975316 1.0417578385590328e-05 1.0417578385590328e-05 1.0417578385590327e-06
0.0913275517011352 8.631887925283827e-06 3.3989993328886673e-06 4.8539026017344895 8.142361574382884e-06 8.142361574382884e-06 8.142361574382885e-07
0.16193462308205722 1.2374916611074048e-07 1.0912608405603786e-06 13.906604402935288 2.3291027351567488e-05 2.3291027351567488e-05 2.3291027351567487e-06
0.02216144096064041 5.6691794529687536e-06 6.593729152768539e-07 8.209472981987991 1.3665110073382148e-05 1.3665110073382148e-05 1.366511007338215e-06
0.1433222148098754 8.240026684456583e-06 5.162775183455637e-07 4.273515677118079 2.152141427618392e-05 2.152141427618392e-05 2.1521414276183922e-06
0.09997331554369708 3.3655103402268045e-06 2.6132755170113694e-06 10.497665110073381 4.953168779186126e-06 4.953168779186126e-06 4.953168779186126e-07
0.15557038025350473 3.7929953302201313e-06 1.7805203468979304e-07 5.027351567711808 3.319679786524361e-06 3.319679786524361e-06 3.319679786524361e-07
0.11654436290860735 8.09753168779213e-06 3.690393595730579e-06 5.981320880587058 9.666777851901267e-07 9.666777851901267e-07 9.666777851901267e-08
0.034049366244162736 4.206137424949973e-07 1.7024683122081373e-07 11.431621080720479 2.3543829219479426e-05 2.3543829219479426e-05 2.3543829219479426e-06
0.07499666444296275 6.286657771848047e-06 2.94109406270852e-06 9.703802535023348 2.9696464309539776e-06 2.9696464309539776e-06 2.9696464309539776e-07
0.06995330220146832 4.986390927284919e-06 2.6835223482321874e-06 5.934623082054703 3.6308205470313687e-06 3.6308205470313687e-06 3.6308205470313685e-07
0.11282188125417099 5.455436957972075e-06 1.6948632421614325e-06 11.25150100066711 2.3874416277518114e-05 2.3874416277518114e-05 2.3874416277518113e-06
0.054342895263509376 2.647098065376908e-06 2.199599733155441e-06 5.300867244829886 3.0279853235490415e-06 3.0279853235490415e-06 3.0279853235490416e-07
0.13887925283522554 3.840493662441614e-06 2.1813875917278215e-06 12.95930620413609 2.6830253502334622e-05 2.6830253502334622e-05 2.683025350233462e-06
0.12639092728485837 4.3154769846564556e-06 2.58985990660443e-06 11.471647765176783 1.6251467645096594e-05 1.6251467645096594e-05 1.6251467645096594e-06
0.13107404936624606 4.621747831887933e-07 2.124149432955303e-06 6.401601067378252 2.4445963975984023e-06 2.4445963975984023e-06 2.4445963975984024e-07
0.15881254169446543 6.185723815877394e-06 6.125416944629771e-07 13.659773182121413 1.685430286857891e-05 1.685430286857891e-05 1.6854302868578908e-06
0.09120747164776628 1.2221480987324856e-06 3.937558372248272e-06 5.794529686457638 2.192978652434936e-05 2.192978652434936e-05 2.192978652434936e-06
0.1960373582388291 7.557238158772748e-06 7.764509673115458e-07 7.462308205470313 2.0782454969979794e-05 2.0782454969979794e-05 2.0782454969979794e-06
0.07283522348232228 8.362241494329544e-07 2.168378919279522e-06 12.052034689793194 2.3388258839225925e-05 2.3388258839225925e-05 2.3388258839225924e-06
0.025643762508338844 7.575050033355805e-06 1.0288192128085455e-06 12.49232821881254 6.567211474316193e-06 6.567211474316193e-06 6.567211474316192e-07
0.043295530353569193 9.37158105403601e-07 2.2802535023348987e-06 10.67778519012675 4.078085390260186e-06 4.078085390260186e-06 4.078085390260186e-07
0.10201467645096864 6.066977985323683e-06 3.2454969979987316e-06 10.837891927951967 2.873599066044e-05 2.873599066044e-05 2.873599066044e-06
0.03392928619079382 2.504603068712466e-06 2.5090060040026654e-07 11.585056704469645 9.017444963308824e-06 9.017444963308824e-06 9.017444963308824e-07
0.03717144763175453 5.096731154102742e-07 1.9264176117411487e-06 9.383589059372914 5.867144763175441e-06 5.867144763175441e-06 5.867144763175441e-07
0.14212141427618624 1.5724482988659062e-06 1.6428285523682382e-06 6.321547698465643 3.436357571714489e-06 3.436357571714489e-06 3.436357571714489e-07
0.19831887925283848 7.3316210807206985e-06 3.7788525683790166e-06 10.030687124749832 6.820013342228131e-06 6.820013342228131e-06 6.82001334222813e-07
0.025043362241494286 2.4274182788525597e-06 2.904669779853281e-06 13.266177451634421 7.286724482988632e-06 7.286724482988632e-06 7.286724482988632e-07
0.17070046697798802 7.301934623082271e-06 5.240827218145432e-07 12.21214142761841 2.5293995997331305e-05 2.5293995997331305e-05 2.5293995997331305e-06
0.023242161440960613 8.352835223482607e-06 2.269846564376259e-06 7.322214809873248 2.7180286857904998e-05 2.7180286857904998e-05 2.7180286857904997e-06
0.047378252168112304 1.9702468312208075e-06 3.4978652434957445e-06 5.581054036024016 2.597461641094037e-05 2.597461641094037e-05 2.597461641094037e-06
0.05830553702468357 6.702268178786034e-06 3.0971981320881157e-06 5.694462975316878 2.2532621747831673e-05 2.2532621747831673e-05 2.2532621747831674e-06
0.045216811207471834 1.4180787191460937e-06 2.340093395597077e-06 10.751167444963308 2.6791360907271247e-05 2.6791360907271247e-05 2.6791360907271246e-06
0.08916611074049473 5.811674449633206e-06 1.5491661107404885e-06 11.25817211474316 6.275517011340879e-06 6.275517011340879e-06 6.275517011340879e-07
0.19555703802535343 7.531020680453631e-07 9.637758505670526e-07 4.160106737825217 6.58665777184788e-06 6.58665777184788e-06 6.586657771847881e-07
0.148125416944632 1.8040026684456248e-06 1.7937291527685017e-06 11.384923282188124 8.764643095396886e-06 8.764643095396886e-06 8.764643095396885e-07
0.046897931954636644 4.6360907271514735e-06 9.741827885256915e-07 9.650433622414942 1.4112374916610962e-05 1.4112374916610962e-05 1.4112374916610962e-06
0.1457238158772537 6.696330887258348e-06 2.9280853902602205e-06 11.378252168112073 1.5765310206804406e-05 1.5765310206804406e-05 1.5765310206804406e-06
0.10357571714476453 1.9168112074716416e-06 1.434689793195461e-06 13.012675116744495 6.625550366911255e-06 6.625550366911255e-06 6.625550366911255e-07
0.024803202134756463 5.615743829219584e-06 2.8604402935290624e-06 4.733822548365577 1.7359906604402785e-05 1.7359906604402785e-05 1.7359906604402784e-06
0.17466310873916222 8.578452301534657e-06 2.5742494996664705e-06 9.416944629753168 1.588959306204135e-06 1.588959306204135e-06 1.588959306204135e-07
0.1081387591727833 8.020346897932218e-06 1.978452301534347e-06 8.29619746497665 3.2030020013342333e-06 3.2030020013342333e-06 3.203002001334233e-07
0.06851234156104134 4.262041360907286e-06 2.196997998665781e-06 4.933955970647098 3.1252168112074814e-06 3.1252168112074814e-06 3.1252168112074815e-07
0.09889259506337685 3.941427618412268e-06 3.5967311541028217e-06 12.238825883922614 2.9105470313542065e-05 2.9105470313542065e-05 2.9105470313542067e-06
0.07427618412274926 3.953302201467639e-06 9.61174116077393e-07 6.741827885256837 2.0140727151434104e-05 2.0140727151434104e-05 2.0140727151434104e-06
0.04221480987324896 5.431687791861333e-06 1.981054036024007e-06 5.9079386257505 2.7530320213475374e-05 2.7530320213475374e-05 2.7530320213475374e-06
0.190513675783859 3.4783188792528213e-06 2.5820547031354502e-06 9.376917945296864 2.731641094062681e-05 2.731641094062681e-05 2.731641094062681e-06
0.03176784523015335 6.969446297531882e-06 2.4701801200800734e-06 13.25283522348232 1.2167745163442207e-05 1.2167745163442207e-05 1.2167745163442207e-06
0.19783855903936282 3.6717811874583097e-07 2.94629753168784e-06 5.587725150100066 1.230386924616402e-05 1.230386924616402e-05 1.230386924616402e-06
0.0329686457638425 4.08392261507672e-06 3.5681120747165625e-06 8.056037358238825 2.834706470980625e-05 2.834706470980625e-05 2.834706470980625e-06
0.0262441627751834 1.5546364242828509e-06 1.023615743829226e-06 13.459639759839892 9.775850567044638e-06 9.775850567044638e-06 9.77585056704464e-07
0.03873248832555042 8.863442294863562e-06 1.8535690460306752e-06 12.185456971314208 1.1156537691794455e-05 1.1156537691794455e-05 1.1156537691794455e-06
0.08964643095397039 3.988925950633752e-06 3.412008005336967e-06 10.544362908605736 2.669412941961281e-05 2.669412941961281e-05 2.669412941961281e-06
0.08724482988659209 3.0330220146764393e-06 2.0773182121414244e-06 10.611074049366243 1.0981521014009267e-05 1.0981521014009267e-05 1.0981521014009267e-06
0.19303535690460621 1.1627751834556347e-06 3.367778519012748e-06 10.224149432955302 2.0607438292194606e-05 2.0607438292194606e-05 2.0607438292194604e-06
0.07667778519012756 5.283255503669195e-06 1.9680453635757075e-06 4.1000667111407605 2.041297531687773e-05 2.041297531687773e-05 2.041297531687773e-06
0.05350233488992697 3.882054703135413e-06 9.48165443629094e-07 7.442294863242161 1.1603802535023268e-05 1.1603802535023268e-05 1.1603802535023267e-06
0.19279519679786838 8.940627084723474e-06 1.5203468979319536e-07 9.990660440293528 2.6402434956637496e-05 2.6402434956637496e-05 2.6402434956637495e-06
0.1257905270180138 7.111941294196334e-06 1.3826551034022667e-06 13.34623082054703 6.9172448298865685e-06 6.9172448298865685e-06 6.917244829886568e-07
0.1522081387591751 1.7090060040026633e-06 1.2265510340226838e-06 5.4743162108072045 2.094563042028019e-06 2.094563042028019e-06 2.0945630420280188e-07
0.16481654436291118 6.809139426284373e-06 2.3635090060040164e-06 6.5617078052034685 2.34271514342893e-05 2.34271514342893e-05 2.34271514342893e-06
0.03008672448298857 8.525016677785487e-06 3.089392928619136e-06 7.882588392261507 1.6076450967311406e-05 1.6076450967311406e-05 1.6076450967311406e-06
0.14476317545030237 3.870180120080042e-06 3.765843895930717e-06 10.657771847898598 1.5695130086724473e-06 1.5695130086724473e-06 1.5695130086724473e-07
0.10717811874583198 5.876984656437747e-06 9.507671781187538e-07 6.334889926617745 2.3446597731820988e-05 2.3446597731820988e-05 2.344659773182099e-06
0.13563709139426483 4.327351567711827e-06 3.9453635757172515e-06 8.796531020680453 2.8308172114742876e-05 2.8308172114742876e-05 2.8308172114742876e-06
0.027805203468979252 6.1382254836559094e-06 1.6764509673115396e-07 7.2955303535690454 2.2501334222815226e-06 2.2501334222815226e-06 2.2501334222815227e-07
0.16301534356237746 2.759906604402925e-06 1.8301534356237377e-06 8.049366244162774 2.3252134756504112e-05 2.3252134756504112e-05 2.3252134756504112e-06
0.1825883922615106 8.715010006671424e-06 1.398265510340225e-06 7.5823882588392255 2.4243895930620178e-05 2.4243895930620178e-05 2.424389593062018e-06
0.11906604402935457 4.6123415610407315e-06 3.98699132755181e-06 10.791194129419612 2.3524382921947738e-05 2.3524382921947738e-05 2.3524382921947736e-06
0.16349566377585312 6.3341561040695315e-06 4.1220813875917216e-07 12.438959306204135 2.1140093395597068e-06 2.1140093395597068e-06 2.1140093395597067e-07
0.17646430953969594 1.5071380920613701e-06 3.7892595063376563e-06 7.275517011340893 7.656204136090695e-06 7.656204136090695e-06 7.656204136090696e-07
0.19879919946631414 2.961774516344218e-06 2.951300867244826e-07 11.364909939959972 2.6032955303535432e-05 2.6032955303535432e-05 2.6032955303535433e-06
0.053382254836558056 4.547031354236191e-06 1.5283522348232108e-06 8.823215476984656 2.4282788525683553e-05 2.4282788525683553e-05 2.4282788525683553e-06
0.03488992661774514 5.823549032688577e-06 3.841294196130854e-06 12.525683789192794 1.2778185456971309e-06 1.2778185456971309e-06 1.277818545697131e-07
0.1640960640426977 8.685323549032996e-06 2.800600400266884e-06 9.356904603068712 1.2109406270847144e-05 1.2109406270847144e-05 1.2109406270847145e-06
0.177785190126754 2.017745163442288e-06 2.1787858572381616e-06 13.15276851234156 7.986791194129384e-06 7.986791194129384e-06 7.986791194129383e-07
0.0928885923949311 6.541961307538525e-06 2.9306871247498804e-06 8.509673115410273 2.3135456971313987e-05 2.3135456971313987e-05 2.3135456971313985e-06
0.03765176784523019 6.25697131420962e-06 2.5404269513008914e-06 4.1667778519012675 2.883322214809844e-05 2.883322214809844e-05 2.883322214809844e-06
0.17574382921948245 8.780320213475965e-06 2.738158772515046e-06 13.899933288859238 1.5531954636424155e-05 1.5531954636424155e-05 1.5531954636424156e-06
0.17514342895263788 2.641160773849223e-06 2.837024683122123e-06 10.884589726484322 7.2672781854569444e-06 7.2672781854569444e-06 7.267278185456945e-07
0.15172781854569944 1.5843228819212763e-06 2.418145430286875e-06 7.262174783188792 2.865820547031325e-05 2.865820547031325e-05 2.8658205470313252e-06
0.04149432955303547 5.134823215477057e-06 9.403602401601145e-07 6.114743162108072 4.291994663108749e-06 4.291994663108749e-06 4.2919946631087494e-07
0.1193062041360924 2.9855236824549585e-06 1.3176117411607739e-06 12.845897264843227 1.0833555703802533e-06 1.0833555703802533e-06 1.0833555703802533e-07
0.1345563709139446 2.4333555703802448e-06 9.19546364242836e-07 5.601067378252168 1.0728719146097328e-05 1.0728719146097328e-05 1.0728719146097328e-06
0.05890593729152815 3.6623749166110592e-06 1.5569713142094676e-06 7.002001334222815 2.0529653102067855e-05 2.0529653102067855e-05 2.0529653102067855e-06
0.08076050700467068 5.562308205470414e-06 6.073382254836575e-07 8.322881921280853 1.9001000667111393e-06 1.9001000667111393e-06 1.9001000667111393e-07
0.02840560373582381 7.432555036691352e-06 2.623682454970009e-06 7.62908605737158 1.1409339559706393e-05 1.1409339559706393e-05 1.1409339559706392e-06
0.17418278852568655 2.0355570380253435e-06 1.7468979319546268e-06 8.643095396931287 3.300233488992673e-06 3.300233488992673e-06 3.300233488992673e-07
0.19519679786524669 5.425750500333647e-06 1.307204803202135e-06 10.96464309539693 1.1137091394262767e-05 1.1137091394262767e-05 1.1137091394262768e-06
0.08580386924616511 7.147565043362447e-06 1.0002001334222886e-06 6.154769846564376 2.953328885923919e-05 2.953328885923919e-05 2.953328885923919e-06
0.09228819212808652 5.4969979986658736e-06 1.6194129419613008e-06 10.330887258172114 1.883782521681104e-05 1.883782521681104e-05 1.883782521681104e-06
0.07823882588392346 1.3349566377585024e-06 2.93849232821886e-06 10.317545030020012 1.1798265510340144e-05 1.1798265510340144e-05 1.1798265510340143e-06
0.10645763842561849 2.9914609739826436e-06 3.5496997998665726e-07 13.566377585056703 2.072411607738473e-05 2.072411607738473e-05 2.072411607738473e-06
0.13335557038025544 5.1170113408940004e-06 1.3410273515677113e-06 6.454969979986657 1.8806537691794515e-06 1.8806537691794515e-06 1.8806537691794514e-07
0.07607738492328299 8.21627751834584e-06 2.8838559039360017e-06 11.464976651100732 2.2890260173448985e-06 2.2890260173448985e-06 2.2890260173448985e-07
0.13971981320880794 4.08739159439627e-07 2.873248832555033e-07 5.127418278852568 1.511174116077384e-06 1.511174116077384e-06 1.511174116077384e-07
0.15316877918612642 8.952501667778845e-06 3.047765176784577e-06 6.715143428952635 2.1657538358905733e-05 2.1657538358905733e-05 2.1657538358905734e-06
0.08628418945964077 2.8667778519012566e-06 3.3547698465644485e-06 13.35290193462308 1.1487124749833143e-05 1.1487124749833143e-05 1.1487124749833142e-06
0.1929152768512373 4.689526350900643e-06 3.2923282188126103e-06 10.377585056704469 3.416911274182801e-06 3.416911274182801e-06 3.416911274182801e-07
0.13671781187458507 7.129753168779391e-06 2.7771847898599447e-06 5.287525016677785 1.4890226817878464e-05 1.4890226817878464e-05 1.4890226817878464e-06
0.08208138759172874 7.094129419613278e-06 2.6392928619079686e-06 7.969312875250166 2.844429619746469e-05 2.844429619746469e-05 2.8444296197464688e-06
0.1482454969980009 1.6674449633088677e-06 5.891260840560387e-07 13.746497665110072 1.3781787858572274e-05 1.3781787858572274e-05 1.3781787858572274e-06
0.07175450300200205 8.608138759173085e-06 1.9420280186791082e-06 5.861240827218145 4.5836891260840625e-06 4.5836891260840625e-06 4.5836891260840626e-07
0.09024683122081496 3.329886591060694e-06 6.229486324216164e-07 11.785190126751166 1.222608405603727e-05 1.222608405603727e-05 1.222608405603727e-06
0.1441627751834578 2.5936624416277423e-06 6.853902601734521e-07 12.345563709139425 2.605240160106712e-05 2.605240160106712e-05 2.605240160106712e-06
0.03753168779186127 3.1220813875917157e-06 4.668445630420273e-07 4.320213475650434 1.0962074716477579e-05 1.0962074716477579e-05 1.096207471647758e-06
0.07955970647098153 2.183989326217471e-06 4.018012008005331e-07 11.144763175450299 1.6426484322881782e-05 1.6426484322881782e-05 1.6426484322881783e-06
0.08472314876584487 3.1695797198131964e-06 2.490993995997353e-06 7.595730486991327 2.4321681120746928e-05 2.4321681120746928e-05 2.4321681120746928e-06
0.17790527018012292 8.340960640427236e-06 3.516077384923364e-06 8.649766511007337 2.3466044029352676e-05 2.3466044029352676e-05 2.3466044029352677e-06
0.022521681120747143 6.797264843229002e-06 2.0695130086724446e-06 5.967978652434956 2.2306871247498346e-06 2.2306871247498346e-06 2.2306871247498345e-07
0.024082721814542993 7.47164776517678e-07 2.277651767845239e-06 9.803869246164108 2.0296297531687605e-05 2.0296297531687605e-05 2.0296297531687606e-06
0.07871914609739912 1.501200800533685e-06 1.4581054036023985e-06 13.63975983989326 8.375717144763135e-06 8.375717144763135e-06 8.375717144763134e-07
0.0721147431621088 1.1924616410940601e-06 2.9593062041361396e-06 7.749166110740493 1.1234322881921205e-05 1.1234322881921205e-05 1.1234322881921206e-06
0.1024949966644443 1.6496330887258124e-06 8.987324883255574e-07 10.984656437625082 2.350493662441605e-05 2.350493662441605e-05 2.350493662441605e-06
0.09204803202134869 1.0084056037358222e-06 3.1414276184123345e-06 10.744496330887257 1.971290860573698e-05 1.971290860573698e-05 1.971290860573698e-06
0.16937958639092995 6.191661107405079e-06 1.6244162775183443e-07 7.822548365577051 6.606104069379568e-06 6.606104069379568e-06 6.606104069379568e-07
0.031647765176784436 8.364709806537979e-06 2.451967978652454e-06 11.578385590393594 2.29604402935288e-05 2.29604402935288e-05 2.29604402935288e-06
0.18619079386257806 1.6555703802534975e-06 3.1466310873916544e-06 6.988659106070713 2.8918612408272257e-06 2.8918612408272257e-06 2.891861240827226e-07
0.13395597064710002 2.3383589059372833e-06 3.617545030020101e-06 10.504336224149432 2.360216811207449e-05 2.360216811207449e-05 2.360216811207449e-06
0.1105403602401616 8.970313542361901e-06 3.188258839226213e-06 13.112741827885255 4.1947631754503115e-06 4.1947631754503115e-06 4.1947631754503116e-07
0.0417344896597733 5.716677785190238e-06 2.613075383589056e-07 8.302868579052701 1.4917278185456963e-06 1.4917278185456963e-06 1.4917278185456962e-07
0.13899933288859445 5.443562374916704e-06 2.098132088058704e-06 9.857238158772514 1.1895496997998581e-05 1.1895496997998581e-05 1.189549699799858e-06
0.08328218812541789 4.725150100066756e-06 2.7901934623082444e-06 11.91194129419613 2.3368812541694238e-05 2.3368812541694238e-05 2.336881254169424e-06
0.10861907938625896 4.564843228819247e-06 2.0382921947965255e-06 5.307538358905937 1.111764509673108e-05 1.111764509673108e-05 1.1117645096731079e-06
0.02228152101400932 5.663242161441068e-06 3.125817211474375e-06 5.574382921947965 1.317895263508996e-05 1.317895263508996e-05 1.317895263508996e-06
0.13095396931287714 4.60046697798536e-06 2.5638425617078307e-06 6.088058705803869 1.794329553035341e-05 1.794329553035341e-05 1.794329553035341e-06
0.06707138092061436 4.7845230153436115e-06 1.5699799866577662e-06 12.77251501000667 2.8560973982654814e-05 2.8560973982654814e-05 2.8560973982654815e-06
0.08832555036691232 6.007605070046828e-06 2.410340226817895e-06 13.126084056037357 1.7457138092061222e-05 1.7457138092061222e-05 1.7457138092061222e-06
0.13191460973982846 7.46224149432978e-06 7.114076050700503e-07 7.62241494329553 9.873082054703076e-06 9.873082054703076e-06 9.873082054703077e-07
0.047858572381587965 8.014409606404533e-06 3.4874583055371048e-06 8.022681787858572 1.5823649099399468e-05 1.5823649099399468e-05 1.582364909939947e-06
0.09733155436958095 8.115343562375187e-06 3.237691794529752e-06 4.18679119412942 1.4384623082054588e-05 1.4384623082054588e-05 1.4384623082054588e-06
0.03224816544362901 4.1314209472982045e-06 2.1839893262174814e-06 12.465643762508337 2.7433088725816936e-05 2.7433088725816936e-05 2.7433088725816936e-06
0.15100733822548595 5.419813208805962e-06 1.5205470313542316e-06 9.2501667778519 9.309139426284137e-06 9.309139426284137e-06 9.309139426284138e-07
0.146684456304205 1.815877251500995e-06 3.8098732488325494e-07 11.131420947298198 5.089292861907939e-06 5.089292861907939e-06 5.089292861907939e-07
0.06779186124082785 7.765043362241741e-06 4.00000000000011e-06 4.006671114076051 2.6888592394929684e-05 2.6888592394929684e-05 2.6888592394929684e-06
0.12807204803202318 7.474116077385151e-06 1.949833222148088e-06 6.9619746497665105 5.672681787858565e-06 5.672681787858565e-06 5.672681787858566e-07
0.049059372915277115 5.6216811207472694e-06 3.833488992661875e-06 11.778519012675115 1.1914943295530269e-05 1.1914943295530269e-05 1.191494329553027e-06
0.1913542361574414 1.993995997331548e-06 3.861907938625745e-07 5.327551701134089 2.6344096064042433e-05 2.6344096064042433e-05 2.634409606404243e-06
0.0969713142094742 1.1449633088725794e-06 9.533689126084136e-07 13.713142094729818 1.8410006671113912e-05 1.8410006671113912e-05 1.8410006671113912e-06
0.07079386257505073 1.1568378919279496e-06 1.5463642428285512e-07 9.997331554369579 1.9887925283522166e-05 1.9887925283522166e-05 1.9887925283522165e-06
0.10381587725150236 8.251901267511954e-06 2.144763175450298e-07 10.6711140760507 9.717511674449576e-06 9.717511674449576e-06 9.717511674449576e-07
0.16133422281521265 2.5521014009339467e-06 3.5264843228820037e-06 5.174116077384923 1.786551034022666e-05 1.786551034022666e-05 1.7865510340226662e-06
0.11642428285523844 1.756504336224144e-06 2.59506337558375e-06 8.376250833889259 1.4170713809206025e-05 1.4170713809206025e-05 1.4170713809206025e-06
0.07463642428285601 7.153502334890133e-06 3.4926617745164246e-06 9.223482321547698 1.7223782521680972e-05 1.7223782521680972e-05 1.7223782521680972e-06
0.07583722481654516 7.349432955303755e-06 4.486324216144089e-07 10.697798532354902 9.328585723815825e-06 9.328585723815825e-06 9.328585723815825e-07
0.15412941961307774 8.815943962642078e-06 3.815276851234255e-06 11.978652434956636 1.261501000667102e-05 1.261501000667102e-05 1.2615010006671021e-06
0.13527685123415809 3.270513675783843e-06 1.197931954636427e-06 7.955970647098065 2.533288859239468e-05 2.533288859239468e-05 2.533288859239468e-06
0.10153435623749298 3.781120747164761e-06 3.0347565043362775e-06 10.937958639092727 2.7219179452968373e-05 2.7219179452968373e-05 2.721917945296837e-06
0.13815877251501205 5.651367578385697e-06 2.025283522348226e-06 6.548365577051367 1.9129519679786352e-05 1.9129519679786352e-05 1.9129519679786353e-06
0.10753835890593873 9.490326884589712e-07 2.6783188792528675e-06 13.179452968645762 7.053368912608381e-06 7.053368912608381e-06 7.053368912608381e-07
0.09649099399599854 6.6785190126752915e-06 1.1458972648432327e-06 5.160773849232822 1.3451200800533585e-05 1.3451200800533585e-05 1.3451200800533585e-06
0.04185456971314221 3.9354903268845825e-06 2.909873248832601e-06 12.20547031354236 7.403402268178757e-06 7.403402268178757e-06 7.403402268178757e-07
0.17310206804536632 1.3883922615076682e-06 9.247498332221556e-07 9.036691127418278 1.605700466977972e-05 1.605700466977972e-05 1.6057004669779719e-06
0.04557705136757858 3.70987324883254e-06 1.986257505003327e-06 10.1974649766511 1.724322881921266e-05 1.724322881921266e-05 1.724322881921266e-06
0.0465376917945299 2.261174116077377e-06 9.455637091394342e-07 5.701134089392928 2.8074816544362625e-05 2.8074816544362625e-05 2.8074816544362626e-06
0.17322214809873523 4.754836557705184e-06 1.952434956637748e-06 4.360240160106738 1.6861907938625739e-06 1.6861907938625739e-06 1.6861907938625738e-07
0.18450967311541325 6.6428952635091784e-06 3.1388258839226746e-06 5.3875917278185455 1.1059306204136017e-05 1.1059306204136017e-05 1.1059306204136017e-06
0.1513675783855927 1.1509006004002645e-06 2.844829886591103e-06 10.711140760507003 1.5395830553702342e-05 1.5395830553702342e-05 1.5395830553702342e-06
0.16925950633756104 4.0280186791194185e-07 2.1865910607071414e-06 12.572381587725149 1.3723448965977211e-05 1.3723448965977211e-05 1.372344896597721e-06
0.14200133422281733 5.787925283522464e-06 4.928619079386253e-07 10.39759839893262 2.8774883255503377e-05 2.8774883255503377e-05 2.8774883255503375e-06
0.11018012008005486 8.471581054036318e-06 1.5881921280853842e-06 12.612408272181453 2.2065910607071172e-05 2.2065910607071172e-05 2.206591060707117e-06
0.183428952635093 8.210340226818155e-06 5.292861907938628e-07 8.316210807204802 1.897394929953285e-05 1.897394929953285e-05 1.8973949299532851e-06
0.08544362908605836 8.994062708472643e-06 3.0633755837225367e-06 8.929953302201467 2.486617745163418e-05 2.486617745163418e-05 2.486617745163418e-06
0.12470980653769358 5.206070713809283e-06 2.9697131420947793e-06 10.57771847898599 1.9635123415610228e-05 1.9635123415610228e-05 1.9635123415610226e-06
0.023362241494329524 8.382521681121035e-06 3.157038025350294e-06 11.991994663108738 9.464709806537638e-06 9.464709806537638e-06 9.464709806537638e-07
0.026364242828552313 1.7624416277518292e-06 7.322214809873289e-07 5.9412941961307535 2.1229719813208607e-05 2.1229719813208607e-05 2.122971981320861e-06
0.16769846564376514 1.5308872581721105e-06 2.092928619079384e-06 5.71447631754503 2.5449566377584806e-05 2.5449566377584806e-05 2.5449566377584807e-06
0.02684456304202796 3.3476984656437493e-06 3.1700466977985937e-06 9.663775850567044 2.541067378252143e-05 2.541067378252143e-05 2.5410673782521432e-06
0.04917945296864603 3.2942628418945834e-06 2.0747164776517645e-06 4.693795863909273 2.8288725817211188e-05 2.8288725817211188e-05 2.8288725817211186e-06
0.13599733155437158 1.0202801867911924e-06 2.6861240827218473e-06 7.762508338892594 1.4034589726484212e-05 1.4034589726484212e-05 1.4034589726484211e-06
0.1394796531020701 6.939759839893454e-06 1.1875250166777881e-06 6.48165443629086 2.0199066044029167e-05 2.0199066044029167e-05 2.019906604402917e-06
0.08952635090060147 4.737024683122127e-06 7.270180120080092e-07 8.176117411607738 3.475250166777865e-06 3.475250166777865e-06 3.475250166777865e-07
0.12687124749833403 3.3536357571714344e-06 2.6002668445630697e-06 10.250833889259505 6.858905937291506e-06 6.858905937291506e-06 6.858905937291506e-07
0.07787858572381672 2.4749166110740404e-06 2.412941961307555e-06 10.917945296864575 1.0055703802535022e-06 1.0055703802535022e-06 1.0055703802535022e-07
0.13251501000667304 8.501267511674745e-06 2.517011340893952e-06 12.385590393595729 1.7445296864576372e-06 1.7445296864576372e-06 1.7445296864576373e-07
0.047138092061374474 2.75396931287524e-06 2.696531020680487e-06 8.709806537691794 1.016477651767839e-05 1.016477651767839e-05 1.016477651767839e-06
0.18631087391594697 2.581787858572372e-06 2.2178118745830605e-06 8.816544362908605 1.0767611741160704e-05 1.0767611741160704e-05 1.0767611741160704e-06
0.04089392928619089 3.3002001334222685e-06 2.3505003335557167e-06 6.421614409606404 1.42096064042694e-05 1.42096064042694e-05 1.42096064042694e-06
0.11582388258839386 4.859239492995339e-07 8.649099399599797e-07 4.76717811874583 2.000460306871229e-05 2.000460306871229e-05 2.0004603068712292e-06
0.1585723815877276 6.737891927952147e-06 4.2001334222815146e-07 11.43829219479653 8.589626417611698e-06 8.589626417611698e-06 8.589626417611698e-07
0.19099399599733466 8.72094729819911e-06 1.1042695130086772e-06 7.569046030687124 5.906037358238816e-06 5.906037358238816e-06 5.906037358238816e-07
0.18426951300867542 6.636957971981493e-06 2.2854569713142186e-06 13.959973315543694 1.0495363575717078e-05 1.0495363575717078e-05 1.0495363575717078e-06
0.16589726484323142 4.345163442294883e-06 2.3192795196797976e-06 11.498332221480986 1.8293328885923787e-05 1.8293328885923787e-05 1.8293328885923787e-06
0.11342228152101556 4.683589059372958e-06 3.5757171447631703e-07 10.464309539693128 1.5920880587057906e-05 1.5920880587057906e-05 1.5920880587057907e-06
0.029606404269512925 2.373982655103394e-06 3.201267511674513e-06 7.562374916611073 1.7671047364909786e-05 1.7671047364909786e-05 1.7671047364909786e-06
0.04005336891260849 9.787191460973968e-07 1.8873915943962515e-06 7.068712474983322 2.208535690460286e-05 2.208535690460286e-05 2.208535690460286e-06
0.12038692461641264 6.215410273515821e-06 2.8916611074049815e-06 9.196797865243495 2.7938692461640812e-05 2.7938692461640812e-05 2.7938692461640814e-06
0.1490860573715833 8.222214809873526e-06 2.9202801867912407e-06 6.28819212808539 6.450533689126067e-06 6.450533689126067e-06 6.450533689126068e-07
0.10681787858572524 2.688659106070704e-06 2.051300867244825e-06 5.214142761841227 2.9890927284856656e-06 2.9890927284856656e-06 2.989092728485666e-07
0.19591727818546018 3.1161440960640306e-06 1.2837891927951976e-06 7.175450300200133 2.906657771847869e-05 2.906657771847869e-05 2.906657771847869e-06
0.18547031354236457 7.224749833222359e-06 4.5383589059372845e-07 6.841894596397598 2.8133155436957688e-05 2.8133155436957688e-05 2.813315543695769e-06
0.07523682454970058 8.827818545697449e-06 3.802268178785956e-06 10.997998665777184 5.614342895263503e-06 5.614342895263503e-06 5.614342895263503e-07
0.1841494329553065 8.554703135423915e-06 3.7164109406271783e-06 10.6844563042028 2.3096564376250612e-05 2.3096564376250612e-05 2.309656437625061e-06
0.1448832555036713 5.502935290193559e-06 7.712474983322262e-07 7.889259506337558 1.6562608405603595e-05 1.6562608405603595e-05 1.6562608405603595e-06
0.17118078719146368 6.120413609072853e-06 3.6097398265511213e-06 4.887258172114743 1.6795963975983846e-05 1.6795963975983846e-05 1.6795963975983847e-06
0.15148765843896161 2.1661774516344156e-06 1.947231487658428e-06 6.214809873248832 1.9207304869913102e-05 1.9207304869913102e-05 1.92073048699131e-06
0.02600400266844558 3.852368245496985e-06 1.8585723815877234e-07 4.073382254836558 2.5527351567711556e-05 2.5527351567711556e-05 2.5527351567711555e-06
0.06082721814543079 8.299399599733438e-06 3.586324216144182e-06 5.8745830553702465 2.3174349566377362e-05 2.3174349566377362e-05 2.3174349566377364e-06
0.12026684456304372 8.899066044029675e-06 1.179719813208809e-06 9.016677785190126 3.9808539026017484e-06 3.9808539026017484e-06 3.9808539026017484e-07
0.1201467645096748 6.89226150767197e-06 1.9106070713809188e-07 13.339559706470979 1.4851334222815089e-05 1.4851334222815089e-05 1.485133422281509e-06
0.1864309539693159 5.57171447631755e-07 2.160573715810542e-06 4.106737825216811 2.2921547698465424e-05 2.2921547698465424e-05 2.2921547698465425e-06
0.15989326217478567 4.9567044696464915e-06 1.9758505670446873e-06 6.408272181454302 2.970830553702438e-05 2.970830553702438e-05 2.970830553702438e-06
0.11594396264176278 4.974516344229548e-06 2.3529019346230793e-07 10.911274182788524 2.5702368245496744e-05 2.5702368245496744e-05 2.5702368245496746e-06
0.1618145430286883 4.072048032021349e-06 3.084189459639816e-06 12.258839226150766 1.4598532354903151e-05 1.4598532354903151e-05 1.459853235490315e-06
0.05158105403602433 6.708205470313719e-06 9.013342228152172e-07 10.784523015343561 2.4749499666444054e-05 2.4749499666444054e-05 2.4749499666444053e-06
0.026724482988659048 5.597931954636527e-06 2.381721147431636e-06 7.615743829219479 1.0942628418945891e-05 1.0942628418945891e-05 1.0942628418945892e-06
0.11330220146764665 5.918545697131545e-06 2.95150100066716e-06 6.1414276184122745 2.5760707138091806e-05 2.5760707138091806e-05 2.5760707138091805e-06
0.1937558372248197 1.4655770513675745e-06 5.084723148765843e-07 12.49899933288859 4.058639092728499e-06 4.058639092728499e-06 4.0586390927284985e-07
0.07163442294863313 2.0093395597064704e-07 3.3911941294196875e-06 6.921947965310206 7.500633755837195e-06 7.500633755837195e-06 7.500633755837195e-07
0.11486324216144254 2.721814543028686e-07 2.917678452301581e-06 5.000667111407605 7.597865243495633e-06 7.597865243495633e-06 7.597865243495632e-07
0.081721147431622 8.49533022014706e-06 6.047364909939976e-07 8.736490993995996 4.622581721147438e-06 4.622581721147438e-06 4.6225817211474374e-07
0.07391594396264252 6.072915276851369e-06 1.983655770513667e-06 6.815210140093395 4.836490993996001e-06 4.836490993996001e-06 4.836490993996001e-07
0.17754503002001618 3.4130086724482853e-06 4.876584389593057e-07 5.647765176784523 2.3862575050033384e-06 2.3862575050033384e-06 2.3862575050033384e-07
0.03945296864576391 8.703135423616053e-06 3.021747831887978e-06 10.430953969312874 5.731020680453628e-06 5.731020680453628e-06 5.731020680453628e-07
0.05110073382254867 7.379119412942183e-06 2.311474316210818e-06 4.120080053368913 1.85850233488991e-05 1.85850233488991e-05 1.85850233488991e-06
0.1434422948632443 2.1127418278852497e-06 2.014876584389586e-06 9.963975983989325 1.5687525016677655e-05 1.5687525016677655e-05 1.5687525016677655e-06
0.1602535023348924 5.378252168112163e-06 3.3859906604403676e-06 13.286190793862573 9.989759839893201e-06 9.989759839893201e-06 9.989759839893202e-07
0.030567044696464218 3.196797865243498e-07 3.921947965310312e-06 11.611741160773848 9.542494996664388e-06 9.542494996664388e-06 9.542494996664387e-07
0.11786524349566542 8.26971314209501e-06 2.0146764509673095e-07 5.1874583055370245 1.986847898599048e-05 1.986847898599048e-05 1.986847898599048e-06
0.04113408939292872 8.275650433622696e-06 2.0096731154102663e-06 13.292861907938624 1.9596230820546853e-05 1.9596230820546853e-05 1.9596230820546852e-06
0.13731821214142964 4.392661774516367e-06 9.845897264843303e-07 7.7825216811207465 2.1424182788525483e-05 2.1424182788525483e-05 2.1424182788525484e-06
0.18354903268846193 6.512274849900097e-06 1.6324216144095994e-06 6.775183455637091 2.4263342228151865e-05 2.4263342228151865e-05 2.4263342228151864e-06
0.13491661107405134 3.715810540360225e-06 1.6844563042027937e-06 7.6490993995997325 1.7126551034022534e-05 1.7126551034022534e-05 1.7126551034022534e-06
0.0425750500333557 5.752301534356351e-06 7.088058705803905e-07 12.39226150767178 2.8016477651767562e-05 2.8016477651767562e-05 2.8016477651767562e-06
0.10429619746497802 2.4867911941294106e-06 1.4216811207471625e-06 6.228152101400934 2.9502001334222896e-06 2.9502001334222896e-06 2.9502001334222894e-07
0.08448298865910704 7.80660440293554e-06 2.1007338225483638e-06 4.700466977985323 2.438002001334199e-05 2.438002001334199e-05 2.438002001334199e-06
0.11942628418946132 7.278185456971529e-06 2.1137424949966634e-06 9.850567044696463 2.2221480987324672e-05 2.2221480987324672e-05 2.222148098732467e-06
0.16241494329553288 5.639492995330326e-06 3.3937958639093474e-06 12.5923949299533 1.667928619079372e-05 1.667928619079372e-05 1.667928619079372e-06
0.14956637758505897 7.5394262841896916e-06 9.97598398932629e-07 9.263509006004002 1.4092928619079275e-05 1.4092928619079275e-05 1.4092928619079275e-06
0.05794529686457683 5.9897931954637715e-06 1.7052701801200714e-06 6.3615743829219475 5.225416944629752e-06 5.225416944629752e-06 5.225416944629752e-07
0.19075383589059683 3.849899933288864e-07 3.581120747164862e-06 8.803202134756503 1.5143028685790402e-05 1.5143028685790402e-05 1.5143028685790403e-06
0.0985323549032701 6.227284856571192e-06 1.8171447631754392e-06 8.57638425617078 2.185200133422261e-05 2.185200133422261e-05 2.185200133422261e-06
0.0825617078052044 5.033889259506403e-06 3.081587725150156e-06 13.686457638425615 1.2420547031354145e-05 1.2420547031354145e-05 1.2420547031354146e-06
0.16049366244163024 3.1755170113408815e-06 2.129352901934623e-06 13.366244162775182 2.1482521681120545e-05 2.1482521681120545e-05 2.1482521681120544e-06
0.17994663108739448 4.588592394929989e-06 1.1016677785190175e-06 7.04869913275517 2.994166110740463e-05 2.994166110740463e-05 2.994166110740463e-06
0.055543695797198527 6.927885256838083e-06 4.2781854569713077e-07 12.67911941294196 1.706821214142747e-05 1.706821214142747e-05 1.706821214142747e-06
0.15641094062708713 7.943162108072307e-06 3.726817878585818e-06 4.246831220813876 1.7056370913942617e-06 1.7056370913942617e-06 1.7056370913942617e-07
0.13767845230153639 7.313809206137642e-06 2.1085390260173435e-06 5.554369579719813 1.1214876584389517e-05 1.1214876584389517e-05 1.1214876584389516e-06
0.14116077384923492 3.2467645096731027e-06 2.378919279519677e-07 8.362908605737157 2.1015810540360044e-05 2.1015810540360044e-05 2.1015810540360044e-06
0.1418812541694484 6.399466310874072e-06 1.078052034689793e-07 13.986657771847897 2.272708472314855e-05 2.272708472314855e-05 2.272708472314855e-06
0.1882321547698496 8.293462308205752e-06 3.99479653102079e-06 6.234823215476984 3.7474983322214966e-06 3.7474983322214966e-06 3.7474983322214966e-07
0.07919946631087478 2.563975983989317e-06 2.7173448965977664e-06 7.522348232154769 2.2999332888592174e-05 2.2999332888592174e-05 2.2999332888592173e-06
0.18126751167445254 8.726884589726795e-06 3.474449633088805e-06 4.86057371581054 2.2124249499666235e-05 2.2124249499666235e-05 2.2124249499666234e-06
0.06406937958639149 6.179786524349708e-06 1.0106070713809275e-06 6.0080053368912605 9.639726484322826e-06 9.639726484322826e-06 9.639726484322825e-07
0.0777585056704478 5.51480987324893e-06 2.345296864576397e-06 12.739159439626416 7.111707805203444e-06 7.111707805203444e-06 7.111707805203444e-07
0.08760507004669883 4.374849899933311e-06 2.8968645763843014e-06 11.311541027351566 1.7534923282187973e-05 1.7534923282187973e-05 1.7534923282187972e-06
0.04605737158105424 5.865110073382376e-06 3.7554369579720772e-06 12.759172781854568 4.60313542361575e-06 4.60313542361575e-06 4.6031354236157503e-07
0.15364909939960208 2.6767845230153336e-06 3.0269513008672977e-06 8.082721814543028 8.006237491661071e-06 8.006237491661071e-06 8.006237491661072e-07
0.12422948632421792 3.1873915943962517e-06 3.65136757838568e-06 10.177451634422948 2.754976651100706e-05 2.754976651100706e-05 2.7549766511007063e-06
0.18042695130087014 1.3468312208138726e-06 1.884589726484321e-07 5.567711807871914 2.677951967978658e-06 2.677951967978658e-06 2.677951967978658e-07
0.11630420280186952 7.218812541694674e-06 1.1276851234156147e-06 9.943962641761173 7.714543028685758e-06 7.714543028685758e-06 7.714543028685758e-07
0.08136090727151525 4.618278852568417e-06 3.3209472981988695e-06 11.878585723815876 1.2000333555703798e-06 1.2000333555703798e-06 1.2000333555703797e-07
0.0761974649766519 4.208605737158116e-06 6.72381587725153e-07 5.280853902601734 2.4827284856570804e-05 2.4827284856570804e-05 2.4827284856570806e-06
0.055063375583722866 3.454569713142081e-06 3.4666444296198254e-06 13.25950633755837 1.0592595063375516e-05 1.0592595063375516e-05 1.0592595063375516e-06
0.03464976651100731 3.923615743829211e-06 2.4025350233489153e-06 9.577051367578385 2.9999999999999692e-05 2.9999999999999692e-05 2.999999999999969e-06
0.1266310873915962 8.08565710473676e-06 3.019146097398318e-06 4.600400266844563 1.6543162108071908e-05 1.6543162108071908e-05 1.6543162108071908e-06
0.13167444963309063 4.4639092728485935e-06 1.2785857238158781e-06 7.348899266177451 1.0262008005336827e-05 1.0262008005336827e-05 1.0262008005336828e-06
0.14992661774516572 3.139893262174771e-06 3.91394262841894e-07 12.412274849899932 7.558972648432258e-06 7.558972648432258e-06 7.558972648432258e-07
0.1840293529019376 5.265443629086138e-06 9.429619746497744e-07 4.893929286190794 2.8891561040693502e-05 2.8891561040693502e-05 2.88915610406935e-06
0.18474983322215108 1.1687124749833198e-06 3.1778519012675735e-06 10.904603068712474 4.719813208805875e-06 4.719813208805875e-06 4.719813208805875e-07
0.19003335557038334 2.7420947298198697e-06 2.5664442961974907e-06 13.052701801200799 2.986387591727788e-05 2.986387591727788e-05 2.986387591727788e-06
0.13803869246164313 8.394396264176406e-06 3.7058038692461587e-07 6.788525683789192 6.547765176784505e-06 6.547765176784505e-06 6.547765176784505e-07
0.1698599066044056 3.5614409606404126e-06 1.0860573715810592e-06 10.664442961974649 1.2284422948632332e-05 1.2284422948632332e-05 1.2284422948632332e-06
0.025163442294863198 2.385857238158764e-06 2.553435623749191e-06 8.089392928619079 1.4190160106737712e-05 1.4190160106737712e-05 1.4190160106737712e-06
0.09168779186124194 1.6531020680453632e-07 1.1667111407605104e-06 6.308205470313542 2.7919246164109125e-05 2.7919246164109125e-05 2.7919246164109125e-06
0.1666177451634449 1.1034022681787837e-06 8.857238158772583e-07 8.342895263509005 2.6188525683788933e-05 2.6188525683788933e-05 2.6188525683788934e-06
0.04821881254169471 7.212875250166988e-06 3.916744496330992e-06 9.757171447631753 1.2984489659773084e-05 1.2984489659773084e-05 1.2984489659773085e-06
0.19675783855904258 4.054236157438293e-06 1.2629753168779198e-06 6.10140093395597 2.6558005336890996e-05 2.6558005336890996e-05 2.6558005336890996e-06
0.03729152768512344 5.17044696464317e-06 1.9030020013342098e-06 12.092061374249498 1.770993995997316e-05 1.770993995997316e-05 1.770993995997316e-06
0.18559039359573348 1.952434956637752e-06 2.691127418278849e-07 8.976651100733822 6.8783522348231934e-06 6.8783522348231934e-06 6.878352234823194e-07
0.1865510340226848 1.5190126751167403e-06 1.114676450967316e-06 4.707138092061374 2.9436057371580753e-05 2.9436057371580753e-05 2.9436057371580754e-06
0.17034022681788127 4.594529686457675e-06 2.6444963308872885e-06 5.781187458305537 9.970313542361514e-06 9.970313542361514e-06 9.970313542361515e-07
0.09432955303535807 5.4851234156105025e-06 3.406804536357647e-06 7.208805870580386 3.6502668445630567e-06 3.6502668445630567e-06 3.6502668445630567e-07
0.11678452301534518 4.909206137425007e-06 2.8162108072048436e-06 6.821881254169446 7.422848565710445e-06 7.422848565710445e-06 7.422848565710445e-07
0.0641894596397604 1.4833889259506298e-06 3.341761174116149e-06 13.239492995330219 1.1098198799199392e-05 1.1098198799199392e-05 1.1098198799199391e-06
0.07355570380253577 2.902401601067367e-06 3.154436290860634e-06 5.034022681787858 2.2143695797197922e-05 2.2143695797197922e-05 2.2143695797197923e-06
0.19159439626417923 6.340093395597217e-06 1.0184122748499066e-06 9.316877918612407 1.4579086057371463e-05 1.4579086057371463e-05 1.4579086057371463e-06
0.16877918612408538 3.4961307538358766e-06 9.767845230153512e-07 6.86190793862575 2.675246831220787e-05 2.675246831220787e-05 2.675246831220787e-06
0.02468312208138755 6.868512341561228e-06 1.7755170113408837e-06 9.403602401601066 5.205970647098064e-06 5.205970647098064e-06 5.205970647098064e-07
0.15484989993329124 5.1288859239493715e-06 2.628885923949329e-06 7.182121414276184 3.2613408939292972e-06 3.2613408939292972e-06 3.261340893929297e-07
0.07127418278852639 6.328218812541846e-06 2.6523015343562683e-06 11.705136757838558 1.245943962641752e-05 1.245943962641752e-05 1.245943962641752e-06
0.11702468312208301 3.4901934623081915e-06 1.9368245496997884e-06 11.971981320880586 1.6095897264843094e-05 1.6095897264843094e-05 1.6095897264843093e-06
0.17718478985990943 5.200133422281598e-06 2.7953969312875642e-06 7.022014676450967 1.0670380253502266e-05 1.0670380253502266e-05 1.0670380253502266e-06
0.04245496997998679 4.339226150767198e-06 5.943295530353584e-07 4.66711140760507 2.8463742494996376e-05 2.8463742494996376e-05 2.8463742494996377e-06
0.19471647765177102 4.814209472982039e-06 2.0044696464309465e-06 12.812541694462974 8.628519012675073e-06 8.628519012675073e-06 8.628519012675073e-07
0.11102068045363726 3.0923949299532902e-06 2.0486991327551652e-06 7.05537024683122 2.3279186124082745e-06 2.3279186124082745e-06 2.3279186124082744e-07
0.14152101400934167 8.139092728485929e-06 1.8795863909272723e-06 10.090727151434288 1.3470647098065273e-05 1.3470647098065273e-05 1.3470647098065274e-06
0.10945963975984137 4.53515677118082e-06 7.894596397598449e-07 10.20413609072715 2.859986657771819e-05 2.859986657771819e-05 2.859986657771819e-06
0.08688458972648534 1.2280853902601707e-06 6.28152101400936e-07 7.989326217478318 2.833522348232162e-06 2.833522348232162e-06 2.833522348232162e-07
0.07763842561707889 4.3842561707805273e-07 1.1040693795863907e-07 5.787858572381587 1.8223148765843882e-06 1.8223148765843882e-06 1.8223148765843882e-07
0.1568912608405628 3.003335557038014e-06 2.6809206137425275e-06 4.880587058038692 5.380987324883252e-06 5.380987324883252e-06 5.380987324883252e-07
0.032608405603735756 5.390126751167534e-06 4.642428285523675e-07 7.775850567044696 4.3697798532354995e-06 4.3697798532354995e-06 4.3697798532354995e-07
0.17094062708472585 1.5427618412274807e-06 1.8769846564376126e-06 5.801200800533689 3.961407605070061e-06 3.961407605070061e-06 3.961407605070061e-07
0.14716477651768067 5.900733822548489e-06 2.3244829886591175e-06 9.903935957304869 2.739419613075356e-05 2.739419613075356e-05 2.739419613075356e-06
0.07967978652435044 6.441027351567871e-06 3.724216144096158e-06 4.466977985323549 2.2571514342895048e-05 2.2571514342895048e-05 2.257151434289505e-06
0.030446964643095306 5.3010673782522515e-06 3.3469646430954687e-06 10.070713809206136 2.8172048032021063e-05 2.8172048032021063e-05 2.8172048032021064e-06
0.1873915943962672 3.519879919946617e-06 3.4536357571715257e-06 8.86991327551701 1.8215543695797037e-05 1.8215543695797037e-05 1.8215543695797037e-06
0.06322881921280908 7.907538358906194e-06 1.7130753835890506e-06 8.689793195463642 2.2765977318211924e-05 2.2765977318211924e-05 2.2765977318211924e-06
0.1417611741160795 4.962641761174177e-06 2.3557038025350366e-06 4.0333555703802535 7.53952635090057e-06 7.53952635090057e-06 7.53952635090057e-07
0.044736490993996174 3.591127418278838e-06 3.479653102068125e-06 12.358905937291526 1.355603735823882e-06 1.355603735823882e-06 1.355603735823882e-07
0.13635757171447832 8.922815210140417e-06 2.0018679119412865e-06 8.122748498999332 1.992681787858554e-05 1.992681787858554e-05 1.992681787858554e-06
0.05542361574382961 9.846564376250819e-07 1.2993995997331559e-06 13.553035356904601 9.911974649766451e-06 9.911974649766451e-06 9.911974649766451e-07
0.06887258172114809 6.94569713142114e-06 3.0033355570380213e-07 7.188792528352234 8.41460973982651e-06 8.41460973982651e-06 8.41460973982651e-07
0.1129419613075399 2.005870580386918e-06 1.132888592394934e-06 4.973982655103402 1.3995697131420837e-05 1.3995697131420837e-05 1.3995697131420837e-06
0.055303535690460696 7.135690460307076e-06 1.7390927284856477e-06 4.800533689126084 2.9086024016010378e-05 2.9086024016010378e-05 2.9086024016010378e-06
0.0849633088725827 3.775183455637076e-06 4.3822548365576984e-07 8.18945963975984 1.1292661774516267e-05 1.1292661774516267e-05 1.1292661774516267e-06
0.10141427618412406 5.045763842561774e-06 2.701734489659807e-06 12.278852568378918 2.5313442294862993e-05 2.5313442294862993e-05 2.5313442294862995e-06
0.1728619079386285 8.837224816544352e-07 4.902601734489655e-07 11.758505670446963 7.46174116077382e-06 7.46174116077382e-06 7.46174116077382e-07
0.11978652434956806 7.865977318212395e-06 5.735156771180798e-07 7.962641761174115 2.716084056037331e-05 2.716084056037331e-05 2.716084056037331e-06
0.12759172781854752 5.188258839226227e-06 6.827885256837923e-07 6.314876584389593 1.4617978652434838e-05 1.4617978652434838e-05 1.4617978652434838e-06
0.18138759172782146 1.7446297531687739e-06 1.6402268178785785e-06 8.749833222148098 2.9961107404936317e-05 2.9961107404936317e-05 2.9961107404936317e-06
0.07259506337558445 5.241694462975396e-06 3.3105403602402297e-06 8.76984656437625 3.397464976651113e-06 3.397464976651113e-06 3.397464976651113e-07
0.1785056704469675 2.896464309539682e-06 1.1380920613742535e-06 6.648432288192128 2.3213242161440737e-05 2.3213242161440737e-05 2.321324216144074e-06
0.10585723815877392 8.038158772515275e-06 1.5465643762508288e-06 10.97131420947298 5.847698465643753e-06 5.847698465643753e-06 5.847698465643753e-07
0.07727818545697214 2.9677118078719032e-06 2.7069379586391267e-06 4.426951300867245 2.471060707138068e-05 2.471060707138068e-05 2.471060707138068e-06
0.17502334889926896 7.770980653769427e-06 1.6766511007338145e-06 6.348232154769846 1.881837891927935e-05 1.881837891927935e-05 1.881837891927935e-06
0.15244829886591293 1.8930620413609012e-06 1.6922615076717728e-06 10.364242828552367 2.5371781187458055e-05 2.5371781187458055e-05 2.5371781187458054e-06
0.15581054036024256 3.315543695797201e-07 3.5238825883923437e-06 13.939959973315542 1.0444629753168777e-06 1.0444629753168777e-06 1.0444629753168777e-07
0.07415610406938035 3.828619079386243e-06 2.2932621747831984e-06 13.119412941961306 2.574126084056012e-05 2.574126084056012e-05 2.574126084056012e-06
0.047618412274850135 7.931287525016936e-06 3.729419613075478e-06 13.779853235490325 1.9576784523015165e-05 1.9576784523015165e-05 1.9576784523015167e-06
0.05818545697131466 5.91260840560386e-06 3.451034022681866e-06 4.413609072715143 1.1973282188125332e-05 1.1973282188125332e-05 1.1973282188125331e-06
0.17838559039359858 3.917678452301526e-06 3.1856571047365533e-06 10.87124749833222 5.244863242161439e-06 5.244863242161439e-06 5.244863242161439e-07
0.10189459639759972 2.9083388925950523e-06 2.9252835223482283e-07 8.7765176784523 8.472948632421573e-06 8.472948632421573e-06 8.472948632421572e-07
0.06106737825216862 5.057638425617145e-06 1.1771180787191492e-06 12.825883922615075 2.056854569713123e-05 2.056854569713123e-05 2.056854569713123e-06
0.1377985323549053 2.118679119412935e-06 2.308872581721158e-06 6.248165443629086 1.802108072048016e-05 1.802108072048016e-05 1.802108072048016e-06
0.1362374916611094 4.9448298865911204e-06 3.768445630420377e-06 9.14342895263509 1.158435623749158e-05 1.158435623749158e-05 1.158435623749158e-06
0.14788525683789416 6.126350900600538e-06 2.0434956637758454e-06 12.132088058705802 2.9416611074049066e-05 2.9416611074049066e-05 2.9416611074049065e-06
0.09408939292862024 4.250166777851915e-06 5.969312875250182e-07 12.272181454302867 5.5754503002001276e-06 5.5754503002001276e-06 5.575450300200128e-07
0.09252835223482435 5.556370913942729e-06 3.4198132088059467e-06 8.422948632421614 2.200757171447611e-05 2.200757171447611e-05 2.200757171447611e-06
0.06058705803869296 6.625083388926122e-06 3.229886591060772e-06 9.777184789859906 1.3762341561040586e-05 1.3762341561040586e-05 1.3762341561040587e-06
0.04101400933955981 8.792194796531336e-06 3.893328885924053e-06 7.542361574382921 2.692748498999306e-05 2.692748498999306e-05 2.6927484989993058e-06
0.14596397598399152 6.096664442962111e-06 2.2488325550366886e-07 5.247498332221481 4.9726150767178135e-06 4.9726150767178135e-06 4.972615076717813e-07
0.0441360907271516 1.2993328885923918e-06 3.6409606404270405e-06 12.458972648432287 2.9307538358906017e-06 2.9307538358906017e-06 2.930753835890602e-07
0.031047364909939864 4.077985323549035e-06 1.2577718478986004e-06 12.625750500333554 4.233655770513687e-06 4.233655770513687e-06 4.2336557705136864e-07
0.020480320213475647 2.955837224816533e-06 2.405136757838575e-06 10.310873915943962 6.683889259506318e-06 6.683889259506318e-06 6.683889259506318e-07
0.031887925283522266 3.1102068045363455e-06 3.622748498999421e-06 7.495663775850566 2.2279819879919735e-05 2.2279819879919735e-05 2.2279819879919735e-06
0.1729819879919974 7.115410273515674e-07 8.362908605737217e-07 10.437625083388925 2.3777184789859676e-05 2.3777184789859676e-05 2.3777184789859675e-06
0.030927284856570952 3.929553035356897e-06 2.301067378252178e-06 5.094062708472315 1.5045797198131965e-05 1.5045797198131965e-05 1.5045797198131965e-06
0.05914609739826598 6.132288192128224e-06 3.880320213475753e-06 9.81721147431621 9.231354236157387e-06 9.231354236157387e-06 9.231354236157387e-07
0.17226150767178391 5.069513008672516e-06 2.9671114076051194e-06 12.77918612408272 2.891100733822519e-05 2.891100733822519e-05 2.891100733822519e-06
0.1145030020013358 5.360440293529107e-06 1.8587725150099946e-06 12.819212808539024 7.909006004002634e-06 7.909006004002634e-06 7.909006004002634e-07
0.10765843895930764 9.668445630420266e-07 1.270780520346899e-06 12.5790527018012 1.572641761174103e-05 1.572641761174103e-05 1.5726417611741031e-06
0.14356237491661322 1.3290193462308173e-06 7.998665777184842e-07 5.987991994663108 1.8487791861240663e-05 1.8487791861240663e-05 1.8487791861240663e-06
0.16277518345563963 8.44189459639789e-06 3.679786524349561e-07 9.863909272848565 1.6620947298198658e-05 1.6620947298198658e-05 1.6620947298198658e-06
0.14884589726484548 8.079719813209074e-06 2.3296864576384373e-06 11.231487658438958 2.1871447631754296e-05 2.1871447631754296e-05 2.1871447631754295e-06
0.09781187458305661 1.0024683122081371e-06 3.123215476984715e-06 9.216811207471647 6.022715143428941e-06 6.022715143428941e-06 6.022715143428941e-07
0.028885923949299456 8.055970647098332e-06 1.5673782521681065e-06 12.859239492995329 1.3353969312875148e-05 1.3353969312875148e-05 1.3353969312875147e-06
0.05038025350233518 7.385056704469868e-06 2.9020680453636212e-06 12.29886591060707 1.644593062041347e-05 1.644593062041347e-05 1.644593062041347e-06
0.09036691127418388 8.317211474316494e-06 1.1224816544362952e-06 12.29219479653102 6.35330220146763e-06 6.35330220146763e-06 6.35330220146763e-07
0.029726484322881837 3.460507004669766e-06 1.9366244162775164e-07 7.729152768512341 8.861874583055324e-06 8.861874583055324e-06 8.861874583055323e-07
0.12951300867245016 5.728552368245609e-06 3.227284856571112e-06 10.01067378252168 1.2595563709139333e-05 1.2595563709139333e-05 1.2595563709139334e-06
0.1977184789859939 3.4070713809206e-06 2.222815210140091e-07 10.424282855236823 2.1988125416944422e-05 2.1988125416944422e-05 2.198812541694442e-06
0.18955303535690768 6.761641094062889e-06 6.697798532354932e-07 5.014009339559706 2.097691794529667e-05 2.097691794529667e-05 2.097691794529667e-06
0.105737158105405 3.341761174116064e-06 3.4250166777852665e-06 12.732488325550365 1.2206637758505582e-05 1.2206637758505582e-05 1.2206637758505583e-06
0.10993995997331703 2.189926617745156e-06 2.514409606404292e-06 5.667778519012675 3.922515010006686e-06 3.922515010006686e-06 3.922515010006686e-07
0.11174116077385075 4.434222815210166e-06 9.68979319546372e-07 8.849899933288858 1.7690493662441473e-05 1.7690493662441473e-05 1.7690493662441474e-06
0.0889259506337569 1.1746497665110049e-06 1.1821214142761837e-07 10.817878585723815 2.8794329553035064e-05 2.8794329553035064e-05 2.8794329553035064e-06
0.17910607071381207 7.97878585723842e-06 3.9817878585724904e-06 8.943295530353568 2.7608105403602124e-05 2.7608105403602124e-05 2.760810540360212e-06
0.1801867911941323 8.744696464309852e-06 3.058172114743217e-06 4.76050700466978 1.691264176117397e-05 1.691264176117397e-05 1.6912641761173972e-06
0.15124749833222378 2.0889926617745093e-06 3.372981987992068e-06 11.371581054036023 2.3018779186123862e-05 2.3018779186123862e-05 2.3018779186123863e-06
0.19351567711808187 6.061040693795998e-06 3.7502334889927574e-06 9.543695797198131 2.8113709139426e-05 2.8113709139426e-05 2.8113709139426e-06
0.05638425617078093 2.2077384923282112e-06 2.631487658438989e-06 9.203468979319545 6.197731821214129e-06 6.197731821214129e-06 6.19773182121413e-07
0.12002668445630589 1.7208805870580335e-06 1.7625083388925851e-06 10.057371581054035 2.3668112074716504e-06 2.3668112074716504e-06 2.3668112074716505e-07
0.07751834556370997 8.596264176117714e-06 2.371314209472996e-06 7.575717144763175 2.6810807204802934e-05 2.6810807204802934e-05 2.6810807204802935e-06
0.1738225483655798 7.640360240160345e-06 3.6019346230821416e-06 13.92661774516344 1.055370246831214e-05 1.055370246831214e-05 1.0553702468312141e-06
0.15737158105403845 9.609072715143415e-07 3.3157438292195496e-06 9.53035356904603 1.6659839893262033e-05 1.6659839893262033e-05 1.6659839893262033e-06
0.021801200800533674 6.239159439626563e-06 2.511807871914632e-06 13.63308872581721 2.6908038692461372e-05 2.6908038692461372e-05 2.6908038692461373e-06
0.17190126751167717 4.4520346897932225e-06 1.635023348899259e-06 13.019346230820545 1.40540360240159e-05 1.40540360240159e-05 1.40540360240159e-06
0.165056704469649 8.245963975984268e-06 1.728485657104735e-07 5.487658438959306 2.7355303535690186e-05 2.7355303535690186e-05 2.7355303535690187e-06
0.06154769846564428 4.404536357571738e-06 2.090326884589724e-06 12.632421614409605 1.0203669112741765e-05 1.0203669112741765e-05 1.0203669112741765e-06
0.048338892595063625 5.526684456304301e-06 2.58725817211477e-06 7.689126084056037 9.834189459639701e-06 9.834189459639701e-06 9.8341894596397e-07
0.11438292194796688 1.928685790527012e-06 2.59766511007341e-06 4.326884589726484 2.4834889926617783e-06 2.4834889926617783e-06 2.4834889926617783e-07
0.13575717144763375 2.43929286190793e-06 3.3155436957971935e-07 5.234156104069379 1.8604469646430788e-05 1.8604469646430788e-05 1.8604469646430788e-06
0.023602401601067347 7.058505670447165e-06 1.4138759172781833e-06 11.358238825883921 1.428739159439615e-05 1.428739159439615e-05 1.428739159439615e-06
0.17946631087391882 2.5461641094062616e-06 3.404202801867987e-06 11.865243495663774 2.1151934623081857e-05 2.1151934623081857e-05 2.1151934623081856e-06
0.15028685790527246 5.393595730486997e-07 1.3642428285523675e-07 4.673782521681121 1.3859573048699024e-05 1.3859573048699024e-05 1.3859573048699025e-06
0.18859239492995636 8.5606404269516e-06 1.525750500333551e-06 10.164109406270846 1.5609739826550905e-05 1.5609739826550905e-05 1.5609739826550904e-06
0.14932621747832114 1.691194129419608e-06 2.4935957304870127e-06 8.836557705136757 2.144362908605717e-05 2.144362908605717e-05 2.144362908605717e-06
0.13983989326217686 6.464776517678613e-06 3.588925950633842e-06 13.526350900600399 2.961107404936594e-05 2.961107404936594e-05 2.961107404936594e-06
0.027444963308872517 4.060173448965978e-06 3.1102068045364154e-06 12.045363575717143 1.4968012008005214e-05 1.4968012008005214e-05 1.4968012008005214e-06
0.10669779853235632 5.253569046030767e-06 1.3514342895263502e-06 13.426284189459638 1.0573148765843828e-05 1.0573148765843828e-05 1.0573148765843828e-06
0.12230820547031528 7.827885256837886e-07 5.839226150767191e-07 10.457638425617077 2.469116077384899e-05 2.469116077384899e-05 2.469116077384899e-06
0.1259106070713827 7.23662441627773e-06 3.190860573715873e-06 5.52768512341561 1.977124749833204e-05 1.977124749833204e-05 1.9771247498332043e-06
0.19183455637091706 1.5249499666444254e-06 1.2655770513675796e-06 5.947965310206804 4.661474316210813e-06 4.661474316210813e-06 4.6614743162108127e-07
0.025883922615076667 1.0677785190126732e-06 3.687791861240919e-06 10.037358238825883 2.3952201467644864e-05 2.3952201467644864e-05 2.3952201467644866e-06
0.05650433622414985 3.573315543695783e-06 3.99739826551045e-06 6.995330220146764 2.9338825883922316e-05 2.9338825883922316e-05 2.9338825883922317e-06
0.0681521014009346 6.963509006004196e-06 1.8951967978652306e-06 8.729819879919946 2.0938025350233294e-05 2.0938025350233294e-05 2.0938025350233296e-06
0.12615076717812054 2.5580386924616318e-06 3.5368912608406434e-06 5.040693795863909 1.2194796531020676e-06 1.2194796531020676e-06 1.2194796531020677e-07
0.16397598398932878 3.7573715810540207e-06 3.828285523682555e-06 11.505003335557037 4.544796531020687e-06 4.544796531020687e-06 4.5447965310206873e-07
0.18294863242161735 6.589459639760009e-06 3.862108072048134e-06 10.844563042028017 1.0028652434956577e-05 1.0028652434956577e-05 1.0028652434956576e-06
0.08220146764509766 3.389259506337545e-06 3.4302201467645864e-06 12.665777184789858 2.255206804536336e-05 2.255206804536336e-05 2.255206804536336e-06
0.14296197464976865 6.916010673782712e-06 1.0444296197465038e-06 8.449633088725816 2.6324649766510745e-05 2.6324649766510745e-05 2.6324649766510746e-06
0.049539693128752775 6.749766511007518e-06 2.1111407605070035e-06 4.6537691794529685 1.597921947965297e-05 1.597921947965297e-05 1.5979219479652968e-06
0.19495663775850886 3.3749166110740524e-07 3.849099399599834e-06 12.192128085390259 2.6091294196130495e-05 2.6091294196130495e-05 2.6091294196130497e-06
0.03585056704469646 6.4825883922616695e-06 3.523682454969975e-07 8.656437625083388 2.8716544362908314e-05 2.8716544362908314e-05 2.8716544362908316e-06
0.18751167444963612 3.0508338892594946e-06 5.527018012008012e-07 7.5156771180787185 7.947898599066009e-06 7.947898599066009e-06 7.947898599066009e-07
0.051941294196131076 4.1076717811874625e-06 4.82454969979986e-07 11.198132088058705 1.7612708472314723e-05 1.7612708472314723e-05 1.7612708472314723e-06
0.14224149432955516 4.0957971981320914e-06 3.4588392261508456e-06 7.128752501667778 1.716544362908591e-05 1.716544362908591e-05 1.7165443629085908e-06
0.033569046030687076 3.401134089392915e-06 8.597064709806601e-07 10.764509673115409 1.3140060040026585e-05 1.3140060040026585e-05 1.3140060040026584e-06
0.07907938625750587 3.4426951300867108e-06 2.5870580386924584e-07 7.789192795196797 1.1739926617745081e-05 1.1739926617745081e-05 1.1739926617745081e-06
0.17802535023349184 7.604736490994232e-06 2.9541027351568198e-06 10.511007338225482 4.564242828552375e-06 4.564242828552375e-06 4.564242828552375e-07
0.15761174116077628 6.402935290193463e-07 1.034022681787865e-06 13.673115410273514 3.2418945963976093e-06 3.2418945963976093e-06 3.241894596397609e-07
0.1402001334222836 7.165376917945504e-06 3.924549699799972e-06 11.691794529686456 2.8949899933288565e-05 2.8949899933288565e-05 2.8949899933288566e-06
0.09492995330220265 2.2433622414943218e-06 2.2958639092728583e-06 7.082054703135423 1.4715210140093276e-05 1.4715210140093276e-05 1.4715210140093275e-06
0.1570113408939317 2.201801200800526e-06 1.9706470980653674e-06 9.583722481654435 8.239593062041322e-06 8.239593062041322e-06 8.239593062041322e-07
0.09000667111407713 7.622548365577289e-06 3.6123415610407813e-06 10.977985323549031 2.303822548365555e-05 2.303822548365555e-05 2.3038225483655548e-06
0.13011340893929474 1.9049366244162714e-06 2.2256170780520403e-06 5.854569713142094 1.4754102735156651e-05 1.4754102735156651e-05 1.4754102735156652e-06
0.11234156104069533 7.877851901267766e-06 9.03935957304877e-07 6.241494329553035 1.4831887925283402e-05 1.4831887925283402e-05 1.4831887925283402e-06
0.02144096064042694 8.643762508339198e-06 1.7156771180787103e-06 6.555036691127418 1.78071714476316e-05 1.78071714476316e-05 1.7807171447631598e-06
0.1249499666444314 7.812541694463225e-06 3.011340893929338e-06 11.885256837891927 2.3699399599732926e-05 2.3699399599732926e-05 2.3699399599732927e-06
0.14380253502335105 7.92535023348925e-06 3.4562374916611856e-06 4.613742494996664 1.444296197464965e-05 1.444296197464965e-05 1.4442961974649651e-06
0.10225483655770647 6.524149432955468e-06 1.882188125416932e-06 11.605070046697797 2.6013509006003745e-05 2.6013509006003745e-05 2.6013509006003744e-06
0.1009339559706484 6.108539026017482e-06 8.336891260840619e-07 6.161440960640427 1.500690460306859e-05 1.500690460306859e-05 1.5006904603068589e-06
0.08292194796531115 3.078052034689795e-07 2.6757171447632076e-06 6.441627751834556 3.572481654436305e-06 3.572481654436305e-06 3.572481654436305e-07
0.141040693795866 3.822681787858558e-06 2.5066044029353124e-06 9.557038025350233 1.7107104736490847e-05 1.7107104736490847e-05 1.7107104736490847e-06
0.19735823882588716 2.9736490993995883e-06 1.106871247498337e-06 5.547698465643762 2.8619312875249876e-05 2.8619312875249876e-05 2.861931287524988e-06
0.06466977985323606 8.1509673115413e-06 1.0520346897931953e-07 7.035356904603068 1.525970647098053e-05 1.525970647098053e-05 1.525970647098053e-06
0.1465643762508361 8.661574382922254e-06 1.2369579719813227e-06 6.00133422281521 1.899339559706454e-05 1.899339559706454e-05 1.8993395597064539e-06
0.15509006004002907 3.96517678452301e-06 2.3609072715143565e-06 13.706470980653767 1.8390560373582225e-05 1.8390560373582225e-05 1.8390560373582225e-06
0.14440293529019563 5.512341561040699e-07 1.7885256837891823e-06 5.994663108739159 1.9440660440293353e-05 1.9440660440293353e-05 1.944066044029335e-06
0.16709806537692057 8.184122748498991e-07 7.608405603735869e-07 10.931287525016677 9.406370913942575e-06 9.406370913942575e-06 9.406370913942575e-07
0.10477651767845368 3.9473649099399535e-06 1.5153435623749122e-06 12.325550366911273 2.968885923949269e-05 2.968885923949269e-05 2.9688859239492693e-06
0.08028018679119502 5.467311541027446e-06 3.625350233489081e-06 7.635757171447631 1.7923849232821724e-05 1.7923849232821724e-05 1.7923849232821723e-06
0.14764509673115633 2.5402268178785765e-06 2.2490326884589796e-06 7.3155436957971975 2.9319379586390628e-05 2.9319379586390628e-05 2.9319379586390627e-06
0.05722481654436334 2.6827218145430187e-06 3.583722481654522e-06 5.080720480320213 1.2848365577051271e-05 1.2848365577051271e-05 1.284836557705127e-06
0.10789859906604547 3.4367578385590257e-06 8.102735156771235e-07 5.227484989993329 1.4987458305536902e-05 1.4987458305536902e-05 1.4987458305536901e-06
0.10657771847898741 2.457104736490985e-06 2.485790527018033e-06 5.0540360240160105 2.644132755170087e-05 2.644132755170087e-05 2.644132755170087e-06
0.1888325550366942 3.4842561707805064e-06 3.367578385590389e-07 8.10940627084723 2.4807838559039117e-05 2.4807838559039117e-05 2.4807838559039117e-06
0.13083388925950823 8.845630420280505e-06 1.3150100066711141e-06 10.557705136757837 2.8405403602401313e-05 2.8405403602401313e-05 2.8405403602401313e-06
0.13263509006004195 6.446964643095556e-06 5.55303535690461e-07 11.905270180120079 2.2979886591060487e-05 2.2979886591060487e-05 2.297988659106049e-06
0.024322881921280817 5.010140093395661e-06 1.2291527685123435e-06 7.142094729819879 1.611534356237478e-05 1.611534356237478e-05 1.6115343562374782e-06
0.12711140760507186 1.750567044696459e-06 1.8327551701133974e-06 7.709139426284189 1.603755837224803e-05 1.603755837224803e-05 1.6037558372248032e-06
0.022041360907271497 6.156037358238966e-06 6.957971981320914e-07 11.078052034689792 2.191034022681767e-05 2.191034022681767e-05 2.1910340226817673e-06
0.10849899933289005 3.6030020013342083e-06 2.5456304202802113e-06 7.642428285523682 2.5029352901934662e-06 2.5029352901934662e-06 2.5029352901934665e-07
0.05086057371581084 5.027951967978718e-06 4.6164109406270775e-07 12.098732488325549 1.1331554369579642e-05 1.1331554369579642e-05 1.1331554369579643e-06
0.18871247498332527 8.25783855903964e-06 2.876050700467022e-06 12.725817211474315 6.644996664442943e-06 6.644996664442943e-06 6.644996664442943e-07
0.1945963975984021 3.6089392928618934e-06 3.695597064709899e-06 13.186124082721813 2.0043495663775667e-05 2.0043495663775667e-05 2.0043495663775667e-06
0.08700466977985426 4.915143428952693e-06 2.797998665777224e-06 9.597064709806537 2.7822014676450687e-05 2.7822014676450687e-05 2.7822014676450687e-06
0.19891927951968305 1.881187458305531e-06 1.4008672448298847e-06 4.400266844563042 2.3971647765176552e-05 2.3971647765176552e-05 2.397164776517655e-06
0.08988659106070822 2.6649099399599635e-06 3.1336224149433547e-06 9.136757838559038 5.7504669779853155e-06 5.7504669779853155e-06 5.750466977985315e-07
0.16445630420280444 2.3442961974649684e-06 2.4961974649766726e-06 7.802535023348899 1.2887258172114646e-05 1.2887258172114646e-05 1.2887258172114647e-06
0.19243495663776164 5.770113408939407e-06 2.23862575050034e-06 10.357571714476316 2.8872114743161815e-05 2.8872114743161815e-05 2.8872114743161813e-06
0.05962641761174164 6.393529019346387e-06 3.99219479653113e-06 12.985990660440292 2.375773849232799e-05 2.375773849232799e-05 2.375773849232799e-06
0.12519012675116922 5.734489659773294e-06 8.232821881254226e-07 5.974649766511007 3.7086057371581206e-06 3.7086057371581206e-06 3.7086057371581207e-07
0.15893262174783435 5.22388258839234e-06 3.094596397598456e-06 12.87258172114743 3.533589059372929e-06 3.533589059372929e-06 3.5335890593729286e-07
0.15268845897265076 6.660707138092235e-06 1.9290193462308086e-06 8.7631754503002 1.2389259506337554e-06 1.2389259506337554e-06 1.2389259506337553e-07
0.14164109406271058 8.421614409606395e-07 9.8719146097399e-07 8.016010673782521 2.564402935290168e-05 2.564402935290168e-05 2.564402935290168e-06
0.11750500333555867 2.5877251501000572e-06 3.375583722481728e-06 11.891927951967977 3.5919279519679928e-06 3.5919279519679928e-06 3.5919279519679927e-07
0.10837891927952113 4.541094062708505e-06 2.9567044696464797e-06 10.617745163442294 1.9090627084722977e-05 1.9090627084722977e-05 1.909062708472298e-06
0.1506470980653792 8.964376250834216e-06 2.1371581054036027e-06 10.270847231487657 2.414666444296174e-05 2.414666444296174e-05 2.414666444296174e-06
0.08592394929953402 6.3460306871249026e-06 6.177451634422967e-07 13.486324216144094 2.383552368245474e-05 2.383552368245474e-05 2.383552368245474e-06
0.021921280853902585 6.951634422948825e-06 3.5733155436958824e-06 9.010006671114075 1.79627418278851e-05 1.79627418278851e-05 1.79627418278851e-06
0.10321547698465779 1.9643095396931224e-06 1.7078719146097311e-06 9.670446964643094 2.0121280853902417e-05 2.0121280853902417e-05 2.0121280853902415e-06
0.08316210807204898 2.516477651767836e-06 1.2187458305537047e-06 4.940627084723149 8.045130086724446e-06 8.045130086724446e-06 8.045130086724447e-07
0.18438959306204433 6.411340893929443e-06 3.7008005336892188e-06 8.589726484322881 2.1093595730486794e-05 2.1093595730486794e-05 2.1093595730486793e-06
0.0904869913275528 2.825216811207461e-06 3.760640426951397e-06 6.174783188792528 2.8724149432955378e-06 2.8724149432955378e-06 2.872414943295538e-07
0.18919279519680093 2.498665777184781e-06 1.8325550366911257e-07 8.549699799866577 1.683485657104722e-05 1.683485657104722e-05 1.683485657104722e-06
0.021200800533689116 1.0499666444296179e-06 3.6435623749167004e-06 9.603735823882587 1.4870780520346777e-05 1.4870780520346777e-05 1.4870780520346777e-06
0.0834022681787868 4.01861240827218e-06 1.7260840560373491e-06 9.710473649099399 6.042161440960629e-06 6.042161440960629e-06 6.042161440960628e-07
0.03957304869913283 1.0380920613742477e-06 4.096064042695124e-07 10.811207471647764 1.433388925950633e-06 1.433388925950633e-06 1.433388925950633e-07
0.05302201467645131 1.311207471647762e-06 1.2109406270847255e-06 13.773182121414274 2.4251501000667144e-06 2.4251501000667144e-06 2.425150100066714e-07
0.12567044696464488 2.1721147431621007e-06 6.775850567044726e-07 5.774516344229486 1.6970980653769034e-05 1.6970980653769034e-05 1.6970980653769033e-06
0.1592928619079411 8.54876584389623e-06 2.831821214142803e-06 9.657104736490993 1.0223115410273452e-05 1.0223115410273452e-05 1.0223115410273452e-06
0.12915276851234342 7.293529019346227e-07 1.4320880587058013e-06 10.30420280186791 2.6635790527017746e-05 2.6635790527017746e-05 2.6635790527017745e-06
0.1274716477651786 8.287525016678067e-06 3.258505670447031e-06 5.180787191460974 9.698065376917888e-06 9.698065376917888e-06 9.698065376917889e-07
0.11186124082721967 5.574182788525785e-06 3.0997998665777757e-06 8.569713142094729 1.0923182121414204e-05 1.0923182121414204e-05 1.0923182121414203e-06
0.04725817211474339 7.3553702468314405e-06 1.827551701134078e-06 4.567044696464309 2.4477251501000428e-05 2.4477251501000428e-05 2.447725150100043e-06
0.06611074049366304 1.2874583055370216e-06 1.0470313542361635e-06 5.454302868579052 1.5123582388258715e-05 1.5123582388258715e-05 1.5123582388258716e-06
0.12446964643095575 6.937291527685121e-07 1.9992661774516266e-06 5.294196130753836 1.4540193462308088e-05 1.4540193462308088e-05 1.454019346230809e-06
0.13407605070046894 7.177251501000875e-06 1.8743829219479529e-06 7.235490326884589 2.3077118078718925e-05 2.3077118078718925e-05 2.3077118078718926e-06
0.10513675783856043 2.7361574382921846e-06 3.851701134089494e-06 10.370913942628418 2.7588659106070436e-05 2.7588659106070436e-05 2.7588659106070437e-06
0.18186791194129712 6.019479653102199e-06 1.7703135423615643e-06 6.034689793195463 1.3917911941294087e-05 1.3917911941294087e-05 1.3917911941294086e-06
0.1896731154102766 6.387591727818701e-06 3.927151434289632e-06 11.324883255503668 2.5916277518345307e-05 2.5916277518345307e-05 2.5916277518345306e-06
0.13875917278185662 5.68699132755181e-06 1.6220146764509605e-06 6.581721147431621 4.700366911274188e-06 4.700366911274188e-06 4.700366911274188e-07
0.08388258839226247 1.495263509006e-06 3.6695797198132996e-06 7.72248165443629 7.072815210140069e-06 7.072815210140069e-06 7.072815210140069e-07
0.1881120747164807 6.452901934623242e-06 3.854302868579154e-06 8.809873248832554 1.119543028685783e-05 1.119543028685783e-05 1.119543028685783e-06
0.14236157438292407 4.927018012008064e-06 5.865243495663789e-07 5.440960640426951 2.548845897264818e-05 2.548845897264818e-05 2.548845897264818e-06
0.033328885923949246 7.414743162108296e-06 3.5056704469647243e-06 10.95797198132088 1.102801867911941e-06 1.102801867911941e-06 1.102801867911941e-07
0.1329953302201487 4.766711140760555e-06 1.2239492995330241e-06 6.901934623082054 8.694462975316878e-07 8.694462975316878e-07 8.694462975316877e-08
0.16157438292195048 2.2255503669112665e-06 1.7208805870580297e-06 11.851901267511673 1.024256170780514e-05 1.024256170780514e-05 1.0242561707805139e-06
0.03068712474983313 2.9142761841227374e-06 1.8015343562374809e-06 12.032021347565042 4.155870580386936e-06 4.155870580386936e-06 4.1558705803869363e-07
0.044976651100734004 7.266310873916158e-06 2.618478985990689e-06 5.3408939292861906 7.520080053368883e-06 7.520080053368883e-06 7.520080053368883e-07
0.12074716477651938 5.402001334222905e-06 1.5309539693128705e-06 5.81454302868579 2.7744229486323937e-05 2.7744229486323937e-05 2.774422948632394e-06
0.06731154102735219 9.90593729152767e-07 3.6357571714477206e-06 13.199466310873914 2.6966377585056435e-05 2.6966377585056435e-05 2.6966377585056436e-06
0.09348899266177567 6.013542361574514e-06 5.344896597731825e-07 4.847231487658439 2.850263509005975e-05 2.850263509005975e-05 2.850263509005975e-06
0.1649366244162801 6.553835890593896e-06 3.518679119413024e-06 8.256170780520346 1.876004002668429e-05 1.876004002668429e-05 1.8760040026684289e-06
0.19111407605070357 9.015343562374904e-07 3.2480987324883915e-06 11.745163442294862 1.5473615743829092e-05 1.5473615743829092e-05 1.5473615743829092e-06
0.11882588392261674 3.6920613742494847e-06 9.923949299533095e-07 5.14743162108072 2.756921280853875e-05 2.756921280853875e-05 2.7569212808538748e-06
0.15436957971981558 8.673448965977625e-06 2.8526350900600826e-06 4.633755837224816 1.516247498332209e-05 1.516247498332209e-05 1.516247498332209e-06
0.10633755837224958 4.499533022014707e-06 3.5603068712475827e-06 12.559039359573047 2.478839226150743e-05 2.478839226150743e-05 2.4788392261507427e-06
0.19327551701134404 3.1636424282855113e-06 3.9659773182121355e-07 7.108739159439626 4.4086724482988746e-06 4.4086724482988746e-06 4.408672448298875e-07
0.10069379586391057 6.6903935957306626e-06 1.052234823215483e-06 8.603068712474983 2.455503669112718e-05 2.455503669112718e-05 2.4555036691127178e-06
0.15388925950633991 3.6742494996664294e-06 1.3930620413609056e-06 7.428952635090059 2.5546797865243243e-05 2.5546797865243243e-05 2.5546797865243244e-06
0.1984389593062074 1.8989993328885863e-06 1.3878585723815862e-06 9.123415610406937 2.0626884589726293e-05 2.0626884589726293e-05 2.0626884589726293e-06
0.16373582388259095 8.507204803202431e-06 1.4112741827885236e-06 4.446964643095397 2.1638092061374046e-05 2.1638092061374046e-05 2.1638092061374045e-06
0.06959306204136158 2.4511674449633e-06 1.0314209472982052e-06 8.38959306204136 6.1005003335556914e-06 6.1005003335556914e-06 6.100500333555692e-07
0.08436290860573813 8.127218145430558e-06 2.087725150100064e-06 10.631087391594395 1.8935056704469476e-05 1.8935056704469476e-05 1.8935056704469477e-06
0.1609739826551059 3.5495663775850425e-06 1.489326217478315e-06 6.948632421614409 1.5668078719145968e-05 1.5668078719145968e-05 1.5668078719145968e-06
0.07703802535023431 8.762508338892908e-06 3.888125416944733e-06 8.456304202801867 1.7048765843895784e-05 1.7048765843895784e-05 1.7048765843895784e-06
0.04137424949966655 5.758238825884036e-06 3.510873915944044e-06 9.590393595730486 1.994626417611723e-05 1.994626417611723e-05 1.994626417611723e-06
0.06478985990660498 2.4843228819212803e-07 2.8292194796531433e-06 11.645096731154101 2.939716477651738e-05 2.939716477651738e-05 2.939716477651738e-06
0.1505270180120103 1.5130753835890552e-06 3.2897264843229503e-06 8.116077384923281 1.0787058038692391e-05 1.0787058038692391e-05 1.078705803869239e-06
0.15521014009339798 6.106070713809208e-07 3.757838559039354e-07 9.91727818545697 8.822981987991948e-06 8.822981987991948e-06 8.822981987991949e-07
0.06587058038692521 3.816744496330872e-06 1.2213475650433644e-06 13.139426284189458 2.453559039359549e-05 2.453559039359549e-05 2.4535590393595493e-06
0.17814543028686075 1.186524349566375e-06 1.8561707805203349e-06 13.559706470980652 2.1385290193462108e-05 2.1385290193462108e-05 2.1385290193462106e-06
0.11570380253502495 7.1950633755839316e-06 1.4659106070713776e-06 12.312208138759171 2.9202701801200503e-05 2.9202701801200503e-05 2.9202701801200505e-06
0.12543028685790705 3.508005336891247e-06 2.3661107404936763e-06 11.845230153435622 1.7729386257504848e-05 1.7729386257504848e-05 1.7729386257504848e-06
0.10549699799866717 2.522414943295521e-06 2.9983322214810385e-06 6.855236824549699 1.9557338225483478e-05 1.9557338225483478e-05 1.955733822548348e-06
0.12699132755170295 6.20353569046045e-06 6.879919946631119e-07 11.191460973982654 2.7763675783855624e-05 2.7763675783855624e-05 2.7763675783855623e-06
0.03609072715143429 8.881254169446619e-06 2.6651100733822515e-07 12.445630420280185 2.5955170113408682e-05 2.5955170113408682e-05 2.595517011340868e-06
0.04041360907271523 3.1577051367578263e-06 1.0496330887258232e-06 5.3208805870580385 1.3167111407605064e-06 1.3167111407605064e-06 1.3167111407605065e-07
0.03921280853902608 3.9592394929953245e-06 1.471114076050697e-06 13.739826551034021 1.5434723148765717e-05 1.5434723148765717e-05 1.5434723148765718e-06
0.052661774516344566 3.2823882588392132e-06 1.650433622414942e-07 5.207471647765177 4.914276184122751e-06 4.914276184122751e-06 4.914276184122751e-07
0.05446297531687829 6.1619746497666515e-06 2.524816544362932e-06 11.91861240827218 1.2828919279519584e-05 1.2828919279519584e-05 1.2828919279519584e-06
0.09420947298198916 4.921080720480378e-06 1.9732488325550274e-06 4.066711140760507 2.3563275517011113e-05 2.3563275517011113e-05 2.3563275517011115e-06
0.16001334222815458 4.042361574382922e-06 1.452901934623079e-06 5.380920613742495 5.050400266844564e-06 5.050400266844564e-06 5.050400266844564e-07
0.02 2.0533689126083988e-06 9.377585056704547e-07 7.4489659773182115 2.9183255503668815e-05 2.9183255503668815e-05 2.9183255503668815e-06
0.1313142094729839 5.627618412274955e-06 1.5983989326217466e-07 10.11074049366244 1.1642695130086643e-05 1.1642695130086643e-05 1.1642695130086644e-06
0.02756504336224143 1.245897264843226e-06 3.0061374249500183e-06 4.57371581054036 8.900767178118699e-06 8.900767178118699e-06 8.900767178118698e-07
0.18835223482321853 7.681921280854144e-06 5.188792528352235e-07 6.261507671781187 2.572181454302843e-05 2.572181454302843e-05 2.572181454302843e-06
0.17490326884590005 4.012675116744494e-06 2.660106737825248e-06 11.92528352234823 1.2362208138759083e-05 1.2362208138759083e-05 1.2362208138759082e-06
0.1520880587058062 7.75316877918637e-06 2.3583055370246965e-06 5.087391594396264 5.886591060707128e-06 5.886591060707128e-06 5.886591060707128e-07
0.04629753168779207 4.695463642428329e-06 2.9645096731154595e-06 6.915276851234156 1.549306204136078e-05 1.549306204136078e-05 1.549306204136078e-06
0.09324883255503784 8.335023348899551e-06 3.2168779186124724e-06 6.121414276184122 1.4423515677117963e-05 1.4423515677117963e-05 1.4423515677117962e-06
0.052901934623082396 1.8312208138759168e-07 6.385590393595753e-07 7.102068045363575 2.175476984656417e-05 2.175476984656417e-05 2.175476984656417e-06
0.046657771847898814 3.994863242161438e-06 3.557705136757923e-06 13.579719813208804 1.613478985990647e-05 1.613478985990647e-05 1.613478985990647e-06
0.15076717811874812 8.281587725150381e-06 1.71827885256837e-06 6.4282855236824545 1.1389893262174705e-05 1.1389893262174705e-05 1.1389893262174705e-06
0.14752501667778742 1.7743162108071994e-06 3.973982655103511e-06 9.303535690460306 3.455803869246177e-06 3.455803869246177e-06 3.455803869246177e-07
0.12771180787191644 5.681054036024125e-06 6.515677118078744e-07 5.460973982655103 1.6873749166110596e-05 1.6873749166110596e-05 1.6873749166110595e-06
0.16553702468312467 8.691260840560682e-06 3.817878585723915e-06 7.255503669112741 9.348032021347512e-06 9.348032021347512e-06 9.348032021347512e-07
0.020240160106737824 7.854102735157024e-06 9.117411607738565e-07 5.4076050700466975 1.3159506337558272e-05 1.3159506337558272e-05 1.3159506337558271e-06
0.1385190126751188 6.304469646431104e-06 3.344362908605809e-06 12.552368245496996 1.9985156771180604e-05 1.9985156771180604e-05 1.9985156771180603e-06
0.06310873915944017 1.251834556370911e-06 3.2064709806538327e-06 7.415610406937958 2.082134756504317e-05 2.082134756504317e-05 2.082134756504317e-06
0.02984656437625075 7.444429619746723e-06 9.221480987324958e-07 9.410273515677117 2.2182588392261297e-05 2.2182588392261297e-05 2.2182588392261297e-06
0.1305937291527704 1.631821214142757e-06 2.415543695797215e-06 4.200133422281521 1.6193128752501532e-05 1.6193128752501532e-05 1.619312875250153e-06
0.15653102068045605 8.798132088059021e-06 2.7823882588392646e-06 8.66977985323549 1.3042828552368147e-05 1.3042828552368147e-05 1.3042828552368146e-06
0.12242828552368419 7.675983989326458e-06 2.407738492328235e-06 10.48432288192128 2.2202034689792985e-05 2.2202034689792985e-05 2.2202034689792986e-06
0.19231487658439272 1.7718478985990656e-07 1.060040026684462e-06 13.15943962641761 3.6697131420947447e-06 3.6697131420947447e-06 3.669713142094745e-07
0.049299533022014945 1.619946631087387e-06 6.671781187458333e-07 6.254836557705136 1.3750500333555697e-06 1.3750500333555697e-06 1.3750500333555697e-07
0.09541027351567831 8.091594396264445e-06 5.7091394262842e-07 9.503669112741827 1.866280853902585e-05 1.866280853902585e-05 1.866280853902585e-06
0.16793862575050297 5.698865910607181e-06 1.962641761174114e-07 12.599066044029351 1.763975983989325e-06 1.763975983989325e-06 1.763975983989325e-07
0.07343562374916686 5.004202801867976e-06 2.0406937958639072e-07 8.996664442961974 7.967344896597696e-06 7.967344896597696e-06 7.967344896597696e-07
0.19663775850567367 8.697198132088367e-06 3.9791861240828305e-06 8.249499666444295 1.6718178785857096e-05 1.6718178785857096e-05 1.6718178785857096e-06
0.12398932621748009 6.423215476984814e-06 2.639092728485654e-07 4.440293529019346 2.1579753168778983e-05 2.1579753168778983e-05 2.157975316877898e-06
0.09661107404936746 3.335823882588379e-06 2.4337558372248344e-06 11.084723148765843 4.7587058038692505e-06 4.7587058038692505e-06 4.7587058038692505e-07
0.09577051367578505 2.6530353569045933e-06 5.032688458972646e-07 7.669112741827885 1.3548432288192023e-05 1.3548432288192023e-05 1.3548432288192022e-06
0.19819879919946956 8.243495663775842e-07 2.5430286857905513e-06 12.505670446964642 5.71157438292194e-06 5.71157438292194e-06 5.711574382921941e-07
0.19759839893262499 3.597064709806523e-06 2.8656437625083823e-06 5.661107404936624 3.903068712474998e-06 3.903068712474998e-06 3.9030687124749984e-07
0.14620413609072935 6.921947965310398e-06 1.426884589726482e-06 8.843228819212808 2.367995330220124e-05 2.367995330220124e-05 2.3679953302201238e-06
0.18210807204803495 1.566511007338221e-06 1.1198799199466355e-06 13.573048699132753 2.2590960640426736e-05 2.2590960640426736e-05 2.2590960640426737e-06
0.07883922615076804 3.5436290860573574e-06 2.6887258172115072e-06 12.11207471647765 1.0339793195463577e-05 1.0339793195463577e-05 1.0339793195463577e-06
0.06623082054703196 3.38332221480986e-06 3.732021347565138e-06 9.476984656437624 1.8798932621747663e-05 1.8798932621747663e-05 1.8798932621747663e-06
0.09060707138092171 6.316344229486475e-06 2.8266177451634834e-06 7.33555703802535 8.997998665777136e-06 8.997998665777136e-06 8.997998665777136e-07
0.1632555036691153 6.699799866577718e-07 2.7563709139426653e-06 9.897264843228818 1.6329252835223345e-05 1.6329252835223345e-05 1.6329252835223345e-06
0.1400800533689147 7.887258172114736e-07 3.3287525016678492e-06 12.19879919946631 2.613018679119387e-05 2.613018679119387e-05 2.613018679119387e-06
0.16457638425617335 6.251034022681934e-06 3.409406270847307e-06 6.515010006671114 2.8529686457638498e-06 2.8529686457638498e-06 2.8529686457638496e-07
0.09480987324883373 4.932955303535749e-06 1.0366244162775246e-06 5.33422281521014 2.541827885256842e-06 2.541827885256842e-06 2.5418278852568423e-07
0.1217078052034707 4.9923282188126046e-06 1.3382254836557698e-07 13.593062041360906 1.349009339559696e-05 1.349009339559696e-05 1.349009339559696e-06
0.13359573048699327 3.2527018012007878e-06 1.4555036691127388e-06 12.01200800533689 1.5376384256170655e-05 1.5376384256170655e-05 1.5376384256170655e-06
0.09012675116744605 6.832888592395115e-06 3.903735823882693e-06 13.326217478318878 2.819149432955275e-05 2.819149432955275e-05 2.819149432955275e-06
0.16961974649766778 8.234089392928897e-06 3.6721814543029596e-06 9.256837891927951 2.7510873915943686e-05 2.7510873915943686e-05 2.7510873915943684e-06
0.029006004002668367 7.658172114743402e-06 3.734623082054798e-06 12.639092728485656 1.063148765843889e-05 1.063148765843889e-05 1.063148765843889e-06
0.10873915943962788 9.96531020680452e-07 2.7875917278185845e-06 12.832555036691126 1.8546130753835725e-05 1.8546130753835725e-05 1.8546130753835726e-06
0.07631754503002082 6.284189459639761e-07 2.693929286190827e-06 4.2334889926617745 1.5026350900600277e-05 1.5026350900600277e-05 1.5026350900600278e-06
0.08184122748499091 4.172981987992003e-06 7.556370913942673e-07 12.532354903268844 1.8565577051367413e-05 1.8565577051367413e-05 1.8565577051367413e-06
0.05866577718479032 1.0593729152768512e-07 7.582388258839271e-07 10.01734489659773 1.7768278852568223e-05 1.7768278852568223e-05 1.7768278852568224e-06
0.13827885256838096 5.229819879920025e-06 1.1901267511674478e-06 8.789859906604402 1.9265643762508165e-05 1.9265643762508165e-05 1.9265643762508165e-06
0.03801200800533693 5.781987991994778e-06 2.7433622414943657e-06 8.236157438292194 2.0062941961307354e-05 2.0062941961307354e-05 2.0062941961307356e-06
0.028645763842561633 1.1390260173448943e-06 2.23602401601068e-06 4.373582388258839 1.253722481654427e-05 1.253722481654427e-05 1.253722481654427e-06
0.14800533689126308 4.719212808539071e-06 3.2507004669780514e-06 6.835223482321547 1.533749166110728e-05 1.533749166110728e-05 1.533749166110728e-06
0.04533689126084075 7.545363575717377e-06 2.0330887258172057e-06 6.66844563042028 6.294963308872567e-06 6.294963308872567e-06 6.294963308872567e-07
0.08268178785857332 5.081387591727887e-06 2.7511674449633455e-06 4.460306871247498 2.5138425617077805e-05 2.5138425617077805e-05 2.5138425617077804e-06
0.15004669779853463 1.0974649766510986e-06 7.868579052701851e-07 9.690460306871246 2.697398265510346e-06 2.697398265510346e-06 2.697398265510346e-07
0.031167444963308776 3.6861240827217996e-06 1.8665777184789737e-06 12.799199466310872 2.5469012675116493e-05 2.5469012675116493e-05 2.546901267511649e-06
0.08364242828552464 3.612408272181458e-07 3.120613742495055e-06 9.110073382254836 1.0709272848565641e-05 1.0709272848565641e-05 1.070927284856564e-06
0.03885256837891934 4.446097398265537e-06 1.1120747164776564e-06 12.932621747831886 2.5274549699799618e-05 2.5274549699799618e-05 2.5274549699799616e-06
0.14920613742495223 6.1738492328220226e-06 2.1761841227485016e-06 6.635090060040026 2.8541527685123126e-05 2.8541527685123126e-05 2.8541527685123125e-06
0.03909272848565717 1.370580386924613e-06 2.483188792528373e-06 10.704469646430953 4.116977985323561e-06 4.116977985323561e-06 4.1169779853235615e-07
0.1817478318879282 5.888859239493118e-06 2.7225483655770863e-06 10.150767178118745 1.6893195463642284e-05 1.6893195463642284e-05 1.6893195463642284e-06
0.03621080720480321 1.7921280853902546e-06 1.2861907938625744e-07 5.821214142761841 2.0763008672448106e-05 2.0763008672448106e-05 2.0763008672448105e-06
0.10705803869246307 2.059306204136084e-06 2.202201467645101e-06 8.162775183455636 1.2926150767178022e-05 1.2926150767178022e-05 1.2926150767178022e-06
0.029366244162775102 8.77438292194828e-06 3.578519012675202e-06 9.450300200133421 5.63378919279519e-06 5.63378919279519e-06 5.63378919279519e-07
0.19867911941294522 7.396931287525239e-06 3.0035356904603584e-06 10.624416277518344 2.7258072048031748e-05 2.7258072048031748e-05 2.725807204803175e-06
0.03981320880587066 1.0915276851234135e-06 9.897931954636498e-07 8.496330887258171 2.8055370246830937e-05 2.8055370246830937e-05 2.8055370246830937e-06
0.08460306871247596 8.174716477652042e-06 2.061707805203465e-06 5.107404936624416 2.4574482988658866e-05 2.4574482988658866e-05 2.4574482988658867e-06
0.06490993995997389 7.889726484323137e-06 1.2083388925950658e-06 9.870580386924615 1.3879019346230712e-05 1.3879019346230712e-05 1.3879019346230712e-06
0.11414276184122905 7.056037358238823e-07 6.905937291527717e-07 9.737158105403601 2.636354236157412e-05 2.636354236157412e-05 2.636354236157412e-06
0.0657505003335563 2.249299533022007e-06 5.99533022014678e-07 13.646430953969311 1.8371114076050537e-05 1.8371114076050537e-05 1.8371114076050538e-06
0.18234823215477278 7.652234823215716e-06 2.347898599066057e-06 4.053368912608406 1.2012174783188707e-05 1.2012174783188707e-05 1.2012174783188708e-06
0.07151434289526422 8.916877918612732e-06 8.519012675116806e-07 8.00266844563042 2.016777851901267e-06 2.016777851901267e-06 2.0167778519012668e-07
0.06442961974649823 1.4537024683122043e-06 2.3166777851901377e-06 10.804536357571713 4.44756504336225e-06 4.44756504336225e-06 4.4475650433622495e-07
0.16529686457638684 3.69799866577717e-06 3.128418945964035e-06 9.103402268178785 2.239649766510986e-05 2.239649766510986e-05 2.239649766510986e-06
0.0377718478985991 8.073782521681388e-06 7.816544362908655e-07 8.409606404269512 2.7413642428285248e-05 2.7413642428285248e-05 2.7413642428285247e-06
0.17178118745830825 8.453769179453261e-06 2.3140760507004778e-06 13.372915276851232 1.850723815877235e-05 1.850723815877235e-05 1.850723815877235e-06
0.19963975983989654 5.927951967978655e-07 4.954636424282852e-07 10.077384923282187 1.699042695130072e-05 1.699042695130072e-05 1.6990426951300722e-06
0.12218812541694636 6.785390260173631e-06 2.761574382921985e-06 12.025350233488991 1.580420280186778e-05 1.580420280186778e-05 1.580420280186778e-06
0.12146764509673287 4.357038025350254e-06 1.991460973982647e-06 12.852568378919278 1.1526017344896518e-05 1.1526017344896518e-05 1.1526017344896519e-06
0.19435623749166428 6.996664442961972e-07 1.562174783188787e-06 7.602401601067378 2.898879252835194e-05 2.898879252835194e-05 2.898879252835194e-06
0.05470313542361612 6.381654436291016e-06 1.6714476317544951e-06 8.10273515677118 1.4773549032688339e-05 1.4773549032688339e-05 1.4773549032688339e-06
0.11762508338892759 6.672581721147606e-06 1.7807204803202031e-06 9.310206804536357 1.207051367578377e-05 1.207051367578377e-05 1.207051367578377e-06
0.13791861240827422 4.6811207471647847e-07 3.2559039359573713e-06 11.551701134089392 2.0704669779853043e-05 2.0704669779853043e-05 2.070466977985304e-06
0.06935290193462375 6.1501000667112805e-06 4.512341561040687e-07 13.106070713809205 3.339126084056049e-06 3.339126084056049e-06 3.339126084056049e-07
0.12098732488325721 3.1374249499666465e-07 3.2038692461641727e-06 11.291527685123414 1.4151267511674337e-05 1.4151267511674337e-05 1.4151267511674338e-06
0.08004002668445719 3.323949299533009e-06 2.5040026684456524e-06 4.213475650433622 1.6387591727818407e-05 1.6387591727818407e-05 1.6387591727818406e-06
0.18607071380920914 9.549699799866564e-07 2.94369579719818e-06 6.868579052701801 1.0612041360907203e-05 1.0612041360907203e-05 1.0612041360907203e-06
0.0369312875250167 3.2348899266177325e-06 2.6054703135423896e-06 6.148098732488325 1.5356937958638967e-05 1.5356937958638967e-05 1.5356937958638967e-06
0.1338358905937311 6.886324216144285e-06 3.5316877918613235e-06 7.488992661774516 9.386924616410887e-06 9.386924616410887e-06 9.386924616410887e-07
0.051220813875917585 1.1330887258172092e-06 6.749833222148128e-07 11.765176784523014 2.6460773849232558e-05 2.6460773849232558e-05 2.646077384923256e-06
0.0865243495663786 8.480987324883246e-07 3.2767178118746507e-06 6.615076717811874 2.9047131420947002e-05 2.9047131420947002e-05 2.9047131420947003e-06
0.0785990660440302 7.610673782521918e-06 1.8847898599065917e-06 9.236824549699799 2.2299266177451423e-05 2.2299266177451423e-05 2.2299266177451424e-06
0.17334222815210415 2.949899933288848e-06 3.66177451634432e-06 11.038025350233488 2.9124916611073753e-05 2.9124916611073753e-05 2.912491661107375e-06
0.11618412274850061 7.782855236824798e-06 1.8353569046030572e-06 4.867244829886591 2.0354636424282667e-05 2.0354636424282667e-05 2.035463642428267e-06
0.15280853902601968 6.595396931287694e-06 1.5959973315543634e-06 5.687791861240827 3.0474316210807295e-06 3.0474316210807295e-06 3.0474316210807293e-07
0.16601734489660033 3.2289526350900474e-06 2.881254169446342e-06 13.81987991994663 4.0197464976651235e-06 4.0197464976651235e-06 4.019746497665124e-07
0.08400266844563138 3.72174783188791e-06 1.3332221480987322e-06 5.04736490993996 1.1856604402935206e-05 1.1856604402935206e-05 1.1856604402935206e-06
0.0937291527685135 3.5555036691127275e-06 6.099399599733173e-07 7.735823882588392 1.8137758505670287e-05 1.8137758505670287e-05 1.8137758505670286e-06
0.05494329553035395 8.851567711808191e-06 2.8240160106738234e-06 13.653102068045362 1.8176651100733662e-05 1.8176651100733662e-05 1.8176651100733662e-06
0.12050700466978155 8.311274182788809e-06 2.477985323549053e-06 8.19613075383589 1.1817711807871831e-05 1.1817711807871831e-05 1.1817711807871832e-06
0.08304202801868006 1.239959973315541e-06 8.805203468979387e-07 4.727151434289526 1.788495663775835e-05 1.788495663775835e-05 1.788495663775835e-06
0.03789192795196802 2.706470980653759e-06 5.683122081387601e-07 5.2541694462975315 1.2731687791861146e-05 1.2731687791861146e-05 1.2731687791861146e-06
0.15797198132088303 6.049166110740627e-06 3.2533022014677114e-06 6.661774516344229 2.4185557038025115e-05 2.4185557038025115e-05 2.4185557038025116e-06
0.11198132088058858 1.4749833222148096e-07 2.4727818545697333e-06 4.353569046030687 8.531287525016635e-06 8.531287525016635e-06 8.531287525016636e-07
0.12314876584389768 2.8014676450967206e-06 3.2090727151434926e-06 4.133422281521014 1.0125883922615014e-05 1.0125883922615014e-05 1.0125883922615014e-06
0.12278852568379094 4.48172114743165e-06 1.1300867244829884e-07 10.230820547031353 1.1681587725150018e-05 1.1681587725150018e-05 1.1681587725150018e-06
0.1993995997331587 7.40880587058061e-06 2.4597731821214337e-06 12.425617078052033 5.828252168112066e-06 5.828252168112066e-06 5.828252168112066e-07
0.19507671781187777 2.12461641094062e-06 2.691327551701167e-06 7.869246164109406 7.675650433622383e-06 7.675650433622383e-06 7.675650433622383e-07
0.053622414943295886 4.570780520346933e-06 3.620146764509761e-06 5.074049366244163 2.5877384923281932e-05 2.5877384923281932e-05 2.587738492328193e-06
0.08124082721814634 6.619146097398436e-06 2.064309539693125e-06 5.467645096731154 1.3276184122748397e-05 1.3276184122748397e-05 1.3276184122748398e-06
0.08808539026017449 4.8201467645097246e-06 2.662708472314908e-06 10.38425617078052 1.2439993328885833e-05 1.2439993328885833e-05 1.2439993328885833e-06
0.16313542361574637 7.711607738492572e-06 1.1484989993328924e-06 5.727818545697131 1.7573815877251348e-05 1.7573815877251348e-05 1.7573815877251349e-06
0.13119412941961497 8.833755837225134e-06 3.4716477651767796e-07 11.05136757838559 2.4905070046697554e-05 2.4905070046697554e-05 2.4905070046697554e-06
0.13911941294196337 4.487658438959336e-06 2.7095396931287866e-06 4.553702468312208 1.9323982655103227e-05 1.9323982655103227e-05 1.932398265510323e-06
0.12458972648432466 4.505470313542392e-06 3.882921947965413e-06 9.743829219479652 2.2027018012007797e-05 2.2027018012007797e-05 2.2027018012007796e-06
0.11966644429619915 5.334222815210146e-07 3.521280853902684e-06 7.195463642428285 1.7904402935290036e-05 1.7904402935290036e-05 1.7904402935290036e-06
0.0609472981987997 2.0687124749833216e-07 3.919346230820652e-06 9.523682454969979 4.894829886591063e-06 4.894829886591063e-06 4.894829886591064e-07
0.02072048032021347 5.983855903936086e-06 1.700066711140752e-06 11.091394262841893 1.3361574382921942e-06 1.3361574382921942e-06 1.336157438292194e-07
0.18378919279519976 7.174783188792525e-07 3.4640426951301654e-06 10.417611741160773 2.7452535023348623e-05 2.7452535023348623e-05 2.7452535023348625e-06
0.05878585723815923 6.0016677785191425e-06 3.614943295530441e-06 7.895930620413608 4.817044696464313e-06 4.817044696464313e-06 4.817044696464313e-07
0.15112741827885487 8.103468979319816e-06 1.234156104069379e-07 12.792528352234822 2.509953302201443e-05 2.509953302201443e-05 2.509953302201443e-06
0.07943962641761261 3.021147431621069e-06 2.4987991994663326e-06 4.026684456304203 1.4722815210140085e-06 1.4722815210140085e-06 1.4722815210140085e-07
0.11546364242828712 2.1543028685790454e-06 3.963575717144871e-06 6.414943295530353 2.319379586390905e-05 2.319379586390905e-05 2.319379586390905e-06
0.12122748498999504 1.7124749833222144e-07 2.0070713809206064e-06 7.795863909272848 1.3431754503001898e-05 1.3431754503001898e-05 1.3431754503001897e-06
0.07403602401601143 1.4240160106737788e-06 1.7338892595063283e-06 8.856571047364909 2.2688192128085174e-05 2.2688192128085174e-05 2.2688192128085175e-06
0.03080720480320204 4.321414276184141e-06 7.400266844563083e-07 13.392928619079385 2.8813775850566752e-05 2.8813775850566752e-05 2.8813775850566754e-06
0.05206137424949999 2.267111407605062e-06 1.7416944629753074e-06 9.63042028018679 1.4481854569713026e-05 1.4481854569713026e-05 1.4481854569713026e-06
0.1409206137424971 4.701400933956014e-06 2.488392261507693e-06 11.34489659773182 2.1171380920613545e-05 2.1171380920613545e-05 2.1171380920613545e-06
0.020360240160106735 1.9227484989993267e-06 3.331354236157509e-06 6.048032021347565 1.2809472981987896e-05 1.2809472981987896e-05 1.2809472981987897e-06
0.08940627084723256 3.7870580386924462e-06 1.216144096064045e-06 11.671781187458304 2.5838492328218557e-05 2.5838492328218557e-05 2.5838492328218558e-06
0.08868579052701907 2.8074049366244057e-06 1.8041360907271406e-06 6.281521014009339 1.9285090060039852e-05 1.9285090060039852e-05 1.9285090060039854e-06
0.16061374249499916 2.712408272181444e-06 1.921214142761829e-06 6.374916611074049 2.4049432955303302e-05 2.4049432955303302e-05 2.4049432955303304e-06
0.18030687124750122 1.7861907938625695e-06 1.863975983989314e-06 5.867911941294196 4.272548365577062e-06 4.272548365577062e-06 4.2725483655770617e-07
0.06983322214809941 7.141627751834762e-06 1.8145430286857794e-06 9.923949299533021 1.1253769179452892e-05 1.1253769179452892e-05 1.1253769179452893e-06
0.1208672448298883 6.933822548365769e-06 1.2421614409606421e-06 12.979319546364241 1.6278519012675106e-06 1.6278519012675106e-06 1.6278519012675105e-07
0.09829219479653227 4.161107404936632e-06 3.552501667778603e-06 11.598398932621746 7.014476317545006e-06 7.014476317545006e-06 7.014476317545006e-07
0.1953168779186156 3.1042695130086604e-06 1.6740493662441548e-06 7.135423615743829 1.2770580386924521e-05 1.2770580386924521e-05 1.277058038692452e-06
0.11090060040026835 4.368912608405625e-06 3.3885923949300276e-06 12.939292861907937 1.3295630420280085e-05 1.3295630420280085e-05 1.3295630420280085e-06
0.10213475650433755 7.2900600400269e-06 3.482254836557785e-06 10.951300867244829 9.056337558372199e-06 9.056337558372199e-06 9.056337558372199e-07
0.12531020680453814 7.848165443629338e-06 3.198665777184853e-06 6.501667778519012 2.1113042028018482e-05 2.1113042028018482e-05 2.111304202801848e-06
0.06118745830553753 1.0855903935957285e-06 1.5829886591060648e-06 12.619079386257503 2.1463075383588858e-05 2.1463075383588858e-05 2.146307538358886e-06
0.18318879252835518 8.43002001334252e-06 3.1334222815210097e-07 11.391594396264175 2.517731821214118e-05 2.517731821214118e-05 2.517731821214118e-06
0.15941294196131 6.767578385590574e-06 3.958372248165551e-06 13.226150767178117 1.4559639759839776e-05 1.4559639759839776e-05 1.4559639759839776e-06
0.03368912608405599 7.206937958639303e-06 2.334889926617757e-06 6.181454302868579 2.334936624416255e-05 2.334936624416255e-05 2.334936624416255e-06
0.13659773182121615 5.247631754503082e-06 1.2057371581054061e-06 13.072715143428951 2.5196764509672868e-05 2.5196764509672868e-05 2.5196764509672868e-06
0.17658438959306486 6.167911941294337e-06 3.3833889259507077e-06 8.142761841227484 8.453502334889885e-06 8.453502334889885e-06 8.453502334889885e-07
0.02852568378919272 4.36297531687794e-06 8.727151434289592e-07 9.570380253502334 2.2843762508338674e-05 2.2843762508338674e-05 2.2843762508338672e-06
0.02528352234823211 1.5368245496997956e-06 2.987925283522399e-06 6.701801200800533 1.7846064042694974e-05 1.7846064042694974e-05 1.7846064042694973e-06
0.07547698465643841 7.883789192795452e-06 3.65917278185466e-06 11.651767845230152 2.0082388258839042e-05 2.0082388258839042e-05 2.008238825883904e-06
0.08508338892595162 5.954169446297658e-06 1.645430286857898e-06 11.525016677785189 2.85804202801865e-05 2.85804202801865e-05 2.85804202801865e-06
0.11510340226818037 9.074716477651755e-07 1.2967978652434961e-06 11.451634422948631 6.761674449633068e-06 6.761674449633068e-06 6.761674449633068e-07
0.13755837224816747 2.662441627751835e-07 3.443228819212886e-06 13.82655103402268 1.6582054703135283e-05 1.6582054703135283e-05 1.6582054703135282e-06
0.1281921280853921 7.759106070714056e-06 1.2551701134089407e-06 6.588392261507671 1.4501300867244713e-05 1.4501300867244713e-05 1.4501300867244713e-06
0.087364909939961 4.748899266177498e-06 1.507538358905933e-06 7.282188125416944 9.853635757171389e-06 9.853635757171389e-06 9.853635757171388e-07
0.19723815877251824 4.19079386257506e-06 3.4692461641094853e-06 8.076050700466977 4.136424282855249e-06 4.136424282855249e-06 4.1364242828552486e-07
0.12194796531020853 2.7777184789859802e-06 3.8100733822549357e-06 4.627084723148766 7.831220813875883e-06 7.831220813875883e-06 7.831220813875883e-07
0.16613742494996925 4.285790527018028e-06 3.185456971314205e-07 13.513008672448297 6.256070713809192e-06 6.256070713809192e-06 6.256070713809192e-07
0.17010006671114344 8.655637091394569e-06 3.898532354903373e-06 12.952635090060038 1.2692795196797771e-05 1.2692795196797771e-05 1.2692795196797772e-06
0.15472981987992232 6.268845897264991e-06 8.492995330220208e-07 7.308872581721147 6.158839226150754e-06 6.158839226150754e-06 6.158839226150754e-07
0.19903935957305197 6.571647765176952e-06 1.4685123415610373e-06 6.781854569713142 2.2746531020680236e-05 2.2746531020680236e-05 2.2746531020680234e-06
0.12182788525683962 2.9795863909272734e-06 3.013942628418998e-06 9.370246831220813 6.66444296197463e-06 6.66444296197463e-06 6.66444296197463e-07
0.1177451634422965 1.2340226817878558e-06 3.3935957304869865e-07 7.509006004002668 1.6472981987991984e-06 1.6472981987991984e-06 1.6472981987991985e-07
0.1370780520346918 7.895663775850823e-06 1.3462308205470307e-06 6.19479653102068 2.278542361574361e-05 2.278542361574361e-05 2.2785423615743613e-06
0.09468979319546482 2.3621080720480237e-06 1.8483655770513557e-06 7.355570380253502 9.44526350900595e-06 9.44526350900595e-06 9.44526350900595e-07
0.0810006671114085 3.7276851234155953e-06 1.5049366244162733e-06 12.165443629086056 2.620797198132062e-05 2.620797198132062e-05 2.620797198132062e-06
0.06046697798532404 3.8108072048031866e-06 9.325550366911351e-07 13.046030687124748 1.5843095396931156e-05 1.5843095396931156e-05 1.5843095396931156e-06
0.1314342895263528 9.252835223482308e-07 3.966177451634531e-06 9.130086724482988 1.032034689793189e-05 1.032034689793189e-05 1.032034689793189e-06
0.16145430286858156 7.016944629753366e-06 3.414609739826627e-06 5.480987324883255 7.325617078052007e-06 7.325617078052007e-06 7.325617078052007e-07
0.11114076050700618 8.599733155436948e-07 3.6747831887926195e-06 4.386924616410941 2.4418912608405366e-05 2.4418912608405366e-05 2.4418912608405366e-06
0.1121014009339575 7.586924616411176e-06 2.4829886591060677e-07 12.652434956637757 3.7669446297531845e-06 3.7669446297531845e-06 3.766944629753185e-07
0.19387591727818862 4.843895930620467e-06 2.3895263509006156e-06 4.947298198799199 1.9246197464976477e-05 1.9246197464976477e-05 1.9246197464976475e-06
0.14272181454303082 4.178919279519689e-06 1.4398932621747805e-06 4.540360240160107 9.28969312875245e-06 9.28969312875245e-06 9.289693128752449e-07
0.11030020013342377 2.9261507671781076e-06 2.4389593062041543e-06 4.9206137424949965 8.434056037358197e-06 8.434056037358197e-06 8.434056037358198e-07
0.1680587058038719 4.3036024016010845e-06 2.1501667778519024e-06 11.15143428952635 2.0840793862574856e-05 2.0840793862574856e-05 2.084079386257486e-06
0.10525683789192934 5.942294863242287e-06 3.859506337558474e-06 8.67645096731154 2.4730053368912366e-05 2.4730053368912366e-05 2.473005336891237e-06
0.15905270180120326 5.437625083389018e-06 8.310873915944021e-07 8.469646430953969 2.9008238825883627e-05 2.9008238825883627e-05 2.900823882588363e-06
0.0993729152768525 3.7905270180120127e-07 1.2499666444296213e-06 8.48298865910607 1.2342761841227395e-05 1.2342761841227395e-05 1.2342761841227395e-06
0.1674583055370273 3.864242828552356e-06 1.4867244829886553e-06 5.914609739826551 1.8234989993328725e-05 1.8234989993328725e-05 1.8234989993328724e-06
0.1776651100733851 3.638625750500319e-06 1.9342228152101285e-06 7.829219479653101 1.922675116744479e-05 1.922675116744479e-05 1.922675116744479e-06
0.068992661774517 2.878652434956627e-06 2.095530353569044e-06 8.536357571714476 5.283755837224814e-06 5.283755837224814e-06 5.283755837224815e-07
0.07367578385590469 6.714142761841405e-06 3.266310873916011e-06 10.944629753168778 2.4652268178785616e-05 2.4652268178785616e-05 2.4652268178785615e-06
0.1985590393595763 6.363842561707959e-06 3.055570380253557e-06 8.282855236824549 1.660150100066697e-05 1.660150100066697e-05 1.6601501000666971e-06
0.02240160106737823 8.821881254169763e-06 5.631087391594405e-07 6.7618412274849895 1.0806504336224079e-05 1.0806504336224079e-05 1.0806504336224078e-06
0.13551701134089592 7.1831887925285605e-06 1.2601734489659768e-07 7.875917278185456 2.1560306871247296e-05 2.1560306871247296e-05 2.1560306871247296e-06
0.039332888592395 1.3527685123415577e-06 1.736490993995988e-06 5.561040693795864 2.38938625750498e-05 2.38938625750498e-05 2.3893862575049802e-06
0.10045363575717274 2.884589726484312e-06 2.667911941294228e-06 8.503002001334222 2.0432421614409418e-05 2.0432421614409418e-05 2.0432421614409418e-06
0.1096997998665792 4.630153435623788e-06 2.7407605070047058e-06 5.260840560373582 7.170046697798507e-06 7.170046697798507e-06 7.170046697798507e-07
0.1714209472982015 2.76584389593061e-06 2.7147431621081065e-06 12.96597731821214 8.064576384256134e-06 8.064576384256134e-06 8.064576384256134e-07
0.12927284856571233 8.78625750500365e-06 7.504336224149476e-07 10.564376250833888 1.150657104736483e-05 1.150657104736483e-05 1.150657104736483e-06
0.1337158105403622 4.99826551034029e-06 1.5595730486991274e-06 12.352234823215476 1.397625083388915e-05 1.397625083388915e-05 1.397625083388915e-06
0.1290326884589745 6.743829219479832e-06 2.59246164109409e-06 8.356237491661107 1.7301567711807722e-05 1.7301567711807722e-05 1.7301567711807723e-06
0.1857104736491024 9.727818545697117e-07 2.342695130086737e-06 11.931954636424281 1.3509539693128648e-05 1.3509539693128648e-05 1.3509539693128648e-06
0.10621747831888066 2.4214809873248746e-06 2.7121414276184466e-06 4.547031354236157 6.119946631087379e-06 6.119946631087379e-06 6.119946631087379e-07
0.15160773849233053 1.6733822548365528e-06 3.825683789192895e-06 13.666444296197463 9.484156104069325e-06 9.484156104069325e-06 9.484156104069325e-07
0.12338892595063551 1.3562374916611072e-07 3.960973982655211e-06 9.276851234156103 2.6733022014676184e-05 2.6733022014676184e-05 2.6733022014676182e-06
0.14128085390260384 4.552968645763876e-06 3.1050033355570955e-06 10.264176117411607 2.7102501667778247e-05 2.7102501667778247e-05 2.710250166777825e-06
0.02156104069379585 5.704803202134867e-06 2.4675783855904135e-06 4.180120080053369 5.944929953302191e-06 5.944929953302191e-06 5.944929953302191e-07
0.08904603068712581 1.8633755837224758e-06 1.380053368912607e-06 4.9873248832555035 2.3407705136757613e-05 2.3407705136757613e-05 2.3407705136757614e-06
0.06346897931954691 4.82608405603741e-06 2.8890593729153216e-06 9.35023348899266 1.4637424949966526e-05 1.4637424949966526e-05 1.4637424949966527e-06
0.11990660440293698 8.180653769179727e-06 1.8379586390927169e-06 6.641761174116077 2.775183455637098e-06 2.775183455637098e-06 2.775183455637098e-07
0.11426284189459797 4.443629086057379e-07 1.0652434956637815e-06 11.104736490993995 4.253102068045374e-06 4.253102068045374e-06 4.253102068045374e-07
0.14032021347565252 1.3587058038692428e-06 7.29619746497669e-07 7.742494996664442 1.0456470980653703e-05 1.0456470980653703e-05 1.0456470980653704e-06
0.07223482321547771 2.4927284856570957e-06 2.561040693795861e-07 9.003335557038024 9.173015343562324e-06 9.173015343562324e-06 9.173015343562325e-07
0.14404269513008888 8.869379586391247e-06 3.268912608405671e-06 13.206137424949965 1.7262675116744347e-05 1.7262675116744347e-05 1.7262675116744346e-06
0.19255503669113055 9.193462308205457e-07 2.3531020680453767e-06 9.396931287525016 1.0845396931287454e-05 1.0845396931287454e-05 1.0845396931287455e-06
0.020600400266844558 4.493595730487021e-06 1.7234823215476894e-06 5.507671781187458 2.79581387591725e-05 2.79581387591725e-05 2.79581387591725e-06
0.100093395597066 6.6547698465645495e-06 3.471847898599145e-06 10.244162775183455 6.50887258172113e-06 6.50887258172113e-06 6.50887258172113e-07
0.15749166110740737 2.813342228152091e-06 1.9966644429619667e-06 9.296864576384255 2.8385957304869626e-05 2.8385957304869626e-05 2.8385957304869624e-06
0.06911274182788592 3.7454969979986506e-06 2.5768512341561304e-06 8.38292194796531 2.445780520346874e-05 2.445780520346874e-05 2.445780520346874e-06
0.13071380920613931 9.430953969312861e-07 3.6277518345563656e-07 13.299533022014675 1.524026017344884e-05 1.524026017344884e-05 1.524026017344884e-06
0.13443629086057568 1.3408939292861875e-06 1.7599066044029254e-06 5.394262841894596 2.247428285523661e-05 2.247428285523661e-05 2.247428285523661e-06
0.06382921947965366 5.538559039359672e-06 1.0210140093395663e-06 5.754503002001334 2.2902101400933737e-05 2.2902101400933737e-05 2.2902101400933736e-06
0.16841894596397863 3.513942628418932e-06 3.7450300200134375e-06 13.613075383589058 3.6891594396264327e-06 3.6891594396264327e-06 3.6891594396264325e-07
0.19567711807872235 6.209472981988136e-06 1.0808539026017398e-06 6.38825883922615 1.8059973315543537e-05 1.8059973315543537e-05 1.8059973315543537e-06
0.044496330887258344 7.5156771180789495e-06 2.873448965977362e-06 7.402268178785857 4.505903935957312e-06 4.505903935957312e-06 4.5059039359573125e-07
0.14368245496998214 5.8057371581055205e-06 2.1189459639759833e-06 5.634422948632421 1.6407038025350095e-05 1.6407038025350095e-05 1.6407038025350096e-06
0.09985323549032817 2.1780520346897857e-06 3.4172114743162867e-06 4.3002001334222815 6.236624416277504e-06 6.236624416277504e-06 6.236624416277504e-07
0.11522348232154929 7.0110073382256805e-06 1.2081387591727814e-07 4.7871914609739825 2.4166110740493427e-05 2.4166110740493427e-05 2.4166110740493427e-06
0.1273515677118097 5.111074049366315e-06 7.530353569046074e-07 6.748498999332888 1.3392861907938523e-05 1.3392861907938523e-05 1.3392861907938523e-06
0.1577318212141452 3.5020680453635617e-06 4.408272181454296e-07 13.846564376250832 6.897798532354881e-06 6.897798532354881e-06 6.897798532354881e-07
0.045697131420947494 1.9499666444296192e-07 2.548232154769871e-06 10.637758505670446 9.736957971981263e-06 9.736957971981263e-06 9.736957971981263e-07
0.03633088725817212 7.824416277518596e-06 3.4952635090060846e-06 6.061374249499666 2.7374749833221873e-05 2.7374749833221873e-05 2.7374749833221872e-06
0.179226150767181 2.1068045363575646e-06 2.191794529686461e-06 5.347565043362241 2.1949232821881047e-05 2.1949232821881047e-05 2.1949232821881047e-06
0.04869913275517037 3.553035356904607e-07 8.128752501667833e-07 13.73315543695797 9.425817211474263e-06 9.425817211474263e-06 9.425817211474263e-07
0.025763842561707755 5.764176117411722e-06 7.218145430286896e-07 10.344229486324215 7.38395597064707e-06 7.38395597064707e-06 7.38395597064707e-07
0.16469646430954227 7.563175450300434e-06 3.947965310206911e-06 8.756504336224149 2.4885623749165867e-05 2.4885623749165867e-05 2.4885623749165865e-06
0.07679786524349648 6.981320880587253e-06 3.2194796531021323e-06 7.408939292861907 1.6154236157438157e-05 1.6154236157438157e-05 1.6154236157438157e-06
0.09336891260840675 8.162841894596671e-06 3.823082054703235e-06 5.5410273515677115 1.636814543028672e-05 1.636814543028672e-05 1.636814543028672e-06
0.024923282188125374 7.91347565043388e-06 2.3270847231487774e-06 9.44362908605737 2.2493729152768298e-05 2.2493729152768298e-05 2.24937291527683e-06
0.19171447631754815 4.024549699799865e-06 2.7459639759840256e-06 8.47631754503002 2.461337558372224e-05 2.461337558372224e-05 2.461337558372224e-06
0.024442961974649728 7.693795863909515e-06 3.6773849232822794e-06 7.482321547698465 2.56127418278853e-06 2.56127418278853e-06 2.56127418278853e-07
0.166497665110076 4.606404269513046e-06 3.864709806537794e-06 12.145430286857904 2.6499666444295933e-05 2.6499666444295933e-05 2.6499666444295933e-06
0.04941961307538386 7.788792528352483e-06 2.020080053368906e-06 10.09739826551034 1.3645663775850461e-05 1.3645663775850461e-05 1.364566377585046e-06
0.16109406270847482 2.6589726484322784e-06 2.384322881921296e-06 5.767845230153435 1.541527685123403e-05 1.541527685123403e-05 1.5415276851234029e-06
0.13719813208806073 3.4189459639759704e-06 7.244162775183494e-07 10.450967311541026 8.978552368245449e-06 8.978552368245449e-06 8.978552368245449e-07
0.04389593062041377 4.665777184789901e-06 2.1423615743829226e-06 6.57505003335557 2.4496697798532116e-05 2.4496697798532116e-05 2.4496697798532114e-06
0.06827218145430351 1.4002668445630384e-06 2.8552368245497426e-06 13.44629753168779 7.189492995330194e-06 7.189492995330194e-06 7.189492995330194e-07
0.11894596397598566 7.260373582388472e-06 1.4683122081387582e-07 4.240160106737825 5.497665110073377e-06 5.497665110073377e-06 5.497665110073377e-07
0.15869246164109652 4.42828552368248e-06 3.5342895263509835e-06 9.283522348232154 2.4438358905937053e-05 2.4438358905937053e-05 2.4438358905937055e-06
0.06563042028018738 8.412208138759463e-06 2.764176117411645e-06 11.838559039359572 3.864176117411623e-06 3.864176117411623e-06 3.864176117411623e-07
0.027204803202134694 1.8455637091394205e-06 1.6298198799199397e-06 4.607071380920614 1.9498999332888415e-05 1.9498999332888415e-05 1.9498999332888414e-06
0.04197464976651113 2.5995997331554274e-06 1.9628418945963876e-06 4.813875917278185 2.136584389593042e-05 2.136584389593042e-05 2.136584389593042e-06
0.09180787191461086 2.1483655770513603e-06 3.3599733155437684e-06 11.631754503002 2.9980553702468005e-05 2.9980553702468005e-05 2.9980553702468007e-06
0.03681120747164778 6.500400266844726e-06 3.1752501667779136e-06 9.270180120080052 1.5454169446297405e-05 1.5454169446297405e-05 1.5454169446297405e-06
0.07835890593729238 7.3672448298868116e-06 3.2819212808539706e-06 12.085390260173448 7.753435623749133e-06 7.753435623749133e-06 7.753435623749134e-07
0.05518345563709178 4.351100733822569e-06 1.7286857905270088e-06 4.580386924616411 1.8954503002001164e-05 1.8954503002001164e-05 1.8954503002001164e-06
0.196157438292198 5.710740493662552e-06 6.203468979319566e-07 5.641094062708472 2.914436290860544e-05 2.914436290860544e-05 2.914436290860544e-06
0.15713142094730062 1.9108739159439565e-06 1.3540360240160099e-06 12.252168112074715 2.288265510340205e-05 2.288265510340205e-05 2.288265510340205e-06
0.11042028018679269 2.4036691127418193e-06 1.6480320213475577e-06 6.941961307538358 9.036891260840512e-06 9.036891260840512e-06 9.036891260840512e-07
0.1546097398265534 7.830353569046282e-06 2.2074049366244208e-06 4.660440293529019 1.2089959973315457e-05 1.2089959973315457e-05 1.2089959973315456e-06
0.02456304202801864 5.384189459639849e-06 3.0659773182121966e-06 7.088725817211474 1.2867811874582959e-05 1.2867811874582959e-05 1.2867811874582958e-06
0.09312875250166892 8.6022014676454e-06 1.4763175450300165e-06 13.54636424282855 2.4671714476317304e-05 2.4671714476317304e-05 2.4671714476317305e-06
0.09072715143429062 3.5673782521680977e-06 3.955770513675891e-06 5.6077384923282185 2.6655236824549434e-05 2.6655236824549434e-05 2.6655236824549434e-06
0.02384256170780517 5.235757171447711e-06 2.982721814543079e-06 9.330220146764509 1.3704002668445524e-05 1.3704002668445524e-05 1.3704002668445524e-06
0.16757838559039623 3.644563042028004e-06 1.3774516344229473e-06 6.8285523682454965 5.789359573048691e-06 5.789359573048691e-06 5.78935957304869e-07
0.02300200133422279 1.4477651767845192e-06 1.2733822548365587e-06 10.144096064042694 2.1735323549032484e-05 2.1735323549032484e-05 2.1735323549032483e-06
0.07655770513675865 5.295130086724566e-06 2.5378252168112315e-06 9.43695797198132 1.907118078719129e-05 1.907118078719129e-05 1.907118078719129e-06
0.08424282855236921 3.8048699132755015e-06 1.8717811874582932e-06 10.757838559039358 1.3237291527685022e-05 1.3237291527685022e-05 1.3237291527685022e-06
0.10597731821214283 1.934623082054697e-06 1.0574382921948024e-06 10.857905270180119 8.220146764509634e-06 8.220146764509634e-06 8.220146764509634e-07
0.15016677785190355 4.2798532354903425e-06 1.6558372248165368e-06 8.663108739159439 2.6149633088725557e-05 2.6149633088725557e-05 2.6149633088725556e-06
0.05254169446297565 6.343562374916612e-07 3.0813875917278144e-07 6.721814543028685 2.2513175450299986e-05 2.2513175450299986e-05 2.2513175450299985e-06
0.046417611741160984 8.625950633756141e-06 3.911541027351672e-06 7.7158105403602395 2.1334556370913947e-06 2.1334556370913947e-06 2.1334556370913946e-07
0.08880587058038798 1.890593729152768e-07 2.6158772515010293e-06 8.20280186791194 1.595977318212128e-05 1.595977318212128e-05 1.5959773182121281e-06
0.11246164109406424 1.4715143428952596e-06 2.4207471647765348e-06 9.977318212141427 2.087968645763823e-05 2.087968645763823e-05 2.0879686457638232e-06
0.09276851234156218 1.3171447631754471e-06 3.3235490326885294e-06 4.0 1.8312775183455475e-05 1.8312775183455475e-05 1.8312775183455474e-06
0.15040693795864138 2.9202134756504225e-06 1.151100733822552e-06 12.285523682454969 9.2119079386257e-06 9.2119079386257e-06 9.2119079386257e-07
0.02924616410940619 3.703935957304855e-06 2.5794529686457903e-06 5.894596397598399 2.852208138759144e-05 2.852208138759144e-05 2.852208138759144e-06
0.11822548365577217 5.692928619079496e-06 8.414943295530413e-07 4.820547031354236 2.9572181454302566e-05 2.9572181454302566e-05 2.9572181454302566e-06
0.04281521014009353 2.510540360240151e-06 1.9238158772514887e-06 5.887925283522348 2.080190126751148e-05 2.080190126751148e-05 2.080190126751148e-06
0.08640426951300968 5.016077384923347e-06 3.0685790527018566e-06 11.511674449633087 2.659689793195437e-05 2.659689793195437e-05 2.659689793195437e-06
0.17670446964643377 7.420680453635981e-06 3.5707138092062224e-06 7.015343562374916 2.875543695797169e-05 2.875543695797169e-05 2.875543695797169e-06
0.03897264843228825 2.8727151434289417e-06 2.126751167444963e-06 4.040026684456304 2.4640426951300903e-06 2.4640426951300903e-06 2.46404269513009e-07
0.14284189459639973 5.8413609072716336e-06 2.2152101400934005e-06 8.623082054703135 1.919546364242827e-06 1.919546364242827e-06 1.919546364242827e-07
0.1298732488325569 8.483455637091689e-06 2.2568378919279594e-06 9.290193462308205 3.844729819879936e-06 3.844729819879936e-06 3.8447298198799354e-07
0.05926617745163489 7.592861907938861e-06 1.2317545030020033e-06 6.928619079386257 3.0085390260173536e-06 3.0085390260173536e-06 3.0085390260173535e-07
0.09949299533022142 2.142428285523675e-06 3.1154102735157352e-06 13.946631087391593 2.128805870580367e-05 2.128805870580367e-05 2.128805870580367e-06
0.02696464309539687 8.121280853902872e-06 9.79386257505011e-07 7.90927284856571 1.4676317545029901e-05 1.4676317545029901e-05 1.4676317545029901e-06
0.14860573715810765 6.9991327551703095e-06 5.761174116077396e-07 6.368245496997998 1.8721147431620913e-05 1.8721147431620913e-05 1.8721147431620912e-06
0.14524349566377803 5.9779186124084005e-06 1.2863909272848573e-06 10.217478318879252 1.7437691794529535e-05 1.7437691794529535e-05 1.7437691794529535e-06
0.04209472981988004 2.4808539026017255e-06 3.196064042695193e-06 9.363575717144762 6.7033355570380055e-06 6.7033355570380055e-06 6.703335557038005e-07
0.03561040693795863 6.910073382255027e-06 2.3218812541694575e-06 7.075383589059372 5.769913275517003e-06 5.769913275517003e-06 5.769913275517003e-07
0.18198799199466603 6.8269513008674295e-06 2.23342228152102e-06 13.092728485657103 2.9824983322214504e-05 2.9824983322214504e-05 2.9824983322214505e-06
0.050980653769179755 4.97798532354904e-07 2.725150100066746e-06 13.006004002668444 1.1701034022681706e-05 1.1701034022681706e-05 1.1701034022681705e-06
0.16361574382922203 6.577585056704638e-06 1.9886591060707118e-07 10.77118078719146 1.6640393595730345e-05 1.6640393595730345e-05 1.6640393595730345e-06
0.1496864576384279 2.1280853902601728e-07 1.580386924616405e-06 7.115410273515677 2.684969979986631e-05 2.684969979986631e-05 2.684969979986631e-06
0.0585456971314214 7.390993995997554e-06 2.621080720480349e-06 8.916611074049365 7.442294863242132e-06 7.442294863242132e-06 7.442294863242132e-07
0.15605070046698039 4.184856571047374e-06 2.303669112741838e-06 11.63842561707805 1.6173682454969844e-05 1.6173682454969844e-05 1.6173682454969844e-06
0.14080053368912818 4.422348232154795e-06 7.062041360907307e-07 13.859906604402934 2.600166777851906e-06 2.600166777851906e-06 2.6001667778519063e-07
0.026604402935290136 3.06864576384255e-06 2.017478318879246e-06 8.629753168779185 5.1476317545030015e-06 5.1476317545030015e-06 5.147631754503001e-07
0.11138092061374401 3.3595730486991194e-06 2.441561040693814e-06 13.606404269513007 1.6232021347564907e-05 1.6232021347564907e-05 1.6232021347564907e-06
0.04125416944629764 5.722615076717923e-06 1.288992661774517e-06 7.502334889926617 1.492911941294184e-05 1.492911941294184e-05 1.492911941294184e-06
0.09144763175450411 8.186591060707413e-06 2.0721147431621046e-06 10.49099399599733 2.9883322214809567e-05 2.9883322214809567e-05 2.988332221480957e-06
0.19423615743829536 6.405403602401758e-06 3.2871247498332904e-06 9.496997998665776 1.979069379586373e-05 1.979069379586373e-05 1.9790693795863728e-06
0.03657104736490995 1.9583722481654373e-06 1.0262174783188858e-06 6.568378919279519 1.4139426284189452e-06 1.4139426284189452e-06 1.4139426284189453e-07
0.12110740493662613 8.66751167444994e-06 1.3904603068712459e-06 4.113408939292862 2.581904603068687e-05 2.581904603068687e-05 2.581904603068687e-06
0.07091394262841964 4.006737825216809e-06 1.16931287525017e-06 5.734489659773182 7.578418945963945e-06 7.578418945963945e-06 7.578418945963945e-07
0.11666444296197627 1.5486991327551658e-06 1.4737158105403568e-06 11.685123415610406 9.114676450967262e-06 9.114676450967262e-06 9.114676450967262e-07
0.05578385590393636 6.856637758505857e-06 2.6340893929286488e-06 7.609072715143428 1.0748165443629016e-05 1.0748165443629016e-05 1.0748165443629017e-06
0.0976917945296877 7.649766511007333e-07 7.660440293529065e-07 13.412941961307537 1.2945597064709709e-05 1.2945597064709709e-05 1.2945597064709709e-06
0.050500333555704095 5.8176117411608915e-06 3.6461641094063603e-06 9.610406937958638 5.458772515010002e-06 5.458772515010002e-06 5.458772515010002e-07
0.14680453635757393 1.1271514342895241e-06 3.6045363575718015e-06 5.007338225483656 2.4341127418278615e-05 2.4341127418278615e-05 2.4341127418278617e-06
0.1697398265510367 2.445230153435615e-06 2.056504336224145e-06 13.813208805870579 1.3587324883255398e-05 1.3587324883255398e-05 1.3587324883255399e-06
0.12434956637758683 7.0228819212810516e-06 3.118012008005395e-06 6.081387591727818 7.636757838559008e-06 7.636757838559008e-06 7.636757838559008e-07
0.08160106737825308 7.521614409606635e-06 3.685190126751259e-06 9.797198132088058 8.103468979319509e-06 8.103468979319509e-06 8.103468979319509e-07
0.124109406270849 2.7811874583055377e-07 2.2594396264176193e-06 4.960640426951301 7.208939292861882e-06 7.208939292861882e-06 7.208939292861881e-07
0.03440960640426948 5.7938625750501494e-06 2.4571714476317737e-06 5.14076050700467 6.839459639759818e-06 6.839459639759818e-06 6.839459639759819e-07
0.17562374916611354 5.215476984656444e-07 7.01000667111411e-07 9.71714476317545 5.808805870580378e-06 5.808805870580378e-06 5.808805870580379e-07
0.1072981987992009 5.022014676451032e-06 3.029352901934619e-07 11.06470980653769 2.814076050700474e-06 2.814076050700474e-06 2.8140760507004737e-07
0.06647098065376979 2.2967978652434876e-06 2.805803869246204e-06 11.411607738492327 6.081054036024004e-06 6.081054036024004e-06 6.081054036024004e-07
0.06070713809206187 1.8277518345563652e-06 6.463642428285548e-07 13.319546364242827 1.341230820547021e-05 1.341230820547021e-05 1.341230820547021e-06
0.0231220813875917 4.149232821881261e-06 2.1033355570380237e-06 8.716477651767844 1.3315076717811773e-05 1.3315076717811773e-05 1.3315076717811773e-06
0.10921947965310354 2.3027351567711727e-06 3.401601067378327e-06 5.154102735156771 2.399109406270824e-05 2.399109406270824e-05 2.399109406270824e-06
0.12482988659106249 5.372314876584478e-06 3.2142761841228125e-06 10.571047364909939 2.262985323549011e-05 2.262985323549011e-05 2.262985323549011e-06
0.12062708472315047 5.847298198799319e-06 2.2126084056037406e-06 9.7238158772515 4.933722481654438e-06 4.933722481654438e-06 4.933722481654439e-07
0.16685790527018274 2.9320880587057927e-06 2.1891927951968013e-06 10.551034022681787 1.356787858572371e-05 1.356787858572371e-05 1.3567878585723712e-06
0.06767178118745894 6.54789859906621e-06 1.0548365577051426e-06 10.891260840560372 1.7982188125416786e-05 1.7982188125416786e-05 1.7982188125416787e-06
0.03741160773849236 8.71847898599065e-07 3.0087391594396782e-06 5.954636424282855 1.0067545030019952e-05 1.0067545030019952e-05 1.0067545030019953e-06
0.09625083388926071 6.613208805870751e-06 2.5326217478319116e-06 4.907271514342895 2.3154903268845675e-05 2.3154903268845675e-05 2.3154903268845675e-06
0.13419613075383785 3.9092728485657156e-07 9.585723815877332e-07 11.72515010006671 2.7997031354235875e-05 2.7997031354235875e-05 2.7997031354235873e-06
0.16517678452301793 3.650500333555689e-06 2.727751834556406e-06 7.042028018679119 1.8468345563708975e-05 1.8468345563708975e-05 1.8468345563708976e-06
0.06743162108072111 4.155170113408947e-06 1.598599066044023e-06 13.099399599733154 4.739259506337563e-06 4.739259506337563e-06 4.739259506337563e-07
0.0401734489659774 3.211140760506992e-06 1.5933955970647037e-06 4.753835890593729 1.0903735823882516e-05 1.0903735823882516e-05 1.0903735823882516e-06
0.16673782521681382 4.938892595063435e-06 1.2759839893262184e-06 7.842561707805203 4.389226150767187e-06 4.389226150767187e-06 4.389226150767187e-07
0.0921681120747176 6.03135423615757e-06 3.820480320213575e-06 4.740493662441628 4.175316877918624e-06 4.175316877918624e-06 4.175316877918624e-07
0.11714476317545193 2.6030687124749833e-07 1.070446964643101e-06 10.591060707138091 2.9669412941961004e-05 2.9669412941961004e-05 2.9669412941961004e-06
0.14872581721147657 7.646297531688031e-06 7.686457638425664e-07 13.45296864576384 4.875383589059376e-06 4.875383589059376e-06 4.875383589059375e-07
0.051460973982655416 4.469846564376279e-06 6.43762508338895e-07 8.216144096064042 1.557084723148753e-05 1.557084723148753e-05 1.557084723148753e-06
0.1810273515677147 7.937224816544621e-06 3.940160106737932e-06 9.076717811874582 1.88961641094061e-05 1.88961641094061e-05 1.88961641094061e-06
0.19039359573049008 5.479186124082817e-06 5.579052701801209e-07 12.065376917945295 1.008699132755164e-05 1.008699132755164e-05 1.008699132755164e-06
0.07031354236157507 6.046697798532357e-07 2.3322881921280973e-06 4.833889259506337 2.3796631087391364e-05 2.3796631087391364e-05 2.3796631087391365e-06
0.13323549032688653 5.6454302868580115e-06 3.7814543028686765e-06 10.531020680453635 1.6504269513008533e-05 1.6504269513008533e-05 1.6504269513008533e-06
0.128312208138761 2.7895930620413504e-06 5.605070046697807e-07 5.414276184122748 2.5352334889926368e-05 2.5352334889926368e-05 2.535233488992637e-06
0.2000000000000033 3.5376917945296723e-06 2.3268845897264816e-07 6.301534356237491 2.589683122081362e-05 2.589683122081362e-05 2.589683122081362e-06
0.13743829219479856 1.8218145430286801e-06 1.9940627084723068e-06 4.260173448965977 1.3120613742494897e-05 1.3120613742494897e-05 1.3120613742494897e-06
0.045456971314209664 7.230687124750045e-06 3.2793195463643106e-06 12.805870580386923 1.5784756504336093e-05 1.5784756504336093e-05 1.5784756504336093e-06
0.08280186791194223 4.2655103402268244e-07 1.7573048699132657e-06 7.43562374916611 1.6815410273515533e-05 1.6815410273515533e-05 1.6815410273515534e-06
0.1921947965310238 2.187458305537024e-07 2.1163442294863233e-06 6.221480987324883 2.5235657104736243e-05 2.5235657104736243e-05 2.523565710473624e-06
0.033809206137424906 3.6267511674449487e-06 1.125083388925955e-06 8.416277518345563 2.3057671781187237e-05 2.3057671781187237e-05 2.3057671781187237e-06
0.14836557705136982 7.86004002668471e-06 2.9358905937292003e-06 5.521014009339559 1.4404069379586275e-05 1.4404069379586275e-05 1.4404069379586275e-06
0.13275517011341087 8.988125416944958e-06 1.5387591727818496e-06 4.513675783855904 1.2751134089392834e-05 1.2751134089392834e-05 1.2751134089392833e-06
0.08376250833889355 8.679386257505311e-06 1.9654436290860476e-06 10.117411607738491 4.467011340893937e-06 4.467011340893937e-06 4.467011340893937e-07
0.14776517678452525 5.212008005336969e-06 1.499733155436954e-06 9.957304869913274 5.011507671781189e-06 5.011507671781189e-06 5.011507671781188e-07
0.05902601734489706 3.009272848565699e-06 3.3261507671781893e-06 13.586390927284855 2.0374082721814355e-05 2.0374082721814355e-05 2.0374082721814354e-06
0.06839226150767243 8.649699799866883e-06 8.883255503669181e-07 7.942628418945963 7.61731154102732e-06 7.61731154102732e-06 7.617311541027321e-07
0.10369579719813345 6.583522348232323e-06 3.5759172781855423e-06 11.751834556370913 2.463282188125393e-05 2.463282188125393e-05 2.463282188125393e-06
0.17274182788525957 3.977051367578381e-06 2.907271514342941e-06 8.609739826551033 1.9518445630420103e-05 1.9518445630420103e-05 1.9518445630420104e-06
0.020120080053368912 3.9711140760506956e-06 3.885523682455073e-06 8.442961974649766 8.959106070713761e-06 8.959106070713761e-06 8.959106070713761e-07
0.17634422948632703 1.115276851234154e-06 3.976584389593171e-06 11.484989993328885 2.947494996664413e-05 2.947494996664413e-05 2.947494996664413e-06
0.1136624416277534 2.837091394262831e-06 1.6142094729819814e-06 12.925950633755836 8.122915276851197e-06 8.122915276851197e-06 8.122915276851196e-07
0.19015343562375225 4.849833222148152e-06 2.337491661107417e-06 13.432955303535689 2.9513842561707504e-05 2.9513842561707504e-05 2.9513842561707503e-06
0.08712474983322317 5.122948632421686e-06 2.4049366244162747e-07 12.432288192128084 1.2653902601734396e-05 1.2653902601734396e-05 1.2653902601734395e-06
0.06947298198799266 6.043228819212941e-06 4.4603068712474914e-07 7.8492328218812535 2.9727751834556067e-05 2.9727751834556067e-05 2.9727751834556068e-06
0.15665110073382496 3.2561707805203494e-07 3.8360907271515345e-06 12.225483655770512 9.659172781854513e-06 9.659172781854513e-06 9.659172781854512e-07
0.0769179452968654 7.533488992662006e-06 1.8197464976650989e-06 9.683789192795196 2.422444963308849e-05 2.422444963308849e-05 2.422444963308849e-06
0.034529686457638396 4.410473649099424e-06 3.235090060040092e-06 10.124082721814542 5.264309539693127e-06 5.264309539693127e-06 5.264309539693126e-07
0.10105403602401732 1.055903935957303e-06 1.3228152101400933e-06 7.675783855903935 4.855937291527688e-06 4.855937291527688e-06 4.855937291527688e-07
0.11462308205470471 5.8294863242162625e-06 3.370380253502408e-06 10.991327551701133 2.0860240160106544e-05 2.0860240160106544e-05 2.0860240160106543e-06
0.10933955970647245 3.6208138759172636e-06 1.1953302201467673e-06 11.565043362241493 2.9591627751834254e-05 2.9591627751834254e-05 2.9591627751834256e-06
0.19987991994663437 4.030486991327551e-06 3.7528352234824173e-06 8.39626417611741 4.642028018679125e-06 4.642028018679125e-06 4.642028018679125e-07
0.11390260173449122 5.6573048699133825e-06 3.211474316210803e-07 11.81854569713142 1.693208805870566e-05 1.693208805870566e-05 1.6932088058705659e-06
0.03272848565710467 6.025416944629885e-06 3.66437625083398e-06 12.232154769846563 1.3626217478318773e-05 1.3626217478318773e-05 1.3626217478318773e-06
0.19027351567712117 3.0448965977318095e-06 1.3384256170780516e-06 13.806537691794528 2.089913275516992e-05 2.089913275516992e-05 2.0899132755169917e-06
0.15725150100066954 2.771781187458295e-06 1.4294863242161416e-06 13.619746497665108 1.7593262174783035e-05 1.7593262174783035e-05 1.7593262174783036e-06
0.0945697131420959 7.234156104069376e-07 5.370913942628423e-07 6.0747164776517675 8.33682454969976e-06 8.33682454969976e-06 8.33682454969976e-07
0.03549032688458972 4.380787191460996e-06 3.419613075383584e-07 9.470313542361573 1.1953835890593644e-05 1.1953835890593644e-05 1.1953835890593644e-06
0.13503669112742026 8.89312875250199e-06 1e-07 7.062041360907271 5.517111407605065e-06 5.517111407605065e-06 5.517111407605065e-07
0.1616944629753194 6.351967978652588e-06 2.027885256837886e-06 12.645763842561706 2.4127218145430052e-05 2.4127218145430052e-05 2.4127218145430052e-06
0.1872715143428983 3.731154102735161e-07 2.9957304869913786e-06 12.058705803869245 1.2790026684456209e-05 1.2790026684456209e-05 1.279002668445621e-06
0.12374916611074226 5.1407605070047425e-06 2.769179452968642e-07 4.28685790527018 2.7277518345563435e-05 2.7277518345563435e-05 2.7277518345563435e-06
0.14632421614409827 8.73282188125448e-06 1.1172781854569758e-06 8.182788525683788 1.6018112074716344e-05 1.6018112074716344e-05 1.6018112074716345e-06
0.035010006671114056 6.114476317545167e-06 2.980120080053419e-06 9.070046697798531 2.619613075383594e-06 2.619613075383594e-06 2.619613075383594e-07
0.19147431621081032 3.91174116077384e-06 2.732955303535726e-06 8.429619746497664 2.723862575050006e-05 2.723862575050006e-05 2.723862575050006e-06
0.13959973315543903 7.4919279519682074e-06 2.8500333555704227e-06 6.6951300867244825 2.3485490326884363e-05 2.3485490326884363e-05 2.3485490326884362e-06
0.15328885923949534 5.037358238825891e-07 4.850567044696459e-07 4.5003335557038024 1.938232154769829e-05 1.938232154769829e-05 1.938232154769829e-06
0.1944763175450332 7.723482321547943e-06 3.513475650433704e-06 13.506337558372246 1.9187858572381414e-05 1.9187858572381414e-05 1.9187858572381416e-06
0.10957971981321028 1.946497665110067e-06 3.771047364910037e-06 13.839893262174781 6.392194796531005e-06 6.392194796531005e-06 6.392194796531005e-07
0.08520346897932053 6.369779853235645e-06 3.438025350233566e-06 11.204803202134755 1.8779486324215976e-05 1.8779486324215976e-05 1.8779486324215976e-06
0.06599066044029413 1.1187458305537024e-07 1.0834556370913995e-06 13.91994663108739 2.1715877251500796e-05 2.1715877251500796e-05 2.1715877251500798e-06
0.04365577051367594 1.6021347565043316e-06 1.096464309539698e-06 8.242828552368245 2.8366511007337938e-05 2.8366511007337938e-05 2.836651100733794e-06
0.04293529019346245 1.6140093395597018e-06 3.656571047365e-06 10.257505003335556 6.5283188792528175e-06 6.5283188792528175e-06 6.528318879252817e-07
0.15569046030687364 6.37571714476333e-06 3.1830553702468933e-06 12.745830553702467 1.2712241494329459e-05 1.2712241494329459e-05 1.271224149432946e-06
0.07199466310873988 4.740493662441636e-07 2.134556370913943e-06 11.211474316210806 1.9829586390927104e-05 1.9829586390927104e-05 1.98295863909271e-06
0.1153435623749182 4.8082721814543535e-06 2.766777851901305e-06 10.86457638425617 9.620280186791138e-06 9.620280186791138e-06 9.620280186791138e-07
0.09841227484990119 4.837958639092781e-06 1.0392261507671843e-06 5.220813875917278 2.28048699132753e-05 2.28048699132753e-05 2.28048699132753e-06
0.1048965977318226 8.406270847231777e-06 1.7104736490993908e-06 12.265510340226816 6.217178118745817e-06 6.217178118745817e-06 6.217178118745817e-07
0.023482321547698436 3.8464309539693e-06 8.050700466978039e-07 7.302201467645096 2.550790527017987e-05 2.550790527017987e-05 2.550790527017987e-06
0.05782521681120791 5.39606404269522e-06 1.6870580386924534e-06 11.73182121414276 1.3684556370913836e-05 1.3684556370913836e-05 1.3684556370913836e-06
0.10801867911941439 3.2230153435623623e-06 1.3202134756504336e-06 12.97264843228819 2.105470313542342e-05 2.105470313542342e-05 2.105470313542342e-06
0.16385590393595986 1.2162108072048005e-06 1.1094729819879967e-06 7.475650433622414 8.881320880587011e-06 8.881320880587011e-06 8.881320880587011e-07
0.1704603068712502 1.9880587058038627e-06 2.0122748498999263e-06 11.398265510340226 2.8638759172781564e-05 2.8638759172781564e-05 2.8638759172781563e-06
0.09601067378252288 2.569913275517002e-06 1.8509673115410155e-06 13.172781854569712 7.889559706470946e-06 7.889559706470946e-06 7.889559706470946e-07
0.14140093395597275 7.248498999333101e-06 2.4753835890593932e-06 4.146764509673115 2.2610406937958423e-05 2.2610406937958423e-05 2.2610406937958422e-06
0.063348899266178 8.804069379586707e-06 2.8474316210807628e-06 8.883255503669112 2.716844563042034e-06 2.716844563042034e-06 2.716844563042034e-07
