fates_allom_d2bl1,fates_maintresp_leaf_ryan1991_baserate,fates_maintresp_nonleaf_baserate,fates_cnp_store_ovrflw_frac,fates_cnp_vmax_nh4,fates_cnp_vmax_no3,fates_cnp_vmax_p
0.030741482965931863,1.1783567134268536e-07,1.1783567134268536e-07,0.02004008016032064,1.013725393733874e-09,1.013725393733874e-09,1.013725393733874e-10
0.03148296593186373,1.3567134268537072e-07,1.3567134268537072e-07,0.04008016032064128,1.0276391739009046e-09,1.0276391739009046e-09,1.0276391739009046e-10
0.03222444889779559,1.5350701402805608e-07,1.5350701402805608e-07,0.06012024048096192,1.0417439261790504e-09,1.0417439261790504e-09,1.0417439261790504e-10
0.032965931863727455,1.7134268537074145e-07,1.7134268537074145e-07,0.08016032064128256,1.0560422717357328e-09,1.0560422717357328e-09,1.0560422717357329e-10
0.03370741482965932,1.891783567134268e-07,1.891783567134268e-07,0.1002004008016032,1.0705368677149237e-09,1.0705368677149237e-09,1.0705368677149237e-10
0.03444889779559118,2.0701402805611217e-07,2.0701402805611217e-07,0.12024048096192383,1.0852304077309461e-09,1.0852304077309461e-09,1.0852304077309461e-10
0.035190380761523046,2.2484969939879754e-07,2.2484969939879754e-07,0.14028056112224446,1.100125622369029e-09,1.100125622369029e-09,1.1001256223690291e-10
0.03593186372745491,2.426853707414829e-07,2.426853707414829e-07,0.1603206412825651,1.1152252796927704e-09,1.1152252796927704e-09,1.1152252796927704e-10
0.036673346693386774,2.6052104208416826e-07,2.6052104208416826e-07,0.18036072144288573,1.130532185758527e-09,1.130532185758527e-09,1.130532185758527e-10
0.03741482965931864,2.783567134268536e-07,2.783567134268536e-07,0.20040080160320636,1.1460491851368872e-09,1.1460491851368872e-09,1.1460491851368872e-10
0.0381563126252505,2.96192384769539e-07,2.96192384769539e-07,0.220440881763527,1.16177916144128e-09,1.16177916144128e-09,1.16177916144128e-10
0.038897795591182366,3.1402805611222435e-07,3.1402805611222435e-07,0.24048096192384763,1.1777250378638748e-09,1.1777250378638748e-09,1.1777250378638748e-10
0.03963927855711423,3.318637274549097e-07,3.318637274549097e-07,0.26052104208416826,1.1938897777188017e-09,1.1938897777188017e-09,1.1938897777188016e-10
0.040380761523046094,3.496993987975951e-07,3.496993987975951e-07,0.2805611222444889,1.2102763849928474e-09,1.2102763849928474e-09,1.2102763849928473e-10
0.04112224448897796,3.6753507014028044e-07,3.6753507014028044e-07,0.3006012024048096,1.2268879049036874e-09,1.2268879049036874e-09,1.2268879049036875e-10
0.04186372745490982,3.853707414829658e-07,3.853707414829658e-07,0.32064128256513025,1.2437274244658219e-09,1.2437274244658219e-09,1.243727424465822e-10
0.042605210420841685,4.0320641282565117e-07,4.0320641282565117e-07,0.3406813627254509,1.2607980730642359e-09,1.2607980730642359e-09,1.260798073064236e-10
0.04334669338677355,4.2104208416833653e-07,4.2104208416833653e-07,0.36072144288577157,1.2781030230359604e-09,1.2781030230359604e-09,1.2781030230359604e-10
0.04408817635270541,4.388777555110219e-07,4.388777555110219e-07,0.38076152304609223,1.2956454902595874e-09,1.2956454902595874e-09,1.2956454902595874e-10
0.04482965931863728,4.5671342685370725e-07,4.5671342685370725e-07,0.4008016032064129,1.3134287347529223e-09,1.3134287347529223e-09,1.3134287347529222e-10
0.04557114228456914,4.745490981963926e-07,4.745490981963926e-07,0.42084168336673355,1.3314560612787938e-09,1.3314560612787938e-09,1.331456061278794e-10
0.046312625250501005,4.92384769539078e-07,4.92384769539078e-07,0.4408817635270542,1.3497308199592072e-09,1.3497308199592072e-09,1.3497308199592072e-10
0.04705410821643287,5.102204408817633e-07,5.102204408817633e-07,0.4609218436873749,1.368256406897896e-09,1.368256406897896e-09,1.368256406897896e-10
0.04779559118236473,5.280561122244487e-07,5.280561122244487e-07,0.48096192384769554,1.3870362648114694e-09,1.3870362648114694e-09,1.3870362648114693e-10
0.0485370741482966,5.458917835671341e-07,5.458917835671341e-07,0.5010020040080162,1.4060738836691728e-09,1.4060738836691728e-09,1.4060738836691727e-10
0.04927855711422846,5.637274549098194e-07,5.637274549098194e-07,0.5210420841683369,1.4253728013414538e-09,1.4253728013414538e-09,1.4253728013414537e-10
0.050020040080160325,5.815631262525048e-07,5.815631262525048e-07,0.5410821643286575,1.4449366042574293e-09,1.4449366042574293e-09,1.4449366042574294e-10
0.05076152304609219,5.993987975951902e-07,5.993987975951902e-07,0.5611222444889782,1.4647689280713536e-09,1.4647689280713536e-09,1.4647689280713537e-10
0.05150300601202405,6.172344689378755e-07,6.172344689378755e-07,0.5811623246492988,1.484873458338282e-09,1.484873458338282e-09,1.484873458338282e-10
0.052244488977955916,6.350701402805609e-07,6.350701402805609e-07,0.6012024048096195,1.5052539311989583e-09,1.5052539311989583e-09,1.5052539311989582e-10
0.05298597194388778,6.529058116232462e-07,6.529058116232462e-07,0.6212424849699402,1.5259141340741356e-09,1.5259141340741356e-09,1.5259141340741356e-10
0.053727454909819644,6.707414829659316e-07,6.707414829659316e-07,0.6412825651302608,1.5468579063683909e-09,1.5468579063683909e-09,1.546857906368391e-10
0.05446893787575151,6.88577154308617e-07,6.88577154308617e-07,0.6613226452905815,1.5680891401836577e-09,1.5680891401836577e-09,1.5680891401836577e-10
0.05521042084168337,7.064128256513023e-07,7.064128256513023e-07,0.6813627254509022,1.589611781042495e-09,1.589611781042495e-09,1.589611781042495e-10
0.055951903807615236,7.242484969939877e-07,7.242484969939877e-07,0.7014028056112228,1.6114298286213184e-09,1.6114298286213184e-09,1.6114298286213184e-10
0.0566933867735471,7.420841683366731e-07,7.420841683366731e-07,0.7214428857715435,1.6335473374936599e-09,1.6335473374936599e-09,1.63354733749366e-10
0.057434869739478964,7.599198396793584e-07,7.599198396793584e-07,0.7414829659318641,1.6559684178836865e-09,1.6559684178836865e-09,1.6559684178836866e-10
0.05817635270541083,7.777555110220438e-07,7.777555110220438e-07,0.7615230460921848,1.6786972364300054e-09,1.6786972364300054e-09,1.6786972364300054e-10
0.05891783567134269,7.955911823647291e-07,7.955911823647291e-07,0.7815631262525055,1.7017380169599847e-09,1.7017380169599847e-09,1.7017380169599846e-10
0.059659318637274555,8.134268537074145e-07,8.134268537074145e-07,0.8016032064128261,1.7250950412746673e-09,1.7250950412746673e-09,1.7250950412746673e-10
0.06040080160320642,8.312625250500999e-07,8.312625250500999e-07,0.8216432865731468,1.7487726499445205e-09,1.7487726499445205e-09,1.7487726499445206e-10
0.06114228456913828,8.490981963927852e-07,8.490981963927852e-07,0.8416833667334674,1.7727752431160446e-09,1.7727752431160446e-09,1.7727752431160447e-10
0.06188376753507015,8.669338677354706e-07,8.669338677354706e-07,0.8617234468937881,1.7971072813294882e-09,1.7971072813294882e-09,1.797107281329488e-10
0.06262525050100201,8.84769539078156e-07,8.84769539078156e-07,0.8817635270541088,1.8217732863477525e-09,1.8217732863477525e-09,1.8217732863477524e-10
0.06336673346693387,9.026052104208413e-07,9.026052104208413e-07,0.9018036072144294,1.8467778419967344e-09,1.8467778419967344e-09,1.8467778419967343e-10
0.06410821643286574,9.204408817635267e-07,9.204408817635267e-07,0.9218436873747501,1.8721255950171393e-09,1.8721255950171393e-09,1.8721255950171394e-10
0.0648496993987976,9.382765531062121e-07,9.382765531062121e-07,0.9418837675350707,1.897821255928025e-09,1.897821255928025e-09,1.897821255928025e-10
0.06559118236472947,9.561122244488975e-07,9.561122244488975e-07,0.9619238476953914,1.923869599902158e-09,1.923869599902158e-09,1.923869599902158e-10
0.06633266533066133,9.739478957915829e-07,9.739478957915829e-07,0.9819639278557121,1.950275467653451e-09,1.950275467653451e-09,1.950275467653451e-10
0.0670741482965932,9.917835671342682e-07,9.917835671342682e-07,1.0020040080160326,1.9770437663365156e-09,1.9770437663365156e-09,1.9770437663365157e-10
0.06781563126252506,1.0096192384769536e-06,1.0096192384769536e-06,1.0220440881763533,2.0041794704585913e-09,2.0041794704585913e-09,2.0041794704585913e-10
0.06855711422845692,1.027454909819639e-06,1.027454909819639e-06,1.042084168336674,2.031687622803996e-09,2.031687622803996e-09,2.031687622803996e-10
0.06929859719438879,1.0452905811623243e-06,1.0452905811623243e-06,1.0621242484969946,2.0595733353712252e-09,2.0595733353712252e-09,2.0595733353712253e-10
0.07004008016032065,1.0631262525050097e-06,1.0631262525050097e-06,1.0821643286573153,2.0878417903229896e-09,2.0878417903229896e-09,2.0878417903229896e-10
0.07078156312625251,1.080961923847695e-06,1.080961923847695e-06,1.102204408817636,2.116498240949215e-09,2.116498240949215e-09,2.116498240949215e-10
0.07152304609218438,1.0987975951903804e-06,1.0987975951903804e-06,1.1222444889779566,2.1455480126433085e-09,2.1455480126433085e-09,2.1455480126433086e-10
0.07226452905811624,1.1166332665330658e-06,1.1166332665330658e-06,1.1422845691382773,2.1749965038917753e-09,2.1749965038917753e-09,2.1749965038917753e-10
0.0730060120240481,1.1344689378757512e-06,1.1344689378757512e-06,1.162324649298598,2.2048491872774957e-09,2.2048491872774957e-09,2.2048491872774958e-10
0.07374749498997997,1.1523046092184365e-06,1.1523046092184365e-06,1.1823647294589186,2.235111610496698e-09,2.235111610496698e-09,2.235111610496698e-10
0.07448897795591183,1.1701402805611219e-06,1.1701402805611219e-06,1.2024048096192392,2.265789397389933e-09,2.265789397389933e-09,2.265789397389933e-10
0.0752304609218437,1.1879759519038072e-06,1.1879759519038072e-06,1.22244488977956,2.2968882489871535e-09,2.2968882489871535e-09,2.2968882489871535e-10
0.07597194388777556,1.2058116232464926e-06,1.2058116232464926e-06,1.2424849699398806,2.3284139445672174e-09,2.3284139445672174e-09,2.3284139445672174e-10
0.07671342685370743,1.223647294589178e-06,1.223647294589178e-06,1.2625250501002012,2.360372342731852e-09,2.360372342731852e-09,2.3603723427318517e-10
0.07745490981963929,1.2414829659318633e-06,1.2414829659318633e-06,1.2825651302605219,2.3927693824944086e-09,2.3927693824944086e-09,2.3927693824944087e-10
0.07819639278557115,1.2593186372745487e-06,1.2593186372745487e-06,1.3026052104208425,2.42561108438351e-09,2.42561108438351e-09,2.42561108438351e-10
0.07893787575150302,1.277154308617234e-06,1.277154308617234e-06,1.3226452905811632,2.4589035515619297e-09,2.4589035515619297e-09,2.45890355156193e-10
0.07967935871743488,1.2949899799599194e-06,1.2949899799599194e-06,1.3426853707414839,2.4926529709607457e-09,2.4926529709607457e-09,2.4926529709607457e-10
0.08042084168336674,1.3128256513026048e-06,1.3128256513026048e-06,1.3627254509018045,2.5268656144291093e-09,2.5268656144291093e-09,2.526865614429109e-10
0.08116232464929861,1.3306613226452901e-06,1.3306613226452901e-06,1.3827655310621252,2.5615478398997436e-09,2.5615478398997436e-09,2.561547839899744e-10
0.08190380761523047,1.3484969939879755e-06,1.3484969939879755e-06,1.4028056112224458,2.5967060925705295e-09,2.5967060925705295e-09,2.5967060925705297e-10
0.08264529058116234,1.3663326653306609e-06,1.3663326653306609e-06,1.4228456913827665,2.632346906102217e-09,2.632346906102217e-09,2.632346906102217e-10
0.0833867735470942,1.3841683366733462e-06,1.3841683366733462e-06,1.4428857715430872,2.6684769038326323e-09,2.6684769038326323e-09,2.6684769038326324e-10
0.08412825651302606,1.4020040080160316e-06,1.4020040080160316e-06,1.4629258517034078,2.705102800007492e-09,2.705102800007492e-09,2.705102800007492e-10
0.08486973947895793,1.419839679358717e-06,1.419839679358717e-06,1.4829659318637285,2.742231401028208e-09,2.742231401028208e-09,2.7422314010282076e-10
0.08561122244488979,1.4376753507014023e-06,1.4376753507014023e-06,1.5030060120240492,2.779869606716721e-09,2.779869606716721e-09,2.779869606716721e-10
0.08635270541082166,1.4555110220440877e-06,1.4555110220440877e-06,1.5230460921843698,2.818024411597746e-09,2.818024411597746e-09,2.818024411597746e-10
0.08709418837675352,1.473346693386773e-06,1.473346693386773e-06,1.5430861723446905,2.856702906198612e-09,2.856702906198612e-09,2.856702906198612e-10
0.08783567134268538,1.4911823647294584e-06,1.4911823647294584e-06,1.5631262525050111,2.8959122783668986e-09,2.8959122783668986e-09,2.895912278366899e-10
0.08857715430861725,1.5090180360721438e-06,1.5090180360721438e-06,1.5831663326653318,2.935659814606253e-09,2.935659814606253e-09,2.9356598146062527e-10
0.08931863727454911,1.5268537074148291e-06,1.5268537074148291e-06,1.6032064128256525,2.9759529014304438e-09,2.9759529014304438e-09,2.975952901430444e-10
0.09006012024048098,1.5446893787575145e-06,1.5446893787575145e-06,1.6232464929859731,3.016799026736061e-09,3.016799026736061e-09,3.016799026736061e-10
0.09080160320641284,1.5625250501001999e-06,1.5625250501001999e-06,1.6432865731462938,3.05820578119399e-09,3.05820578119399e-09,3.0582057811939897e-10
0.0915430861723447,1.5803607214428852e-06,1.5803607214428852e-06,1.6633266533066144,3.1001808596600962e-09,3.1001808596600962e-09,3.100180859660096e-10
0.09228456913827657,1.5981963927855706e-06,1.5981963927855706e-06,1.683366733466935,3.14273206260516e-09,3.14273206260516e-09,3.14273206260516e-10
0.09302605210420843,1.616032064128256e-06,1.616032064128256e-06,1.7034068136272558,3.1858672975645063e-09,3.1858672975645063e-09,3.185867297564506e-10
0.0937675350701403,1.6338677354709413e-06,1.6338677354709413e-06,1.7234468937875764,3.229594580607462e-09,3.229594580607462e-09,3.229594580607462e-10
0.09450901803607216,1.6517034068136267e-06,1.6517034068136267e-06,1.743486973947897,3.2739220378270947e-09,3.2739220378270947e-09,3.273922037827095e-10
0.09525050100200402,1.669539078156312e-06,1.669539078156312e-06,1.7635270541082178,3.318857906850288e-09,3.318857906850288e-09,3.318857906850288e-10
0.09599198396793589,1.6873747494989974e-06,1.6873747494989974e-06,1.7835671342685384,3.3644105383686107e-09,3.3644105383686107e-09,3.364410538368611e-10
0.09673346693386775,1.7052104208416828e-06,1.7052104208416828e-06,1.803607214428859,3.4105883976901252e-09,3.4105883976901252e-09,3.410588397690125e-10
0.09747494989979961,1.7230460921843681e-06,1.7230460921843681e-06,1.8236472945891797,3.4574000663126143e-09,3.4574000663126143e-09,3.4574000663126144e-10
0.09821643286573148,1.7408817635270535e-06,1.7408817635270535e-06,1.8436873747495004,3.5048542435182872e-09,3.5048542435182872e-09,3.504854243518287e-10
0.09895791583166334,1.7587174348697389e-06,1.7587174348697389e-06,1.863727454909821,3.5529597479904375e-09,3.5529597479904375e-09,3.5529597479904377e-10
0.0996993987975952,1.7765531062124242e-06,1.7765531062124242e-06,1.8837675350701417,3.601725519452223e-09,3.601725519452223e-09,3.6017255194522227e-10
0.10044088176352707,1.7943887775551096e-06,1.7943887775551096e-06,1.9038076152304624,3.651160620328057e-09,3.651160620328057e-09,3.6511606203280566e-10
0.10118236472945893,1.812224448897795e-06,1.812224448897795e-06,1.923847695390783,3.701274237427686e-09,3.701274237427686e-09,3.701274237427686e-10
0.1019238476953908,1.8300601202404803e-06,1.8300601202404803e-06,1.9438877755511037,3.75207568365345e-09,3.75207568365345e-09,3.75207568365345e-10
0.10266533066132266,1.8478957915831657e-06,1.8478957915831657e-06,1.9639278557114244,3.803574399730899e-09,3.803574399730899e-09,3.803574399730899e-10
0.10340681362725453,1.865731462925851e-06,1.865731462925851e-06,1.983967935871745,3.8557799559633e-09,3.8557799559633e-09,3.8557799559633e-10
0.10414829659318639,1.8835671342685364e-06,1.8835671342685364e-06,2.0040080160320657,3.908702054010087e-09,3.908702054010087e-09,3.908702054010087e-10
0.10488977955911825,1.9014028056112218e-06,1.9014028056112218e-06,2.024048096192386,3.962350528689789e-09,3.962350528689789e-09,3.9623505286897886e-10
0.10563126252505012,1.9192384769539073e-06,1.9192384769539073e-06,2.0440881763527066,4.016735349807706e-09,4.016735349807706e-09,4.016735349807706e-10
0.10637274549098198,1.9370741482965927e-06,1.9370741482965927e-06,2.064128256513027,4.0718666240085985e-09,4.0718666240085985e-09,4.0718666240085986e-10
0.10711422845691385,1.954909819639278e-06,1.954909819639278e-06,2.0841683366733474,4.127754596654949e-09,4.127754596654949e-09,4.1277545966549487e-10
0.10785571142284571,1.9727454909819634e-06,1.9727454909819634e-06,2.104208416833668,4.184409653730859e-09,4.184409653730859e-09,4.1844096537308587e-10
0.10859719438877757,1.9905811623246488e-06,1.9905811623246488e-06,2.1242484969939883,4.241842323772165e-09,4.241842323772165e-09,4.2418423237721653e-10
0.10933867735470944,2.008416833667334e-06,2.008416833667334e-06,2.1442885771543088,4.300063279822961e-09,4.300063279822961e-09,4.300063279822961e-10
0.1100801603206413,2.0262525050100195e-06,2.0262525050100195e-06,2.164328657314629,4.359083341419118e-09,4.359083341419118e-09,4.359083341419118e-10
0.11082164328657317,2.044088176352705e-06,2.044088176352705e-06,2.1843687374749496,4.41891347659888e-09,4.41891347659888e-09,4.41891347659888e-10
0.11156312625250503,2.0619238476953902e-06,2.0619238476953902e-06,2.20440881763527,4.4795648039411505e-09,4.4795648039411505e-09,4.4795648039411507e-10
0.1123046092184369,2.0797595190380756e-06,2.0797595190380756e-06,2.2244488977955905,4.5410485946316596e-09,4.5410485946316596e-09,4.5410485946316594e-10
0.11304609218436876,2.097595190380761e-06,2.097595190380761e-06,2.244488977955911,4.603376274557647e-09,4.603376274557647e-09,4.603376274557647e-10
0.11378757515030062,2.1154308617234463e-06,2.1154308617234463e-06,2.2645290581162314,4.666559426431139e-09,4.666559426431139e-09,4.666559426431139e-10
0.11452905811623248,2.1332665330661317e-06,2.1332665330661317e-06,2.284569138276552,4.730609791941458e-09,4.730609791941458e-09,4.730609791941458e-10
0.11527054108216435,2.151102204408817e-06,2.151102204408817e-06,2.3046092184368723,4.795539273937188e-09,4.795539273937188e-09,4.795539273937188e-10
0.11601202404809621,2.1689378757515024e-06,2.1689378757515024e-06,2.3246492985971927,4.861359938638247e-09,4.861359938638247e-09,4.861359938638247e-10
0.11675350701402808,2.1867735470941878e-06,2.1867735470941878e-06,2.344689378757513,4.928084017878153e-09,4.928084017878153e-09,4.928084017878153e-10
0.11749498997995994,2.204609218436873e-06,2.204609218436873e-06,2.3647294589178336,4.995723911377175e-09,4.995723911377175e-09,4.995723911377175e-10
0.1182364729458918,2.2224448897795585e-06,2.2224448897795585e-06,2.384769539078154,5.06429218904657e-09,5.06429218904657e-09,5.06429218904657e-10
0.11897795591182367,2.240280561122244e-06,2.240280561122244e-06,2.4048096192384745,5.133801593324632e-09,5.133801593324632e-09,5.133801593324632e-10
0.11971943887775553,2.2581162324649292e-06,2.2581162324649292e-06,2.424849699398795,5.204265041544617e-09,5.204265041544617e-09,5.204265041544616e-10
0.1204609218436874,2.2759519038076146e-06,2.2759519038076146e-06,2.4448897795591154,5.275695628335287e-09,5.275695628335287e-09,5.275695628335287e-10
0.12120240480961926,2.2937875751503e-06,2.2937875751503e-06,2.464929859719436,5.348106628054282e-09,5.348106628054282e-09,5.348106628054282e-10
0.12194388777555112,2.3116232464929853e-06,2.3116232464929853e-06,2.4849699398797562,5.421511497255084e-09,5.421511497255084e-09,5.421511497255084e-10
0.12268537074148299,2.3294589178356707e-06,2.3294589178356707e-06,2.5050100200400767,5.495923877187651e-09,5.495923877187651e-09,5.495923877187652e-10
0.12342685370741485,2.347294589178356e-06,2.347294589178356e-06,2.525050100200397,5.571357596333467e-09,5.571357596333467e-09,5.571357596333467e-10
0.12416833667334672,2.3651302605210414e-06,2.3651302605210414e-06,2.5450901803607175,5.64782667297539e-09,5.64782667297539e-09,5.64782667297539e-10
0.12490981963927858,2.3829659318637268e-06,2.3829659318637268e-06,2.565130260521038,5.72534531780267e-09,5.72534531780267e-09,5.72534531780267e-10
0.12565130260521043,2.400801603206412e-06,2.400801603206412e-06,2.5851703406813584,5.8039279365519205e-09,5.8039279365519205e-09,5.80392793655192e-10
0.12639278557114228,2.4186372745490975e-06,2.4186372745490975e-06,2.605210420841679,5.883589132684143e-09,5.883589132684143e-09,5.883589132684143e-10
0.12713426853707413,2.436472945891783e-06,2.436472945891783e-06,2.6252505010019993,5.964343710098615e-09,5.964343710098615e-09,5.964343710098615e-10
0.12787575150300598,2.4543086172344682e-06,2.4543086172344682e-06,2.6452905811623197,6.046206675883891e-09,6.046206675883891e-09,6.046206675883891e-10
0.12861723446893783,2.4721442885771536e-06,2.4721442885771536e-06,2.66533066132264,6.1291932431067915e-09,6.1291932431067915e-09,6.129193243106791e-10
0.12935871743486968,2.489979959919839e-06,2.489979959919839e-06,2.6853707414829606,6.21331883363945e-09,6.21331883363945e-09,6.21331883363945e-10
0.13010020040080153,2.5078156312625243e-06,2.5078156312625243e-06,2.705410821643281,6.298599081025288e-09,6.298599081025288e-09,6.298599081025288e-10
0.13084168336673338,2.5256513026052097e-06,2.5256513026052097e-06,2.7254509018036015,6.385049833384195e-09,6.385049833384195e-09,6.385049833384194e-10
0.13158316633266523,2.543486973947895e-06,2.543486973947895e-06,2.745490981963922,6.472687156357818e-09,6.472687156357818e-09,6.472687156357818e-10
0.13232464929859708,2.5613226452905804e-06,2.5613226452905804e-06,2.7655310621242424,6.561527336095038e-09,6.561527336095038e-09,6.561527336095037e-10
0.13306613226452893,2.5791583166332658e-06,2.5791583166332658e-06,2.785571142284563,6.651586882278562e-09,6.651586882278562e-09,6.651586882278563e-10
0.13380761523046078,2.596993987975951e-06,2.596993987975951e-06,2.8056112224448833,6.7428825311929265e-09,6.7428825311929265e-09,6.742882531192926e-10
0.13454909819639263,2.6148296593186365e-06,2.6148296593186365e-06,2.8256513026052037,6.83543124883483e-09,6.83543124883483e-09,6.83543124883483e-10
0.13529058116232448,2.632665330661322e-06,2.632665330661322e-06,2.845691382765524,6.9292502340659346e-09,6.9292502340659346e-09,6.929250234065935e-10
0.13603206412825633,2.6505010020040072e-06,2.6505010020040072e-06,2.8657314629258446,7.024356921809074e-09,7.024356921809074e-09,7.024356921809073e-10
0.13677354709418818,2.6683366733466926e-06,2.6683366733466926e-06,2.885771543086165,7.120768986288187e-09,7.120768986288187e-09,7.120768986288187e-10
0.13751503006012003,2.686172344689378e-06,2.686172344689378e-06,2.9058116232464855,7.218504344312973e-09,7.218504344312973e-09,7.218504344312973e-10
0.13825651302605188,2.7040080160320633e-06,2.7040080160320633e-06,2.925851703406806,7.31758115860837e-09,7.31758115860837e-09,7.31758115860837e-10
0.13899799599198373,2.7218436873747487e-06,2.7218436873747487e-06,2.9458917835671263,7.418017841189869e-09,7.418017841189869e-09,7.418017841189868e-10
0.13973947895791558,2.739679358717434e-06,2.739679358717434e-06,2.9659318637274468,7.51983305678515e-09,7.51983305678515e-09,7.51983305678515e-10
0.14048096192384743,2.7575150300601194e-06,2.7575150300601194e-06,2.985971943887767,7.62304572630255e-09,7.62304572630255e-09,7.62304572630255e-10
0.14122244488977928,2.7753507014028048e-06,2.7753507014028048e-06,3.0060120240480876,7.7276750303474e-09,7.7276750303474e-09,7.727675030347399e-10
0.14196392785571113,2.79318637274549e-06,2.79318637274549e-06,3.026052104208408,7.833740412786367e-09,7.833740412786367e-09,7.833740412786367e-10
0.14270541082164298,2.8110220440881755e-06,2.8110220440881755e-06,3.0460921843687285,7.941261584360872e-09,7.941261584360872e-09,7.941261584360872e-10
0.14344689378757483,2.828857715430861e-06,2.828857715430861e-06,3.066132264529049,8.050258526349937e-09,8.050258526349937e-09,8.050258526349936e-10
0.14418837675350668,2.846693386773546e-06,2.846693386773546e-06,3.0861723446893694,8.16075149428359e-09,8.16075149428359e-09,8.160751494283589e-10
0.14492985971943853,2.8645290581162316e-06,2.8645290581162316e-06,3.10621242484969,8.272761021706957e-09,8.272761021706957e-09,8.272761021706957e-10
0.14567134268537038,2.882364729458917e-06,2.882364729458917e-06,3.1262525050100103,8.386307923996184e-09,8.386307923996184e-09,8.386307923996184e-10
0.14641282565130223,2.9002004008016023e-06,2.9002004008016023e-06,3.1462925851703307,8.501413302226564e-09,8.501413302226564e-09,8.501413302226564e-10
0.14715430861723408,2.9180360721442877e-06,2.9180360721442877e-06,3.166332665330651,8.618098547094042e-09,8.618098547094042e-09,8.618098547094042e-10
0.14789579158316593,2.935871743486973e-06,2.935871743486973e-06,3.1863727454909716,8.736385342890261e-09,8.736385342890261e-09,8.736385342890261e-10
0.14863727454909778,2.9537074148296584e-06,2.9537074148296584e-06,3.206412825651292,8.856295671532333e-09,8.856295671532333e-09,8.856295671532332e-10
0.14937875751502963,2.9715430861723437e-06,2.9715430861723437e-06,3.2264529058116125,8.977851816647744e-09,8.977851816647744e-09,8.977851816647745e-10
0.15012024048096148,2.989378757515029e-06,2.989378757515029e-06,3.246492985971933,9.101076367715638e-09,9.101076367715638e-09,9.101076367715638e-10
0.15086172344689333,3.0072144288577145e-06,3.0072144288577145e-06,3.2665330661322534,9.225992224264617e-09,9.225992224264617e-09,9.225992224264617e-10
0.15160320641282518,3.0250501002004e-06,3.0250501002004e-06,3.286573146292574,9.352622600128368e-09,9.352622600128368e-09,9.352622600128369e-10
0.15234468937875703,3.042885771543085e-06,3.042885771543085e-06,3.3066132264528942,9.480991027759488e-09,9.480991027759488e-09,9.480991027759488e-10
0.15308617234468888,3.0607214428857706e-06,3.0607214428857706e-06,3.3266533066132147,9.61112136260284e-09,9.61112136260284e-09,9.61112136260284e-10
0.15382765531062073,3.078557114228456e-06,3.078557114228456e-06,3.346693386773535,9.74303778752864e-09,9.74303778752864e-09,9.74303778752864e-10
0.15456913827655258,3.0963927855711413e-06,3.0963927855711413e-06,3.3667334669338556,9.876764817326548e-09,9.876764817326548e-09,9.876764817326548e-10
0.15531062124248443,3.1142284569138266e-06,3.1142284569138266e-06,3.386773547094176,1.0012327303261258e-08,1.0012327303261258e-08,1.0012327303261257e-09
0.15605210420841628,3.132064128256512e-06,3.132064128256512e-06,3.4068136272544964,1.0149750437690964e-08,1.0149750437690964e-08,1.0149750437690964e-09
0.15679358717434813,3.1498997995991974e-06,3.1498997995991974e-06,3.426853707414817,1.0289059758748863e-08,1.0289059758748863e-08,1.0289059758748863e-09
0.15753507014027998,3.1677354709418827e-06,3.1677354709418827e-06,3.4468937875751373,1.043028115508908e-08,1.043028115508908e-08,1.043028115508908e-09
0.15827655310621183,3.185571142284568e-06,3.185571142284568e-06,3.4669338677354578,1.0573440870697752e-08,1.0573440870697752e-08,1.0573440870697751e-09
0.15901803607214368,3.2034068136272535e-06,3.2034068136272535e-06,3.486973947895778,1.0718565509769945e-08,1.0718565509769945e-08,1.0718565509769944e-09
0.15975951903807553,3.221242484969939e-06,3.221242484969939e-06,3.5070140280560986,1.0865682041653891e-08,1.0865682041653891e-08,1.086568204165389e-09
0.16050100200400738,3.239078156312624e-06,3.239078156312624e-06,3.527054108216419,1.1014817805862707e-08,1.1014817805862707e-08,1.1014817805862707e-09
0.16124248496993923,3.2569138276553096e-06,3.2569138276553096e-06,3.5470941883767395,1.1166000517155131e-08,1.1166000517155131e-08,1.116600051715513e-09
0.16198396793587108,3.274749498997995e-06,3.274749498997995e-06,3.56713426853706,1.131925827068576e-08,1.131925827068576e-08,1.131925827068576e-09
0.16272545090180293,3.2925851703406803e-06,3.2925851703406803e-06,3.5871743486973804,1.1474619547226363e-08,1.1474619547226363e-08,1.1474619547226362e-09
0.16346693386773478,3.3104208416833656e-06,3.3104208416833656e-06,3.607214428857701,1.1632113218458487e-08,1.1632113218458487e-08,1.1632113218458486e-09
0.16420841683366663,3.328256513026051e-06,3.328256513026051e-06,3.6272545090180213,1.1791768552338905e-08,1.1791768552338905e-08,1.1791768552338905e-09
0.16494989979959848,3.3460921843687364e-06,3.3460921843687364e-06,3.6472945891783417,1.1953615218538506e-08,1.1953615218538506e-08,1.1953615218538506e-09
0.16569138276553033,3.3639278557114217e-06,3.3639278557114217e-06,3.667334669338662,1.211768329395621e-08,1.211768329395621e-08,1.211768329395621e-09
0.16643286573146218,3.381763527054107e-06,3.381763527054107e-06,3.6873747494989826,1.2284003268308182e-08,1.2284003268308182e-08,1.2284003268308182e-09
0.16717434869739403,3.3995991983967925e-06,3.3995991983967925e-06,3.707414829659303,1.2452606049793987e-08,1.2452606049793987e-08,1.2452606049793987e-09
0.16791583166332588,3.417434869739478e-06,3.417434869739478e-06,3.7274549098196235,1.2623522970840267e-08,1.2623522970840267e-08,1.2623522970840266e-09
0.16865731462925773,3.435270541082163e-06,3.435270541082163e-06,3.747494989979944,1.279678579392369e-08,1.279678579392369e-08,1.279678579392369e-09
0.16939879759518958,3.4531062124248485e-06,3.4531062124248485e-06,3.7675350701402643,1.2972426717473375e-08,1.2972426717473375e-08,1.2972426717473376e-09
0.17014028056112143,3.470941883767534e-06,3.470941883767534e-06,3.787575150300585,1.315047838185461e-08,1.315047838185461e-08,1.3150478381854609e-09
0.17088176352705328,3.4887775551102193e-06,3.4887775551102193e-06,3.807615230460905,1.33309738754344e-08,1.33309738754344e-08,1.33309738754344e-09
0.17162324649298513,3.5066132264529046e-06,3.5066132264529046e-06,3.8276553106212257,1.3513946740730766e-08,1.3513946740730766e-08,1.3513946740730766e-09
0.17236472945891698,3.52444889779559e-06,3.52444889779559e-06,3.847695390781546,1.3699430980645937e-08,1.3699430980645937e-08,1.3699430980645937e-09
0.17310621242484883,3.5422845691382754e-06,3.5422845691382754e-06,3.8677354709418665,1.3887461064785426e-08,1.3887461064785426e-08,1.3887461064785426e-09
0.17384769539078068,3.5601202404809607e-06,3.5601202404809607e-06,3.887775551102187,1.4078071935863491e-08,1.4078071935863491e-08,1.407807193586349e-09
0.17458917835671253,3.577955911823646e-06,3.577955911823646e-06,3.9078156312625074,1.427129901619706e-08,1.427129901619706e-08,1.427129901619706e-09
0.17533066132264438,3.5957915831663314e-06,3.5957915831663314e-06,3.927855711422828,1.4467178214288255e-08,1.4467178214288255e-08,1.4467178214288254e-09
0.17607214428857623,3.613627254509017e-06,3.613627254509017e-06,3.9478957915831483,1.4665745931497528e-08,1.4665745931497528e-08,1.4665745931497528e-09
0.17681362725450808,3.631462925851702e-06,3.631462925851702e-06,3.9679358717434687,1.486703906880839e-08,1.486703906880839e-08,1.486703906880839e-09
0.17755511022043993,3.6492985971943875e-06,3.6492985971943875e-06,3.987975951903789,1.5071095033684714e-08,1.5071095033684714e-08,1.5071095033684714e-09
0.17829659318637178,3.667134268537073e-06,3.667134268537073e-06,4.00801603206411,1.5277951747022715e-08,1.5277951747022715e-08,1.5277951747022716e-09
0.17903807615230363,3.6849699398797583e-06,3.6849699398797583e-06,4.028056112224431,1.5487647650197776e-08,1.5487647650197776e-08,1.5487647650197776e-09
0.17977955911823548,3.7028056112224436e-06,3.7028056112224436e-06,4.048096192384752,1.570022171220835e-08,1.570022171220835e-08,1.570022171220835e-09
0.18052104208416733,3.720641282565129e-06,3.720641282565129e-06,4.068136272545073,1.5915713436917573e-08,1.5915713436917573e-08,1.5915713436917574e-09
0.18126252505009918,3.7384769539078144e-06,3.7384769539078144e-06,4.088176352705394,1.6134162870394823e-08,1.6134162870394823e-08,1.6134162870394823e-09
0.18200400801603103,3.7563126252504997e-06,3.7563126252504997e-06,4.1082164328657145,1.635561060835749e-08,1.635561060835749e-08,1.6355610608357492e-09
0.18274549098196288,3.774148296593185e-06,3.774148296593185e-06,4.128256513026035,1.658009780371523e-08,1.658009780371523e-08,1.658009780371523e-09
0.18348697394789473,3.7919839679358704e-06,3.7919839679358704e-06,4.148296593186356,1.680766617421741e-08,1.680766617421741e-08,1.680766617421741e-09
0.18422845691382658,3.809819639278556e-06,3.809819639278556e-06,4.168336673346677,1.703835801020611e-08,1.703835801020611e-08,1.703835801020611e-09
0.18496993987975843,3.827655310621242e-06,3.827655310621242e-06,4.188376753506998,1.7272216182474945e-08,1.7272216182474945e-08,1.7272216182474946e-09
0.18571142284569028,3.845490981963927e-06,3.845490981963927e-06,4.208416833667319,1.7509284150236116e-08,1.7509284150236116e-08,1.7509284150236116e-09
0.18645290581162213,3.863326653306612e-06,3.863326653306612e-06,4.22845691382764,1.774960596919644e-08,1.774960596919644e-08,1.774960596919644e-09
0.18719438877755398,3.881162324649298e-06,3.881162324649298e-06,4.248496993987961,1.7993226299744833e-08,1.7993226299744833e-08,1.7993226299744834e-09
0.18793587174348583,3.898997995991983e-06,3.898997995991983e-06,4.2685370741482815,1.8240190415251577e-08,1.8240190415251577e-08,1.8240190415251576e-09
0.18867735470941768,3.916833667334668e-06,3.916833667334668e-06,4.288577154308602,1.849054421048186e-08,1.849054421048186e-08,1.849054421048186e-09
0.18941883767534953,3.934669338677354e-06,3.934669338677354e-06,4.308617234468923,1.8744334210124383e-08,1.8744334210124383e-08,1.874433421012438e-09
0.19016032064128138,3.952505010020039e-06,3.952505010020039e-06,4.328657314629244,1.900160757743772e-08,1.900160757743772e-08,1.900160757743772e-09
0.19090180360721323,3.9703406813627245e-06,3.9703406813627245e-06,4.348697394789565,1.926241212301467e-08,1.926241212301467e-08,1.926241212301467e-09
0.19164328657314508,3.98817635270541e-06,3.98817635270541e-06,4.368737474949886,1.9526796313667323e-08,1.9526796313667323e-08,1.9526796313667325e-09
0.19238476953907693,4.006012024048095e-06,4.006012024048095e-06,4.388777555110207,1.9794809281433623e-08,1.9794809281433623e-08,1.979480928143362e-09
0.19312625250500878,4.023847695390781e-06,4.023847695390781e-06,4.408817635270528,2.0066500832708303e-08,2.0066500832708303e-08,2.0066500832708304e-09
0.19386773547094063,4.041683366733466e-06,4.041683366733466e-06,4.428857715430849,2.0341921457498392e-08,2.0341921457498392e-08,2.034192145749839e-09
0.19460921843687248,4.059519038076151e-06,4.059519038076151e-06,4.4488977955911695,2.062112233880616e-08,2.062112233880616e-08,2.062112233880616e-09
0.19535070140280433,4.077354709418837e-06,4.077354709418837e-06,4.46893787575149,2.090415536214079e-08,2.090415536214079e-08,2.090415536214079e-09
0.19609218436873618,4.095190380761522e-06,4.095190380761522e-06,4.488977955911811,2.119107312516031e-08,2.119107312516031e-08,2.119107312516031e-09
0.19683366733466803,4.113026052104207e-06,4.113026052104207e-06,4.509018036072132,2.1481928947446513e-08,2.1481928947446513e-08,2.1481928947446514e-09
0.19757515030059988,4.130861723446893e-06,4.130861723446893e-06,4.529058116232453,2.1776776880413386e-08,2.1776776880413386e-08,2.1776776880413386e-09
0.19831663326653173,4.148697394789578e-06,4.148697394789578e-06,4.549098196392774,2.2075671717351928e-08,2.2075671717351928e-08,2.207567171735193e-09
0.19905811623246358,4.1665330661322635e-06,4.1665330661322635e-06,4.569138276553095,2.2378669003612392e-08,2.2378669003612392e-08,2.2378669003612394e-09
0.19979959919839543,4.184368737474949e-06,4.184368737474949e-06,4.589178356713416,2.268582504692708e-08,2.268582504692708e-08,2.268582504692708e-09
0.20054108216432728,4.202204408817634e-06,4.202204408817634e-06,4.609218436873737,2.2997196927874e-08,2.2997196927874e-08,2.2997196927874e-09
0.20128256513025913,4.2200400801603196e-06,4.2200400801603196e-06,4.629258517034057,2.3312842510484663e-08,2.3312842510484663e-08,2.3312842510484663e-09
0.20202404809619098,4.237875751503005e-06,4.237875751503005e-06,4.649298597194378,2.3632820452996925e-08,2.3632820452996925e-08,2.3632820452996925e-09
0.20276553106212283,4.25571142284569e-06,4.25571142284569e-06,4.669338677354699,2.395719021875633e-08,2.395719021875633e-08,2.3957190218756327e-09
0.20350701402805468,4.273547094188376e-06,4.273547094188376e-06,4.68937875751502,2.428601208726615e-08,2.428601208726615e-08,2.428601208726615e-09
0.20424849699398653,4.291382765531061e-06,4.291382765531061e-06,4.709418837675341,2.4619347165389657e-08,2.4619347165389657e-08,2.461934716538966e-09
0.20498997995991838,4.309218436873746e-06,4.309218436873746e-06,4.729458917835662,2.4957257398705637e-08,2.4957257398705637e-08,2.4957257398705637e-09
0.20573146292585023,4.327054108216432e-06,4.327054108216432e-06,4.749498997995983,2.5299805583020582e-08,2.5299805583020582e-08,2.5299805583020583e-09
0.20647294589178208,4.344889779559117e-06,4.344889779559117e-06,4.769539078156304,2.564705537603808e-08,2.564705537603808e-08,2.564705537603808e-09
0.20721442885771393,4.3627254509018025e-06,4.3627254509018025e-06,4.7895791583166245,2.599907130918884e-08,2.599907130918884e-08,2.599907130918884e-09
0.20795591182364578,4.380561122244488e-06,4.380561122244488e-06,4.809619238476945,2.6355918799622602e-08,2.6355918799622602e-08,2.6355918799622604e-09
0.20869739478957763,4.398396793587173e-06,4.398396793587173e-06,4.829659318637266,2.671766416236551e-08,2.671766416236551e-08,2.671766416236551e-09
0.20943887775550948,4.4162324649298586e-06,4.4162324649298586e-06,4.849699398797587,2.708437462264347e-08,2.708437462264347e-08,2.708437462264347e-09
0.21018036072144133,4.434068136272544e-06,4.434068136272544e-06,4.869739478957908,2.7456118328375174e-08,2.7456118328375174e-08,2.7456118328375174e-09
0.21092184368737318,4.451903807615229e-06,4.451903807615229e-06,4.889779559118229,2.7832964362836043e-08,2.7832964362836043e-08,2.7832964362836044e-09
0.21166332665330503,4.469739478957915e-06,4.469739478957915e-06,4.90981963927855,2.821498275749693e-08,2.821498275749693e-08,2.8214982757496933e-09
0.21240480961923688,4.4875751503006e-06,4.4875751503006e-06,4.929859719438871,2.8602244505038123e-08,2.8602244505038123e-08,2.860224450503812e-09
0.21314629258516873,4.505410821643285e-06,4.505410821643285e-06,4.949899799599192,2.8994821572542393e-08,2.8994821572542393e-08,2.8994821572542394e-09
0.21388777555110058,4.523246492985971e-06,4.523246492985971e-06,4.9699398797595125,2.9392786914869148e-08,2.9392786914869148e-08,2.9392786914869146e-09
0.21462925851703243,4.541082164328656e-06,4.541082164328656e-06,4.989979959919833,2.9796214488211675e-08,2.9796214488211675e-08,2.9796214488211677e-09
0.21537074148296428,4.5589178356713415e-06,4.5589178356713415e-06,5.010020040080154,3.0205179263841425e-08,3.0205179263841425e-08,3.0205179263841424e-09
0.21611222444889613,4.576753507014027e-06,4.576753507014027e-06,5.030060120240475,3.0619757242039986e-08,3.0619757242039986e-08,3.061975724203999e-09
0.21685370741482798,4.594589178356712e-06,4.594589178356712e-06,5.050100200400796,3.1040025466222826e-08,3.1040025466222826e-08,3.1040025466222824e-09
0.21759519038075983,4.6124248496993976e-06,4.6124248496993976e-06,5.070140280561117,3.14660620372563e-08,3.14660620372563e-08,3.14660620372563e-09
0.21833667334669168,4.630260521042083e-06,4.630260521042083e-06,5.090180360721438,3.189794612797224e-08,3.189794612797224e-08,3.1897946127972242e-09
0.21907815631262353,4.648096192384768e-06,4.648096192384768e-06,5.110220440881759,3.233575799788066e-08,3.233575799788066e-08,3.233575799788066e-09
0.21981963927855538,4.665931863727454e-06,4.665931863727454e-06,5.1302605210420795,3.277957900808505e-08,3.277957900808505e-08,3.277957900808505e-09
0.22056112224448723,4.683767535070139e-06,4.683767535070139e-06,5.1503006012024,3.322949163640174e-08,3.322949163640174e-08,3.322949163640174e-09
0.22130260521041908,4.701603206412824e-06,4.701603206412824e-06,5.170340681362721,3.3685579492687927e-08,3.3685579492687927e-08,3.3685579492687926e-09
0.22204408817635093,4.71943887775551e-06,4.71943887775551e-06,5.190380761523042,3.414792733437888e-08,3.414792733437888e-08,3.414792733437888e-09
0.22278557114228278,4.737274549098195e-06,4.737274549098195e-06,5.210420841683363,3.461662108223917e-08,3.461662108223917e-08,3.461662108223917e-09
0.22352705410821463,4.7551102204408805e-06,4.7551102204408805e-06,5.230460921843684,3.509174783632933e-08,3.509174783632933e-08,3.5091747836329334e-09
0.22426853707414648,4.772945891783566e-06,4.772945891783566e-06,5.250501002004005,3.557339589219287e-08,3.557339589219287e-08,3.557339589219287e-09
0.22501002004007833,4.790781563126251e-06,4.790781563126251e-06,5.270541082164326,3.60616547572643e-08,3.60616547572643e-08,3.60616547572643e-09
0.22575150300601018,4.8086172344689366e-06,4.8086172344689366e-06,5.290581162324647,3.655661516750302e-08,3.655661516750302e-08,3.655661516750302e-09
0.22649298597194203,4.826452905811622e-06,4.826452905811622e-06,5.3106212424849675,3.705836910425482e-08,3.705836910425482e-08,3.705836910425482e-09
0.22723446893787388,4.844288577154307e-06,4.844288577154307e-06,5.330661322645288,3.7567009811346054e-08,3.7567009811346054e-08,3.756700981134605e-09
0.22797595190380573,4.862124248496993e-06,4.862124248496993e-06,5.350701402805609,3.80826318124112e-08,3.80826318124112e-08,3.80826318124112e-09
0.22871743486973758,4.879959919839678e-06,4.879959919839678e-06,5.37074148296593,3.8605330928458946e-08,3.8605330928458946e-08,3.860533092845894e-09
0.22945891783566943,4.897795591182363e-06,4.897795591182363e-06,5.390781563126251,3.9135204295678666e-08,3.9135204295678666e-08,3.913520429567867e-09
0.23020040080160128,4.915631262525049e-06,4.915631262525049e-06,5.410821643286572,3.9672350383492564e-08,3.9672350383492564e-08,3.967235038349257e-09
0.23094188376753313,4.933466933867734e-06,4.933466933867734e-06,5.430861723446893,4.0216869012854324e-08,4.0216869012854324e-08,4.021686901285433e-09
0.23168336673346498,4.9513026052104195e-06,4.9513026052104195e-06,5.450901803607214,4.0768861374799504e-08,4.0768861374799504e-08,4.0768861374799506e-09
0.23242484969939683,4.969138276553105e-06,4.969138276553105e-06,5.4709418837675345,4.132843004925062e-08,4.132843004925062e-08,4.1328430049250624e-09
0.23316633266532868,4.98697394789579e-06,4.98697394789579e-06,5.490981963927855,4.189567902407958e-08,4.189567902407958e-08,4.189567902407958e-09
0.23390781563126053,5.0048096192384755e-06,5.0048096192384755e-06,5.511022044088176,4.2470713714433197e-08,4.2470713714433197e-08,4.247071371443319e-09
0.23464929859719239,5.022645290581161e-06,5.022645290581161e-06,5.531062124248497,4.3053640982322566e-08,4.3053640982322566e-08,4.305364098232257e-09
0.23539078156312424,5.040480961923846e-06,5.040480961923846e-06,5.551102204408818,4.3644569156482074e-08,4.3644569156482074e-08,4.364456915648208e-09
0.23613226452905609,5.058316633266532e-06,5.058316633266532e-06,5.571142284569139,4.424360805250021e-08,4.424360805250021e-08,4.424360805250021e-09
0.23687374749498794,5.076152304609217e-06,5.076152304609217e-06,5.59118236472946,4.4850868993228114e-08,4.4850868993228114e-08,4.485086899322812e-09
0.23761523046091979,5.093987975951902e-06,5.093987975951902e-06,5.611222444889781,4.5466464829466696e-08,4.5466464829466696e-08,4.54664648294667e-09
0.23835671342685164,5.111823647294588e-06,5.111823647294588e-06,5.631262525050102,4.609050996093876e-08,4.609050996093876e-08,4.609050996093876e-09
0.23909819639278349,5.129659318637273e-06,5.129659318637273e-06,5.6513026052104225,4.6723120357547827e-08,4.6723120357547827e-08,4.6723120357547825e-09
0.23983967935871534,5.1474949899799584e-06,5.1474949899799584e-06,5.671342685370743,4.736441358093049e-08,4.736441358093049e-08,4.7364413580930485e-09
0.24058116232464719,5.165330661322644e-06,5.165330661322644e-06,5.691382765531064,4.801450880630295e-08,4.801450880630295e-08,4.801450880630295e-09
0.24132264529057904,5.183166332665329e-06,5.183166332665329e-06,5.711422845691385,4.8673526844608326e-08,4.8673526844608326e-08,4.867352684460833e-09
0.24206412825651089,5.2010020040080145e-06,5.2010020040080145e-06,5.731462925851706,4.9341590164967006e-08,4.9341590164967006e-08,4.9341590164967e-09
0.24280561122244274,5.2188376753507e-06,5.2188376753507e-06,5.751503006012027,5.001882291743677e-08,5.001882291743677e-08,5.0018822917436775e-09
0.24354709418837459,5.236673346693385e-06,5.236673346693385e-06,5.771543086172348,5.070535095608366e-08,5.070535095608366e-08,5.070535095608366e-09
0.24428857715430644,5.254509018036071e-06,5.254509018036071e-06,5.791583166332669,5.1401301862370495e-08,5.1401301862370495e-08,5.14013018623705e-09
0.24503006012023829,5.272344689378756e-06,5.272344689378756e-06,5.81162324649299,5.21068049688654e-08,5.21068049688654e-08,5.2106804968865395e-09
0.24577154308617014,5.290180360721441e-06,5.290180360721441e-06,5.83166332665331,5.2821991383277414e-08,5.2821991383277414e-08,5.282199138327742e-09
0.24651302605210199,5.308016032064127e-06,5.308016032064127e-06,5.851703406813631,5.3546994012820354e-08,5.3546994012820354e-08,5.354699401282036e-09
0.24725450901803384,5.325851703406812e-06,5.325851703406812e-06,5.871743486973952,5.4281947588912047e-08,5.4281947588912047e-08,5.428194758891205e-09
0.24799599198396569,5.3436873747494974e-06,5.3436873747494974e-06,5.891783567134273,5.502698869221155e-08,5.502698869221155e-08,5.502698869221155e-09
0.24873747494989754,5.361523046092183e-06,5.361523046092183e-06,5.911823647294594,5.5782255778001735e-08,5.5782255778001735e-08,5.578225577800173e-09
0.24947895791582939,5.379358717434868e-06,5.379358717434868e-06,5.931863727454915,5.654788920191865e-08,5.654788920191865e-08,5.654788920191865e-09
0.25022044088176126,5.3971943887775535e-06,5.3971943887775535e-06,5.951903807615236,5.7324031246034634e-08,5.7324031246034634e-08,5.732403124603463e-09
0.2509619238476931,5.415030060120239e-06,5.415030060120239e-06,5.971943887775557,5.811082614529973e-08,5.811082614529973e-08,5.811082614529973e-09
0.25170340681362496,5.432865731462924e-06,5.432865731462924e-06,5.9919839679358775,5.8908420114344844e-08,5.8908420114344844e-08,5.8908420114344846e-09
0.2524448897795568,5.45070140280561e-06,5.45070140280561e-06,6.012024048096198,5.971696137465486e-08,5.971696137465486e-08,5.971696137465486e-09
0.25318637274548866,5.468537074148295e-06,5.468537074148295e-06,6.032064128256519,6.053660018211272e-08,6.053660018211272e-08,6.053660018211272e-09
0.2539278557114205,5.48637274549098e-06,5.48637274549098e-06,6.05210420841684,6.136748885492272e-08,6.136748885492272e-08,6.136748885492272e-09
0.25466933867735236,5.504208416833666e-06,5.504208416833666e-06,6.072144288577161,6.220978180191584e-08,6.220978180191584e-08,6.220978180191584e-09
0.2554108216432842,5.522044088176351e-06,5.522044088176351e-06,6.092184368737482,6.306363555124571e-08,6.306363555124571e-08,6.3063635551245704e-09
0.25615230460921606,5.5398797595190364e-06,5.5398797595190364e-06,6.112224448897803,6.392920877947628e-08,6.392920877947628e-08,6.392920877947627e-09
0.2568937875751479,5.557715430861722e-06,5.557715430861722e-06,6.132264529058124,6.480666234107003e-08,6.480666234107003e-08,6.480666234107003e-09
0.25763527054107976,5.575551102204407e-06,5.575551102204407e-06,6.152304609218445,6.569615929827964e-08,6.569615929827964e-08,6.5696159298279636e-09
0.2583767535070116,5.5933867735470925e-06,5.5933867735470925e-06,6.1723446893787655,6.659786495145203e-08,6.659786495145203e-08,6.659786495145203e-09
0.25911823647294346,5.611222444889778e-06,5.611222444889778e-06,6.192384769539086,6.751194686974627e-08,6.751194686974627e-08,6.751194686974627e-09
0.2598597194388753,5.629058116232463e-06,5.629058116232463e-06,6.212424849699407,6.843857492227437e-08,6.843857492227437e-08,6.843857492227436e-09
0.26060120240480716,5.646893787575149e-06,5.646893787575149e-06,6.232464929859728,6.937792130966801e-08,6.937792130966801e-08,6.937792130966801e-09
0.261342685370739,5.664729458917834e-06,5.664729458917834e-06,6.252505010020049,7.033016059608114e-08,7.033016059608114e-08,7.033016059608114e-09
0.26208416833667086,5.682565130260519e-06,5.682565130260519e-06,6.27254509018037,7.129546974162914e-08,7.129546974162914e-08,7.129546974162915e-09
0.2628256513026027,5.700400801603205e-06,5.700400801603205e-06,6.292585170340691,7.227402813527497e-08,7.227402813527497e-08,7.227402813527497e-09
0.26356713426853456,5.71823647294589e-06,5.71823647294589e-06,6.312625250501012,7.326601762816493e-08,7.326601762816493e-08,7.326601762816492e-09
0.2643086172344664,5.736072144288575e-06,5.736072144288575e-06,6.3326653306613325,7.427162256742467e-08,7.427162256742467e-08,7.427162256742467e-09
0.26505010020039826,5.753907815631261e-06,5.753907815631261e-06,6.352705410821653,7.529102983041647e-08,7.529102983041647e-08,7.529102983041647e-09
0.2657915831663301,5.771743486973946e-06,5.771743486973946e-06,6.372745490981974,7.632442885946827e-08,7.632442885946827e-08,7.632442885946827e-09
0.26653306613226196,5.7895791583166315e-06,5.7895791583166315e-06,6.392785571142295,7.737201169707775e-08,7.737201169707775e-08,7.737201169707775e-09
0.2672745490981938,5.807414829659317e-06,5.807414829659317e-06,6.412825651302616,7.843397302160229e-08,7.843397302160229e-08,7.843397302160229e-09
0.26801603206412566,5.825250501002002e-06,5.825250501002002e-06,6.432865731462937,7.951051018343606e-08,7.951051018343606e-08,7.951051018343606e-09
0.2687575150300575,5.843086172344688e-06,5.843086172344688e-06,6.452905811623258,8.060182324168514e-08,8.060182324168514e-08,8.060182324168514e-09
0.26949899799598936,5.860921843687373e-06,5.860921843687373e-06,6.472945891783579,8.170811500134591e-08,8.170811500134591e-08,8.170811500134591e-09
0.2702404809619212,5.878757515030058e-06,5.878757515030058e-06,6.4929859719439,8.282959105099229e-08,8.282959105099229e-08,8.282959105099228e-09
0.27098196392785306,5.896593186372744e-06,5.896593186372744e-06,6.5130260521042205,8.396645980098318e-08,8.396645980098318e-08,8.396645980098318e-09
0.2717234468937849,5.914428857715429e-06,5.914428857715429e-06,6.533066132264541,8.51189325221914e-08,8.51189325221914e-08,8.51189325221914e-09
0.27246492985971676,5.932264529058114e-06,5.932264529058114e-06,6.553106212424862,8.62872233852661e-08,8.62872233852661e-08,8.62872233852661e-09
0.2732064128256486,5.9501002004008e-06,5.9501002004008e-06,6.573146292585183,8.747154950043187e-08,8.747154950043187e-08,8.747154950043187e-09
0.27394789579158046,5.967935871743485e-06,5.967935871743485e-06,6.593186372745504,8.867213095783761e-08,8.867213095783761e-08,8.86721309578376e-09
0.2746893787575123,5.9857715430861705e-06,5.9857715430861705e-06,6.613226452905825,8.988919086845583e-08,8.988919086845583e-08,8.988919086845583e-09
0.27543086172344416,6.003607214428856e-06,6.003607214428856e-06,6.633266533066146,9.112295540554532e-08,9.112295540554532e-08,9.112295540554532e-09
0.276172344689376,6.021442885771541e-06,6.021442885771541e-06,6.653306613226467,9.237365384668094e-08,9.237365384668094e-08,9.237365384668094e-09
0.27691382765530786,6.039278557114227e-06,6.039278557114227e-06,6.6733466933867875,9.36415186163635e-08,9.36415186163635e-08,9.36415186163635e-09
0.2776553106212397,6.057114228456912e-06,6.057114228456912e-06,6.693386773547108,9.492678532921127e-08,9.492678532921127e-08,9.492678532921126e-09
0.27839679358717156,6.074949899799597e-06,6.074949899799597e-06,6.713426853707429,9.622969283374623e-08,9.622969283374623e-08,9.622969283374624e-09
0.2791382765531034,6.092785571142283e-06,6.092785571142283e-06,6.73346693386775,9.755048325677944e-08,9.755048325677944e-08,9.755048325677944e-09
0.27987975951903526,6.110621242484968e-06,6.110621242484968e-06,6.753507014028071,9.888940204840871e-08,9.888940204840871e-08,9.88894020484087e-09
0.2806212424849671,6.128456913827653e-06,6.128456913827653e-06,6.773547094188392,1.0024669802763077e-07,1.0024669802763077e-07,1.0024669802763077e-08
0.28136272545089897,6.146292585170339e-06,6.146292585170339e-06,6.793587174348713,1.0162262342858143e-07,1.0162262342858143e-07,1.0162262342858143e-08
0.2821042084168308,6.164128256513024e-06,6.164128256513024e-06,6.813627254509034,1.0301743394740822e-07,1.0301743394740822e-07,1.0301743394740822e-08
0.28284569138276267,6.1819639278557095e-06,6.1819639278557095e-06,6.833667334669355,1.0443138878979006e-07,1.0443138878979006e-07,1.0443138878979006e-08
0.2835871743486945,6.199799599198395e-06,6.199799599198395e-06,6.8537074148296755,1.058647507191055e-07,1.058647507191055e-07,1.058647507191055e-08
0.28432865731462637,6.21763527054108e-06,6.21763527054108e-06,6.873747494989996,1.0731778610526396e-07,1.0731778610526396e-07,1.0731778610526396e-08
0.2850701402805582,6.235470941883766e-06,6.235470941883766e-06,6.893787575150317,1.0879076497420708e-07,1.0879076497420708e-07,1.0879076497420709e-08
0.28581162324649007,6.253306613226451e-06,6.253306613226451e-06,6.913827655310638,1.1028396105808775e-07,1.1028396105808775e-07,1.1028396105808775e-08
0.2865531062124219,6.271142284569136e-06,6.271142284569136e-06,6.933867735470959,1.1179765184614156e-07,1.1179765184614156e-07,1.1179765184614156e-08
0.28729458917835377,6.288977955911822e-06,6.288977955911822e-06,6.95390781563128,1.1333211863625294e-07,1.1333211863625294e-07,1.1333211863625294e-08
0.2880360721442856,6.306813627254507e-06,6.306813627254507e-06,6.973947895791601,1.1488764658722999e-07,1.1488764658722999e-07,1.1488764658722998e-08
0.28877755511021747,6.324649298597192e-06,6.324649298597192e-06,6.993987975951922,1.1646452477179841e-07,1.1646452477179841e-07,1.1646452477179841e-08
0.2895190380761493,6.342484969939878e-06,6.342484969939878e-06,7.014028056112243,1.1806304623032021e-07,1.1806304623032021e-07,1.1806304623032021e-08
0.29026052104208117,6.360320641282563e-06,6.360320641282563e-06,7.034068136272563,1.1968350802525248e-07,1.1968350802525248e-07,1.1968350802525248e-08
0.291002004008013,6.3781563126252485e-06,6.3781563126252485e-06,7.054108216432884,1.213262112963507e-07,1.213262112963507e-07,1.213262112963507e-08
0.29174348697394487,6.395991983967934e-06,6.395991983967934e-06,7.074148296593205,1.2299146131663288e-07,1.2299146131663288e-07,1.2299146131663288e-08
0.2924849699398767,6.413827655310619e-06,6.413827655310619e-06,7.094188376753526,1.2467956754910856e-07,1.2467956754910856e-07,1.2467956754910855e-08
0.29322645290580857,6.431663326653305e-06,6.431663326653305e-06,7.114228456913847,1.263908437042898e-07,1.263908437042898e-07,1.2639084370428982e-08
0.2939679358717404,6.44949899799599e-06,6.44949899799599e-06,7.134268537074168,1.2812560779848808e-07,1.2812560779848808e-07,1.2812560779848808e-08
0.29470941883767227,6.467334669338675e-06,6.467334669338675e-06,7.154308617234489,1.2988418221291486e-07,1.2988418221291486e-07,1.2988418221291486e-08
0.2954509018036041,6.485170340681361e-06,6.485170340681361e-06,7.17434869739481,1.3166689375358972e-07,1.3166689375358972e-07,1.3166689375358973e-08
0.29619238476953597,6.503006012024046e-06,6.503006012024046e-06,7.1943887775551305,1.3347407371207452e-07,1.3347407371207452e-07,1.3347407371207452e-08
0.2969338677354678,6.520841683366731e-06,6.520841683366731e-06,7.214428857715451,1.3530605792703725e-07,1.3530605792703725e-07,1.3530605792703725e-08
0.29767535070139967,6.538677354709417e-06,6.538677354709417e-06,7.234468937875772,1.3716318684666484e-07,1.3716318684666484e-07,1.3716318684666484e-08
0.2984168336673315,6.556513026052102e-06,6.556513026052102e-06,7.254509018036093,1.3904580559192867e-07,1.3904580559192867e-07,1.3904580559192867e-08
0.29915831663326337,6.5743486973947875e-06,6.5743486973947875e-06,7.274549098196414,1.4095426402072225e-07,1.4095426402072225e-07,1.4095426402072225e-08
0.2998997995991952,6.592184368737473e-06,6.592184368737473e-06,7.294589178356735,1.428889167928755e-07,1.428889167928755e-07,1.428889167928755e-08
0.30064128256512707,6.610020040080158e-06,6.610020040080158e-06,7.314629258517056,1.4485012343606516e-07,1.4485012343606516e-07,1.4485012343606516e-08
0.3013827655310589,6.6278557114228436e-06,6.6278557114228436e-06,7.334669338677377,1.4683824841262583e-07,1.4683824841262583e-07,1.4683824841262583e-08
0.30212424849699077,6.645691382765529e-06,6.645691382765529e-06,7.354709418837698,1.4885366118728222e-07,1.4885366118728222e-07,1.4885366118728223e-08
0.3028657314629226,6.663527054108214e-06,6.663527054108214e-06,7.3747494989980185,1.5089673629580677e-07,1.5089673629580677e-07,1.5089673629580677e-08
0.30360721442885447,6.6813627254509e-06,6.6813627254509e-06,7.394789579158339,1.5296785341462373e-07,1.5296785341462373e-07,1.5296785341462373e-08
0.3043486973947863,6.699198396793585e-06,6.699198396793585e-06,7.41482965931866,1.5506739743136567e-07,1.5506739743136567e-07,1.5506739743136568e-08
0.30509018036071817,6.71703406813627e-06,6.71703406813627e-06,7.434869739478981,1.5719575851639877e-07,1.5719575851639877e-07,1.5719575851639878e-08
0.30583166332665,6.734869739478956e-06,6.734869739478956e-06,7.454909819639302,1.5935333219533204e-07,1.5935333219533204e-07,1.5935333219533206e-08
0.30657314629258187,6.752705410821641e-06,6.752705410821641e-06,7.474949899799623,1.6154051942251828e-07,1.6154051942251828e-07,1.615405194225183e-08
0.3073146292585137,6.7705410821643265e-06,6.7705410821643265e-06,7.494989979959944,1.6375772665556762e-07,1.6375772665556762e-07,1.637577266555676e-08
0.30805611222444557,6.788376753507012e-06,6.788376753507012e-06,7.515030060120265,1.660053659308799e-07,1.660053659308799e-07,1.660053659308799e-08
0.3087975951903774,6.806212424849697e-06,6.806212424849697e-06,7.5350701402805855,1.6828385494021785e-07,1.6828385494021785e-07,1.6828385494021786e-08
0.30953907815630927,6.8240480961923826e-06,6.8240480961923826e-06,7.555110220440906,1.7059361710832695e-07,1.7059361710832695e-07,1.7059361710832696e-08
0.3102805611222411,6.841883767535068e-06,6.841883767535068e-06,7.575150300601227,1.7293508167162532e-07,1.7293508167162532e-07,1.7293508167162532e-08
0.31102204408817297,6.859719438877753e-06,6.859719438877753e-06,7.595190380761548,1.7530868375796853e-07,1.7530868375796853e-07,1.7530868375796852e-08
0.3117635270541048,6.877555110220439e-06,6.877555110220439e-06,7.615230460921869,1.7771486446751468e-07,1.7771486446751468e-07,1.7771486446751468e-08
0.31250501002003667,6.895390781563124e-06,6.895390781563124e-06,7.63527054108219,1.801540709546939e-07,1.801540709546939e-07,1.801540709546939e-08
0.3132464929859685,6.913226452905809e-06,6.913226452905809e-06,7.655310621242511,1.8262675651130818e-07,1.8262675651130818e-07,1.8262675651130818e-08
0.31398797595190037,6.931062124248495e-06,6.931062124248495e-06,7.675350701402832,1.8513338065076678e-07,1.8513338065076678e-07,1.8513338065076678e-08
0.3147294589178322,6.94889779559118e-06,6.94889779559118e-06,7.695390781563153,1.876744091934826e-07,1.876744091934826e-07,1.876744091934826e-08
0.31547094188376407,6.9667334669338655e-06,6.9667334669338655e-06,7.7154308617234735,1.9025031435343588e-07,1.9025031435343588e-07,1.9025031435343588e-08
0.3162124248496959,6.984569138276551e-06,6.984569138276551e-06,7.735470941883794,1.9286157482593101e-07,1.9286157482593101e-07,1.9286157482593103e-08
0.31695390781562777,7.002404809619236e-06,7.002404809619236e-06,7.755511022044115,1.955086758765525e-07,1.955086758765525e-07,1.9550867587655248e-08
0.3176953907815596,7.0202404809619216e-06,7.0202404809619216e-06,7.775551102204436,1.9819210943134743e-07,1.9819210943134743e-07,1.9819210943134742e-08
0.31843687374749147,7.038076152304607e-06,7.038076152304607e-06,7.795591182364757,2.009123741682403e-07,2.009123741682403e-07,2.009123741682403e-08
0.3191783567134233,7.055911823647292e-06,7.055911823647292e-06,7.815631262525078,2.0366997560970777e-07,2.0366997560970777e-07,2.036699756097078e-08
0.31991983967935517,7.073747494989978e-06,7.073747494989978e-06,7.835671342685399,2.0646542621672013e-07,2.0646542621672013e-07,2.0646542621672012e-08
0.320661322645287,7.091583166332663e-06,7.091583166332663e-06,7.85571142284572,2.0929924548397733e-07,2.0929924548397733e-07,2.0929924548397732e-08
0.32140280561121887,7.109418837675348e-06,7.109418837675348e-06,7.8757515030060405,2.1217196003644864e-07,2.1217196003644864e-07,2.1217196003644862e-08
0.3221442885771507,7.127254509018034e-06,7.127254509018034e-06,7.895791583166361,2.1508410372723731e-07,2.1508410372723731e-07,2.150841037272373e-08
0.32288577154308257,7.145090180360719e-06,7.145090180360719e-06,7.915831663326682,2.1803621773679206e-07,2.1803621773679206e-07,2.1803621773679205e-08
0.3236272545090144,7.1629258517034045e-06,7.1629258517034045e-06,7.935871743487003,2.2102885067347486e-07,2.2102885067347486e-07,2.2102885067347486e-08
0.32436873747494627,7.18076152304609e-06,7.18076152304609e-06,7.955911823647324,2.2406255867551502e-07,2.2406255867551502e-07,2.24062558675515e-08
0.3251102204408781,7.198597194388775e-06,7.198597194388775e-06,7.975951903807645,2.2713790551435634e-07,2.2713790551435634e-07,2.2713790551435634e-08
0.32585170340680997,7.2164328657314605e-06,7.2164328657314605e-06,7.995991983967966,2.3025546269942944e-07,2.3025546269942944e-07,2.3025546269942943e-08
0.3265931863727418,7.234268537074146e-06,7.234268537074146e-06,8.016032064128286,2.334158095843551e-07,2.334158095843551e-07,2.334158095843551e-08
0.32733466933867367,7.252104208416831e-06,7.252104208416831e-06,8.036072144288607,2.3661953347461245e-07,2.3661953347461245e-07,2.3661953347461245e-08
0.3280761523046055,7.269939879759517e-06,7.269939879759517e-06,8.056112224448928,2.398672297366778e-07,2.398672297366778e-07,2.398672297366778e-08
0.32881763527053737,7.287775551102202e-06,7.287775551102202e-06,8.076152304609248,2.4315950190866847e-07,2.4315950190866847e-07,2.4315950190866846e-08
0.3295591182364692,7.305611222444887e-06,7.305611222444887e-06,8.09619238476957,2.4649696181249833e-07,2.4649696181249833e-07,2.4649696181249832e-08
0.33030060120240107,7.323446893787573e-06,7.323446893787573e-06,8.11623246492989,2.4988022966757975e-07,2.4988022966757975e-07,2.4988022966757976e-08
0.3310420841683329,7.341282565130258e-06,7.341282565130258e-06,8.136272545090211,2.533099342060789e-07,2.533099342060789e-07,2.533099342060789e-08
0.33178356713426477,7.3591182364729435e-06,7.3591182364729435e-06,8.156312625250532,2.5678671278976023e-07,2.5678671278976023e-07,2.5678671278976024e-08
0.3325250501001966,7.376953907815629e-06,7.376953907815629e-06,8.176352705410853,2.603112115284277e-07,2.603112115284277e-07,2.6031121152842766e-08
0.33326653306612847,7.394789579158314e-06,7.394789579158314e-06,8.196392785571174,2.638840853999983e-07,2.638840853999983e-07,2.6388408539999828e-08
0.3340080160320603,7.4126252505009995e-06,7.4126252505009995e-06,8.216432865731495,2.6750599837221733e-07,2.6750599837221733e-07,2.6750599837221732e-08
0.33474949899799217,7.430460921843685e-06,7.430460921843685e-06,8.236472945891816,2.711776235260503e-07,2.711776235260503e-07,2.711776235260503e-08
0.335490981963924,7.44829659318637e-06,7.44829659318637e-06,8.256513026052136,2.748996431807624e-07,2.748996431807624e-07,2.7489964318076242e-08
0.33623246492985587,7.466132264529056e-06,7.466132264529056e-06,8.276553106212457,2.7867274902072114e-07,2.7867274902072114e-07,2.7867274902072115e-08
0.3369739478957877,7.483967935871741e-06,7.483967935871741e-06,8.296593186372778,2.8249764222393245e-07,2.8249764222393245e-07,2.8249764222393244e-08
0.33771543086171957,7.501803607214426e-06,7.501803607214426e-06,8.316633266533099,2.863750335923483e-07,2.863750335923483e-07,2.8637503359234827e-08
0.3384569138276514,7.519639278557112e-06,7.519639278557112e-06,8.33667334669342,2.9030564368395553e-07,2.9030564368395553e-07,2.9030564368395553e-08
0.33919839679358327,7.537474949899797e-06,7.537474949899797e-06,8.35671342685374,2.942902029466844e-07,2.942902029466844e-07,2.9429020294668437e-08
0.3399398797595151,7.5553106212424824e-06,7.5553106212424824e-06,8.376753507014062,2.9832945185415074e-07,2.9832945185415074e-07,2.9832945185415074e-08
0.34068136272544697,7.573146292585168e-06,7.573146292585168e-06,8.396793587174383,3.0242414104326064e-07,3.0242414104326064e-07,3.0242414104326064e-08
0.3414228456913788,7.590981963927853e-06,7.590981963927853e-06,8.416833667334704,3.0657503145370945e-07,3.0657503145370945e-07,3.0657503145370944e-08
0.34216432865731067,7.6088176352705385e-06,7.6088176352705385e-06,8.436873747495024,3.1078289446938733e-07,3.1078289446938733e-07,3.107828944693873e-08
0.3429058116232425,7.626653306613224e-06,7.626653306613224e-06,8.456913827655345,3.1504851206173415e-07,3.1504851206173415e-07,3.1504851206173416e-08
0.34364729458917437,7.64448897795591e-06,7.64448897795591e-06,8.476953907815666,3.193726769350535e-07,3.193726769350535e-07,3.1937267693505346e-08
0.3443887775551062,7.662324649298595e-06,7.662324649298595e-06,8.496993987975987,3.2375619267383e-07,3.2375619267383e-07,3.2375619267383e-08
0.34513026052103807,7.68016032064128e-06,7.68016032064128e-06,8.517034068136308,3.2819987389205926e-07,3.2819987389205926e-07,3.2819987389205926e-08
0.3458717434869699,7.697995991983965e-06,7.697995991983965e-06,8.537074148296629,3.327045463846371e-07,3.327045463846371e-07,3.327045463846371e-08
0.34661322645290177,7.71583166332665e-06,7.71583166332665e-06,8.55711422845695,3.372710472808172e-07,3.372710472808172e-07,3.3727104728081717e-08
0.3473547094188336,7.733667334669336e-06,7.733667334669336e-06,8.57715430861727,3.4190022519978403e-07,3.4190022519978403e-07,3.41900225199784e-08
0.34809619238476547,7.751503006012021e-06,7.751503006012021e-06,8.597194388777591,3.4659294040835226e-07,3.4659294040835226e-07,3.465929404083523e-08
0.3488376753506973,7.769338677354707e-06,7.769338677354707e-06,8.617234468937912,3.5135006498083964e-07,3.5135006498083964e-07,3.5135006498083966e-08
0.34957915831662917,7.787174348697392e-06,7.787174348697392e-06,8.637274549098233,3.5617248296112495e-07,3.5617248296112495e-07,3.5617248296112495e-08
0.350320641282561,7.805010020040078e-06,7.805010020040078e-06,8.657314629258554,3.6106109052693964e-07,3.6106109052693964e-07,3.6106109052693964e-08
0.35106212424849287,7.822845691382763e-06,7.822845691382763e-06,8.677354709418875,3.6601679615640486e-07,3.6601679615640486e-07,3.6601679615640486e-08
0.3518036072144247,7.840681362725448e-06,7.840681362725448e-06,8.697394789579196,3.710405207968643e-07,3.710405207968643e-07,3.710405207968643e-08
0.35254509018035657,7.858517034068134e-06,7.858517034068134e-06,8.717434869739517,3.761331980360241e-07,3.761331980360241e-07,3.7613319803602405e-08
0.3532865731462884,7.876352705410819e-06,7.876352705410819e-06,8.737474949899838,3.812957742754515e-07,3.812957742754515e-07,3.8129577427545146e-08
0.35402805611222027,7.894188376753504e-06,7.894188376753504e-06,8.757515030060159,3.8652920890644547e-07,3.8652920890644547e-07,3.8652920890644546e-08
0.3547695390781521,7.91202404809619e-06,7.91202404809619e-06,8.77755511022048,3.9183447448833113e-07,3.9183447448833113e-07,3.918344744883311e-08
0.35551102204408397,7.929859719438875e-06,7.929859719438875e-06,8.7975951903808,3.972125569291903e-07,3.972125569291903e-07,3.972125569291903e-08
0.3562525050100158,7.94769539078156e-06,7.94769539078156e-06,8.817635270541121,4.0266445566908413e-07,4.0266445566908413e-07,4.0266445566908416e-08
0.35699398797594767,7.965531062124246e-06,7.965531062124246e-06,8.837675350701442,4.0819118386577954e-07,4.0819118386577954e-07,4.081911838657796e-08
0.3577354709418795,7.983366733466931e-06,7.983366733466931e-06,8.857715430861763,4.137937685830347e-07,4.137937685830347e-07,4.137937685830347e-08
0.35847695390781137,8.001202404809617e-06,8.001202404809617e-06,8.877755511022084,4.194732509814624e-07,4.194732509814624e-07,4.1947325098146236e-08
0.3592184368737432,8.019038076152302e-06,8.019038076152302e-06,8.897795591182405,4.2523068651201236e-07,4.2523068651201236e-07,4.252306865120124e-08
0.35995991983967507,8.036873747494987e-06,8.036873747494987e-06,8.917835671342726,4.310671451121172e-07,4.310671451121172e-07,4.3106714511211725e-08
0.3607014028056069,8.054709418837673e-06,8.054709418837673e-06,8.937875751503046,4.369837114045193e-07,4.369837114045193e-07,4.3698371140451934e-08
0.36144288577153877,8.072545090180358e-06,8.072545090180358e-06,8.957915831663367,4.4298148489883806e-07,4.4298148489883806e-07,4.4298148489883806e-08
0.3621843687374706,8.090380761523043e-06,8.090380761523043e-06,8.977955911823688,4.4906158019589197e-07,4.4906158019589197e-07,4.4906158019589195e-08
0.36292585170340247,8.108216432865729e-06,8.108216432865729e-06,8.99799599198401,4.5522512719483837e-07,4.5522512719483837e-07,4.5522512719483834e-08
0.3636673346693343,8.126052104208414e-06,8.126052104208414e-06,9.01803607214433,4.614732713031418e-07,4.614732713031418e-07,4.614732713031418e-08
0.36440881763526617,8.1438877755511e-06,8.1438877755511e-06,9.038076152304651,4.678071736494384e-07,4.678071736494384e-07,4.678071736494384e-08
0.365150300601198,8.161723446893785e-06,8.161723446893785e-06,9.058116232464972,4.7422801129930917e-07,4.7422801129930917e-07,4.742280112993092e-08
0.36589178356712987,8.17955911823647e-06,8.17955911823647e-06,9.078156312625293,4.807369774740264e-07,4.807369774740264e-07,4.807369774740264e-08
0.3666332665330617,8.197394789579156e-06,8.197394789579156e-06,9.098196392785614,4.873352817722915e-07,4.873352817722915e-07,4.8733528177229144e-08
0.36737474949899357,8.215230460921841e-06,8.215230460921841e-06,9.118236472945934,4.940241503950268e-07,4.940241503950268e-07,4.940241503950268e-08
0.3681162324649254,8.233066132264526e-06,8.233066132264526e-06,9.138276553106255,5.008048263732426e-07,5.008048263732426e-07,5.008048263732426e-08
0.36885771543085727,8.250901803607212e-06,8.250901803607212e-06,9.158316633266576,5.076785697990422e-07,5.076785697990422e-07,5.0767856979904215e-08
0.3695991983967891,8.268737474949897e-06,8.268737474949897e-06,9.178356713426897,5.146466580597856e-07,5.146466580597856e-07,5.146466580597856e-08
0.37034068136272097,8.286573146292582e-06,8.286573146292582e-06,9.198396793587218,5.217103860754809e-07,5.217103860754809e-07,5.217103860754809e-08
0.3710821643286528,8.304408817635268e-06,8.304408817635268e-06,9.218436873747539,5.288710665394199e-07,5.288710665394199e-07,5.288710665394199e-08
0.37182364729458467,8.322244488977953e-06,8.322244488977953e-06,9.23847695390786,5.361300301621299e-07,5.361300301621299e-07,5.361300301621299e-08
0.3725651302605165,8.340080160320638e-06,8.340080160320638e-06,9.25851703406818,5.434886259186604e-07,5.434886259186604e-07,5.434886259186604e-08
0.37330661322644837,8.357915831663324e-06,8.357915831663324e-06,9.278557114228501,5.509482212992787e-07,5.509482212992787e-07,5.509482212992787e-08
0.3740480961923802,8.375751503006009e-06,8.375751503006009e-06,9.298597194388822,5.585102025635905e-07,5.585102025635905e-07,5.585102025635905e-08
0.37478957915831207,8.393587174348695e-06,8.393587174348695e-06,9.318637274549143,5.661759749981641e-07,5.661759749981641e-07,5.661759749981641e-08
0.3755310621242439,8.41142284569138e-06,8.41142284569138e-06,9.338677354709464,5.739469631776757e-07,5.739469631776757e-07,5.739469631776757e-08
0.37627254509017577,8.429258517034065e-06,8.429258517034065e-06,9.358717434869785,5.818246112296521e-07,5.818246112296521e-07,5.818246112296521e-08
0.3770140280561076,8.44709418837675e-06,8.44709418837675e-06,9.378757515030106,5.898103831028401e-07,5.898103831028401e-07,5.898103831028401e-08
0.37775551102203947,8.464929859719436e-06,8.464929859719436e-06,9.398797595190427,5.979057628392553e-07,5.979057628392553e-07,5.979057628392553e-08
0.3784969939879713,8.482765531062121e-06,8.482765531062121e-06,9.418837675350748,6.061122548499792e-07,6.061122548499792e-07,6.061122548499792e-08
0.37923847695390317,8.500601202404807e-06,8.500601202404807e-06,9.438877755511069,6.144313841947233e-07,6.144313841947233e-07,6.144313841947233e-08
0.379979959919835,8.518436873747492e-06,8.518436873747492e-06,9.45891783567139,6.228646968652479e-07,6.228646968652479e-07,6.22864696865248e-08
0.38072144288576687,8.536272545090177e-06,8.536272545090177e-06,9.47895791583171,6.314137600726554e-07,6.314137600726554e-07,6.314137600726554e-08
0.3814629258516987,8.554108216432863e-06,8.554108216432863e-06,9.498997995992031,6.400801625386414e-07,6.400801625386414e-07,6.400801625386414e-08
0.38220440881763057,8.571943887775548e-06,8.571943887775548e-06,9.519038076152352,6.488655147907282e-07,6.488655147907282e-07,6.488655147907283e-08
0.3829458917835624,8.589779559118233e-06,8.589779559118233e-06,9.539078156312673,6.577714494615668e-07,6.577714494615668e-07,6.577714494615669e-08
0.38368737474949427,8.607615230460919e-06,8.607615230460919e-06,9.559118236472994,6.667996215923298e-07,6.667996215923298e-07,6.667996215923299e-08
0.3844288577154261,8.625450901803604e-06,8.625450901803604e-06,9.579158316633315,6.759517089402859e-07,6.759517089402859e-07,6.759517089402858e-08
0.38517034068135797,8.64328657314629e-06,8.64328657314629e-06,9.599198396793636,6.852294122905783e-07,6.852294122905783e-07,6.852294122905783e-08
0.3859118236472898,8.661122244488975e-06,8.661122244488975e-06,9.619238476953957,6.946344557723009e-07,6.946344557723009e-07,6.946344557723009e-08
0.38665330661322167,8.67895791583166e-06,8.67895791583166e-06,9.639278557114277,7.04168587178893e-07,7.04168587178893e-07,7.04168587178893e-08
0.3873947895791535,8.696793587174346e-06,8.696793587174346e-06,9.659318637274598,7.138335782929524e-07,7.138335782929524e-07,7.138335782929524e-08
0.38813627254508537,8.714629258517031e-06,8.714629258517031e-06,9.67935871743492,7.236312252154854e-07,7.236312252154854e-07,7.236312252154854e-08
0.3888777555110172,8.732464929859716e-06,8.732464929859716e-06,9.69939879759524,7.33563348699697e-07,7.33563348699697e-07,7.33563348699697e-08
0.38961923847694907,8.750300601202402e-06,8.750300601202402e-06,9.719438877755561,7.436317944893416e-07,7.436317944893416e-07,7.436317944893416e-08
0.3903607214428809,8.768136272545087e-06,8.768136272545087e-06,9.739478957915882,7.538384336617386e-07,7.538384336617386e-07,7.538384336617386e-08
0.39110220440881277,8.785971943887772e-06,8.785971943887772e-06,9.759519038076203,7.641851629754752e-07,7.641851629754752e-07,7.641851629754752e-08
0.3918436873747446,8.803807615230458e-06,8.803807615230458e-06,9.779559118236524,7.746739052229019e-07,7.746739052229019e-07,7.746739052229019e-08
0.39258517034067647,8.821643286573143e-06,8.821643286573143e-06,9.799599198396844,7.853066095874463e-07,7.853066095874463e-07,7.853066095874463e-08
0.3933266533066083,8.839478957915829e-06,8.839478957915829e-06,9.819639278557165,7.960852520058499e-07,7.960852520058499e-07,7.960852520058499e-08
0.39406813627254017,8.857314629258514e-06,8.857314629258514e-06,9.839679358717486,8.070118355353642e-07,8.070118355353642e-07,8.070118355353642e-08
0.394809619238472,8.8751503006012e-06,8.8751503006012e-06,9.859719438877807,8.18088390725986e-07,8.18088390725986e-07,8.18088390725986e-08
0.39555110220440387,8.892985971943885e-06,8.892985971943885e-06,9.879759519038128,8.293169759978153e-07,8.293169759978153e-07,8.293169759978153e-08
0.3962925851703357,8.91082164328657e-06,8.91082164328657e-06,9.899799599198449,8.406996780235735e-07,8.406996780235735e-07,8.406996780235736e-08
0.39703406813626757,8.928657314629255e-06,8.928657314629255e-06,9.91983967935877,8.522386121163921e-07,8.522386121163921e-07,8.522386121163921e-08
0.3977755511021994,8.94649298597194e-06,8.94649298597194e-06,9.93987975951909,8.639359226229024e-07,8.639359226229024e-07,8.639359226229024e-08
0.39851703406813127,8.964328657314626e-06,8.964328657314626e-06,9.959919839679412,8.757937833217436e-07,8.757937833217436e-07,8.757937833217436e-08
0.3992585170340631,8.982164328657311e-06,8.982164328657311e-06,9.979959919839732,8.878143978275162e-07,8.878143978275162e-07,8.878143978275161e-08
0.10637274549098198,3.3104208416833656e-06,8.304408817635268e-06,2.3046092184368723,1.0443138878979006e-07,1.0443138878979006e-07,1.0443138878979006e-08
0.22871743486973758,2.4543086172344682e-06,3.239078156312624e-06,6.292585170340691,6.061122548499792e-07,6.061122548499792e-07,6.061122548499792e-08
0.32881763527053737,8.732464929859716e-06,5.254509018036071e-06,2.66533066132264,8.856295671532333e-09,8.856295671532333e-09,8.856295671532332e-10
0.35995991983967507,7.94769539078156e-06,8.732464929859716e-06,1.1823647294589186,6.561527336095038e-09,6.561527336095038e-09,6.561527336095037e-10
0.27691382765530786,2.0701402805611217e-07,8.215230460921841e-06,8.517034068136308,1.7993226299744833e-08,1.7993226299744833e-08,1.7993226299744834e-09
0.20943887775550948,2.7575150300601194e-06,5.468537074148295e-06,8.957915831663367,1.6828385494021785e-07,1.6828385494021785e-07,1.6828385494021786e-08
0.23020040080160128,2.6148296593186365e-06,1.1783567134268536e-07,3.386773547094176,2.632346906102217e-09,2.632346906102217e-09,2.632346906102217e-10
0.20202404809619098,5.3971943887775535e-06,3.417434869739478e-06,7.394789579158339,7.436317944893416e-07,7.436317944893416e-07,7.436317944893416e-08
0.07819639278557115,4.0320641282565117e-07,1.1879759519038072e-06,1.2625250501002012,1.0560422717357328e-09,1.0560422717357328e-09,1.0560422717357329e-10
0.0730060120240481,2.7040080160320633e-06,8.714629258517031e-06,3.2665330661322534,8.16075149428359e-09,8.16075149428359e-09,8.160751494283589e-10
0.30805611222444557,5.575551102204407e-06,2.0262525050100195e-06,0.7815631262525055,1.680766617421741e-08,1.680766617421741e-08,1.680766617421741e-09
0.3918436873747446,6.707414829659316e-07,3.1402805611222435e-07,0.3406813627254509,1.7487726499445205e-09,1.7487726499445205e-09,1.7487726499445206e-10
0.04408817635270541,6.645691382765529e-06,2.989378757515029e-06,0.18036072144288573,3.1858672975645063e-09,3.1858672975645063e-09,3.185867297564506e-10
0.19683366733466803,6.039278557114227e-06,4.2104208416833653e-07,5.210420841683363,1.2623522970840267e-08,1.2623522970840267e-08,1.2623522970840266e-09
0.30953907815630927,1.6517034068136267e-06,3.898997995991983e-06,2.745490981963922,7.33563348699697e-07,7.33563348699697e-07,7.33563348699697e-08
0.3458717434869699,2.240280561122244e-06,4.148697394789578e-06,8.456913827655345,2.3284139445672174e-09,2.3284139445672174e-09,2.3284139445672174e-10
0.059659318637274555,8.233066132264526e-06,5.183166332665329e-06,5.330661322645288,3.962350528689789e-09,3.962350528689789e-09,3.9623505286897886e-10
0.046312625250501005,8.197394789579156e-06,6.1819639278557095e-06,5.290581162324647,2.9392786914869148e-08,2.9392786914869148e-08,2.9392786914869146e-09
0.16124248496993923,4.380561122244488e-06,6.199799599198395e-06,8.276553106212457,3.5135006498083964e-07,3.5135006498083964e-07,3.5135006498083966e-08
0.11971943887775553,5.5398797595190364e-06,6.431663326653305e-06,3.3266533066132147,4.0819118386577954e-07,4.0819118386577954e-07,4.081911838657796e-08
0.17681362725450808,7.109418837675348e-06,1.1344689378757512e-06,2.424849699398795,6.759517089402859e-07,6.759517089402859e-07,6.759517089402858e-08
0.11082164328657317,6.71703406813627e-06,3.774148296593185e-06,6.713426853707429,3.8605330928458946e-08,3.8605330928458946e-08,3.860533092845894e-09
0.3310420841683329,8.036873747494987e-06,7.198597194388775e-06,0.7615230460921848,5.5782255778001735e-08,5.5782255778001735e-08,5.578225577800173e-09
0.11452905811623248,6.467334669338675e-06,1.1701402805611219e-06,0.5611222444889782,2.2102885067347486e-07,2.2102885067347486e-07,2.2102885067347486e-08
0.19979959919839543,8.054709418837673e-06,8.340080160320638e-06,4.589178356713416,3.0205179263841425e-08,3.0205179263841425e-08,3.0205179263841424e-09
0.19386773547094063,5.522044088176351e-06,3.952505010020039e-06,2.1442885771543088,2.671766416236551e-08,2.671766416236551e-08,2.671766416236551e-09
0.04705410821643287,1.812224448897795e-06,8.607615230460919e-06,6.793587174348713,6.298599081025288e-09,6.298599081025288e-09,6.298599081025288e-10
0.38961923847694907,7.1629258517034045e-06,3.881162324649298e-06,2.4849699398797562,6.21331883363945e-09,6.21331883363945e-09,6.21331883363945e-10
0.28284569138276267,4.113026052104207e-06,1.5350701402805608e-07,0.32064128256513025,1.0301743394740822e-07,1.0301743394740822e-07,1.0301743394740822e-08
0.06336673346693387,8.964328657314626e-06,3.435270541082163e-06,3.206412825651292,4.861359938638247e-09,4.861359938638247e-09,4.861359938638247e-10
0.18200400801603103,2.436472945891783e-06,6.592184368737473e-06,4.869739478957908,1.5296785341462373e-07,1.5296785341462373e-07,1.5296785341462373e-08
0.3473547094188336,4.006012024048095e-06,5.843086172344688e-06,7.1943887775551305,3.812957742754515e-07,3.812957742754515e-07,3.8129577427545146e-08
0.27987975951903526,4.790781563126251e-06,3.0607214428857706e-06,8.537074148296629,9.888940204840871e-08,9.888940204840871e-08,9.88894020484087e-09
0.09080160320641284,2.686172344689378e-06,1.7765531062124242e-06,5.230460921843684,2.0595733353712252e-09,2.0595733353712252e-09,2.0595733353712253e-10
0.2598597194388753,6.360320641282563e-06,5.664729458917834e-06,3.3066132264528942,4.3053640982322566e-08,4.3053640982322566e-08,4.305364098232257e-09
0.2657915831663301,7.073747494989978e-06,2.2759519038076146e-06,9.759519038076203,4.4298148489883806e-07,4.4298148489883806e-07,4.4298148489883806e-08
0.14715430861723408,6.806212424849697e-06,6.9667334669338655e-06,2.925851703406806,7.326601762816493e-08,7.326601762816493e-08,7.326601762816492e-09
0.04112224448897796,4.8086172344689366e-06,4.594589178356712e-06,1.743486973947897,3.4105883976901252e-09,3.4105883976901252e-09,3.410588397690125e-10
0.21166332665330503,5.815631262525048e-07,6.556513026052102e-06,9.438877755511069,3.3685579492687927e-08,3.3685579492687927e-08,3.3685579492687926e-09
0.2672745490981938,4.388777555110219e-07,8.197394789579156e-06,5.350701402805609,3.4659294040835226e-07,3.4659294040835226e-07,3.465929404083523e-08
0.18422845691382658,2.5256513026052097e-06,5.771743486973946e-06,1.923847695390783,1.0162262342858143e-07,1.0162262342858143e-07,1.0162262342858143e-08
0.03963927855711423,3.631462925851702e-06,7.3591182364729435e-06,9.098196392785614,1.5468579063683909e-09,1.5468579063683909e-09,1.546857906368391e-10
0.12268537074148299,3.1498997995991974e-06,5.45070140280561e-06,3.9679358717434687,3.318857906850288e-09,3.318857906850288e-09,3.318857906850288e-10
0.14418837675350668,3.0250501002004e-06,3.845490981963927e-06,7.935871743487003,2.265789397389933e-09,2.265789397389933e-09,2.265789397389933e-10
0.2895190380761493,3.952505010020039e-06,1.3484969939879755e-06,5.430861723446893,1.7509284150236116e-08,1.7509284150236116e-08,1.7509284150236116e-09
0.07967935871743488,2.79318637274549e-06,5.076152304609217e-06,0.8617234468937881,8.522386121163921e-07,8.522386121163921e-07,8.522386121163921e-08
0.0566933867735471,2.1867735470941878e-06,5.111823647294588e-06,8.897795591182405,2.4589035515619297e-09,2.4589035515619297e-09,2.45890355156193e-10
0.30212424849699077,5.290180360721441e-06,6.610020040080158e-06,9.91983967935877,1.427129901619706e-08,1.427129901619706e-08,1.427129901619706e-09
0.32288577154308257,1.3841683366733462e-06,4.25571142284569e-06,6.813627254509034,1.7293508167162532e-07,1.7293508167162532e-07,1.7293508167162532e-08
0.25022044088176126,3.3460921843687364e-06,8.803807615230458e-06,6.8537074148296755,5.64782667297539e-09,5.64782667297539e-09,5.64782667297539e-10
0.03593186372745491,3.2925851703406803e-06,9.561122244488975e-07,0.6012024048096195,1.2812560779848808e-07,1.2812560779848808e-07,1.2812560779848808e-08
0.19535070140280433,3.4887775551102193e-06,6.110621242484968e-06,4.00801603206411,3.7567009811346054e-08,3.7567009811346054e-08,3.756700981134605e-09
0.350320641282561,7.038076152304607e-06,3.7028056112224436e-06,6.4929859719439,1.8467778419967344e-09,1.8467778419967344e-09,1.8467778419967343e-10
0.04482965931863728,1.1879759519038072e-06,7.18076152304609e-06,6.112224448897803,1.2988418221291486e-07,1.2988418221291486e-07,1.2988418221291486e-08
0.31843687374749147,2.543486973947895e-06,2.5791583166332658e-06,6.973947895791601,4.0768861374799504e-08,4.0768861374799504e-08,4.0768861374799506e-09
0.3695991983967891,7.3591182364729435e-06,7.599198396793584e-07,6.252505010020049,6.7428825311929265e-09,6.7428825311929265e-09,6.742882531192926e-10
0.13232464929859708,3.221242484969939e-06,3.042885771543085e-06,2.8256513026052037,7.418017841189869e-09,7.418017841189869e-09,7.418017841189868e-10
0.12490981963927858,3.318637274549097e-07,4.576753507014027e-06,9.338677354709464,1.900160757743772e-08,1.900160757743772e-08,1.900160757743772e-09
0.14122244488977928,4.095190380761522e-06,2.6505010020040072e-06,1.8837675350701417,8.878143978275162e-07,8.878143978275162e-07,8.878143978275161e-08
0.35847695390781137,2.347294589178356e-06,1.7052104208416828e-06,6.893787575150317,1.4449366042574293e-09,1.4449366042574293e-09,1.4449366042574294e-10
0.31102204408817297,6.6813627254509e-06,3.3639278557114217e-06,3.4669338677354578,2.9832945185415074e-07,2.9832945185415074e-07,2.9832945185415074e-08
0.07078156312625251,7.894188376753504e-06,5.280561122244487e-07,0.2805611222444889,6.400801625386414e-07,6.400801625386414e-07,6.400801625386414e-08
0.15382765531062073,5.432865731462924e-06,7.787174348697392e-06,0.4609218436873749,9.101076367715638e-09,9.101076367715638e-09,9.101076367715638e-10
0.22945891783566943,7.4126252505009995e-06,4.3627254509018025e-06,3.807615230460905,6.1291932431067915e-09,6.1291932431067915e-09,6.129193243106791e-10
0.05298597194388778,8.429258517034065e-06,6.342484969939878e-06,4.889779559118229,1.876744091934826e-07,1.876744091934826e-07,1.876744091934826e-08
0.32585170340680997,6.146292585170339e-06,7.662324649298595e-06,8.877755511022084,3.193726769350535e-07,3.193726769350535e-07,3.1937267693505346e-08
0.09821643286573148,2.400801603206412e-06,1.3663326653306609e-06,1.7034068136272558,2.8602244505038123e-08,2.8602244505038123e-08,2.860224450503812e-09
0.21092184368737318,2.5078156312625243e-06,5.2010020040080145e-06,0.5410821643286575,1.5719575851639877e-07,1.5719575851639877e-07,1.5719575851639878e-08
0.14344689378757483,3.0607214428857706e-06,1.5625250501001999e-06,8.296593186372778,2.5299805583020582e-08,2.5299805583020582e-08,2.5299805583020583e-09
0.05891783567134269,6.128456913827653e-06,4.737274549098195e-06,1.983967935871745,6.751194686974627e-08,6.751194686974627e-08,6.751194686974627e-09
0.30657314629258187,5.48637274549098e-06,7.68016032064128e-06,0.38076152304609223,1.0012327303261258e-08,1.0012327303261258e-08,1.0012327303261257e-09
0.26949899799598936,7.055911823647292e-06,5.914428857715429e-06,4.949899799599192,3.6106109052693964e-07,3.6106109052693964e-07,3.6106109052693964e-08
0.19090180360721323,5.629058116232463e-06,8.892985971943885e-06,7.595190380761548,5.8039279365519205e-09,5.8039279365519205e-09,5.80392793655192e-10
0.15160320641282518,4.041683366733466e-06,2.5613226452905804e-06,1.7234468937875764,4.0266445566908413e-07,4.0266445566908413e-07,4.0266445566908416e-08
0.05521042084168337,8.393587174348695e-06,7.466132264529056e-06,0.48096192384769554,4.194732509814624e-07,4.194732509814624e-07,4.1947325098146236e-08
0.24354709418837459,1.7587174348697389e-06,4.309218436873746e-06,1.9038076152304624,2.398672297366778e-07,2.398672297366778e-07,2.398672297366778e-08
0.08486973947895793,5.022645290581161e-06,3.132064128256512e-06,8.436873747495024,1.4885366118728222e-07,1.4885366118728222e-07,1.4885366118728223e-08
0.33030060120240107,8.375751503006009e-06,2.0701402805611217e-07,5.270541082164326,1.8262675651130818e-07,1.8262675651130818e-07,1.8262675651130818e-08
0.27839679358717156,2.4721442885771536e-06,7.769338677354707e-06,2.5050100200400767,3.0242414104326064e-07,3.0242414104326064e-07,3.0242414104326064e-08
0.03370741482965932,7.590981963927853e-06,4.523246492985971e-06,5.611222444889781,1.213262112963507e-07,1.213262112963507e-07,1.213262112963507e-08
0.22797595190380573,4.576753507014027e-06,5.682565130260519e-06,2.3246492985971927,3.4574000663126143e-09,3.4574000663126143e-09,3.4574000663126144e-10
0.0752304609218437,6.1819639278557095e-06,2.426853707414829e-07,9.418837675350748,1.7727752431160446e-09,1.7727752431160446e-09,1.7727752431160447e-10
0.08190380761523047,1.8300601202404803e-06,2.1689378757515024e-06,1.0621242484969946,3.2739220378270947e-09,3.2739220378270947e-09,3.273922037827095e-10
0.08561122244488979,7.064128256513023e-07,2.7575150300601194e-06,5.030060120240475,7.641851629754752e-07,7.641851629754752e-07,7.641851629754752e-08
0.18496993987975843,1.6873747494989974e-06,2.400801603206412e-06,7.254509018036093,1.4665745931497528e-08,1.4665745931497528e-08,1.4665745931497528e-09
0.14789579158316593,4.4875751503006e-06,3.5066132264529046e-06,5.631262525050102,2.116498240949215e-09,2.116498240949215e-09,2.116498240949215e-10
0.07374749498997997,3.853707414829658e-07,2.3651302605210414e-06,5.1302605210420795,6.852294122905783e-07,6.852294122905783e-07,6.852294122905783e-08
0.25466933867735236,4.683767535070139e-06,5.308016032064127e-06,1.5631262525050111,1.1777250378638748e-09,1.1777250378638748e-09,1.1777250378638748e-10
0.13751503006012003,3.7384769539078144e-06,7.145090180360719e-06,9.398797595190427,1.5935333219533204e-07,1.5935333219533204e-07,1.5935333219533206e-08
0.2806212424849671,6.538677354709417e-06,8.090380761523043e-06,0.3006012024048096,7.62304572630255e-09,7.62304572630255e-09,7.62304572630255e-10
0.3028657314629226,5.280561122244487e-07,8.8751503006012e-06,2.1843687374749496,2.0878417903229896e-09,2.0878417903229896e-09,2.0878417903229896e-10
0.22352705410821463,3.1402805611222435e-07,2.1867735470941878e-06,1.2825651302605219,6.385049833384195e-09,6.385049833384195e-09,6.385049833384194e-10
0.31695390781562777,7.341282565130258e-06,5.815631262525048e-07,7.835671342685399,4.7422801129930917e-07,4.7422801129930917e-07,4.742280112993092e-08
0.16272545090180293,6.7705410821643265e-06,2.5078156312625243e-06,1.803607214428859,1.5052539311989583e-09,1.5052539311989583e-09,1.5052539311989582e-10
0.3532865731462884,2.9537074148296584e-06,6.395991983967934e-06,6.092184368737482,6.569615929827964e-08,6.569615929827964e-08,6.5696159298279636e-09
0.33919839679358327,2.151102204408817e-06,8.785971943887772e-06,9.619238476953957,2.2406255867551502e-07,2.2406255867551502e-07,2.24062558675515e-08
0.37627254509017577,1.3567134268537072e-07,4.327054108216432e-06,0.14028056112224446,7.04168587178893e-07,7.04168587178893e-07,7.04168587178893e-08
0.18052104208416733,6.350701402805609e-07,4.1665330661322635e-06,1.3226452905811632,7.960852520058499e-07,7.960852520058499e-07,7.960852520058499e-08
0.12565130260521043,5.308016032064127e-06,7.109418837675348e-06,7.41482965931866,6.667996215923298e-07,6.667996215923298e-07,6.667996215923299e-08
0.09450901803607216,1.3663326653306609e-06,7.71583166332665e-06,7.434869739478981,5.898103831028401e-07,5.898103831028401e-07,5.898103831028401e-08
0.09228456913827657,5.2188376753507e-06,6.3781563126252485e-06,1.1222444889779566,2.599907130918884e-08,2.599907130918884e-08,2.599907130918884e-09
0.06559118236472947,8.892985971943885e-06,3.863326653306612e-06,7.695390781563153,4.241842323772165e-09,4.241842323772165e-09,4.2418423237721653e-10
0.3725651302605165,7.777555110220438e-07,2.347294589178356e-06,4.669338677354699,4.928084017878153e-09,4.928084017878153e-09,4.928084017878153e-10
0.15531062124248443,4.2104208416833653e-07,8.44709418837675e-06,1.162324649298598,1.2284003268308182e-08,1.2284003268308182e-08,1.2284003268308182e-09
0.23983967935871534,2.1689378757515024e-06,1.9905811623246488e-06,9.218436873747539,5.4281947588912047e-08,5.4281947588912047e-08,5.428194758891205e-09
0.08116232464929861,5.0048096192384755e-06,1.4376753507014023e-06,5.190380761523042,5.204265041544617e-09,5.204265041544617e-09,5.204265041544616e-10
0.05817635270541083,1.0452905811623243e-06,5.896593186372744e-06,4.4488977955911695,2.0041794704585913e-09,2.0041794704585913e-09,2.0041794704585913e-10
0.3740480961923802,4.130861723446893e-06,8.054709418837673e-06,8.677354709418875,4.940241503950268e-07,4.940241503950268e-07,4.940241503950268e-08
0.2880360721442856,8.554108216432863e-06,6.859719438877753e-06,5.81162324649299,8.736385342890261e-09,8.736385342890261e-09,8.736385342890261e-10
0.3265931863727418,6.8240480961923826e-06,1.6873747494989974e-06,8.917835671342726,5.964343710098615e-09,5.964343710098615e-09,5.964343710098615e-10
0.030741482965931863,5.611222444889778e-06,5.022645290581161e-06,1.3426853707414839,1.8217732863477525e-09,1.8217732863477525e-09,1.8217732863477524e-10
0.050020040080160325,7.599198396793584e-07,4.630260521042083e-06,3.5470941883767395,1.950275467653451e-09,1.950275467653451e-09,1.950275467653451e-10
0.17088176352705328,1.7134268537074145e-07,2.3829659318637268e-06,7.8757515030060405,1.923869599902158e-09,1.923869599902158e-09,1.923869599902158e-10
0.2954509018036041,8.94649298597194e-06,6.788376753507012e-06,6.633266533066146,8.618098547094042e-09,8.618098547094042e-09,8.618098547094042e-10
0.3043486973947863,8.1438877755511e-06,6.44949899799599e-06,4.22845691382764,3.80826318124112e-08,3.80826318124112e-08,3.80826318124112e-09
0.11897795591182367,4.630260521042083e-06,6.841883767535068e-06,9.23847695390786,2.0929924548397733e-07,2.0929924548397733e-07,2.0929924548397732e-08
0.17755511022043993,1.027454909819639e-06,1.616032064128256e-06,7.615230460921869,2.4619347165389657e-08,2.4619347165389657e-08,2.461934716538966e-09
0.31991983967935517,4.9513026052104195e-06,1.9192384769539073e-06,2.064128256513027,2.742231401028208e-09,2.742231401028208e-09,2.7422314010282076e-10
0.12639278557114228,7.252104208416831e-06,2.2224448897795585e-06,1.863727454909821,3.14660620372563e-08,3.14660620372563e-08,3.14660620372563e-09
0.28729458917835377,1.891783567134268e-07,3.7563126252504997e-06,8.757515030060159,5.348106628054282e-09,5.348106628054282e-09,5.348106628054282e-10
0.3681162324649254,5.361523046092183e-06,4.023847695390781e-06,3.426853707414817,7.538384336617386e-07,7.538384336617386e-07,7.538384336617386e-08
0.32140280561121887,8.090380761523043e-06,3.328256513026051e-06,0.8016032064128261,7.024356921809074e-09,7.024356921809074e-09,7.024356921809073e-10
0.21981963927855538,3.827655310621242e-06,3.0250501002004e-06,6.232464929859728,1.0149750437690964e-08,1.0149750437690964e-08,1.0149750437690964e-09
0.09895791583166334,4.25571142284569e-06,9.026052104208413e-07,5.090180360721438,1.3870362648114694e-09,1.3870362648114694e-09,1.3870362648114693e-10
0.038897795591182366,8.91082164328657e-06,5.967935871743485e-06,4.128256513026035,2.0066500832708303e-08,2.0066500832708303e-08,2.0066500832708304e-09
0.24503006012023829,7.44829659318637e-06,3.5422845691382754e-06,7.074148296593205,5.008048263732426e-07,5.008048263732426e-07,5.008048263732426e-08
0.335490981963924,7.242484969939877e-07,8.268737474949897e-06,0.4008016032064129,2.705102800007492e-09,2.705102800007492e-09,2.705102800007492e-10
0.22501002004007833,4.5671342685370725e-07,7.6088176352705385e-06,4.46893787575149,4.359083341419118e-09,4.359083341419118e-09,4.359083341419118e-10
0.1100801603206413,5.825250501002002e-06,1.8835671342685364e-06,0.9418837675350707,7.033016059608114e-08,7.033016059608114e-08,7.033016059608114e-09
0.06855711422845692,7.6088176352705385e-06,6.88577154308617e-07,2.525050100200397,1.8721255950171393e-09,1.8721255950171393e-09,1.8721255950171394e-10
0.20573146292585023,5.093987975951902e-06,4.130861723446893e-06,1.7635270541082178,1.3716318684666484e-07,1.3716318684666484e-07,1.3716318684666484e-08
0.17829659318637178,1.9727454909819634e-06,3.6492985971943875e-06,7.63527054108219,8.18088390725986e-07,8.18088390725986e-07,8.18088390725986e-08
0.291002004008013,7.965531062124246e-06,7.537474949899797e-06,2.6853707414829606,8.51189325221914e-08,8.51189325221914e-08,8.51189325221914e-09
0.08857715430861725,1.6338677354709413e-06,2.1154308617234463e-06,0.8416833667334674,3.9135204295678666e-08,3.9135204295678666e-08,3.913520429567867e-09
0.05446893787575151,8.500601202404807e-06,7.5553106212424824e-06,0.6813627254509022,4.6723120357547827e-08,4.6723120357547827e-08,4.6723120357547825e-09
0.36737474949899357,6.324649298597192e-06,8.839478957915829e-06,2.0440881763527066,1.6154051942251828e-07,1.6154051942251828e-07,1.615405194225183e-08
0.3429058116232425,7.420841683366731e-07,7.483967935871741e-06,0.26052104208416826,5.1401301862370495e-08,5.1401301862370495e-08,5.14013018623705e-09
0.3340080160320603,7.198597194388775e-06,8.91082164328657e-06,4.68937875751502,2.6684769038326323e-09,2.6684769038326323e-09,2.6684769038326324e-10
0.10711422845691385,6.395991983967934e-06,7.252104208416831e-06,7.5350701402805855,4.41891347659888e-09,4.41891347659888e-09,4.41891347659888e-10
0.24280561122244274,6.003607214428856e-06,3.274749498997995e-06,3.927855711422828,6.144313841947233e-07,6.144313841947233e-07,6.144313841947233e-08
0.31398797595190037,6.164128256513024e-06,3.221242484969939e-06,3.3667334669338556,1.0705368677149237e-09,1.0705368677149237e-09,1.0705368677149237e-10
0.13529058116232448,6.253306613226451e-06,7.626653306613224e-06,2.344689378757513,2.1508410372723731e-07,2.1508410372723731e-07,2.150841037272373e-08
0.04927855711422846,4.273547094188376e-06,8.500601202404807e-06,1.4228456913827665,7.51983305678515e-09,7.51983305678515e-09,7.51983305678515e-10
0.12935871743486968,6.877555110220439e-06,7.573146292585168e-06,6.432865731462937,5.7324031246034634e-08,5.7324031246034634e-08,5.732403124603463e-09
0.17607214428857623,7.983366733466931e-06,4.5589178356713415e-06,3.56713426853706,7.843397302160229e-08,7.843397302160229e-08,7.843397302160229e-09
0.14937875751502963,1.4020040080160316e-06,8.490981963927852e-07,0.5811623246492988,2.711776235260503e-07,2.711776235260503e-07,2.711776235260503e-08
0.17384769539078068,8.696793587174346e-06,2.3294589178356707e-06,4.769539078156304,1.0024669802763077e-07,1.0024669802763077e-07,1.0024669802763077e-08
0.036673346693386774,4.344889779559117e-06,6.235470941883766e-06,4.148296593186356,1.774960596919644e-08,1.774960596919644e-08,1.774960596919644e-09
0.04557114228456914,2.96192384769539e-07,2.935871743486973e-06,2.6452905811623197,2.8249764222393245e-07,2.8249764222393245e-07,2.8249764222393244e-08
0.032965931863727455,2.3116232464929853e-06,6.360320641282563e-06,8.176352705410853,5.495923877187651e-09,5.495923877187651e-09,5.495923877187652e-10
0.38517034068135797,5.076152304609217e-06,1.5268537074148291e-06,8.256513026052136,2.818024411597746e-09,2.818024411597746e-09,2.818024411597746e-10
0.21537074148296428,5.379358717434868e-06,2.8110220440881755e-06,8.35671342685374,4.016735349807706e-09,4.016735349807706e-09,4.016735349807706e-10
0.08412825651302606,3.5422845691382754e-06,4.701603206412824e-06,7.85571142284572,1.9794809281433623e-08,1.9794809281433623e-08,1.979480928143362e-09
0.22204408817635093,1.5625250501001999e-06,5.9857715430861705e-06,2.104208416833668,1.211768329395621e-08,1.211768329395621e-08,1.211768329395621e-09
0.3518036072144247,7.430460921843685e-06,4.505410821643285e-06,7.314629258517056,1.660053659308799e-07,1.660053659308799e-07,1.660053659308799e-08
0.3162124248496959,2.989378757515029e-06,6.074949899799597e-06,0.12024048096192383,4.300063279822961e-09,4.300063279822961e-09,4.300063279822961e-10
0.11749498997995994,5.45070140280561e-06,3.0072144288577145e-06,7.555110220440906,6.946344557723009e-07,6.946344557723009e-07,6.946344557723009e-08
0.20276553106212283,1.7408817635270535e-06,5.753907815631261e-06,2.244488977955911,2.856702906198612e-09,2.856702906198612e-09,2.856702906198612e-10
0.33326653306612847,4.844288577154307e-06,5.415030060120239e-06,3.0060120240480876,1.570022171220835e-08,1.570022171220835e-08,1.570022171220835e-09
0.3873947895791535,2.008416833667334e-06,7.376953907815629e-06,2.0040080160320657,2.4988022966757975e-07,2.4988022966757975e-07,2.4988022966757976e-08
0.052244488977955916,4.5589178356713415e-06,8.312625250500999e-07,0.20040080160320636,2.4315950190866847e-07,2.4315950190866847e-07,2.4315950190866846e-08
0.08783567134268538,7.64448897795591e-06,1.027454909819639e-06,7.3747494989980185,1.1968350802525248e-07,1.1968350802525248e-07,1.1968350802525248e-08
0.3755310621242439,8.41142284569138e-06,5.646893787575149e-06,1.1422845691382773,3.016799026736061e-09,3.016799026736061e-09,3.016799026736061e-10
0.276172344689376,2.7218436873747487e-06,5.5398797595190364e-06,6.95390781563128,1.4647689280713536e-09,1.4647689280713536e-09,1.4647689280713537e-10
0.21388777555110058,8.750300601202402e-06,8.64328657314629e-06,6.553106212424862,1.1152252796927704e-09,1.1152252796927704e-09,1.1152252796927704e-10
0.035190380761523046,7.483967935871741e-06,1.3306613226452901e-06,5.711422845691385,7.737201169707775e-08,7.737201169707775e-08,7.737201169707775e-09
0.057434869739478964,6.556513026052102e-06,3.470941883767534e-06,1.7835671342685384,2.7867274902072114e-07,2.7867274902072114e-07,2.7867274902072115e-08
0.0915430861723447,1.419839679358717e-06,2.882364729458917e-06,0.7214428857715435,4.614732713031418e-07,4.614732713031418e-07,4.614732713031418e-08
0.21018036072144133,2.4186372745490975e-06,4.826452905811622e-06,8.11623246492989,1.1488764658722999e-07,1.1488764658722999e-07,1.1488764658722998e-08
0.19831663326653173,7.0202404809619216e-06,2.7218436873747487e-06,7.995991983967966,4.4795648039411505e-09,4.4795648039411505e-09,4.4795648039411507e-10
0.12787575150300598,3.3639278557114217e-06,7.840681362725448e-06,1.6232464929859731,3.0657503145370945e-07,3.0657503145370945e-07,3.0657503145370944e-08
0.24577154308617014,7.501803607214426e-06,8.84769539078156e-07,2.1242484969939883,5.2821991383277414e-08,5.2821991383277414e-08,5.282199138327742e-09
0.20647294589178208,1.1344689378757512e-06,3.916833667334668e-06,2.9458917835671263,2.2075671717351928e-08,2.2075671717351928e-08,2.207567171735193e-09
0.3221442885771507,6.485170340681361e-06,6.306813627254507e-06,9.118236472945934,5.070535095608366e-08,5.070535095608366e-08,5.070535095608366e-09
0.053727454909819644,5.664729458917834e-06,5.272344689378756e-06,2.785571142284563,9.755048325677944e-08,9.755048325677944e-08,9.755048325677944e-09
0.0381563126252505,6.306813627254507e-06,2.9715430861723437e-06,0.220440881763527,1.1791768552338905e-08,1.1791768552338905e-08,1.1791768552338905e-09
0.3369739478957877,3.613627254509017e-06,5.5933867735470925e-06,8.55711422845695,1.131925827068576e-08,1.131925827068576e-08,1.131925827068576e-09
0.23242484969939683,8.669338677354706e-07,2.4721442885771536e-06,0.1002004008016032,1.263908437042898e-07,1.263908437042898e-07,1.2639084370428982e-08
0.3073146292585137,5.860921843687373e-06,2.008416833667334e-06,7.795591182364757,9.225992224264617e-09,9.225992224264617e-09,9.225992224264617e-10
0.16791583166332588,2.0619238476953902e-06,4.683767535070139e-06,5.531062124248497,7.529102983041647e-08,7.529102983041647e-08,7.529102983041647e-09
0.042605210420841685,1.5803607214428852e-06,5.611222444889778e-06,1.8436873747495004,3.761331980360241e-07,3.761331980360241e-07,3.7613319803602405e-08
0.2717234468937849,2.0797595190380756e-06,7.590981963927853e-06,4.428857715430849,3.8557799559633e-09,3.8557799559633e-09,3.8557799559633e-10
0.25615230460921606,2.828857715430861e-06,4.8086172344689366e-06,4.308617234468923,1.8240190415251577e-08,1.8240190415251577e-08,1.8240190415251576e-09
0.07448897795591183,4.915631262525049e-06,3.1498997995991974e-06,3.1863727454909716,1.7059361710832695e-07,1.7059361710832695e-07,1.7059361710832696e-08
0.3859118236472898,8.134268537074145e-07,2.828857715430861e-06,8.737474949899838,1.043028115508908e-08,1.043028115508908e-08,1.043028115508908e-09
0.29619238476953597,6.6278557114228436e-06,8.072545090180358e-06,3.1462925851703307,3.2375619267383e-07,3.2375619267383e-07,3.2375619267383e-08
0.09673346693386775,8.571943887775548e-06,4.398396793587173e-06,8.056112224448928,1.6559684178836865e-09,1.6559684178836865e-09,1.6559684178836866e-10
0.39406813627254017,5.557715430861722e-06,4.844288577154307e-06,1.6633266533066144,7.236312252154854e-07,7.236312252154854e-07,7.236312252154854e-08
0.09302605210420843,1.0631262525050097e-06,3.7919839679358704e-06,4.749498997995983,4.795539273937188e-09,4.795539273937188e-09,4.795539273937188e-10
0.08042084168336674,2.2581162324649292e-06,1.6517034068136267e-06,3.847695390781546,3.322949163640174e-08,3.322949163640174e-08,3.322949163640174e-09
0.28877755511021747,4.879959919839678e-06,3.5601202404809607e-06,6.593186372745504,3.9672350383492564e-08,3.9672350383492564e-08,3.967235038349257e-09
0.10488977955911825,4.398396793587173e-06,8.857314629258514e-06,9.979959919839732,7.218504344312973e-09,7.218504344312973e-09,7.218504344312973e-10
0.14196392785571113,6.520841683366731e-06,9.917835671342682e-07,2.2244488977955905,3.5048542435182872e-09,3.5048542435182872e-09,3.504854243518287e-10
0.13380761523046078,2.2759519038076146e-06,2.3116232464929853e-06,5.37074148296593,3.705836910425482e-08,3.705836910425482e-08,3.705836910425482e-09
0.36144288577153877,3.417434869739478e-06,6.467334669338675e-06,3.4068136272544964,6.306363555124571e-08,6.306363555124571e-08,6.3063635551245704e-09
0.32733466933867367,5.7895791583166315e-06,3.1142284569138266e-06,2.885771543086165,3.229594580607462e-09,3.229594580607462e-09,3.229594580607462e-10
0.07745490981963929,2.783567134268536e-07,8.589779559118233e-06,9.45891783567139,2.3632820452996925e-08,2.3632820452996925e-08,2.3632820452996925e-09
0.05150300601202405,8.518436873747492e-06,2.9002004008016023e-06,6.192384769539086,4.995723911377175e-09,4.995723911377175e-09,4.995723911377175e-10
0.22278557114228278,5.637274549098194e-07,6.913226452905809e-06,5.050100200400796,6.9292502340659346e-09,6.9292502340659346e-09,6.929250234065935e-10
0.07893787575150302,3.5957915831663314e-06,6.707414829659316e-07,1.5831663326653318,8.406996780235735e-07,8.406996780235735e-07,8.406996780235736e-08
0.27543086172344416,4.523246492985971e-06,5.458917835671341e-07,3.747494989979944,1.33309738754344e-08,1.33309738754344e-08,1.33309738754344e-09
0.07152304609218438,2.2484969939879754e-07,8.964328657314626e-06,4.609218436873737,4.4850868993228114e-08,4.4850868993228114e-08,4.485086899322812e-09
0.2821042084168308,1.7943887775551096e-06,6.253306613226451e-06,2.985971943887767,1.2437274244658219e-09,1.2437274244658219e-09,1.243727424465822e-10
0.3666332665330617,4.023847695390781e-06,2.2484969939879754e-07,4.90981963927855,2.0341921457498392e-08,2.0341921457498392e-08,2.034192145749839e-09
0.38220440881763057,7.626653306613224e-06,4.7551102204408805e-06,7.915831663326682,1.2972426717473375e-08,1.2972426717473375e-08,1.2972426717473376e-09
0.320661322645287,4.969138276553105e-06,1.0452905811623243e-06,4.168336673346677,1.130532185758527e-09,1.130532185758527e-09,1.130532185758527e-10
0.04334669338677355,1.7052104208416828e-06,8.518436873747492e-06,8.77755511022048,2.2713790551435634e-07,2.2713790551435634e-07,2.2713790551435634e-08
0.32436873747494627,8.126052104208414e-06,5.058316633266532e-06,5.871743486973952,3.14273206260516e-09,3.14273206260516e-09,3.14273206260516e-10
0.3607014028056069,1.4555110220440877e-06,2.543486973947895e-06,9.879759519038128,2.4926529709607457e-09,2.4926529709607457e-09,2.4926529709607457e-10
0.36885771543085727,1.5350701402805608e-07,7.234268537074146e-06,1.4629258517034078,1.486703906880839e-08,1.486703906880839e-08,1.486703906880839e-09
0.03741482965931864,3.185571142284568e-06,5.504208416833666e-06,3.1262525050100103,1.801540709546939e-07,1.801540709546939e-07,1.801540709546939e-08
0.2776553106212397,8.250901803607212e-06,5.3436873747494974e-06,8.476953907815666,2.2997196927874e-08,2.2997196927874e-08,2.2997196927874e-09
0.2568937875751479,2.3651302605210414e-06,7.965531062124246e-06,7.7154308617234735,1.2268879049036874e-09,1.2268879049036874e-09,1.2268879049036875e-10
0.17236472945891698,3.239078156312624e-06,1.0987975951903804e-06,8.196392785571174,4.4906158019589197e-07,4.4906158019589197e-07,4.4906158019589195e-08
0.17014028056112143,2.6683366733466926e-06,2.9537074148296584e-06,9.639278557114277,3.655661516750302e-08,3.655661516750302e-08,3.655661516750302e-09
0.20054108216432728,5.504208416833666e-06,4.98697394789579e-06,2.9659318637274468,4.137937685830347e-07,4.137937685830347e-07,4.137937685830347e-08
0.38813627254508537,2.0262525050100195e-06,1.5981963927855706e-06,5.250501002004005,1.6335473374936599e-09,1.6335473374936599e-09,1.63354733749366e-10
0.3443887775551062,1.5446893787575145e-06,8.126052104208414e-06,7.675350701402832,3.461662108223917e-08,3.461662108223917e-08,3.461662108223917e-09
0.16494989979959848,3.0072144288577145e-06,8.536272545090177e-06,6.533066132264541,2.268582504692708e-08,2.268582504692708e-08,2.268582504692708e-09
0.3399398797595151,5.1474949899799584e-06,5.379358717434868e-06,8.857715430861763,3.701274237427686e-09,3.701274237427686e-09,3.701274237427686e-10
0.2583767535070116,1.1523046092184365e-06,2.151102204408817e-06,8.717434869739517,4.369837114045193e-07,4.369837114045193e-07,4.3698371140451934e-08
0.23687374749498794,5.236673346693385e-06,6.663527054108214e-06,8.937875751503046,1.9025031435343588e-07,1.9025031435343588e-07,1.9025031435343588e-08
0.16420841683366663,3.5601202404809607e-06,8.429258517034065e-06,3.166332665330651,7.129546974162914e-08,7.129546974162914e-08,7.129546974162915e-09
0.0937675350701403,5.254509018036071e-06,1.5446893787575145e-06,7.895791583166361,7.7276750303474e-09,7.7276750303474e-09,7.727675030347399e-10
0.23613226452905609,4.648096192384768e-06,2.097595190380761e-06,3.7675350701402643,2.42561108438351e-09,2.42561108438351e-09,2.42561108438351e-10
0.261342685370739,8.340080160320638e-06,8.393587174348695e-06,2.7655310621242424,7.138335782929524e-07,7.138335782929524e-07,7.138335782929524e-08
0.29767535070139967,2.489979959919839e-06,6.039278557114227e-06,3.6873747494989826,1.849054421048186e-08,1.849054421048186e-08,1.849054421048186e-09
0.3087975951903774,2.097595190380761e-06,3.9703406813627245e-06,7.975951903807645,5.502698869221155e-08,5.502698869221155e-08,5.502698869221155e-09
0.15679358717434813,4.665931863727454e-06,6.6278557114228436e-06,7.354709418837698,1.4683824841262583e-07,1.4683824841262583e-07,1.4683824841262583e-08
0.18645290581162213,3.774148296593185e-06,1.4020040080160316e-06,4.849699398797587,1.9526796313667323e-08,1.9526796313667323e-08,1.9526796313667325e-09
0.15827655310621183,2.9002004008016023e-06,3.853707414829658e-07,4.9699398797595125,1.4078071935863491e-08,1.4078071935863491e-08,1.407807193586349e-09
0.30509018036071817,4.897795591182363e-06,7.073747494989978e-06,6.312625250501012,2.2048491872774957e-09,2.2048491872774957e-09,2.2048491872774958e-10
0.27246492985971676,5.129659318637273e-06,4.4875751503006e-06,1.0020040080160326,5.421511497255084e-09,5.421511497255084e-09,5.421511497255084e-10
0.14863727454909778,5.458917835671341e-07,4.71943887775551e-06,5.83166332665331,2.564705537603808e-08,2.564705537603808e-08,2.564705537603808e-09
0.16865731462925773,5.325851703406812e-06,5.807414829659317e-06,6.152304609218445,3.1040025466222826e-08,3.1040025466222826e-08,3.1040025466222824e-09
0.14492985971943853,3.720641282565129e-06,7.323446893787573e-06,3.607214428857701,4.609050996093876e-08,4.609050996093876e-08,4.609050996093876e-09
0.18793587174348583,1.8478957915831657e-06,6.806212424849697e-06,5.751503006012027,8.060182324168514e-08,8.060182324168514e-08,8.060182324168514e-09
0.3903607214428809,9.026052104208413e-07,5.129659318637273e-06,3.667334669338662,1.0852304077309461e-09,1.0852304077309461e-09,1.0852304077309461e-10
0.20795591182364578,6.610020040080158e-06,4.202204408817634e-06,0.1603206412825651,3.710405207968643e-07,3.710405207968643e-07,3.710405207968643e-08
0.34364729458917437,1.223647294589178e-06,4.344889779559117e-06,3.887775551102187,1.484873458338282e-09,1.484873458338282e-09,1.484873458338282e-10
0.35254509018035657,3.98817635270541e-06,4.790781563126251e-06,9.01803607214433,7.427162256742467e-08,7.427162256742467e-08,7.427162256742467e-09
0.0485370741482966,7.91202404809619e-06,3.98817635270541e-06,4.028056112224431,2.235111610496698e-09,2.235111610496698e-09,2.235111610496698e-10
0.26356713426853456,5.736072144288575e-06,8.67895791583166e-06,0.06012024048096192,8.867213095783761e-08,8.867213095783761e-08,8.86721309578376e-09
0.10340681362725453,1.0096192384769536e-06,1.954909819639278e-06,6.392785571142295,4.807369774740264e-07,4.807369774740264e-07,4.807369774740264e-08
0.17533066132264438,5.468537074148295e-06,4.380561122244488e-06,7.17434869739481,4.9341590164967006e-08,4.9341590164967006e-08,4.9341590164967e-09
0.394809619238472,5.914428857715429e-06,1.7134268537074145e-07,9.539078156312673,1.5277951747022715e-08,1.5277951747022715e-08,1.5277951747022716e-09
0.28432865731462637,3.4531062124248485e-06,2.0797595190380756e-06,3.026052104208408,7.227402813527497e-08,7.227402813527497e-08,7.227402813527497e-09
0.31547094188376407,7.68016032064128e-06,6.752705410821641e-06,6.012024048096198,1.0573440870697752e-08,1.0573440870697752e-08,1.0573440870697751e-09
0.04779559118236473,6.503006012024046e-06,6.8240480961923826e-06,3.5070140280560986,8.050258526349937e-09,8.050258526349937e-09,8.050258526349936e-10
0.11378757515030062,8.357915831663324e-06,1.0631262525050097e-06,3.286573146292574,1.0718565509769945e-08,1.0718565509769945e-08,1.0718565509769944e-09
0.22723446893787388,1.8835671342685364e-06,8.1438877755511e-06,5.571142284569139,1.315047838185461e-08,1.315047838185461e-08,1.3150478381854609e-09
0.11675350701402808,2.632665330661322e-06,6.485170340681361e-06,6.753507014028071,1.16177916144128e-09,1.16177916144128e-09,1.16177916144128e-10
0.19905811623246358,7.394789579158314e-06,1.0096192384769536e-06,1.3026052104208425,3.2819987389205926e-07,3.2819987389205926e-07,3.2819987389205926e-08
0.13973947895791558,8.67895791583166e-06,4.184368737474949e-06,3.246492985971933,4.0718666240085985e-09,4.0718666240085985e-09,4.0718666240085986e-10
0.27394789579158046,8.536272545090177e-06,7.858517034068134e-06,5.59118236472946,3.8652920890644547e-07,3.8652920890644547e-07,3.8652920890644546e-08
0.3013827655310589,3.078557114228456e-06,3.6849699398797583e-06,5.110220440881759,1.3699430980645937e-08,1.3699430980645937e-08,1.3699430980645937e-09
0.05076152304609219,1.0987975951903804e-06,5.557715430861722e-06,4.529058116232453,1.3887461064785426e-08,1.3887461064785426e-08,1.3887461064785426e-09
0.0996993987975952,2.9180360721442877e-06,7.4126252505009995e-06,3.8276553106212257,2.2378669003612392e-08,2.2378669003612392e-08,2.2378669003612394e-09
0.12861723446893783,8.839478957915829e-06,5.3971943887775535e-06,9.799599198396844,1.2452606049793987e-08,1.2452606049793987e-08,1.2452606049793987e-09
0.39555110220440387,5.9857715430861705e-06,6.503006012024046e-06,2.4448897795591154,8.977851816647744e-09,8.977851816647744e-09,8.977851816647745e-10
0.2524448897795568,7.751503006012021e-06,8.019038076152302e-06,5.851703406813631,6.472687156357818e-09,6.472687156357818e-09,6.472687156357818e-10
0.0648496993987976,8.928657314629255e-06,1.812224448897795e-06,6.573146292585183,4.424360805250021e-08,4.424360805250021e-08,4.424360805250021e-09
0.3977755511021994,6.931062124248495e-06,6.931062124248495e-06,3.0861723446893694,2.0366997560970777e-07,2.0366997560970777e-07,2.036699756097078e-08
0.19312625250500878,3.2034068136272535e-06,3.6753507014028044e-07,6.27254509018037,3.05820578119399e-09,3.05820578119399e-09,3.0582057811939897e-10
0.19238476953907693,6.788376753507012e-06,7.127254509018034e-06,4.068136272545073,1.1953615218538506e-08,1.1953615218538506e-08,1.1953615218538506e-09
0.2791382765531034,4.701603206412824e-06,2.0619238476953902e-06,1.9639278557114244,9.352622600128368e-09,9.352622600128368e-09,9.352622600128369e-10
0.30360721442885447,5.753907815631261e-06,6.324649298597192e-06,2.565130260521038,3.277957900808505e-08,3.277957900808505e-08,3.277957900808505e-09
0.20721442885771393,5.5933867735470925e-06,7.091583166332663e-06,2.4048096192384745,2.748996431807624e-07,2.748996431807624e-07,2.7489964318076242e-08
0.20424849699398653,4.4162324649298586e-06,1.8300601202404803e-06,5.691382765531064,1.6114298286213184e-09,1.6114298286213184e-09,1.6114298286213184e-10
0.25170340681362496,3.863326653306612e-06,7.822845691382763e-06,9.899799599198449,1.5071095033684714e-08,1.5071095033684714e-08,1.5071095033684714e-09
0.13306613226452893,6.092785571142283e-06,4.451903807615229e-06,5.891783567134273,1.1179765184614156e-07,1.1179765184614156e-07,1.1179765184614156e-08
0.17903807615230363,4.737274549098195e-06,1.891783567134268e-07,8.016032064128286,2.428601208726615e-08,2.428601208726615e-08,2.428601208726615e-09
0.15901803607214368,1.5268537074148291e-06,6.520841683366731e-06,9.739478957915882,4.0216869012854324e-08,4.0216869012854324e-08,4.021686901285433e-09
0.3414228456913788,4.7551102204408805e-06,1.3841683366733462e-06,2.024048096192386,2.4649696181249833e-07,2.4649696181249833e-07,2.4649696181249832e-08
0.30064128256512707,3.1142284569138266e-06,3.613627254509017e-06,3.9478957915831483,1.6786972364300054e-09,1.6786972364300054e-09,1.6786972364300054e-10
0.3236272545090144,1.7765531062124242e-06,7.929859719438875e-06,3.987975951903789,4.873352817722915e-07,4.873352817722915e-07,4.8733528177229144e-08
0.14048096192384743,4.237875751503005e-06,5.860921843687373e-06,0.8817635270541088,2.3025546269942944e-07,2.3025546269942944e-07,2.3025546269942943e-08
0.39110220440881277,3.5066132264529046e-06,2.436472945891783e-06,6.1723446893787655,7.120768986288187e-09,7.120768986288187e-09,7.120768986288187e-10
0.21833667334669168,1.2414829659318633e-06,2.596993987975951e-06,2.605210420841679,3.651160620328057e-09,3.651160620328057e-09,3.6511606203280566e-10
0.24947895791582939,3.845490981963927e-06,7.894188376753504e-06,8.57715430861727,6.046206675883891e-09,6.046206675883891e-09,6.046206675883891e-10
0.27098196392785306,8.8751503006012e-06,8.233066132264526e-06,0.42084168336673355,1.7017380169599847e-09,1.7017380169599847e-09,1.7017380169599846e-10
0.34957915831662917,3.6492985971943875e-06,1.8478957915831657e-06,7.014028056112243,6.843857492227437e-08,6.843857492227437e-08,6.843857492227436e-09
0.17977955911823548,5.896593186372744e-06,6.699198396793585e-06,7.214428857715451,8.747154950043187e-08,8.747154950043187e-08,8.747154950043187e-09
0.3325250501001966,6.592184368737473e-06,5.522044088176351e-06,2.705410821643281,1.1166000517155131e-08,1.1166000517155131e-08,1.116600051715513e-09
0.22575150300601018,2.2224448897795585e-06,5.736072144288575e-06,3.5871743486973804,2.0646542621672013e-07,2.0646542621672013e-07,2.0646542621672012e-08
0.20869739478957763,3.7028056112224436e-06,1.669539078156312e-06,5.971943887775557,6.488655147907282e-07,6.488655147907282e-07,6.488655147907283e-08
0.33178356713426477,7.858517034068134e-06,3.2925851703406803e-06,9.278557114228501,3.557339589219287e-08,3.557339589219287e-08,3.557339589219287e-09
0.3176953907815596,8.286573146292582e-06,3.667134268537073e-06,6.072144288577161,2.5967060925705295e-09,2.5967060925705295e-09,2.5967060925705297e-10
0.18719438877755398,5.040480961923846e-06,4.077354709418837e-06,1.6032064128256525,6.577714494615668e-07,6.577714494615668e-07,6.577714494615669e-08
0.3295591182364692,1.9192384769539073e-06,6.94889779559118e-06,7.154308617234489,2.119107312516031e-08,2.119107312516031e-08,2.119107312516031e-09
0.07226452905811624,4.309218436873746e-06,4.933466933867734e-06,4.088176352705394,1.6134162870394823e-08,1.6134162870394823e-08,1.6134162870394823e-09
0.23835671342685164,5.2010020040080145e-06,3.3104208416833656e-06,9.719438877755561,3.509174783632933e-08,3.509174783632933e-08,3.5091747836329334e-09
0.3784969939879713,1.080961923847695e-06,1.5803607214428852e-06,4.288577154308602,5.217103860754809e-07,5.217103860754809e-07,5.217103860754809e-08
0.24725450901803384,3.3995991983967925e-06,4.665931863727454e-06,0.9018036072144294,2.9796214488211675e-08,2.9796214488211675e-08,2.9796214488211677e-09
0.3829458917835624,2.9715430861723437e-06,1.3567134268537072e-07,4.929859719438871,2.1481928947446513e-08,2.1481928947446513e-08,2.1481928947446514e-09
0.17458917835671253,1.9014028056112218e-06,8.41142284569138e-06,7.735470941883794,4.801450880630295e-08,4.801450880630295e-08,4.801450880630295e-09
0.34513026052103807,8.490981963927852e-07,2.783567134268536e-07,5.170340681362721,6.937792130966801e-08,6.937792130966801e-08,6.937792130966801e-09
0.15308617234468888,5.71823647294589e-06,2.2937875751503e-06,1.9438877755511037,2.942902029466844e-07,2.942902029466844e-07,2.9429020294668437e-08
0.35699398797594767,2.6505010020040072e-06,4.541082164328656e-06,8.617234468937912,5.661759749981641e-07,5.661759749981641e-07,5.661759749981641e-08
0.12342685370741485,4.2200400801603196e-06,5.993987975951902e-07,3.527054108216419,4.310671451121172e-07,4.310671451121172e-07,4.3106714511211725e-08
0.23539078156312424,4.291382765531061e-06,4.388777555110219e-07,1.3627254509018045,3.3644105383686107e-09,3.3644105383686107e-09,3.364410538368611e-10
0.11304609218436876,7.733667334669336e-06,3.2569138276553096e-06,9.579158316633315,1.2781030230359604e-09,1.2781030230359604e-09,1.2781030230359604e-10
0.25763527054107976,4.98697394789579e-06,2.6052104208416826e-07,3.10621242484969,2.360372342731852e-09,2.360372342731852e-09,2.3603723427318517e-10
0.2746893787575123,5.165330661322644e-06,3.1677354709418827e-06,7.494989979959944,2.708437462264347e-08,2.708437462264347e-08,2.708437462264347e-09
0.21611222444889613,7.787174348697392e-06,6.288977955911822e-06,0.6613226452905815,1.0289059758748863e-08,1.0289059758748863e-08,1.0289059758748863e-09
0.2939679358717404,6.021442885771541e-06,4.5671342685370725e-07,6.773547094188392,5.979057628392553e-07,5.979057628392553e-07,5.979057628392553e-08
0.23168336673346498,8.464929859719436e-06,2.7040080160320633e-06,9.779559118236524,6.659786495145203e-08,6.659786495145203e-08,6.659786495145203e-09
0.3710821643286528,5.9501002004008e-06,5.825250501002002e-06,6.5130260521042205,4.184409653730859e-09,4.184409653730859e-09,4.1844096537308587e-10
0.10933867735470944,6.94889779559118e-06,6.7705410821643265e-06,3.9078156312625074,8.282959105099229e-08,8.282959105099229e-08,8.282959105099228e-09
0.24132264529057904,5.183166332665329e-06,3.185571142284568e-06,2.6252505010019993,5.811082614529973e-08,5.811082614529973e-08,5.811082614529973e-09
0.38665330661322167,4.184368737474949e-06,8.821643286573143e-06,1.2424849699398806,2.779869606716721e-09,2.779869606716721e-09,2.779869606716721e-10
0.2702404809619212,1.3306613226452901e-06,8.554108216432863e-06,9.058116232464972,7.632442885946827e-08,7.632442885946827e-08,7.632442885946827e-09
0.3384569138276514,1.4376753507014023e-06,5.2188376753507e-06,4.709418837675341,1.3166689375358972e-07,1.3166689375358972e-07,1.3166689375358973e-08
0.16198396793587108,9.917835671342682e-07,6.529058116232462e-07,7.294589178356735,2.8994821572542393e-08,2.8994821572542393e-08,2.8994821572542394e-09
0.17162324649298513,1.2949899799599194e-06,7.002404809619236e-06,3.787575150300585,5.72534531780267e-09,5.72534531780267e-09,5.72534531780267e-10
0.1182364729458918,7.18076152304609e-06,7.777555110220438e-07,1.2024048096192392,2.1217196003644864e-07,2.1217196003644864e-07,2.1217196003644862e-08
0.10859719438877757,7.955911823647291e-07,2.6683366733466926e-06,9.959919839679412,7.833740412786367e-09,7.833740412786367e-09,7.833740412786367e-10
0.37182364729458467,3.2569138276553096e-06,8.669338677354706e-07,8.076152304609248,2.334158095843551e-07,2.334158095843551e-07,2.334158095843551e-08
0.3132464929859685,6.734869739478956e-06,4.0320641282565117e-07,2.2645290581162314,5.509482212992787e-07,5.509482212992787e-07,5.509482212992787e-08
0.06262525050100201,1.9905811623246488e-06,3.496993987975951e-07,3.8677354709418665,6.83543124883483e-09,6.83543124883483e-09,6.83543124883483e-10
0.040380761523046094,4.541082164328656e-06,3.4887775551102193e-06,5.070140280561117,1.3513946740730766e-08,1.3513946740730766e-08,1.3513946740730766e-09
0.13158316633266523,7.091583166332663e-06,5.361523046092183e-06,3.066132264529049,1.100125622369029e-09,1.100125622369029e-09,1.1001256223690291e-10
0.14270541082164298,4.862124248496993e-06,7.0202404809619216e-06,0.6212424849699402,1.1474619547226363e-08,1.1474619547226363e-08,1.1474619547226362e-09
0.34809619238476547,6.110621242484968e-06,8.94649298597194e-06,9.519038076152352,1.9819210943134743e-07,1.9819210943134743e-07,1.9819210943134742e-08
0.29174348697394487,3.6753507014028044e-07,3.720641282565129e-06,0.5010020040080162,3.1078289446938733e-07,3.1078289446938733e-07,3.107828944693873e-08
0.26801603206412566,4.451903807615229e-06,7.983366733466931e-06,0.08016032064128256,1.3497308199592072e-09,1.3497308199592072e-09,1.3497308199592072e-10
0.16717434869739403,7.145090180360719e-06,3.3995991983967925e-06,1.5030060120240492,7.31758115860837e-09,7.31758115860837e-09,7.31758115860837e-10
0.07671342685370743,1.5981963927855706e-06,7.955911823647291e-07,2.3647294589178336,1.3314560612787938e-09,1.3314560612787938e-09,1.331456061278794e-10
0.06633266533066133,6.057114228456912e-06,3.0963927855711413e-06,9.25851703406818,8.396645980098318e-08,8.396645980098318e-08,8.396645980098318e-09
0.2998997995991952,8.768136272545087e-06,7.287775551102202e-06,1.22244488977956,1.7530868375796853e-07,1.7530868375796853e-07,1.7530868375796852e-08
0.09006012024048098,8.312625250500999e-07,6.645691382765529e-06,9.138276553106255,1.658009780371523e-08,1.658009780371523e-08,1.658009780371523e-09
0.1123046092184369,7.466132264529056e-06,4.915631262525049e-06,5.551102204408818,4.603376274557647e-09,4.603376274557647e-09,4.603376274557647e-10
0.3844288577154261,8.64328657314629e-06,6.895390781563124e-06,8.316633266533099,3.803574399730899e-09,3.803574399730899e-09,3.803574399730899e-10
0.3280761523046055,4.933466933867734e-06,2.4186372745490975e-06,6.372745490981974,4.127754596654949e-09,4.127754596654949e-09,4.1277545966549487e-10
0.15975951903807553,3.435270541082163e-06,8.768136272545087e-06,1.0821643286573153,3.327045463846371e-07,3.327045463846371e-07,3.327045463846371e-08
0.36292585170340247,8.857314629258514e-06,6.71703406813627e-06,9.659318637274598,5.585102025635905e-07,5.585102025635905e-07,5.585102025635905e-08
0.14641282565130223,2.204609218436873e-06,9.739478957915829e-07,9.038076152304651,9.112295540554532e-08,9.112295540554532e-08,9.112295540554532e-09
0.25911823647294346,7.71583166332665e-06,4.2200400801603196e-06,4.348697394789565,9.36415186163635e-08,9.36415186163635e-08,9.36415186163635e-09
0.13899799599198373,7.519639278557112e-06,9.204408817635267e-07,9.47895791583171,5.8908420114344844e-08,5.8908420114344844e-08,5.8908420114344846e-09
0.24651302605210199,7.573146292585168e-06,1.7943887775551096e-06,9.599198396793636,3.1504851206173415e-07,3.1504851206173415e-07,3.1504851206173416e-08
0.1204609218436874,8.607615230460919e-06,6.021442885771541e-06,6.452905811623258,3.972125569291903e-07,3.972125569291903e-07,3.972125569291903e-08
0.17310621242484883,1.616032064128256e-06,4.041683366733466e-06,4.829659318637266,5.275695628335287e-09,5.275695628335287e-09,5.275695628335287e-10
0.0833867735470942,6.663527054108214e-06,3.809819639278556e-06,5.410821643286572,3.6601679615640486e-07,3.6601679615640486e-07,3.6601679615640486e-08
0.04186372745490982,5.771743486973946e-06,2.5256513026052097e-06,3.6472945891783417,3.908702054010087e-09,3.908702054010087e-09,3.908702054010087e-10
0.13010020040080153,8.625450901803604e-06,7.501803607214426e-06,8.09619238476957,1.0731778610526396e-07,1.0731778610526396e-07,1.0731778610526396e-08
0.38368737474949427,7.127254509018034e-06,8.322244488977953e-06,4.509018036072132,8.501413302226564e-09,8.501413302226564e-09,8.501413302226564e-10
0.35402805611222027,5.102204408817633e-07,6.538677354709417e-06,8.236472945891816,1.0865682041653891e-08,1.0865682041653891e-08,1.086568204165389e-09
0.2554108216432842,8.482765531062121e-06,5.325851703406812e-06,6.6733466933867875,2.090415536214079e-08,2.090415536214079e-08,2.090415536214079e-09
0.18867735470941768,9.561122244488975e-07,8.571943887775548e-06,8.156312625250532,4.678071736494384e-07,4.678071736494384e-07,4.678071736494384e-08
0.06040080160320642,7.876352705410819e-06,8.661122244488975e-06,1.6432865731462938,5.739469631776757e-07,5.739469631776757e-07,5.739469631776757e-08
0.20350701402805468,3.496993987975951e-07,4.92384769539078e-07,0.7414829659318641,8.62872233852661e-08,8.62872233852661e-08,8.62872233852661e-09
0.18126252505009918,6.074949899799597e-06,3.381763527054107e-06,3.486973947895778,1.5089673629580677e-07,1.5089673629580677e-07,1.5089673629580677e-08
0.2539278557114205,5.993987975951902e-07,8.036873747494987e-06,6.3326653306613325,8.386307923996184e-09,8.386307923996184e-09,8.386307923996184e-10
0.18941883767534953,2.5613226452905804e-06,3.5957915831663314e-06,6.05210420841684,1.4253728013414538e-09,1.4253728013414538e-09,1.4253728013414537e-10
0.03222444889779559,2.846693386773546e-06,3.318637274549097e-07,6.212424849699407,6.136748885492272e-08,6.136748885492272e-08,6.136748885492272e-09
0.16346693386773478,8.785971943887772e-06,6.271142284569136e-06,5.3106212424849675,2.6355918799622602e-08,2.6355918799622602e-08,2.6355918799622604e-09
0.15605210420841628,7.002404809619236e-06,4.6124248496993976e-06,3.7274549098196235,1.1632113218458487e-08,1.1632113218458487e-08,1.1632113218458486e-09
0.14567134268537038,2.882364729458917e-06,3.4531062124248485e-06,7.755511022044115,2.7456118328375174e-08,2.7456118328375174e-08,2.7456118328375174e-09
0.18348697394789473,2.2937875751503e-06,5.878757515030058e-06,0.24048096192384763,9.480991027759488e-09,9.480991027759488e-09,9.480991027759488e-10
0.36440881763526617,4.469739478957915e-06,4.9513026052104195e-06,0.9619238476953914,2.1749965038917753e-09,2.1749965038917753e-09,2.1749965038917753e-10
0.24799599198396569,3.381763527054107e-06,7.038076152304607e-06,8.376753507014062,3.233575799788066e-08,3.233575799788066e-08,3.233575799788066e-09
0.24206412825651089,8.714629258517031e-06,6.092785571142283e-06,1.8236472945891797,1.4060738836691728e-09,1.4060738836691728e-09,1.4060738836691727e-10
0.16643286573146218,1.4911823647294584e-06,6.003607214428856e-06,2.8056112224448833,4.2470713714433197e-08,4.2470713714433197e-08,4.247071371443319e-09
0.29026052104208117,3.6849699398797583e-06,6.146292585170339e-06,6.472945891783579,5.3546994012820354e-08,5.3546994012820354e-08,5.354699401282036e-09
0.11156312625250503,5.967935871743485e-06,5.040480961923846e-06,2.5851703406813584,5.883589132684143e-09,5.883589132684143e-09,5.883589132684143e-10
0.20498997995991838,4.92384769539078e-07,5.575551102204407e-06,2.0841683366733474,4.189567902407958e-08,4.189567902407958e-08,4.189567902407958e-09
0.3933266533066083,6.859719438877753e-06,7.697995991983965e-06,6.913827655310638,2.603112115284277e-07,2.603112115284277e-07,2.6031121152842766e-08
0.3814629258516987,8.44709418837675e-06,4.006012024048095e-06,8.396793587174383,2.5615478398997436e-09,2.5615478398997436e-09,2.561547839899744e-10
0.29322645290580857,7.376953907815629e-06,2.846693386773546e-06,4.048096192384752,6.480666234107003e-08,6.480666234107003e-08,6.480666234107003e-09
0.34216432865731067,3.667134268537073e-06,5.093987975951902e-06,7.274549098196414,7.951051018343606e-08,7.951051018343606e-08,7.951051018343606e-09
0.06929859719438879,6.752705410821641e-06,6.6813627254509e-06,8.637274549098233,9.876764817326548e-09,9.876764817326548e-09,9.876764817326548e-10
0.3621843687374706,8.001202404809617e-06,4.059519038076151e-06,5.791583166332669,5.06429218904657e-09,5.06429218904657e-09,5.06429218904657e-10
0.25318637274548866,2.739679358717434e-06,5.165330661322644e-06,1.4028056112224458,4.5410485946316596e-09,4.5410485946316596e-09,4.5410485946316594e-10
0.26208416833667086,6.841883767535068e-06,4.273547094188376e-06,9.859719438877807,1.3134287347529223e-09,1.3134287347529223e-09,1.3134287347529222e-10
0.13084168336673338,5.111823647294588e-06,1.9727454909819634e-06,8.136272545090211,4.736441358093049e-08,4.736441358093049e-08,4.7364413580930485e-09
0.10266533066132266,5.843086172344688e-06,3.827655310621242e-06,9.318637274549143,8.070118355353642e-07,8.070118355353642e-07,8.070118355353642e-08
0.23390781563126053,4.327054108216432e-06,1.2593186372745487e-06,5.931863727454915,1.7250950412746673e-09,1.7250950412746673e-09,1.7250950412746673e-10
0.21759519038075983,4.6124248496993976e-06,8.696793587174346e-06,6.613226452905825,1.1806304623032021e-07,1.1806304623032021e-07,1.1806304623032021e-08
0.22426853707414648,8.661122244488975e-06,2.044088176352705e-06,3.0460921843687285,6.392920877947628e-08,6.392920877947628e-08,6.392920877947627e-09
0.12120240480961926,5.878757515030058e-06,1.2058116232464926e-06,9.378757515030106,1.589611781042495e-09,1.589611781042495e-09,1.589611781042495e-10
0.16939879759518958,3.274749498997995e-06,2.204609218436873e-06,2.384769539078154,3.75207568365345e-09,3.75207568365345e-09,3.75207568365345e-10
0.33623246492985587,7.5553106212424824e-06,6.057114228456912e-06,9.839679358717486,5.133801593324632e-09,5.133801593324632e-09,5.133801593324632e-10
0.23761523046091979,9.739478957915829e-07,5.7895791583166315e-06,1.5230460921843698,3.372710472808172e-07,3.372710472808172e-07,3.3727104728081717e-08
0.2850701402805582,8.019038076152302e-06,7.805010020040078e-06,3.346693386773535,1.279678579392369e-08,1.279678579392369e-08,1.279678579392369e-09
0.10044088176352707,7.805010020040078e-06,7.751503006012021e-06,9.198396793587218,3.4190022519978403e-07,3.4190022519978403e-07,3.41900225199784e-08
0.3562525050100158,1.669539078156312e-06,7.2164328657314605e-06,5.951903807615236,2.1455480126433085e-09,2.1455480126433085e-09,2.1455480126433086e-10
0.22130260521041908,4.1665330661322635e-06,4.897795591182363e-06,8.697394789579196,4.132843004925062e-08,4.132843004925062e-08,4.1328430049250624e-09
0.08635270541082166,2.7753507014028048e-06,6.984569138276551e-06,6.933867735470959,2.863750335923483e-07,2.863750335923483e-07,2.8637503359234827e-08
0.21462925851703243,3.9703406813627245e-06,2.9180360721442877e-06,0.8216432865731468,1.5506739743136567e-07,1.5506739743136567e-07,1.5506739743136568e-08
0.2984168336673315,3.1677354709418827e-06,7.1629258517034045e-06,3.6272545090180213,1.0276391739009046e-09,1.0276391739009046e-09,1.0276391739009046e-10
0.19460921843687248,2.8645290581162316e-06,6.413827655310619e-06,2.9058116232464855,1.0417439261790504e-09,1.0417439261790504e-09,1.0417439261790504e-10
0.15012024048096148,6.235470941883766e-06,1.2949899799599194e-06,4.629258517034057,6.228646968652479e-07,6.228646968652479e-07,6.22864696865248e-08
0.22649298597194203,7.697995991983965e-06,7.94769539078156e-06,4.809619238476945,1.4095426402072225e-07,1.4095426402072225e-07,1.4095426402072225e-08
0.33474949899799217,2.1332665330661317e-06,6.5743486973947875e-06,9.178356713426897,3.5529597479904375e-09,3.5529597479904375e-09,3.5529597479904377e-10
0.23464929859719239,2.044088176352705e-06,8.625450901803604e-06,2.464929859719436,2.821498275749693e-08,2.821498275749693e-08,2.8214982757496933e-09
0.39851703406813127,1.1783567134268536e-07,7.064128256513023e-07,0.36072144288577157,2.8959122783668986e-09,2.8959122783668986e-09,2.895912278366899e-10
0.23909819639278349,7.662324649298595e-06,1.473346693386773e-06,1.683366733466935,1.428889167928755e-07,1.428889167928755e-07,1.428889167928755e-08
0.35551102204408397,1.3128256513026048e-06,1.3128256513026048e-06,9.69939879759524,4.730609791941458e-09,4.730609791941458e-09,4.730609791941458e-10
0.21240480961923688,5.272344689378756e-06,2.240280561122244e-06,5.450901803607214,1.8513338065076678e-07,1.8513338065076678e-07,1.8513338065076678e-08
0.2835871743486945,8.982164328657311e-06,7.733667334669336e-06,5.911823647294594,2.1803621773679206e-07,2.1803621773679206e-07,2.1803621773679205e-08
0.10118236472945893,4.434068136272544e-06,1.9014028056112218e-06,9.078156312625293,2.638840853999983e-07,2.638840853999983e-07,2.6388408539999828e-08
0.37923847695390317,4.745490981963926e-07,5.48637274549098e-06,4.488977955911811,1.1014817805862707e-08,1.1014817805862707e-08,1.1014817805862707e-09
0.06188376753507015,6.9667334669338655e-06,3.934669338677354e-06,4.408817635270528,1.3904580559192867e-07,1.3904580559192867e-07,1.3904580559192867e-08
0.18571142284569028,8.17955911823647e-06,7.341282565130258e-06,7.515030060120265,2.9030564368395553e-07,2.9030564368395553e-07,2.9030564368395553e-08
0.10414829659318639,7.2164328657314605e-06,5.932264529058114e-06,1.3827655310621252,2.3661953347461245e-07,2.3661953347461245e-07,2.3661953347461245e-08
0.03444889779559118,8.803807615230458e-06,5.0048096192384755e-06,7.334669338677377,1.6375772665556762e-07,1.6375772665556762e-07,1.637577266555676e-08
0.26505010020039826,8.821643286573143e-06,5.102204408817633e-07,7.094188376753526,1.2607980730642359e-09,1.2607980730642359e-09,1.260798073064236e-10
0.39703406813626757,4.71943887775551e-06,5.432865731462924e-06,7.955911823647324,1.955086758765525e-07,1.955086758765525e-07,1.9550867587655248e-08
0.29915831663326337,8.072545090180358e-06,1.5090180360721438e-06,4.729458917835662,2.1776776880413386e-08,2.1776776880413386e-08,2.1776776880413386e-09
0.2643086172344664,7.840681362725448e-06,7.420841683366731e-07,7.114228456913847,7.746739052229019e-07,7.746739052229019e-07,7.746739052229019e-08
0.2969338677354678,3.809819639278556e-06,3.7384769539078144e-06,4.569138276553095,8.272761021706957e-09,8.272761021706957e-09,8.272761021706957e-10
0.12194388777555112,5.415030060120239e-06,1.1166332665330658e-06,8.416833667334704,4.5466464829466696e-08,4.5466464829466696e-08,4.54664648294667e-09
0.19164328657314508,4.3627254509018025e-06,8.286573146292582e-06,0.6412825651302608,2.6750599837221733e-07,2.6750599837221733e-07,2.6750599837221732e-08
0.28136272545089897,4.594589178356712e-06,6.350701402805609e-07,9.298597194388822,9.61112136260284e-09,9.61112136260284e-09,9.61112136260284e-10
0.23094188376753313,5.932264529058114e-06,5.629058116232463e-06,8.33667334669342,1.703835801020611e-08,1.703835801020611e-08,1.703835801020611e-09
0.37330661322644837,5.3436873747494974e-06,1.9370741482965927e-06,8.036072144288607,1.5680891401836577e-09,1.5680891401836577e-09,1.5680891401836577e-10
0.365150300601198,6.21763527054108e-06,2.739679358717434e-06,4.328657314629244,3.0619757242039986e-08,3.0619757242039986e-08,3.061975724203999e-09
0.2687575150300575,3.52444889779559e-06,4.772945891783566e-06,4.989979959919833,8.170811500134591e-08,8.170811500134591e-08,8.170811500134591e-09
0.06410821643286574,1.2593186372745487e-06,9.382765531062121e-07,4.7895791583166245,8.757937833217436e-07,8.757937833217436e-07,8.757937833217436e-08
0.24873747494989754,6.288977955911822e-06,8.482765531062121e-06,5.731462925851706,4.2523068651201236e-07,4.2523068651201236e-07,4.252306865120124e-08
0.37034068136272097,2.426853707414829e-07,6.164128256513024e-06,5.390781563126251,2.533099342060789e-07,2.533099342060789e-07,2.533099342060789e-08
0.3251102204408781,3.132064128256512e-06,1.7587174348697389e-06,5.511022044088176,9.237365384668094e-08,9.237365384668094e-08,9.237365384668094e-09
0.15753507014027998,4.505410821643285e-06,8.134268537074145e-07,0.04008016032064128,2.935659814606253e-09,2.935659814606253e-09,2.9356598146062527e-10
0.37775551102203947,3.934669338677354e-06,1.4911823647294584e-06,3.2264529058116125,1.2467956754910856e-07,1.2467956754910856e-07,1.2467956754910855e-08
0.20128256513025913,1.2058116232464926e-06,4.469739478957915e-06,8.99799599198401,1.1938897777188017e-09,1.1938897777188017e-09,1.1938897777188016e-10
0.21685370741482798,1.5090180360721438e-06,7.44829659318637e-06,5.490981963927855,5.001882291743677e-08,5.001882291743677e-08,5.0018822917436775e-09
0.06781563126252506,6.984569138276551e-06,5.700400801603205e-06,8.216432865731495,2.7832964362836043e-08,2.7832964362836043e-08,2.7832964362836044e-09
0.13825651302605188,3.470941883767534e-06,6.172344689378755e-07,2.284569138276552,1.9770437663365156e-09,1.9770437663365156e-09,1.9770437663365157e-10
0.12416833667334672,5.682565130260519e-06,4.434068136272544e-06,6.032064128256519,1.4485012343606516e-07,1.4485012343606516e-07,1.4485012343606516e-08
0.21314629258516873,6.5743486973947875e-06,1.2414829659318633e-06,9.93987975951909,5.654788920191865e-08,5.654788920191865e-08,5.654788920191865e-09
0.21907815631262353,7.305611222444887e-06,4.237875751503005e-06,0.5210420841683369,1.3347407371207452e-07,1.3347407371207452e-07,1.3347407371207452e-08
0.35106212424849287,8.84769539078156e-07,1.865731462925851e-06,7.815631262525078,2.5268656144291093e-09,2.5268656144291093e-09,2.526865614429109e-10
0.3488376753506973,7.769338677354707e-06,1.4555110220440877e-06,1.5430861723446905,2.395719021875633e-08,2.395719021875633e-08,2.3957190218756327e-09
0.11601202404809621,3.898997995991983e-06,8.750300601202402e-06,1.4428857715430872,2.5678671278976023e-07,2.5678671278976023e-07,2.5678671278976024e-08
0.16050100200400738,1.7230460921843681e-06,3.577955911823646e-06,6.132264529058124,1.2299146131663288e-07,1.2299146131663288e-07,1.2299146131663288e-08
0.12713426853707413,1.9370741482965927e-06,4.745490981963926e-07,6.73346693386775,6.053660018211272e-08,6.053660018211272e-08,6.053660018211272e-09
0.24058116232464719,6.913226452905809e-06,5.1474949899799584e-06,9.498997995992031,2.3312842510484663e-08,2.3312842510484663e-08,2.3312842510484663e-09
0.15086172344689333,5.700400801603205e-06,7.519639278557112e-06,5.671342685370743,1.897821255928025e-09,1.897821255928025e-09,1.897821255928025e-10
0.11527054108216435,9.382765531062121e-07,2.489979959919839e-06,7.575150300601227,7.853066095874463e-07,7.853066095874463e-07,7.853066095874463e-08
0.10563126252505012,4.077354709418837e-06,8.161723446893785e-06,6.873747494989996,1.1028396105808775e-07,1.1028396105808775e-07,1.1028396105808775e-08
0.2865531062124219,3.042885771543085e-06,2.4543086172344682e-06,9.358717434869785,1.2102763849928474e-09,1.2102763849928474e-09,1.2102763849928473e-10
0.3577354709418795,3.0963927855711413e-06,4.862124248496993e-06,8.657314629258554,5.146466580597856e-07,5.146466580597856e-07,5.146466580597856e-08
0.19609218436873618,8.268737474949897e-06,1.223647294589178e-06,1.0220440881763533,1.1333211863625294e-07,1.1333211863625294e-07,1.1333211863625294e-08
0.37478957915831207,3.577955911823646e-06,2.79318637274549e-06,2.845691382765524,3.9183447448833113e-07,3.9183447448833113e-07,3.918344744883311e-08
0.3592184368737432,4.202204408817634e-06,7.269939879759517e-06,4.1082164328657145,1.5259141340741356e-09,1.5259141340741356e-09,1.5259141340741356e-10
0.09525050100200402,2.6052104208416826e-07,2.1332665330661317e-06,8.837675350701442,1.9286157482593101e-07,1.9286157482593101e-07,1.9286157482593103e-08
0.13677354709418818,3.328256513026051e-06,7.305611222444887e-06,2.164328657314629,4.5522512719483837e-07,4.5522512719483837e-07,4.5522512719483834e-08
0.3117635270541048,1.473346693386773e-06,7.055911823647292e-06,7.775551102204436,5.818246112296521e-07,5.818246112296521e-07,5.818246112296521e-08
0.15456913827655258,6.699198396793585e-06,6.128456913827653e-06,4.649298597194378,1.8744334210124383e-08,1.8744334210124383e-08,1.874433421012438e-09
0.28581162324649007,8.215230460921841e-06,2.686172344689378e-06,2.7254509018036015,8.988919086845583e-08,8.988919086845583e-08,8.988919086845583e-09
0.18274549098196288,2.935871743486973e-06,7.242484969939877e-07,6.993987975951922,2.4957257398705637e-08,2.4957257398705637e-08,2.4957257398705637e-09
0.3547695390781521,4.772945891783566e-06,8.250901803607212e-06,0.02004008016032064,1.1646452477179841e-07,1.1646452477179841e-07,1.1646452477179841e-08
0.06114228456913828,8.322244488977953e-06,5.290180360721441e-06,7.034068136272563,5.361300301621299e-07,5.361300301621299e-07,5.361300301621299e-08
0.3962925851703357,6.271142284569136e-06,1.080961923847695e-06,7.454909819639302,5.971696137465486e-08,5.971696137465486e-08,5.971696137465486e-09
0.31250501002003667,6.3781563126252485e-06,3.631462925851702e-06,6.693386773547108,1.7971072813294882e-09,1.7971072813294882e-09,1.797107281329488e-10
0.13454909819639263,5.058316633266532e-06,1.7230460921843681e-06,1.4829659318637285,2.009123741682403e-07,2.009123741682403e-07,2.009123741682403e-08
0.1019238476953908,7.822845691382763e-06,6.21763527054108e-06,0.9218436873747501,4.3644569156482074e-08,4.3644569156482074e-08,4.364456915648208e-09
0.09747494989979961,2.3294589178356707e-06,5.637274549098194e-07,4.388777555110207,2.031687622803996e-09,2.031687622803996e-09,2.031687622803996e-10
0.055951903807615236,8.589779559118233e-06,7.876352705410819e-06,3.4468937875751373,1.1460491851368872e-09,1.1460491851368872e-09,1.1460491851368872e-10
0.26653306613226196,8.161723446893785e-06,4.969138276553105e-06,7.234468937875772,6.651586882278562e-09,6.651586882278562e-09,6.651586882278563e-10
0.3147294589178322,6.199799599198395e-06,2.8645290581162316e-06,3.707414829659303,1.5487647650197776e-08,1.5487647650197776e-08,1.5487647650197776e-09
0.10785571142284571,6.172344689378755e-07,4.291382765531061e-06,7.134268537074168,2.062112233880616e-08,2.062112233880616e-08,2.062112233880616e-09
0.19757515030059988,6.342484969939878e-06,4.4162324649298586e-06,9.819639278557165,8.639359226229024e-07,8.639359226229024e-07,8.639359226229024e-08
0.39258517034067647,8.108216432865729e-06,5.236673346693385e-06,6.352705410821653,5.076785697990422e-07,5.076785697990422e-07,5.0767856979904215e-08
0.2732064128256486,2.1154308617234463e-06,7.91202404809619e-06,5.4709418837675345,1.7771486446751468e-07,1.7771486446751468e-07,1.7771486446751468e-08
0.07004008016032065,6.44949899799599e-06,8.357915831663324e-06,5.9919839679358775,2.2968882489871535e-09,2.2968882489871535e-09,2.2968882489871535e-10
0.2509619238476931,9.204408817635267e-07,4.095190380761522e-06,4.549098196392774,3.5617248296112495e-07,3.5617248296112495e-07,3.5617248296112495e-08
0.23316633266532868,4.826452905811622e-06,7.430460921843685e-06,9.559118236472994,4.666559426431139e-09,4.666559426431139e-09,4.666559426431139e-10
0.08709418837675352,1.3484969939879755e-06,2.2581162324649292e-06,8.597194388777591,1.3530605792703725e-07,1.3530605792703725e-07,1.3530605792703725e-08
0.38072144288576687,1.954909819639278e-06,5.9501002004008e-06,8.977955911823688,1.7272216182474945e-08,1.7272216182474945e-08,1.7272216182474946e-09
0.3770140280561076,7.287775551102202e-06,8.982164328657311e-06,7.474949899799623,3.1001808596600962e-09,3.1001808596600962e-09,3.100180859660096e-10
0.33771543086171957,2.8110220440881755e-06,7.64448897795591e-06,5.010020040080154,1.368256406897896e-09,1.368256406897896e-09,1.368256406897896e-10
0.36589178356712987,1.1166332665330658e-06,1.1523046092184365e-06,6.412825651302616,1.635561060835749e-08,1.635561060835749e-08,1.6355610608357492e-09
0.0670741482965932,1.865731462925851e-06,3.078557114228456e-06,7.054108216432884,6.220978180191584e-08,6.220978180191584e-08,6.220978180191584e-09
0.29470941883767227,2.5791583166332658e-06,2.6148296593186365e-06,8.7975951903808,3.601725519452223e-09,3.601725519452223e-09,3.6017255194522227e-10
0.24428857715430644,7.323446893787573e-06,3.2034068136272535e-06,9.158316633266576,6.314137600726554e-07,6.314137600726554e-07,6.314137600726554e-08
0.2924849699398767,7.269939879759517e-06,3.52444889779559e-06,4.208416833667319,1.013725393733874e-09,1.013725393733874e-09,1.013725393733874e-10
0.34661322645290177,4.148697394789578e-06,8.17955911823647e-06,2.5450901803607175,4.8673526844608326e-08,4.8673526844608326e-08,4.867352684460833e-09
0.09599198396793589,5.646893787575149e-06,3.3460921843687364e-06,4.368737474949886,5.21068049688654e-08,5.21068049688654e-08,5.2106804968865395e-09
0.03148296593186373,1.1701402805611219e-06,6.734869739478956e-06,6.833667334669355,2.3927693824944086e-09,2.3927693824944086e-09,2.3927693824944087e-10
0.22056112224448723,3.881162324649298e-06,1.277154308617234e-06,9.67935871743492,5.434886259186604e-07,5.434886259186604e-07,5.434886259186604e-08
0.15234468937875703,1.277154308617234e-06,4.879959919839678e-06,1.102204408817636,5.288710665394199e-07,5.288710665394199e-07,5.288710665394199e-08
0.3102805611222411,7.234268537074146e-06,1.7408817635270535e-06,4.188376753506998,1.5915713436917573e-08,1.5915713436917573e-08,1.5915713436917574e-09
0.3636673346693343,3.7563126252504997e-06,4.648096192384768e-06,0.7014028056112228,9.492678532921127e-08,9.492678532921127e-08,9.492678532921126e-09
0.379979959919835,7.929859719438875e-06,8.928657314629255e-06,7.655310621242511,5.571357596333467e-09,5.571357596333467e-09,5.571357596333467e-10
0.3992585170340631,6.431663326653305e-06,8.375751503006009e-06,4.2685370741482815,1.926241212301467e-08,1.926241212301467e-08,1.926241212301467e-09
0.3191783567134233,3.7919839679358704e-06,2.7753507014028048e-06,5.1503006012024,9.622969283374623e-08,9.622969283374623e-08,9.622969283374624e-09
0.34068136272544697,8.304408817635268e-06,2.96192384769539e-07,6.653306613226467,1.2956454902595874e-09,1.2956454902595874e-09,1.2956454902595874e-10
0.16569138276553033,2.596993987975951e-06,8.464929859719436e-06,2.8657314629258446,9.74303778752864e-09,9.74303778752864e-09,9.74303778752864e-10
0.08264529058116234,4.059519038076151e-06,1.419839679358717e-06,4.248496993987961,1.4467178214288255e-08,1.4467178214288255e-08,1.4467178214288254e-09
0.13603206412825633,5.807414829659317e-06,7.394789579158314e-06,5.6513026052104225,7.941261584360872e-09,7.941261584360872e-09,7.941261584360872e-10
0.19016032064128138,3.916833667334668e-06,1.6338677354709413e-06,8.817635270541121,2.9759529014304438e-09,2.9759529014304438e-09,2.975952901430444e-10
0.30583166332665,7.537474949899797e-06,6.877555110220439e-06,5.771543086172348,8.293169759978153e-07,8.293169759978153e-07,8.293169759978153e-08
0.26060120240480716,6.413827655310619e-06,8.108216432865729e-06,1.042084168336674,1.0879076497420708e-07,1.0879076497420708e-07,1.0879076497420709e-08
0.07597194388777556,2.3829659318637268e-06,4.113026052104207e-06,8.496993987975987,3.414792733437888e-08,3.414792733437888e-08,3.414792733437888e-09
0.3888777555110172,6.88577154308617e-07,8.001202404809617e-06,2.20440881763527,3.60616547572643e-08,3.60616547572643e-08,3.60616547572643e-09
0.2628256513026027,6.895390781563124e-06,5.71823647294589e-06,0.4408817635270542,3.189794612797224e-08,3.189794612797224e-08,3.1897946127972242e-09
0.08931863727454911,6.529058116232462e-07,2.632665330661322e-06,0.9819639278557121,1.058647507191055e-07,1.058647507191055e-07,1.058647507191055e-08
0.19683366733466803,6.6278557114228436e-06,2.7753507014028048e-06,0.3006012024048096,1.3870362648114694e-09,1.3870362648114694e-09,1.3870362648114693e-10
0.13677354709418818,7.965531062124246e-06,6.984569138276551e-06,1.9438877755511037,7.941261584360872e-09,7.941261584360872e-09,7.941261584360872e-10
0.379979959919835,2.2581162324649292e-06,6.752705410821641e-06,0.9018036072144294,1.315047838185461e-08,1.315047838185461e-08,1.3150478381854609e-09
0.39406813627254017,1.1166332665330658e-06,4.541082164328656e-06,8.517034068136308,4.861359938638247e-09,4.861359938638247e-09,4.861359938638247e-10
0.1123046092184369,8.126052104208414e-06,7.519639278557112e-06,0.1002004008016032,5.275695628335287e-09,5.275695628335287e-09,5.275695628335287e-10
0.07374749498997997,8.233066132264526e-06,8.625450901803604e-06,6.8537074148296755,4.795539273937188e-09,4.795539273937188e-09,4.795539273937188e-10
0.3918436873747446,3.613627254509017e-06,1.5090180360721438e-06,5.611222444889781,9.755048325677944e-08,9.755048325677944e-08,9.755048325677944e-09
0.38813627254508537,5.522044088176351e-06,5.914428857715429e-06,3.707414829659303,7.853066095874463e-07,7.853066095874463e-07,7.853066095874463e-08
0.21240480961923688,5.183166332665329e-06,4.630260521042083e-06,0.32064128256513025,5.654788920191865e-08,5.654788920191865e-08,5.654788920191865e-09
0.31843687374749147,4.4875751503006e-06,5.993987975951902e-07,6.412825651302616,7.737201169707775e-08,7.737201169707775e-08,7.737201169707775e-09
0.11304609218436876,5.682565130260519e-06,2.6052104208416826e-07,1.4829659318637285,6.751194686974627e-08,6.751194686974627e-08,6.751194686974627e-09
0.21388777555110058,8.393587174348695e-06,6.172344689378755e-07,5.971943887775557,5.8908420114344844e-08,5.8908420114344844e-08,5.8908420114344846e-09
0.11675350701402808,6.931062124248495e-06,6.556513026052102e-06,3.987975951903789,3.962350528689789e-09,3.962350528689789e-09,3.9623505286897886e-10
0.365150300601198,6.253306613226451e-06,4.9513026052104195e-06,4.629258517034057,1.16177916144128e-09,1.16177916144128e-09,1.16177916144128e-10
0.3903607214428809,5.914428857715429e-06,8.44709418837675e-06,1.7835671342685384,2.533099342060789e-07,2.533099342060789e-07,2.533099342060789e-08
0.18052104208416733,8.001202404809617e-06,2.0797595190380756e-06,4.128256513026035,2.5967060925705295e-09,2.5967060925705295e-09,2.5967060925705297e-10
0.276172344689376,4.388777555110219e-07,6.3781563126252485e-06,9.959919839679412,1.4060738836691728e-09,1.4060738836691728e-09,1.4060738836691727e-10
0.21981963927855538,5.736072144288575e-06,3.881162324649298e-06,4.1082164328657145,1.7293508167162532e-07,1.7293508167162532e-07,1.7293508167162532e-08
0.3770140280561076,8.839478957915829e-06,4.3627254509018025e-06,8.076152304609248,1.0731778610526396e-07,1.0731778610526396e-07,1.0731778610526396e-08
0.06855711422845692,8.340080160320638e-06,2.008416833667334e-06,2.20440881763527,1.279678579392369e-08,1.279678579392369e-08,1.279678579392369e-09
0.39555110220440387,6.467334669338675e-06,5.040480961923846e-06,9.358717434869785,7.641851629754752e-07,7.641851629754752e-07,7.641851629754752e-08
0.20350701402805468,4.130861723446893e-06,2.632665330661322e-06,2.8657314629258446,8.618098547094042e-09,8.618098547094042e-09,8.618098547094042e-10
0.35551102204408397,2.7575150300601194e-06,2.2937875751503e-06,4.729458917835662,5.001882291743677e-08,5.001882291743677e-08,5.0018822917436775e-09
0.07152304609218438,4.059519038076151e-06,4.237875751503005e-06,2.384769539078154,4.016735349807706e-09,4.016735349807706e-09,4.016735349807706e-10
0.3265931863727418,1.3567134268537072e-07,1.7408817635270535e-06,3.807615230460905,9.352622600128368e-09,9.352622600128368e-09,9.352622600128369e-10
0.30360721442885447,9.382765531062121e-07,5.843086172344688e-06,2.845691382765524,1.0149750437690964e-08,1.0149750437690964e-08,1.0149750437690964e-09
0.350320641282561,4.523246492985971e-06,5.058316633266532e-06,1.0220440881763533,6.569615929827964e-08,6.569615929827964e-08,6.5696159298279636e-09
0.2628256513026027,6.074949899799597e-06,8.571943887775548e-06,1.5230460921843698,1.950275467653451e-09,1.950275467653451e-09,1.950275467653451e-10
0.2806212424849671,5.860921843687373e-06,5.932264529058114e-06,3.9078156312625074,2.5299805583020582e-08,2.5299805583020582e-08,2.5299805583020583e-09
0.07004008016032065,7.376953907815629e-06,4.4162324649298586e-06,4.388777555110207,7.951051018343606e-08,7.951051018343606e-08,7.951051018343606e-09
0.14641282565130223,6.306813627254507e-06,4.665931863727454e-06,1.3226452905811632,4.359083341419118e-09,4.359083341419118e-09,4.359083341419118e-10
0.20054108216432728,3.7028056112224436e-06,5.878757515030058e-06,2.0040080160320657,6.053660018211272e-08,6.053660018211272e-08,6.053660018211272e-09
0.19090180360721323,3.720641282565129e-06,1.473346693386773e-06,2.9458917835671263,6.21331883363945e-09,6.21331883363945e-09,6.21331883363945e-10
0.3992585170340631,6.71703406813627e-06,1.080961923847695e-06,1.8837675350701417,5.348106628054282e-09,5.348106628054282e-09,5.348106628054282e-10
0.040380761523046094,8.464929859719436e-06,6.110621242484968e-06,7.274549098196414,2.360372342731852e-09,2.360372342731852e-09,2.3603723427318517e-10
0.04557114228456914,7.3591182364729435e-06,1.954909819639278e-06,5.450901803607214,2.638840853999983e-07,2.638840853999983e-07,2.6388408539999828e-08
0.17755511022043993,3.4531062124248485e-06,2.543486973947895e-06,1.2625250501002012,5.217103860754809e-07,5.217103860754809e-07,5.217103860754809e-08
0.2984168336673315,8.215230460921841e-06,1.5981963927855706e-06,2.605210420841679,2.2075671717351928e-08,2.2075671717351928e-08,2.207567171735193e-09
0.3414228456913788,8.8751503006012e-06,8.67895791583166e-06,9.198396793587218,8.856295671532333e-09,8.856295671532333e-09,8.856295671532332e-10
0.3977755511021994,8.696793587174346e-06,9.917835671342682e-07,1.2024048096192392,8.62872233852661e-08,8.62872233852661e-08,8.62872233852661e-09
0.23020040080160128,6.395991983967934e-06,1.0096192384769536e-06,6.192384769539086,1.211768329395621e-08,1.211768329395621e-08,1.211768329395621e-09
0.06410821643286574,6.44949899799599e-06,8.94649298597194e-06,3.7274549098196235,1.3134287347529223e-09,1.3134287347529223e-09,1.3134287347529222e-10
0.3162124248496959,1.3663326653306609e-06,6.6278557114228436e-06,9.138276553106255,4.5410485946316596e-09,4.5410485946316596e-09,4.5410485946316594e-10
0.27394789579158046,4.5589178356713415e-06,4.148697394789578e-06,9.338677354709464,2.6355918799622602e-08,2.6355918799622602e-08,2.6355918799622604e-09
0.2924849699398767,2.739679358717434e-06,4.826452905811622e-06,7.034068136272563,8.977851816647744e-09,8.977851816647744e-09,8.977851816647745e-10
0.2776553106212397,4.309218436873746e-06,1.2414829659318633e-06,5.911823647294594,1.4449366042574293e-09,1.4449366042574293e-09,1.4449366042574294e-10
0.14567134268537038,8.161723446893785e-06,4.737274549098195e-06,3.3667334669338556,1.6828385494021785e-07,1.6828385494021785e-07,1.6828385494021786e-08
0.3859118236472898,8.108216432865729e-06,8.286573146292582e-06,1.1422845691382773,1.3166689375358972e-07,1.3166689375358972e-07,1.3166689375358973e-08
0.15160320641282518,3.934669338677354e-06,7.073747494989978e-06,8.276553106212457,1.5680891401836577e-09,1.5680891401836577e-09,1.5680891401836577e-10
0.3962925851703357,6.164128256513024e-06,3.952505010020039e-06,2.424849699398795,3.1040025466222826e-08,3.1040025466222826e-08,3.1040025466222824e-09
0.30657314629258187,7.466132264529056e-06,4.6124248496993976e-06,0.6412825651302608,1.3513946740730766e-08,1.3513946740730766e-08,1.3513946740730766e-09
0.09450901803607216,3.7563126252504997e-06,3.631462925851702e-06,7.8757515030060405,8.18088390725986e-07,8.18088390725986e-07,8.18088390725986e-08
0.3681162324649254,6.88577154308617e-07,7.6088176352705385e-06,5.571142284569139,3.4105883976901252e-09,3.4105883976901252e-09,3.410588397690125e-10
0.36885771543085727,4.7551102204408805e-06,7.733667334669336e-06,7.334669338677377,1.1460491851368872e-09,1.1460491851368872e-09,1.1460491851368872e-10
0.11082164328657317,3.631462925851702e-06,8.250901803607212e-06,8.056112224448928,2.3312842510484663e-08,2.3312842510484663e-08,2.3312842510484663e-09
0.29026052104208117,7.073747494989978e-06,2.240280561122244e-06,1.1222444889779566,1.3716318684666484e-07,1.3716318684666484e-07,1.3716318684666484e-08
0.35106212424849287,8.607615230460919e-06,7.1629258517034045e-06,0.220440881763527,1.849054421048186e-08,1.849054421048186e-08,1.849054421048186e-09
0.32585170340680997,2.935871743486973e-06,6.859719438877753e-06,6.452905811623258,4.310671451121172e-07,4.310671451121172e-07,4.3106714511211725e-08
0.11156312625250503,2.3294589178356707e-06,5.272344689378756e-06,9.559118236472994,4.603376274557647e-09,4.603376274557647e-09,4.603376274557647e-10
0.22056112224448723,8.518436873747492e-06,4.5671342685370725e-07,5.1503006012024,1.4647689280713536e-09,1.4647689280713536e-09,1.4647689280713537e-10
0.0752304609218437,2.400801603206412e-06,5.093987975951902e-06,9.218436873747539,6.306363555124571e-08,6.306363555124571e-08,6.3063635551245704e-09
0.30953907815630927,8.803807615230458e-06,6.88577154308617e-07,3.346693386773535,2.0878417903229896e-09,2.0878417903229896e-09,2.0878417903229896e-10
0.05521042084168337,3.3104208416833656e-06,8.375751503006009e-06,8.476953907815666,4.137937685830347e-07,4.137937685830347e-07,4.137937685830347e-08
0.22352705410821463,7.822845691382763e-06,2.9002004008016023e-06,9.539078156312673,1.5468579063683909e-09,1.5468579063683909e-09,1.546857906368391e-10
0.20721442885771393,2.151102204408817e-06,3.042885771543085e-06,2.525050100200397,6.220978180191584e-08,6.220978180191584e-08,6.220978180191584e-09
0.10859719438877757,7.198597194388775e-06,2.0262525050100195e-06,8.937875751503046,3.8605330928458946e-08,3.8605330928458946e-08,3.860533092845894e-09
0.35402805611222027,8.312625250500999e-07,3.6492985971943875e-06,2.3046092184368723,2.398672297366778e-07,2.398672297366778e-07,2.398672297366778e-08
0.16569138276553033,6.003607214428856e-06,2.79318637274549e-06,4.669338677354699,3.2739220378270947e-09,3.2739220378270947e-09,3.273922037827095e-10
0.16494989979959848,7.430460921843685e-06,5.432865731462924e-06,1.5631262525050111,4.940241503950268e-07,4.940241503950268e-07,4.940241503950268e-08
0.04705410821643287,2.0797595190380756e-06,3.328256513026051e-06,5.250501002004005,2.7832964362836043e-08,2.7832964362836043e-08,2.7832964362836044e-09
0.04482965931863728,6.039278557114227e-06,5.129659318637273e-06,6.072144288577161,2.2378669003612392e-08,2.2378669003612392e-08,2.2378669003612394e-09
0.28581162324649007,5.0048096192384755e-06,5.860921843687373e-06,2.4849699398797562,1.4095426402072225e-07,1.4095426402072225e-07,1.4095426402072225e-08
0.18422845691382658,5.967935871743485e-06,6.092785571142283e-06,5.050100200400796,1.7017380169599847e-09,1.7017380169599847e-09,1.7017380169599846e-10
0.08412825651302606,3.417434869739478e-06,8.072545090180358e-06,6.092184368737482,2.9030564368395553e-07,2.9030564368395553e-07,2.9030564368395553e-08
0.18793587174348583,4.98697394789579e-06,4.745490981963926e-07,5.350701402805609,4.2523068651201236e-07,4.2523068651201236e-07,4.252306865120124e-08
0.13454909819639263,7.091583166332663e-06,1.9192384769539073e-06,0.08016032064128256,6.472687156357818e-09,6.472687156357818e-09,6.472687156357818e-10
0.21166332665330503,1.4555110220440877e-06,8.490981963927852e-07,7.775551102204436,2.4926529709607457e-09,2.4926529709607457e-09,2.4926529709607457e-10
0.33326653306612847,7.287775551102202e-06,7.0202404809619216e-06,3.206412825651292,1.897821255928025e-09,1.897821255928025e-09,1.897821255928025e-10
0.16050100200400738,1.7052104208416828e-06,7.876352705410819e-06,7.85571142284572,9.237365384668094e-08,9.237365384668094e-08,9.237365384668094e-09
0.13380761523046078,6.984569138276551e-06,6.610020040080158e-06,5.791583166332669,2.3632820452996925e-08,2.3632820452996925e-08,2.3632820452996925e-09
0.22649298597194203,1.7230460921843681e-06,6.734869739478956e-06,6.873747494989996,4.184409653730859e-09,4.184409653730859e-09,4.1844096537308587e-10
0.18941883767534953,8.625450901803604e-06,3.720641282565129e-06,6.352705410821653,1.8467778419967344e-09,1.8467778419967344e-09,1.8467778419967343e-10
0.3710821643286528,5.076152304609217e-06,2.7040080160320633e-06,0.8817635270541088,8.386307923996184e-09,8.386307923996184e-09,8.386307923996184e-10
0.12342685370741485,7.519639278557112e-06,7.287775551102202e-06,2.565130260521038,4.678071736494384e-07,4.678071736494384e-07,4.678071736494384e-08
0.10340681362725453,1.419839679358717e-06,8.215230460921841e-06,9.25851703406818,3.9135204295678666e-08,3.9135204295678666e-08,3.913520429567867e-09
0.13529058116232448,4.023847695390781e-06,3.7563126252504997e-06,5.390781563126251,1.1333211863625294e-07,1.1333211863625294e-07,1.1333211863625294e-08
0.1182364729458918,3.496993987975951e-07,5.3971943887775535e-06,6.4929859719439,4.2470713714433197e-08,4.2470713714433197e-08,4.247071371443319e-09
0.10266533066132266,1.9014028056112218e-06,8.134268537074145e-07,4.208416833667319,1.4253728013414538e-09,1.4253728013414538e-09,1.4253728013414537e-10
0.14344689378757483,5.5933867735470925e-06,7.769338677354707e-06,4.7895791583166245,1.427129901619706e-08,1.427129901619706e-08,1.427129901619706e-09
0.09302605210420843,7.6088176352705385e-06,1.812224448897795e-06,4.00801603206411,1.6154051942251828e-07,1.6154051942251828e-07,1.615405194225183e-08
0.26505010020039826,3.132064128256512e-06,7.376953907815629e-06,3.4669338677354578,3.322949163640174e-08,3.322949163640174e-08,3.322949163640174e-09
0.37923847695390317,3.185571142284568e-06,5.102204408817633e-07,5.410821643286572,2.1481928947446513e-08,2.1481928947446513e-08,2.1481928947446514e-09
0.34957915831662917,2.7753507014028048e-06,7.805010020040078e-06,8.77755511022048,1.0879076497420708e-07,1.0879076497420708e-07,1.0879076497420709e-08
0.03222444889779559,4.879959919839678e-06,3.2569138276553096e-06,5.511022044088176,1.2812560779848808e-07,1.2812560779848808e-07,1.2812560779848808e-08
0.07745490981963929,3.863326653306612e-06,1.5803607214428852e-06,5.070140280561117,4.127754596654949e-09,4.127754596654949e-09,4.1277545966549487e-10
0.24428857715430644,3.435270541082163e-06,7.064128256513023e-07,3.3066132264528942,1.5915713436917573e-08,1.5915713436917573e-08,1.5915713436917574e-09
0.06040080160320642,4.398396793587173e-06,7.501803607214426e-06,5.030060120240475,3.189794612797224e-08,3.189794612797224e-08,3.1897946127972242e-09
0.23613226452905609,1.1783567134268536e-07,4.576753507014027e-06,9.498997995992031,2.742231401028208e-09,2.742231401028208e-09,2.7422314010282076e-10
0.13899799599198373,3.0963927855711413e-06,1.027454909819639e-06,9.038076152304651,3.3644105383686107e-09,3.3644105383686107e-09,3.364410538368611e-10
0.29767535070139967,1.7134268537074145e-07,6.71703406813627e-06,7.575150300601227,5.008048263732426e-07,5.008048263732426e-07,5.008048263732426e-08
0.30805611222444557,3.318637274549097e-07,1.3128256513026048e-06,0.4408817635270542,1.570022171220835e-08,1.570022171220835e-08,1.570022171220835e-09
0.291002004008013,4.897795591182363e-06,2.2224448897795585e-06,0.7014028056112228,2.235111610496698e-09,2.235111610496698e-09,2.235111610496698e-10
0.24577154308617014,8.250901803607212e-06,3.6753507014028044e-07,0.5811623246492988,1.5071095033684714e-08,1.5071095033684714e-08,1.5071095033684714e-09
0.20573146292585023,3.881162324649298e-06,8.750300601202402e-06,7.394789579158339,5.509482212992787e-07,5.509482212992787e-07,5.509482212992787e-08
0.13603206412825633,2.5613226452905804e-06,7.64448897795591e-06,2.064128256513027,8.293169759978153e-07,8.293169759978153e-07,8.293169759978153e-08
0.39703406813626757,4.6124248496993976e-06,7.305611222444887e-06,8.09619238476957,3.461662108223917e-08,3.461662108223917e-08,3.461662108223917e-09
0.30583166332665,8.019038076152302e-06,3.577955911823646e-06,3.527054108216419,1.660053659308799e-07,1.660053659308799e-07,1.660053659308799e-08
0.31547094188376407,2.6683366733466926e-06,7.983366733466931e-06,1.042084168336674,9.622969283374623e-08,9.622969283374623e-08,9.622969283374624e-09
0.30212424849699077,6.707414829659316e-07,8.589779559118233e-06,4.148296593186356,1.4665745931497528e-08,1.4665745931497528e-08,1.4665745931497528e-09
0.26208416833667086,1.1344689378757512e-06,8.393587174348695e-06,0.4008016032064129,4.8673526844608326e-08,4.8673526844608326e-08,4.867352684460833e-09
0.23761523046091979,8.589779559118233e-06,1.0987975951903804e-06,7.5350701402805855,2.1217196003644864e-07,2.1217196003644864e-07,2.1217196003644862e-08
0.29619238476953597,3.1677354709418827e-06,3.0607214428857706e-06,6.132264529058124,4.995723911377175e-09,4.995723911377175e-09,4.995723911377175e-10
0.20869739478957763,8.490981963927852e-07,6.306813627254507e-06,3.2665330661322534,3.3685579492687927e-08,3.3685579492687927e-08,3.3685579492687926e-09
0.14418837675350668,6.413827655310619e-06,7.822845691382763e-06,6.793587174348713,2.2713790551435634e-07,2.2713790551435634e-07,2.2713790551435634e-08
0.13973947895791558,5.280561122244487e-07,2.9180360721442877e-06,0.5210420841683369,5.883589132684143e-09,5.883589132684143e-09,5.883589132684143e-10
0.3562525050100158,7.305611222444887e-06,1.1783567134268536e-07,3.4468937875751373,2.116498240949215e-09,2.116498240949215e-09,2.116498240949215e-10
0.0670741482965932,4.5671342685370725e-07,8.821643286573143e-06,6.232464929859728,7.7276750303474e-09,7.7276750303474e-09,7.727675030347399e-10
0.14048096192384743,8.982164328657311e-06,4.772945891783566e-06,6.773547094188392,6.228646968652479e-07,6.228646968652479e-07,6.22864696865248e-08
0.37627254509017577,3.5957915831663314e-06,5.637274549098194e-07,1.0621242484969946,3.1504851206173415e-07,3.1504851206173415e-07,3.1504851206173416e-08
0.31991983967935517,6.94889779559118e-06,7.4126252505009995e-06,4.188376753506998,4.9341590164967006e-08,4.9341590164967006e-08,4.9341590164967e-09
0.22797595190380573,4.683767535070139e-06,4.969138276553105e-06,4.308617234468923,7.326601762816493e-08,7.326601762816493e-08,7.326601762816492e-09
0.0915430861723447,1.9192384769539073e-06,7.109418837675348e-06,5.4709418837675345,7.138335782929524e-07,7.138335782929524e-07,7.138335782929524e-08
0.2583767535070116,4.327054108216432e-06,3.2034068136272535e-06,1.7635270541082178,2.0066500832708303e-08,2.0066500832708303e-08,2.0066500832708304e-09
0.3814629258516987,8.750300601202402e-06,4.844288577154307e-06,2.1242484969939883,2.42561108438351e-09,2.42561108438351e-09,2.42561108438351e-10
0.07448897795591183,2.044088176352705e-06,2.5791583166332658e-06,0.9619238476953914,4.4906158019589197e-07,4.4906158019589197e-07,4.4906158019589195e-08
0.29322645290580857,8.197394789579156e-06,6.895390781563124e-06,4.509018036072132,1.8721255950171393e-09,1.8721255950171393e-09,1.8721255950171394e-10
0.17607214428857623,5.468537074148295e-06,4.059519038076151e-06,7.214428857715451,1.1488764658722999e-07,1.1488764658722999e-07,1.1488764658722998e-08
0.25763527054107976,4.745490981963926e-07,5.280561122244487e-07,0.5410821643286575,3.5135006498083964e-07,3.5135006498083964e-07,3.5135006498083966e-08
0.23168336673346498,4.772945891783566e-06,8.518436873747492e-06,5.83166332665331,6.561527336095038e-09,6.561527336095038e-09,6.561527336095037e-10
0.03444889779559118,4.237875751503005e-06,8.304408817635268e-06,6.152304609218445,1.043028115508908e-08,1.043028115508908e-08,1.043028115508908e-09
0.3636673346693343,4.148697394789578e-06,4.184368737474949e-06,2.785571142284563,1.9770437663365156e-09,1.9770437663365156e-09,1.9770437663365157e-10
0.18645290581162213,2.008416833667334e-06,2.1867735470941878e-06,1.5831663326653318,7.227402813527497e-08,7.227402813527497e-08,7.227402813527497e-09
0.35254509018035657,6.271142284569136e-06,8.892985971943885e-06,0.06012024048096192,1.1968350802525248e-07,1.1968350802525248e-07,1.1968350802525248e-08
0.15012024048096148,2.3116232464929853e-06,6.592184368737473e-06,0.48096192384769554,3.509174783632933e-08,3.509174783632933e-08,3.5091747836329334e-09
0.35699398797594767,4.648096192384768e-06,1.223647294589178e-06,0.9218436873747501,2.2997196927874e-08,2.2997196927874e-08,2.2997196927874e-09
0.38220440881763057,6.752705410821641e-06,8.197394789579156e-06,6.613226452905825,4.189567902407958e-08,4.189567902407958e-08,4.189567902407958e-09
0.3873947895791535,5.7895791583166315e-06,6.538677354709417e-06,3.787575150300585,5.4281947588912047e-08,5.4281947588912047e-08,5.428194758891205e-09
0.13010020040080153,5.236673346693385e-06,8.233066132264526e-06,7.835671342685399,7.33563348699697e-07,7.33563348699697e-07,7.33563348699697e-08
0.3325250501001966,1.9370741482965927e-06,8.108216432865729e-06,7.695390781563153,3.655661516750302e-08,3.655661516750302e-08,3.655661516750302e-09
0.06336673346693387,2.2759519038076146e-06,5.896593186372744e-06,3.1863727454909716,4.0819118386577954e-07,4.0819118386577954e-07,4.081911838657796e-08
0.31398797595190037,7.064128256513023e-07,6.467334669338675e-06,0.36072144288577157,9.888940204840871e-08,9.888940204840871e-08,9.88894020484087e-09
0.07967935871743488,3.6753507014028044e-07,5.629058116232463e-06,7.134268537074168,1.013725393733874e-09,1.013725393733874e-09,1.013725393733874e-10
0.21833667334669168,1.2058116232464926e-06,2.9715430861723437e-06,3.486973947895778,1.0012327303261258e-08,1.0012327303261258e-08,1.0012327303261257e-09
0.14937875751502963,7.109418837675348e-06,4.25571142284569e-06,1.4629258517034078,7.04168587178893e-07,7.04168587178893e-07,7.04168587178893e-08
0.055951903807615236,2.5256513026052097e-06,5.468537074148295e-06,1.5430861723446905,1.801540709546939e-07,1.801540709546939e-07,1.801540709546939e-08
0.28432865731462637,7.662324649298595e-06,2.097595190380761e-06,2.0841683366733474,7.418017841189869e-09,7.418017841189869e-09,7.418017841189868e-10
0.17977955911823548,5.022645290581161e-06,1.0631262525050097e-06,3.0060120240480876,3.327045463846371e-07,3.327045463846371e-07,3.327045463846371e-08
0.3443887775551062,5.815631262525048e-07,8.090380761523043e-06,0.12024048096192383,1.484873458338282e-09,1.484873458338282e-09,1.484873458338282e-10
0.34216432865731067,3.845490981963927e-06,1.3841683366733462e-06,2.8256513026052037,1.1152252796927704e-09,1.1152252796927704e-09,1.1152252796927704e-10
0.28877755511021747,6.1819639278557095e-06,4.291382765531061e-06,4.248496993987961,9.112295540554532e-08,9.112295540554532e-08,9.112295540554532e-09
0.08042084168336674,2.4543086172344682e-06,1.3484969939879755e-06,5.190380761523042,2.711776235260503e-07,2.711776235260503e-07,2.711776235260503e-08
0.04186372745490982,4.915631262525049e-06,5.3436873747494974e-06,2.1843687374749496,2.0341921457498392e-08,2.0341921457498392e-08,2.034192145749839e-09
0.20647294589178208,8.892985971943885e-06,8.982164328657311e-06,7.094188376753526,1.131925827068576e-08,1.131925827068576e-08,1.131925827068576e-09
0.08486973947895793,5.102204408817633e-07,3.274749498997995e-06,9.078156312625293,5.434886259186604e-07,5.434886259186604e-07,5.434886259186604e-08
0.035190380761523046,1.9727454909819634e-06,4.879959919839678e-06,3.4068136272544964,1.0705368677149237e-09,1.0705368677149237e-09,1.0705368677149237e-10
0.21462925851703243,4.844288577154307e-06,4.380561122244488e-06,5.59118236472946,2.632346906102217e-09,2.632346906102217e-09,2.632346906102217e-10
0.261342685370739,3.1142284569138266e-06,1.1879759519038072e-06,0.8617234468937881,5.964343710098615e-09,5.964343710098615e-09,5.964343710098615e-10
0.15605210420841628,6.788376753507012e-06,7.466132264529056e-06,9.819639278557165,8.16075149428359e-09,8.16075149428359e-09,8.160751494283589e-10
0.3488376753506973,2.1154308617234463e-06,7.662324649298595e-06,8.396793587174383,7.833740412786367e-09,7.833740412786367e-09,7.833740412786367e-10
0.2850701402805582,2.4186372745490975e-06,6.9667334669338655e-06,2.66533066132264,1.658009780371523e-08,1.658009780371523e-08,1.658009780371523e-09
0.3236272545090144,3.3460921843687364e-06,8.661122244488975e-06,5.9919839679358775,2.268582504692708e-08,2.268582504692708e-08,2.268582504692708e-09
0.28284569138276267,5.165330661322644e-06,5.254509018036071e-06,1.4428857715430872,1.3347407371207452e-07,1.3347407371207452e-07,1.3347407371207452e-08
0.18571142284569028,5.2188376753507e-06,6.913226452905809e-06,8.35671342685374,3.233575799788066e-08,3.233575799788066e-08,3.233575799788066e-09
0.19831663326653173,4.933466933867734e-06,1.9905811623246488e-06,6.5130260521042205,1.0289059758748863e-08,1.0289059758748863e-08,1.0289059758748863e-09
0.08264529058116234,1.5446893787575145e-06,4.790781563126251e-06,7.17434869739481,6.9292502340659346e-09,6.9292502340659346e-09,6.929250234065935e-10
0.34809619238476547,7.341282565130258e-06,3.845490981963927e-06,7.675350701402832,3.75207568365345e-09,3.75207568365345e-09,3.75207568365345e-10
0.18274549098196288,7.71583166332665e-06,4.006012024048095e-06,8.57715430861727,8.070118355353642e-07,8.070118355353642e-07,8.070118355353642e-08
0.30509018036071817,7.769338677354707e-06,3.9703406813627245e-06,6.913827655310638,6.7428825311929265e-09,6.7428825311929265e-09,6.742882531192926e-10
0.11749498997995994,2.846693386773546e-06,6.931062124248495e-06,8.677354709418875,4.666559426431139e-09,4.666559426431139e-09,4.666559426431139e-10
0.24725450901803384,3.4887775551102193e-06,9.382765531062121e-07,4.749498997995983,7.236312252154854e-07,7.236312252154854e-07,7.236312252154854e-08
0.04334669338677355,1.954909819639278e-06,6.324649298597192e-06,2.6853707414829606,1.2299146131663288e-07,1.2299146131663288e-07,1.2299146131663288e-08
0.24280561122244274,1.5981963927855706e-06,3.239078156312624e-06,3.0460921843687285,3.229594580607462e-09,3.229594580607462e-09,3.229594580607462e-10
0.21092184368737318,4.25571142284569e-06,7.002404809619236e-06,6.312625250501012,1.7727752431160446e-09,1.7727752431160446e-09,1.7727752431160447e-10
0.3221442885771507,5.129659318637273e-06,3.185571142284568e-06,4.028056112224431,2.1455480126433085e-09,2.1455480126433085e-09,2.1455480126433086e-10
0.05076152304609219,2.6148296593186365e-06,1.1344689378757512e-06,7.1943887775551305,1.1014817805862707e-08,1.1014817805862707e-08,1.1014817805862707e-09
0.2732064128256486,8.322244488977953e-06,4.434068136272544e-06,7.354709418837698,3.6601679615640486e-07,3.6601679615640486e-07,3.6601679615640486e-08
0.19905811623246358,2.7218436873747487e-06,3.1677354709418827e-06,9.759519038076203,1.3497308199592072e-09,1.3497308199592072e-09,1.3497308199592072e-10
0.08561122244488979,1.7943887775551096e-06,7.590981963927853e-06,7.254509018036093,4.5466464829466696e-08,4.5466464829466696e-08,4.54664648294667e-09
0.2821042084168308,3.3639278557114217e-06,1.5268537074148291e-06,3.607214428857701,4.194732509814624e-07,4.194732509814624e-07,4.1947325098146236e-08
0.046312625250501005,2.6505010020040072e-06,9.204408817635267e-07,7.314629258517056,5.585102025635905e-07,5.585102025635905e-07,5.585102025635905e-08
0.24799599198396569,4.701603206412824e-06,4.897795591182363e-06,4.2685370741482815,2.705102800007492e-09,2.705102800007492e-09,2.705102800007492e-10
0.20943887775550948,7.955911823647291e-07,3.52444889779559e-06,0.02004008016032064,1.0443138878979006e-07,1.0443138878979006e-07,1.0443138878979006e-08
0.3607014028056069,4.077354709418837e-06,6.413827655310619e-06,6.593186372745504,2.671766416236551e-08,2.671766416236551e-08,2.671766416236551e-09
0.07597194388777556,1.027454909819639e-06,6.057114228456912e-06,9.01803607214433,2.599907130918884e-08,2.599907130918884e-08,2.599907130918884e-09
0.09228456913827657,5.771743486973946e-06,2.3294589178356707e-06,6.633266533066146,1.9025031435343588e-07,1.9025031435343588e-07,1.9025031435343588e-08
0.11452905811623248,5.379358717434868e-06,1.3567134268537072e-07,9.378757515030106,3.4190022519978403e-07,3.4190022519978403e-07,3.41900225199784e-08
0.39110220440881277,2.543486973947895e-06,5.664729458917834e-06,3.10621242484969,2.3025546269942944e-07,2.3025546269942944e-07,2.3025546269942943e-08
0.15901803607214368,3.774148296593185e-06,2.8110220440881755e-06,8.897795591182405,6.061122548499792e-07,6.061122548499792e-07,6.061122548499792e-08
0.03370741482965932,9.739478957915829e-07,2.7575150300601194e-06,8.657314629258554,1.5089673629580677e-07,1.5089673629580677e-07,1.5089673629580677e-08
0.3310420841683329,6.7705410821643265e-06,4.92384769539078e-07,0.38076152304609223,8.050258526349937e-09,8.050258526349937e-09,8.050258526349936e-10
0.15456913827655258,4.71943887775551e-06,5.611222444889778e-06,7.074148296593205,7.31758115860837e-09,7.31758115860837e-09,7.31758115860837e-10
0.3592184368737432,7.234268537074146e-06,8.41142284569138e-06,4.609218436873737,6.843857492227437e-08,6.843857492227437e-08,6.843857492227436e-09
0.18496993987975843,3.2925851703406803e-06,1.4911823647294584e-06,9.799599198396844,5.661759749981641e-07,5.661759749981641e-07,5.661759749981641e-08
0.04408817635270541,3.52444889779559e-06,7.858517034068134e-06,2.925851703406806,4.736441358093049e-08,4.736441358093049e-08,4.7364413580930485e-09
0.2865531062124219,1.5090180360721438e-06,6.199799599198395e-06,0.6613226452905815,2.0595733353712252e-09,2.0595733353712252e-09,2.0595733353712253e-10
0.37034068136272097,6.859719438877753e-06,2.6505010020040072e-06,2.5851703406813584,2.8959122783668986e-09,2.8959122783668986e-09,2.895912278366899e-10
0.38665330661322167,1.3841683366733462e-06,1.6873747494989974e-06,4.989979959919833,1.8262675651130818e-07,1.8262675651130818e-07,1.8262675651130818e-08
0.15086172344689333,6.503006012024046e-06,2.846693386773546e-06,1.102204408817636,3.557339589219287e-08,3.557339589219287e-08,3.557339589219287e-09
0.3087975951903774,2.4721442885771536e-06,3.667134268537073e-06,4.549098196392774,5.361300301621299e-07,5.361300301621299e-07,5.361300301621299e-08
0.26949899799598936,3.577955911823646e-06,1.616032064128256e-06,1.803607214428859,2.818024411597746e-09,2.818024411597746e-09,2.818024411597746e-10
0.038897795591182366,1.4020040080160316e-06,7.242484969939877e-07,5.210420841683363,5.133801593324632e-09,5.133801593324632e-09,5.133801593324632e-10
0.27246492985971676,7.5553106212424824e-06,5.9857715430861705e-06,9.058116232464972,1.2972426717473375e-08,1.2972426717473375e-08,1.2972426717473376e-09
0.17310621242484883,7.127254509018034e-06,2.6148296593186365e-06,9.599198396793636,1.6786972364300054e-09,1.6786972364300054e-09,1.6786972364300054e-10
0.15531062124248443,8.304408817635268e-06,4.130861723446893e-06,1.6432865731462938,2.7867274902072114e-07,2.7867274902072114e-07,2.7867274902072115e-08
0.28136272545089897,2.1689378757515024e-06,7.537474949899797e-06,2.7655310621242424,5.2821991383277414e-08,5.2821991383277414e-08,5.282199138327742e-09
0.13751503006012003,6.841883767535068e-06,4.4875751503006e-06,1.6032064128256525,3.4659294040835226e-07,3.4659294040835226e-07,3.465929404083523e-08
0.19312625250500878,8.482765531062121e-06,8.696793587174346e-06,5.81162324649299,1.9819210943134743e-07,1.9819210943134743e-07,1.9819210943134742e-08
0.37478957915831207,4.202204408817634e-06,5.646893787575149e-06,8.55711422845695,6.385049833384195e-09,6.385049833384195e-09,6.385049833384194e-10
0.09821643286573148,8.036873747494987e-06,6.520841683366731e-06,2.4048096192384745,2.4649696181249833e-07,2.4649696181249833e-07,2.4649696181249832e-08
0.23094188376753313,7.145090180360719e-06,2.2484969939879754e-07,4.46893787575149,3.4574000663126143e-09,3.4574000663126143e-09,3.4574000663126144e-10
0.28729458917835377,2.7040080160320633e-06,8.17955911823647e-06,6.893787575150317,1.876744091934826e-07,1.876744091934826e-07,1.876744091934826e-08
0.08931863727454911,7.501803607214426e-06,6.253306613226451e-06,6.6733466933867875,4.801450880630295e-08,4.801450880630295e-08,4.801450880630295e-09
0.3147294589178322,4.862124248496993e-06,5.022645290581161e-06,4.22845691382764,1.0417439261790504e-09,1.0417439261790504e-09,1.0417439261790504e-10
0.26356713426853456,7.64448897795591e-06,8.839478957915829e-06,7.014028056112243,3.9672350383492564e-08,3.9672350383492564e-08,3.967235038349257e-09
0.3073146292585137,3.1498997995991974e-06,1.6517034068136267e-06,0.9819639278557121,1.7059361710832695e-07,1.7059361710832695e-07,1.7059361710832696e-08
0.22945891783566943,5.5398797595190364e-06,5.7895791583166315e-06,3.8677354709418665,7.529102983041647e-08,7.529102983041647e-08,7.529102983041647e-09
0.31695390781562777,3.0607214428857706e-06,1.419839679358717e-06,6.95390781563128,1.368256406897896e-09,1.368256406897896e-09,1.368256406897896e-10
0.38072144288576687,5.361523046092183e-06,1.5446893787575145e-06,0.3406813627254509,4.3053640982322566e-08,4.3053640982322566e-08,4.305364098232257e-09
0.12935871743486968,8.41142284569138e-06,3.078557114228456e-06,2.9058116232464855,2.863750335923483e-07,2.863750335923483e-07,2.8637503359234827e-08
0.3384569138276514,1.0096192384769536e-06,5.2188376753507e-06,6.833667334669355,2.2048491872774957e-09,2.2048491872774957e-09,2.2048491872774958e-10
0.22871743486973758,1.6338677354709413e-06,8.785971943887772e-06,5.170340681362721,4.873352817722915e-07,4.873352817722915e-07,4.8733528177229144e-08
0.08709418837675352,2.0701402805611217e-07,2.783567134268536e-07,6.212424849699407,1.7530868375796853e-07,1.7530868375796853e-07,1.7530868375796852e-08
0.35847695390781137,7.44829659318637e-06,3.417434869739478e-06,5.090180360721438,1.1938897777188017e-09,1.1938897777188017e-09,1.1938897777188016e-10
0.21611222444889613,2.9180360721442877e-06,7.5553106212424824e-06,3.9679358717434687,1.130532185758527e-09,1.130532185758527e-09,1.130532185758527e-10
0.27543086172344416,5.753907815631261e-06,8.054709418837673e-06,8.99799599198401,7.960852520058499e-07,7.960852520058499e-07,7.960852520058499e-08
0.3577354709418795,5.3436873747494974e-06,2.436472945891783e-06,0.8016032064128261,5.72534531780267e-09,5.72534531780267e-09,5.72534531780267e-10
0.10785571142284571,5.093987975951902e-06,5.9501002004008e-06,7.114228456913847,1.2781030230359604e-09,1.2781030230359604e-09,1.2781030230359604e-10
0.09673346693386775,8.375751503006009e-06,2.400801603206412e-06,4.889779559118229,5.5782255778001735e-08,5.5782255778001735e-08,5.578225577800173e-09
0.08783567134268538,7.733667334669336e-06,6.021442885771541e-06,5.751503006012027,8.51189325221914e-08,8.51189325221914e-08,8.51189325221914e-09
0.07671342685370743,6.806212424849697e-06,4.344889779559117e-06,1.0821643286573153,2.0646542621672013e-07,2.0646542621672013e-07,2.0646542621672012e-08
0.05298597194388778,5.111823647294588e-06,5.076152304609217e-06,6.713426853707429,3.60616547572643e-08,3.60616547572643e-08,3.60616547572643e-09
0.20276553106212283,2.204609218436873e-06,7.68016032064128e-06,4.328657314629244,2.3927693824944086e-09,2.3927693824944086e-09,2.3927693824944087e-10
0.19460921843687248,7.4126252505009995e-06,1.7587174348697389e-06,2.0440881763527066,5.739469631776757e-07,5.739469631776757e-07,5.739469631776757e-08
0.05891783567134269,2.0619238476953902e-06,7.394789579158314e-06,5.931863727454915,7.427162256742467e-08,7.427162256742467e-08,7.427162256742467e-09
0.19535070140280433,8.357915831663324e-06,2.1689378757515024e-06,5.871743486973952,4.132843004925062e-08,4.132843004925062e-08,4.1328430049250624e-09
0.12861723446893783,5.629058116232463e-06,6.663527054108214e-06,3.8276553106212257,7.033016059608114e-08,7.033016059608114e-08,7.033016059608114e-09
0.22426853707414648,5.308016032064127e-06,6.431663326653305e-06,1.983967935871745,4.4795648039411505e-09,4.4795648039411505e-09,4.4795648039411507e-10
0.2539278557114205,1.6873747494989974e-06,4.1665330661322635e-06,7.795591182364757,1.6335473374936599e-09,1.6335473374936599e-09,1.63354733749366e-10
0.2509619238476931,5.432865731462924e-06,8.84769539078156e-07,4.709418837675341,6.046206675883891e-09,6.046206675883891e-09,6.046206675883891e-10
0.2791382765531034,8.429258517034065e-06,7.894188376753504e-06,6.813627254509034,5.811082614529973e-08,5.811082614529973e-08,5.811082614529973e-09
0.06559118236472947,6.5743486973947875e-06,8.803807615230458e-06,6.533066132264541,1.774960596919644e-08,1.774960596919644e-08,1.774960596919644e-09
0.030741482965931863,8.669338677354706e-07,1.8478957915831657e-06,2.5050100200400767,1.5296785341462373e-07,1.5296785341462373e-07,1.5296785341462373e-08
0.17014028056112143,7.929859719438875e-06,2.7218436873747487e-06,3.847695390781546,1.9526796313667323e-08,1.9526796313667323e-08,1.9526796313667325e-09
0.17162324649298513,6.235470941883766e-06,5.308016032064127e-06,9.23847695390786,1.4885366118728222e-07,1.4885366118728222e-07,1.4885366118728223e-08
0.15827655310621183,6.128456913827653e-06,3.4887775551102193e-06,9.579158316633315,1.5487647650197776e-08,1.5487647650197776e-08,1.5487647650197776e-09
0.07078156312625251,5.290180360721441e-06,3.5422845691382754e-06,4.348697394789565,6.759517089402859e-07,6.759517089402859e-07,6.759517089402858e-08
0.17533066132264438,6.172344689378755e-07,1.2949899799599194e-06,6.653306613226467,1.428889167928755e-07,1.428889167928755e-07,1.428889167928755e-08
0.06929859719438879,7.94769539078156e-06,6.271142284569136e-06,0.9418837675350707,6.392920877947628e-08,6.392920877947628e-08,6.392920877947627e-09
0.09747494989979961,4.541082164328656e-06,7.252104208416831e-06,6.3326653306613325,2.395719021875633e-08,2.395719021875633e-08,2.3957190218756327e-09
0.08635270541082166,6.092785571142283e-06,3.2925851703406803e-06,8.917835671342726,2.935659814606253e-09,2.935659814606253e-09,2.9356598146062527e-10
0.18200400801603103,2.596993987975951e-06,1.3663326653306609e-06,5.330661322645288,3.14660620372563e-08,3.14660620372563e-08,3.14660620372563e-09
0.27098196392785306,6.360320641282563e-06,1.7765531062124242e-06,9.438877755511069,3.0205179263841425e-08,3.0205179263841425e-08,3.0205179263841424e-09
0.24873747494989754,8.732464929859716e-06,1.2058116232464926e-06,0.04008016032064128,2.062112233880616e-08,2.062112233880616e-08,2.062112233880616e-09
0.27691382765530786,1.669539078156312e-06,1.3306613226452901e-06,4.368737474949886,1.923869599902158e-09,1.923869599902158e-09,1.923869599902158e-10
0.2835871743486945,3.239078156312624e-06,8.126052104208414e-06,3.286573146292574,9.480991027759488e-09,9.480991027759488e-09,9.480991027759488e-10
0.3176953907815596,1.812224448897795e-06,3.7028056112224436e-06,2.104208416833668,2.3284139445672174e-09,2.3284139445672174e-09,2.3284139445672174e-10
0.10414829659318639,4.826452905811622e-06,8.669338677354706e-07,8.817635270541121,2.2968882489871535e-09,2.2968882489871535e-09,2.2968882489871535e-10
0.13232464929859708,7.894188376753504e-06,8.464929859719436e-06,4.428857715430849,5.076785697990422e-07,5.076785697990422e-07,5.0767856979904215e-08
0.24058116232464719,1.7587174348697389e-06,4.862124248496993e-06,4.068136272545073,3.701274237427686e-09,3.701274237427686e-09,3.701274237427686e-10
0.3621843687374706,7.983366733466931e-06,7.626653306613224e-06,0.6012024048096195,5.495923877187651e-09,5.495923877187651e-09,5.495923877187652e-10
0.12787575150300598,6.431663326653305e-06,1.1166332665330658e-06,9.278557114228501,5.070535095608366e-08,5.070535095608366e-08,5.070535095608366e-09
0.3369739478957877,4.095190380761522e-06,4.701603206412824e-06,8.496993987975987,6.136748885492272e-08,6.136748885492272e-08,6.136748885492272e-09
0.059659318637274555,8.821643286573143e-06,7.18076152304609e-06,7.434869739478981,7.51983305678515e-09,7.51983305678515e-09,7.51983305678515e-10
0.0730060120240481,5.664729458917834e-06,4.023847695390781e-06,6.032064128256519,7.436317944893416e-07,7.436317944893416e-07,7.436317944893416e-08
0.23687374749498794,4.2104208416833653e-07,5.325851703406812e-06,4.529058116232453,6.400801625386414e-07,6.400801625386414e-07,6.400801625386414e-08
0.3043486973947863,8.268737474949897e-06,6.21763527054108e-06,2.464929859719436,7.538384336617386e-07,7.538384336617386e-07,7.538384336617386e-08
0.36144288577153877,8.785971943887772e-06,7.91202404809619e-06,0.8216432865731468,1.5277951747022715e-08,1.5277951747022715e-08,1.5277951747022716e-09
0.0381563126252505,7.269939879759517e-06,5.48637274549098e-06,8.376753507014062,9.492678532921127e-08,9.492678532921127e-08,9.492678532921126e-09
0.10488977955911825,2.2484969939879754e-07,8.340080160320638e-06,4.9699398797595125,3.1858672975645063e-09,3.1858672975645063e-09,3.185867297564506e-10
0.11378757515030062,3.3995991983967925e-06,3.0072144288577145e-06,8.456913827655345,3.318857906850288e-09,3.318857906850288e-09,3.318857906850288e-10
0.3473547094188336,7.2164328657314605e-06,6.44949899799599e-06,0.24048096192384763,5.3546994012820354e-08,5.3546994012820354e-08,5.354699401282036e-09
0.21018036072144133,2.79318637274549e-06,3.3995991983967925e-06,8.697394789579196,1.8513338065076678e-07,1.8513338065076678e-07,1.8513338065076678e-08
0.12416833667334672,6.350701402805609e-07,5.807414829659317e-06,2.164328657314629,5.204265041544617e-09,5.204265041544617e-09,5.204265041544616e-10
0.320661322645287,7.323446893787573e-06,4.095190380761522e-06,9.398797595190427,1.1646452477179841e-07,1.1646452477179841e-07,1.1646452477179841e-08
0.394809619238472,2.2224448897795585e-06,1.7052104208416828e-06,4.769539078156304,1.2437274244658219e-09,1.2437274244658219e-09,1.243727424465822e-10
0.11971943887775553,8.64328657314629e-06,3.0963927855711413e-06,3.426853707414817,9.101076367715638e-09,9.101076367715638e-09,9.101076367715638e-10
0.15308617234468888,7.537474949899797e-06,7.840681362725448e-06,9.93987975951909,2.0366997560970777e-07,2.0366997560970777e-07,2.036699756097078e-08
0.18348697394789473,3.9703406813627245e-06,2.882364729458917e-06,6.27254509018037,2.4988022966757975e-07,2.4988022966757975e-07,2.4988022966757976e-08
0.3829458917835624,4.2200400801603196e-06,5.504208416833666e-06,7.595190380761548,2.265789397389933e-09,2.265789397389933e-09,2.265789397389933e-10
0.07819639278557115,4.469739478957915e-06,1.4020040080160316e-06,8.196392785571174,9.225992224264617e-09,9.225992224264617e-09,9.225992224264617e-10
0.11601202404809621,6.645691382765529e-06,1.5625250501001999e-06,6.693386773547108,6.651586882278562e-09,6.651586882278562e-09,6.651586882278563e-10
0.10563126252505012,3.6849699398797583e-06,2.489979959919839e-06,8.016032064128286,3.0657503145370945e-07,3.0657503145370945e-07,3.0657503145370944e-08
0.3340080160320603,3.853707414829658e-07,8.554108216432863e-06,8.537074148296629,1.703835801020611e-08,1.703835801020611e-08,1.703835801020611e-09
0.16865731462925773,5.2010020040080145e-06,5.458917835671341e-07,0.26052104208416826,1.100125622369029e-09,1.100125622369029e-09,1.1001256223690291e-10
0.06781563126252506,3.6492985971943875e-06,3.863326653306612e-06,2.344689378757513,1.0560422717357328e-09,1.0560422717357328e-09,1.0560422717357329e-10
0.14789579158316593,2.5791583166332658e-06,3.318637274549097e-07,7.494989979959944,6.937792130966801e-08,6.937792130966801e-08,6.937792130966801e-09
0.34364729458917437,3.0072144288577145e-06,7.341282565130258e-06,5.110220440881759,6.852294122905783e-07,6.852294122905783e-07,6.852294122905783e-08
0.3117635270541048,5.45070140280561e-06,2.0701402805611217e-07,5.490981963927855,2.5615478398997436e-09,2.5615478398997436e-09,2.561547839899744e-10
0.39258517034067647,6.9667334669338655e-06,7.929859719438875e-06,7.895791583166361,2.119107312516031e-08,2.119107312516031e-08,2.119107312516031e-09
0.20795591182364578,6.699198396793585e-06,1.1523046092184365e-06,9.899799599198449,3.7567009811346054e-08,3.7567009811346054e-08,3.756700981134605e-09
0.3755310621242439,2.989378757515029e-06,7.091583166332663e-06,5.1302605210420795,2.1776776880413386e-08,2.1776776880413386e-08,2.1776776880413386e-09
0.3666332665330617,2.5078156312625243e-06,7.420841683366731e-07,3.887775551102187,2.4619347165389657e-08,2.4619347165389657e-08,2.461934716538966e-09
0.07893787575150302,8.661122244488975e-06,7.955911823647291e-07,5.230460921843684,3.14273206260516e-09,3.14273206260516e-09,3.14273206260516e-10
0.23464929859719239,6.663527054108214e-06,3.898997995991983e-06,8.857715430861763,2.090415536214079e-08,2.090415536214079e-08,2.090415536214079e-09
0.09525050100200402,4.790781563126251e-06,1.277154308617234e-06,6.553106212424862,4.6723120357547827e-08,4.6723120357547827e-08,4.6723120357547825e-09
0.3547695390781521,7.590981963927853e-06,9.739478957915829e-07,3.5470941883767395,1.900160757743772e-08,1.900160757743772e-08,1.900160757743772e-09
0.3102805611222411,8.571943887775548e-06,7.2164328657314605e-06,6.472945891783579,8.639359226229024e-07,8.639359226229024e-07,8.639359226229024e-08
0.10118236472945893,8.072545090180358e-06,3.98817635270541e-06,5.891783567134273,3.1078289446938733e-07,3.1078289446938733e-07,3.107828944693873e-08
0.08857715430861725,6.520841683366731e-06,5.736072144288575e-06,1.6232464929859731,1.2988418221291486e-07,1.2988418221291486e-07,1.2988418221291486e-08
0.2702404809619212,5.932264529058114e-06,4.505410821643285e-06,0.14028056112224446,1.0573440870697752e-08,1.0573440870697752e-08,1.0573440870697751e-09
0.18719438877755398,3.2034068136272535e-06,4.327054108216432e-06,9.158316633266576,1.7272216182474945e-08,1.7272216182474945e-08,1.7272216182474946e-09
0.23242484969939683,5.9857715430861705e-06,9.026052104208413e-07,9.779559118236524,1.9794809281433623e-08,1.9794809281433623e-08,1.979480928143362e-09
0.30064128256512707,8.286573146292582e-06,3.470941883767534e-06,5.3106212424849675,1.1028396105808775e-07,1.1028396105808775e-07,1.1028396105808775e-08
0.05150300601202405,3.98817635270541e-06,2.935871743486973e-06,9.859719438877807,5.502698869221155e-08,5.502698869221155e-08,5.502698869221155e-09
0.17088176352705328,9.561122244488975e-07,6.503006012024046e-06,8.597194388777591,1.33309738754344e-08,1.33309738754344e-08,1.33309738754344e-09
0.2969338677354678,1.865731462925851e-06,7.751503006012021e-06,8.236472945891816,1.589611781042495e-09,1.589611781042495e-09,1.589611781042495e-10
0.21759519038075983,2.783567134268536e-07,5.111823647294588e-06,1.4228456913827665,2.9759529014304438e-09,2.9759529014304438e-09,2.975952901430444e-10
0.16939879759518958,7.483967935871741e-06,3.5066132264529046e-06,4.829659318637266,1.6375772665556762e-07,1.6375772665556762e-07,1.637577266555676e-08
0.33623246492985587,7.0202404809619216e-06,4.041683366733466e-06,5.270541082164326,4.41891347659888e-09,4.41891347659888e-09,4.41891347659888e-10
0.13158316633266523,7.394789579158314e-06,8.8751503006012e-06,3.5070140280560986,1.1777250378638748e-09,1.1777250378638748e-09,1.1777250378638748e-10
0.3518036072144247,2.828857715430861e-06,1.891783567134268e-07,3.747494989979944,6.83543124883483e-09,6.83543124883483e-09,6.83543124883483e-10
0.3725651302605165,2.240280561122244e-06,4.683767535070139e-06,6.73346693386775,1.0162262342858143e-07,1.0162262342858143e-07,1.0162262342858143e-08
0.0996993987975952,2.426853707414829e-07,1.865731462925851e-06,6.432865731462937,5.571357596333467e-09,5.571357596333467e-09,5.571357596333467e-10
0.3933266533066083,3.7384769539078144e-06,5.522044088176351e-06,9.979959919839732,2.5268656144291093e-09,2.5268656144291093e-09,2.526865614429109e-10
0.0485370741482966,4.041683366733466e-06,2.96192384769539e-07,7.735470941883794,8.406996780235735e-07,8.406996780235735e-07,8.406996780235736e-08
0.20202404809619098,5.040480961923846e-06,7.430460921843685e-06,9.659318637274598,3.5617248296112495e-07,3.5617248296112495e-07,3.5617248296112495e-08
0.27839679358717156,3.898997995991983e-06,3.7384769539078144e-06,1.3627254509018045,6.659786495145203e-08,6.659786495145203e-08,6.659786495145203e-09
0.23390781563126053,2.3829659318637268e-06,3.3104208416833656e-06,5.851703406813631,3.0242414104326064e-07,3.0242414104326064e-07,3.0242414104326064e-08
0.21685370741482798,5.825250501002002e-06,7.3591182364729435e-06,0.5611222444889782,3.5529597479904375e-09,3.5529597479904375e-09,3.5529597479904377e-10
0.32436873747494627,6.324649298597192e-06,5.71823647294589e-06,1.6633266533066144,1.3904580559192867e-07,1.3904580559192867e-07,1.3904580559192867e-08
0.15975951903807553,5.878757515030058e-06,8.536272545090177e-06,5.671342685370743,8.747154950043187e-08,8.747154950043187e-08,8.747154950043187e-09
0.22575150300601018,6.021442885771541e-06,6.1819639278557095e-06,7.955911823647324,2.9392786914869148e-08,2.9392786914869148e-08,2.9392786914869146e-09
0.22130260521041908,8.134268537074145e-07,4.933466933867734e-06,8.757515030060159,6.1291932431067915e-09,6.1291932431067915e-09,6.129193243106791e-10
0.14715430861723408,1.1523046092184365e-06,7.599198396793584e-07,6.012024048096198,1.2956454902595874e-09,1.2956454902595874e-09,1.2956454902595874e-10
0.2568937875751479,5.575551102204407e-06,6.350701402805609e-07,4.649298597194378,2.031687622803996e-09,2.031687622803996e-09,2.031687622803996e-10
0.12713426853707413,7.038076152304607e-06,1.4555110220440877e-06,9.318637274549143,2.4957257398705637e-08,2.4957257398705637e-08,2.4957257398705637e-09
0.22723446893787388,4.969138276553105e-06,2.426853707414829e-07,4.849699398797587,2.009123741682403e-07,2.009123741682403e-07,2.009123741682403e-08
0.2643086172344664,8.94649298597194e-06,1.7230460921843681e-06,1.7034068136272558,6.144313841947233e-07,6.144313841947233e-07,6.144313841947233e-08
0.36440881763526617,4.113026052104207e-06,3.809819639278556e-06,3.026052104208408,1.1474619547226363e-08,1.1474619547226363e-08,1.1474619547226362e-09
0.25022044088176126,6.529058116232462e-07,5.45070140280561e-06,1.3026052104208425,1.7971072813294882e-09,1.7971072813294882e-09,1.797107281329488e-10
0.10044088176352707,9.917835671342682e-07,7.94769539078156e-06,8.11623246492989,2.428601208726615e-08,2.428601208726615e-08,2.428601208726615e-09
0.057434869739478964,1.5625250501001999e-06,2.739679358717434e-06,3.1262525050100103,3.710405207968643e-07,3.710405207968643e-07,3.710405207968643e-08
0.12490981963927858,4.3627254509018025e-06,2.686172344689378e-06,3.2264529058116125,4.5522512719483837e-07,4.5522512719483837e-07,4.5522512719483834e-08
0.3740480961923802,1.0452905811623243e-06,4.7551102204408805e-06,8.316633266533099,1.1166000517155131e-08,1.1166000517155131e-08,1.116600051715513e-09
0.04112224448897796,9.026052104208413e-07,6.8240480961923826e-06,6.292585170340691,8.060182324168514e-08,8.060182324168514e-08,8.060182324168514e-09
0.16420841683366663,7.697995991983965e-06,2.989378757515029e-06,1.743486973947897,2.5678671278976023e-07,2.5678671278976023e-07,2.5678671278976024e-08
0.3280761523046055,4.665931863727454e-06,6.003607214428856e-06,2.5450901803607175,1.5719575851639877e-07,1.5719575851639877e-07,1.5719575851639878e-08
0.04927855711422846,5.3971943887775535e-06,6.6813627254509e-06,8.957915831663367,9.876764817326548e-09,9.876764817326548e-09,9.876764817326548e-10
0.35995991983967507,9.204408817635267e-07,2.5078156312625243e-06,3.6272545090180213,2.3661953347461245e-07,2.3661953347461245e-07,2.3661953347461245e-08
0.05817635270541083,4.451903807615229e-06,1.6338677354709413e-06,5.551102204408818,1.7771486446751468e-07,1.7771486446751468e-07,1.7771486446751468e-08
0.19016032064128138,5.700400801603205e-06,7.573146292585168e-06,1.9639278557114244,1.680766617421741e-08,1.680766617421741e-08,1.680766617421741e-09
0.33771543086171957,7.252104208416831e-06,6.645691382765529e-06,4.408817635270528,1.2102763849928474e-09,1.2102763849928474e-09,1.2102763849928473e-10
0.14492985971943853,2.632665330661322e-06,5.415030060120239e-06,8.156312625250532,3.414792733437888e-08,3.414792733437888e-08,3.414792733437888e-09
0.11527054108216435,3.221242484969939e-06,5.771743486973946e-06,8.977955911823688,7.843397302160229e-08,7.843397302160229e-08,7.843397302160229e-09
0.19386773547094063,3.7919839679358704e-06,2.5256513026052097e-06,7.915831663326682,9.61112136260284e-09,9.61112136260284e-09,9.61112136260284e-10
0.2717234468937849,7.242484969939877e-07,7.038076152304607e-06,4.949899799599192,7.746739052229019e-07,7.746739052229019e-07,7.746739052229019e-08
0.19979959919839543,3.916833667334668e-06,5.682565130260519e-06,5.691382765531064,4.0266445566908413e-07,4.0266445566908413e-07,4.0266445566908416e-08
0.2954509018036041,5.1474949899799584e-06,5.557715430861722e-06,9.47895791583171,1.0852304077309461e-09,1.0852304077309461e-09,1.0852304077309461e-10
0.03741482965931864,1.3306613226452901e-06,8.732464929859716e-06,7.63527054108219,6.667996215923298e-07,6.667996215923298e-07,6.667996215923299e-08
0.2939679358717404,2.2937875751503e-06,2.347294589178356e-06,7.294589178356735,1.6134162870394823e-08,1.6134162870394823e-08,1.6134162870394823e-09
0.31250501002003667,6.21763527054108e-06,2.5613226452905804e-06,1.22244488977956,4.300063279822961e-09,4.300063279822961e-09,4.300063279822961e-10
0.17458917835671253,5.9501002004008e-06,6.360320641282563e-06,8.296593186372778,3.601725519452223e-09,3.601725519452223e-09,3.6017255194522227e-10
0.3695991983967891,6.895390781563124e-06,8.429258517034065e-06,2.3647294589178336,6.946344557723009e-07,6.946344557723009e-07,6.946344557723009e-08
0.20424849699398653,1.223647294589178e-06,5.700400801603205e-06,7.975951903807645,3.9183447448833113e-07,3.9183447448833113e-07,3.918344744883311e-08
0.10637274549098198,6.556513026052102e-06,4.915631262525049e-06,1.8436873747495004,4.0718666240085985e-09,4.0718666240085985e-09,4.0718666240085986e-10
0.2895190380761493,5.458917835671341e-07,6.707414829659316e-07,1.3426853707414839,3.651160620328057e-09,3.651160620328057e-09,3.6511606203280566e-10
0.1100801603206413,4.8086172344689366e-06,8.928657314629255e-06,4.288577154308602,3.80826318124112e-08,3.80826318124112e-08,3.80826318124112e-09
0.0648496993987976,5.993987975951902e-07,7.71583166332665e-06,6.933867735470959,2.9832945185415074e-07,2.9832945185415074e-07,2.9832945185415074e-08
0.17384769539078068,5.48637274549098e-06,4.113026052104207e-06,0.7615230460921848,3.972125569291903e-07,3.972125569291903e-07,3.972125569291903e-08
0.34513026052103807,2.8110220440881755e-06,2.596993987975951e-06,6.973947895791601,5.21068049688654e-08,5.21068049688654e-08,5.2106804968865395e-09
0.25615230460921606,7.1629258517034045e-06,4.0320641282565117e-07,2.9659318637274468,1.058647507191055e-07,1.058647507191055e-07,1.058647507191055e-08
0.10933867735470944,6.057114228456912e-06,2.3651302605210414e-06,7.474949899799623,5.146466580597856e-07,5.146466580597856e-07,5.146466580597856e-08
0.29470941883767227,3.5066132264529046e-06,4.309218436873746e-06,8.7975951903808,3.8557799559633e-09,3.8557799559633e-09,3.8557799559633e-10
0.09006012024048098,6.6813627254509e-06,3.853707414829658e-07,1.9038076152304624,5.979057628392553e-07,5.979057628392553e-07,5.979057628392553e-08
0.12268537074148299,5.415030060120239e-06,3.381763527054107e-06,1.3827655310621252,3.8652920890644547e-07,3.8652920890644547e-07,3.8652920890644546e-08
0.1019238476953908,7.91202404809619e-06,1.1701402805611219e-06,8.416833667334704,5.898103831028401e-07,5.898103831028401e-07,5.898103831028401e-08
0.3132464929859685,2.1332665330661317e-06,7.483967935871741e-06,7.515030060120265,9.36415186163635e-08,9.36415186163635e-08,9.36415186163635e-09
0.15234468937875703,5.557715430861722e-06,5.1474949899799584e-06,6.372745490981974,1.486703906880839e-08,1.486703906880839e-08,1.486703906880839e-09
0.03148296593186373,6.3781563126252485e-06,3.774148296593185e-06,8.256513026052136,4.0768861374799504e-08,4.0768861374799504e-08,4.0768861374799506e-09
0.25911823647294346,7.055911823647292e-06,4.451903807615229e-06,1.5030060120240492,3.372710472808172e-07,3.372710472808172e-07,3.3727104728081717e-08
0.22204408817635093,5.504208416833666e-06,6.788376753507012e-06,6.112224448897803,5.06429218904657e-09,5.06429218904657e-09,5.06429218904657e-10
0.19238476953907693,4.0320641282565117e-07,6.5743486973947875e-06,6.392785571142295,1.0718565509769945e-08,1.0718565509769945e-08,1.0718565509769944e-09
0.3295591182364692,2.436472945891783e-06,8.036873747494987e-06,8.216432865731495,3.908702054010087e-09,3.908702054010087e-09,3.908702054010087e-10
0.24947895791582939,2.9537074148296584e-06,3.934669338677354e-06,8.637274549098233,4.4298148489883806e-07,4.4298148489883806e-07,4.4298148489883806e-08
0.21314629258516873,4.630260521042083e-06,6.074949899799597e-06,0.6813627254509022,1.7250950412746673e-09,1.7250950412746673e-09,1.7250950412746673e-10
0.20498997995991838,4.594589178356712e-06,2.044088176352705e-06,8.737474949899838,9.74303778752864e-09,9.74303778752864e-09,9.74303778752864e-10
0.032965931863727455,7.18076152304609e-06,7.198597194388775e-06,4.809619238476945,5.8039279365519205e-09,5.8039279365519205e-09,5.80392793655192e-10
0.33474949899799217,4.4162324649298586e-06,7.323446893787573e-06,8.717434869739517,1.4078071935863491e-08,1.4078071935863491e-08,1.407807193586349e-09
0.24503006012023829,2.686172344689378e-06,1.9370741482965927e-06,3.386773547094176,7.120768986288187e-09,7.120768986288187e-09,7.120768986288187e-10
0.14122244488977928,2.097595190380761e-06,2.151102204408817e-06,9.69939879759524,4.7422801129930917e-07,4.7422801129930917e-07,4.742280112993092e-08
0.38517034068135797,7.626653306613224e-06,3.6849699398797583e-06,6.05210420841684,5.1401301862370495e-08,5.1401301862370495e-08,5.14013018623705e-09
0.36292585170340247,2.0262525050100195e-06,3.132064128256512e-06,1.1823647294589186,6.314137600726554e-07,6.314137600726554e-07,6.314137600726554e-08
0.25466933867735236,3.5601202404809607e-06,1.5350701402805608e-07,1.7234468937875764,1.2452606049793987e-08,1.2452606049793987e-08,1.2452606049793987e-09
0.3844288577154261,5.254509018036071e-06,8.357915831663324e-06,1.8236472945891797,3.812957742754515e-07,3.812957742754515e-07,3.8129577427545146e-08
0.38961923847694907,1.7765531062124242e-06,6.841883767535068e-06,5.531062124248497,1.6114298286213184e-09,1.6114298286213184e-09,1.6114298286213184e-10
0.32881763527053737,6.913226452905809e-06,6.94889779559118e-06,7.054108216432884,1.5052539311989583e-09,1.5052539311989583e-09,1.5052539311989582e-10
0.32288577154308257,3.042885771543085e-06,7.055911823647292e-06,0.1603206412825651,1.4485012343606516e-07,1.4485012343606516e-07,1.4485012343606516e-08
0.2880360721442856,1.6517034068136267e-06,9.561122244488975e-07,3.667334669338662,2.564705537603808e-08,2.564705537603808e-08,2.564705537603808e-09
0.2524448897795568,7.573146292585168e-06,2.3116232464929853e-06,7.41482965931866,1.7993226299744833e-08,1.7993226299744833e-08,1.7993226299744834e-09
0.3888777555110172,4.434068136272544e-06,6.288977955911822e-06,8.036072144288607,1.7509284150236116e-08,1.7509284150236116e-08,1.7509284150236116e-09
0.04779559118236473,4.92384769539078e-07,2.4721442885771536e-06,2.284569138276552,6.577714494615668e-07,6.577714494615668e-07,6.577714494615669e-08
0.25318637274548866,5.058316633266532e-06,3.0250501002004e-06,9.67935871743492,2.942902029466844e-07,2.942902029466844e-07,2.9429020294668437e-08
0.16643286573146218,3.5422845691382754e-06,3.1498997995991974e-06,4.168336673346677,1.0865682041653891e-08,1.0865682041653891e-08,1.086568204165389e-09
0.08116232464929861,4.737274549098195e-06,5.183166332665329e-06,8.877755511022084,4.807369774740264e-07,4.807369774740264e-07,4.807369774740264e-08
0.08190380761523047,1.616032064128256e-06,1.7134268537074145e-07,7.615230460921869,4.241842323772165e-09,4.241842323772165e-09,4.2418423237721653e-10
0.16272545090180293,8.91082164328657e-06,6.877555110220439e-06,8.617234468937912,3.705836910425482e-08,3.705836910425482e-08,3.705836910425482e-09
0.17236472945891698,6.8240480961923826e-06,2.8645290581162316e-06,7.755511022044115,1.2284003268308182e-08,1.2284003268308182e-08,1.2284003268308182e-09
0.09599198396793589,1.1701402805611219e-06,6.485170340681361e-06,7.995991983967966,8.170811500134591e-08,8.170811500134591e-08,8.170811500134591e-09
0.09080160320641284,8.857314629258514e-06,3.3460921843687364e-06,5.951903807615236,3.2375619267383e-07,3.2375619267383e-07,3.2375619267383e-08
0.27987975951903526,1.3484969939879755e-06,8.607615230460919e-06,7.154308617234489,1.1179765184614156e-07,1.1179765184614156e-07,1.1179765184614156e-08
0.13306613226452893,8.84769539078156e-07,4.648096192384768e-06,9.619238476953957,2.1508410372723731e-07,2.1508410372723731e-07,2.150841037272373e-08
0.06262525050100201,6.110621242484968e-06,4.594589178356712e-06,5.731462925851706,1.0276391739009046e-09,1.0276391739009046e-09,1.0276391739009046e-10
0.05446893787575151,6.199799599198395e-06,8.64328657314629e-06,6.993987975951922,8.501413302226564e-09,8.501413302226564e-09,8.501413302226564e-10
0.25170340681362496,8.67895791583166e-06,5.815631262525048e-07,4.488977955911811,2.708437462264347e-08,2.708437462264347e-08,2.708437462264347e-09
0.3532865731462884,4.273547094188376e-06,4.5589178356713415e-06,0.5010020040080162,1.7487726499445205e-09,1.7487726499445205e-09,1.7487726499445206e-10
0.2687575150300575,1.0631262525050097e-06,6.806212424849697e-06,3.1462925851703307,2.2406255867551502e-07,2.2406255867551502e-07,2.24062558675515e-08
0.3013827655310589,5.637274549098194e-07,3.1142284569138266e-06,8.33667334669342,2.8602244505038123e-08,2.8602244505038123e-08,2.860224450503812e-09
0.29915831663326337,7.840681362725448e-06,6.128456913827653e-06,9.098196392785614,3.1001808596600962e-09,3.1001808596600962e-09,3.100180859660096e-10
0.14270541082164298,8.1438877755511e-06,8.714629258517031e-06,9.839679358717486,4.369837114045193e-07,4.369837114045193e-07,4.3698371140451934e-08
0.16717434869739403,2.1867735470941878e-06,3.221242484969939e-06,7.3747494989980185,4.4850868993228114e-08,4.4850868993228114e-08,4.485086899322812e-09
0.2998997995991952,3.809819639278556e-06,5.967935871743485e-06,2.8056112224448833,7.632442885946827e-08,7.632442885946827e-08,7.632442885946827e-09
0.2598597194388753,4.505410821643285e-06,2.2581162324649292e-06,1.2424849699398806,1.8217732863477525e-09,1.8217732863477525e-09,1.8217732863477524e-10
0.31102204408817297,8.054709418837673e-06,5.825250501002002e-06,2.1442885771543088,7.218504344312973e-09,7.218504344312973e-09,7.218504344312973e-10
0.16346693386773478,1.2414829659318633e-06,1.4376753507014023e-06,4.048096192384752,3.05820578119399e-09,3.05820578119399e-09,3.0582057811939897e-10
0.26801603206412566,8.768136272545087e-06,3.5601202404809607e-06,4.569138276553095,1.3530605792703725e-07,1.3530605792703725e-07,1.3530605792703725e-08
0.2672745490981938,7.751503006012021e-06,2.2759519038076146e-06,4.869739478957908,4.609050996093876e-08,4.609050996093876e-08,4.609050996093876e-09
0.23909819639278349,3.078557114228456e-06,7.127254509018034e-06,3.6472945891783417,1.5506739743136567e-07,1.5506739743136567e-07,1.5506739743136568e-08
0.0566933867735471,1.8835671342685364e-06,8.312625250500999e-07,3.9478957915831483,1.1953615218538506e-08,1.1953615218538506e-08,1.1953615218538506e-09
0.3251102204408781,7.805010020040078e-06,8.268737474949897e-06,9.298597194388822,2.603112115284277e-07,2.603112115284277e-07,2.6031121152842766e-08
0.24132264529057904,1.4911823647294584e-06,7.44829659318637e-06,1.162324649298598,8.272761021706957e-09,8.272761021706957e-09,8.272761021706957e-10
0.38368737474949427,1.0987975951903804e-06,8.1438877755511e-06,4.90981963927855,1.4683824841262583e-07,1.4683824841262583e-07,1.4683824841262583e-08
0.17903807615230363,6.877555110220439e-06,5.165330661322644e-06,2.2645290581162314,2.0041794704585913e-09,2.0041794704585913e-09,2.0041794704585913e-10
0.34661322645290177,3.2569138276553096e-06,2.4186372745490975e-06,9.739478957915882,8.282959105099229e-08,8.282959105099229e-08,8.282959105099228e-09
0.13084168336673338,5.896593186372744e-06,4.2200400801603196e-06,2.885771543086165,1.1632113218458487e-08,1.1632113218458487e-08,1.1632113218458486e-09
0.19609218436873618,8.090380761523043e-06,7.269939879759517e-06,9.639278557114277,8.867213095783761e-08,8.867213095783761e-08,8.86721309578376e-09
0.32733466933867367,3.274749498997995e-06,1.7943887775551096e-06,8.176352705410853,3.193726769350535e-07,3.193726769350535e-07,3.1937267693505346e-08
0.03593186372745491,4.344889779559117e-06,4.523246492985971e-06,3.3266533066132147,2.4315950190866847e-07,2.4315950190866847e-07,2.4315950190866846e-08
0.14863727454909778,1.4376753507014023e-06,8.322244488977953e-06,7.454909819639302,2.6684769038326323e-09,2.6684769038326323e-09,2.6684769038326324e-10
0.17681362725450808,7.787174348697392e-06,4.273547094188376e-06,7.555110220440906,3.803574399730899e-09,3.803574399730899e-09,3.803574399730899e-10
0.3399398797595151,5.843086172344688e-06,6.235470941883766e-06,9.719438877755561,1.2623522970840267e-08,1.2623522970840267e-08,1.2623522970840266e-09
0.33178356713426477,1.5803607214428852e-06,8.91082164328657e-06,2.4448897795591154,4.3644569156482074e-08,4.3644569156482074e-08,4.364456915648208e-09
0.24354709418837459,3.0250501002004e-06,3.7919839679358704e-06,0.7214428857715435,2.8249764222393245e-07,2.8249764222393245e-07,2.8249764222393244e-08
0.12194388777555112,8.964328657314626e-06,4.469739478957915e-06,4.589178356713416,1.8240190415251577e-08,1.8240190415251577e-08,1.8240190415251576e-09
0.37330661322644837,1.9905811623246488e-06,6.039278557114227e-06,3.246492985971933,4.0216869012854324e-08,4.0216869012854324e-08,4.021686901285433e-09
0.19757515030059988,7.002404809619236e-06,2.0619238476953902e-06,3.166332665330651,8.396645980098318e-08,8.396645980098318e-08,8.396645980098318e-09
0.3784969939879713,6.342484969939878e-06,2.204609218436873e-06,8.436873747495024,3.761331980360241e-07,3.761331980360241e-07,3.7613319803602405e-08
0.06188376753507015,4.006012024048095e-06,1.669539078156312e-06,6.1723446893787655,3.2819987389205926e-07,3.2819987389205926e-07,3.2819987389205926e-08
0.21907815631262353,8.44709418837675e-06,3.827655310621242e-06,0.4609218436873749,6.488655147907282e-07,6.488655147907282e-07,6.488655147907283e-08
0.050020040080160325,1.277154308617234e-06,6.395991983967934e-06,4.4488977955911695,8.878143978275162e-07,8.878143978275162e-07,8.878143978275161e-08
0.29174348697394487,6.538677354709417e-06,2.828857715430861e-06,3.5871743486973804,2.4589035515619297e-09,2.4589035515619297e-09,2.45890355156193e-10
0.3191783567134233,1.8478957915831657e-06,7.697995991983965e-06,4.68937875751502,2.2102885067347486e-07,2.2102885067347486e-07,2.2102885067347486e-08
0.053727454909819644,3.952505010020039e-06,6.699198396793585e-06,5.37074148296593,1.2467956754910856e-07,1.2467956754910856e-07,1.2467956754910855e-08
0.042605210420841685,4.380561122244488e-06,8.001202404809617e-06,5.010020040080154,1.3314560612787938e-09,1.3314560612787938e-09,1.331456061278794e-10
0.2657915831663301,7.876352705410819e-06,5.5933867735470925e-06,8.837675350701442,2.1749965038917753e-09,2.1749965038917753e-09,2.1749965038917753e-10
0.36589178356712987,2.9715430861723437e-06,4.202204408817634e-06,2.7254509018036015,3.6106109052693964e-07,3.6106109052693964e-07,3.6106109052693964e-08
0.2554108216432842,7.858517034068134e-06,8.161723446893785e-06,5.6513026052104225,3.277957900808505e-08,3.277957900808505e-08,3.277957900808505e-09
0.39851703406813127,5.646893787575149e-06,3.496993987975951e-07,5.290581162324647,7.62304572630255e-09,7.62304572630255e-09,7.62304572630255e-10
0.3429058116232425,6.485170340681361e-06,6.7705410821643265e-06,1.863727454909821,6.298599081025288e-09,6.298599081025288e-09,6.298599081025288e-10
0.16791583166332588,2.489979959919839e-06,5.290180360721441e-06,5.771543086172348,1.263908437042898e-07,1.263908437042898e-07,1.2639084370428982e-08
0.11897795591182367,1.891783567134268e-07,5.0048096192384755e-06,1.0020040080160326,8.757937833217436e-07,8.757937833217436e-07,8.757937833217436e-08
0.22501002004007833,1.080961923847695e-06,8.482765531062121e-06,3.6873747494989826,1.2607980730642359e-09,1.2607980730642359e-09,1.260798073064236e-10
0.26060120240480716,2.8645290581162316e-06,2.3829659318637268e-06,3.56713426853706,5.64782667297539e-09,5.64782667297539e-09,5.64782667297539e-10
0.15753507014027998,1.5350701402805608e-07,8.019038076152302e-06,2.705410821643281,1.0024669802763077e-07,1.0024669802763077e-07,1.0024669802763077e-08
0.15679358717434813,2.882364729458917e-06,1.8300601202404803e-06,6.573146292585183,1.5935333219533204e-07,1.5935333219533204e-07,1.5935333219533206e-08
0.09895791583166334,2.6052104208416826e-07,1.9727454909819634e-06,1.683366733466935,1.635561060835749e-08,1.635561060835749e-08,1.6355610608357492e-09
0.36737474949899357,5.611222444889778e-06,4.077354709418837e-06,6.252505010020049,2.0929924548397733e-07,2.0929924548397733e-07,2.0929924548397732e-08
0.23316633266532868,2.347294589178356e-06,4.398396793587173e-06,9.118236472945934,2.334158095843551e-07,2.334158095843551e-07,2.334158095843551e-08
0.17829659318637178,8.536272545090177e-06,1.8835671342685364e-06,7.935871743487003,4.614732713031418e-07,4.614732713031418e-07,4.614732713031418e-08
0.06633266533066133,7.777555110220438e-07,7.777555110220438e-07,9.45891783567139,8.522386121163921e-07,8.522386121163921e-07,8.522386121163921e-08
0.06114228456913828,3.470941883767534e-06,6.342484969939878e-06,2.3246492985971927,2.856702906198612e-09,2.856702906198612e-09,2.856702906198612e-10
0.22278557114228278,8.500601202404807e-06,4.2104208416833653e-07,2.6252505010019993,3.5048542435182872e-09,3.5048542435182872e-09,3.504854243518287e-10
0.16198396793587108,1.3128256513026048e-06,7.965531062124246e-06,7.234468937875772,8.988919086845583e-08,8.988919086845583e-08,8.988919086845583e-09
0.37775551102203947,5.71823647294589e-06,6.164128256513024e-06,3.927855711422828,2.7456118328375174e-08,2.7456118328375174e-08,2.7456118328375174e-09
0.23835671342685164,6.610020040080158e-06,2.1332665330661317e-06,0.7414829659318641,2.8994821572542393e-08,2.8994821572542393e-08,2.8994821572542394e-09
0.37182364729458467,1.2593186372745487e-06,3.1402805611222435e-07,5.430861723446893,1.4467178214288255e-08,1.4467178214288255e-08,1.4467178214288254e-09
0.3028657314629226,4.9513026052104195e-06,4.8086172344689366e-06,7.815631262525078,1.1791768552338905e-08,1.1791768552338905e-08,1.1791768552338905e-09
0.21537074148296428,7.420841683366731e-07,5.2010020040080145e-06,9.91983967935877,1.5259141340741356e-09,1.5259141340741356e-09,1.5259141340741356e-10
0.0833867735470942,3.1402805611222435e-07,8.500601202404807e-06,0.6212424849699402,1.6559684178836865e-09,1.6559684178836865e-09,1.6559684178836866e-10
0.0937675350701403,2.9002004008016023e-06,8.857314629258514e-06,2.244488977955911,1.213262112963507e-07,1.213262112963507e-07,1.213262112963507e-08
0.036673346693386774,8.928657314629255e-06,1.9014028056112218e-06,7.7154308617234735,7.129546974162914e-08,7.129546974162914e-08,7.129546974162915e-09
0.23539078156312424,7.68016032064128e-06,8.964328657314626e-06,0.7815631262525055,4.928084017878153e-09,4.928084017878153e-09,4.928084017878153e-10
0.32140280561121887,2.3651302605210414e-06,2.4543086172344682e-06,9.879759519038128,8.736385342890261e-09,8.736385342890261e-09,8.736385342890261e-10
0.335490981963924,8.714629258517031e-06,3.5957915831663314e-06,7.655310621242511,1.955086758765525e-07,1.955086758765525e-07,1.9550867587655248e-08
0.33030060120240107,4.1665330661322635e-06,6.529058116232462e-07,2.745490981963922,7.024356921809074e-09,7.024356921809074e-09,7.024356921809073e-10
0.34068136272544697,1.1879759519038072e-06,1.0452905811623243e-06,9.418837675350748,5.818246112296521e-07,5.818246112296521e-07,5.818246112296521e-08
0.23983967935871534,1.2949899799599194e-06,4.98697394789579e-06,4.088176352705394,2.6750599837221733e-07,2.6750599837221733e-07,2.6750599837221732e-08
0.12565130260521043,4.184368737474949e-06,5.575551102204407e-06,2.985971943887767,2.748996431807624e-07,2.748996431807624e-07,2.7489964318076242e-08
0.12120240480961926,3.381763527054107e-06,3.435270541082163e-06,0.2805611222444889,1.9286157482593101e-07,1.9286157482593101e-07,1.9286157482593103e-08
0.24651302605210199,6.146292585170339e-06,6.146292585170339e-06,2.024048096192386,2.779869606716721e-09,2.779869606716721e-09,2.779869606716721e-10
0.14196392785571113,3.328256513026051e-06,8.768136272545087e-06,5.631262525050102,3.0619757242039986e-08,3.0619757242039986e-08,3.061975724203999e-09
0.03963927855711423,8.554108216432863e-06,2.9537074148296584e-06,4.929859719438871,3.016799026736061e-09,3.016799026736061e-09,3.016799026736061e-10
0.10711422845691385,4.291382765531061e-06,7.234268537074146e-06,9.519038076152352,5.421511497255084e-09,5.421511497255084e-09,5.421511497255084e-10
0.13825651302605188,1.8300601202404803e-06,3.613627254509017e-06,1.4028056112224458,5.7324031246034634e-08,5.7324031246034634e-08,5.732403124603463e-09
0.33919839679358327,5.272344689378756e-06,7.787174348697392e-06,0.18036072144288573,4.730609791941458e-09,4.730609791941458e-09,4.730609791941458e-10
0.16124248496993923,6.734869739478956e-06,5.361523046092183e-06,2.6452905811623197,1.8744334210124383e-08,1.8744334210124383e-08,1.874433421012438e-09
0.3458717434869699,8.17955911823647e-06,5.379358717434868e-06,0.42084168336673355,1.3887461064785426e-08,1.3887461064785426e-08,1.3887461064785426e-09
0.24206412825651089,1.473346693386773e-06,3.916833667334668e-06,2.2244488977955905,5.971696137465486e-08,5.971696137465486e-08,5.971696137465486e-09
0.052244488977955916,3.667134268537073e-06,5.236673346693385e-06,6.753507014028071,2.821498275749693e-08,2.821498275749693e-08,2.8214982757496933e-09
0.2746893787575123,3.827655310621242e-06,3.3639278557114217e-06,3.066132264529049,1.2268879049036874e-09,1.2268879049036874e-09,1.2268879049036875e-10
0.19164328657314508,6.288977955911822e-06,2.6683366733466926e-06,0.8416833667334674,5.288710665394199e-07,5.288710665394199e-07,5.288710665394199e-08
0.20128256513025913,5.807414829659317e-06,1.2593186372745487e-06,1.923847695390783,1.926241212301467e-08,1.926241212301467e-08,1.926241212301467e-09
0.1204609218436874,4.576753507014027e-06,5.753907815631261e-06,9.178356713426897,2.9796214488211675e-08,2.9796214488211675e-08,2.9796214488211677e-09
0.12639278557114228,1.7408817635270535e-06,7.145090180360719e-06,3.0861723446893694,4.424360805250021e-08,4.424360805250021e-08,4.424360805250021e-09
0.18867735470941768,1.5268537074148291e-06,3.4531062124248485e-06,5.711422845691385,1.3699430980645937e-08,1.3699430980645937e-08,1.3699430980645937e-09
0.18126252505009918,5.325851703406812e-06,4.71943887775551e-06,3.7675350701402643,2.1803621773679206e-07,2.1803621773679206e-07,2.1803621773679205e-08
0.07226452905811624,6.592184368737473e-06,2.1154308617234463e-06,0.20040080160320636,6.480666234107003e-08,6.480666234107003e-08,6.480666234107003e-09
0.26653306613226196,2.96192384769539e-07,4.388777555110219e-07,1.2825651302605219,1.0301743394740822e-07,1.0301743394740822e-07,1.0301743394740822e-08
0.15382765531062073,7.599198396793584e-07,5.5398797595190364e-06,8.136272545090211,1.1806304623032021e-07,1.1806304623032021e-07,1.1806304623032021e-08
0.33474949899799217,8.490981963927852e-07,1.9727454909819634e-06,3.1462925851703307,1.1460491851368872e-09,1.1460491851368872e-09,1.1460491851368872e-10
0.13825651302605188,7.751503006012021e-06,6.6278557114228436e-06,1.5030060120240492,8.16075149428359e-09,8.16075149428359e-09,8.160751494283589e-10
0.06336673346693387,8.857314629258514e-06,4.202204408817634e-06,4.649298597194378,2.711776235260503e-07,2.711776235260503e-07,2.711776235260503e-08
0.14122244488977928,6.350701402805609e-07,2.4721442885771536e-06,3.8276553106212257,9.876764817326548e-09,9.876764817326548e-09,9.876764817326548e-10
0.22204408817635093,2.9715430861723437e-06,3.5601202404809607e-06,5.571142284569139,6.667996215923298e-07,6.667996215923298e-07,6.667996215923299e-08
0.29767535070139967,5.646893787575149e-06,6.6813627254509e-06,9.69939879759524,4.0718666240085985e-09,4.0718666240085985e-09,4.0718666240085986e-10
0.3888777555110172,3.827655310621242e-06,1.1344689378757512e-06,5.931863727454915,4.795539273937188e-09,4.795539273937188e-09,4.795539273937188e-10
0.24132264529057904,8.607615230460919e-06,2.489979959919839e-06,9.338677354709464,1.1028396105808775e-07,1.1028396105808775e-07,1.1028396105808775e-08
0.27098196392785306,6.529058116232462e-07,3.52444889779559e-06,4.46893787575149,1.5071095033684714e-08,1.5071095033684714e-08,1.5071095033684714e-09
0.3844288577154261,7.145090180360719e-06,5.896593186372744e-06,1.0621242484969946,2.5615478398997436e-09,2.5615478398997436e-09,2.561547839899744e-10
0.23242484969939683,4.148697394789578e-06,6.610020040080158e-06,0.220440881763527,1.6154051942251828e-07,1.6154051942251828e-07,1.615405194225183e-08
0.10563126252505012,8.312625250500999e-07,3.5422845691382754e-06,4.2685370741482815,1.0276391739009046e-09,1.0276391739009046e-09,1.0276391739009046e-10
0.394809619238472,3.132064128256512e-06,1.669539078156312e-06,1.2825651302605219,1.589611781042495e-09,1.589611781042495e-09,1.589611781042495e-10
0.3132464929859685,8.464929859719436e-06,8.340080160320638e-06,1.3627254509018045,8.736385342890261e-09,8.736385342890261e-09,8.736385342890261e-10
0.13306613226452893,8.696793587174346e-06,8.554108216432863e-06,0.12024048096192383,6.751194686974627e-08,6.751194686974627e-08,6.751194686974627e-09
0.3325250501001966,7.537474949899797e-06,7.983366733466931e-06,4.1082164328657145,1.2623522970840267e-08,1.2623522970840267e-08,1.2623522970840266e-09
0.3117635270541048,5.3971943887775535e-06,8.64328657314629e-06,3.607214428857701,4.0266445566908413e-07,4.0266445566908413e-07,4.0266445566908416e-08
0.3962925851703357,8.518436873747492e-06,3.853707414829658e-07,3.3266533066132147,2.395719021875633e-08,2.395719021875633e-08,2.3957190218756327e-09
0.24206412825651089,2.426853707414829e-07,5.3971943887775535e-06,5.751503006012027,2.2997196927874e-08,2.2997196927874e-08,2.2997196927874e-09
0.33178356713426477,4.648096192384768e-06,3.9703406813627245e-06,8.35671342685374,2.398672297366778e-07,2.398672297366778e-07,2.398672297366778e-08
0.27691382765530786,1.6517034068136267e-06,6.556513026052102e-06,5.230460921843684,1.3904580559192867e-07,1.3904580559192867e-07,1.3904580559192867e-08
0.057434869739478964,5.843086172344688e-06,8.312625250500999e-07,7.034068136272563,1.6375772665556762e-07,1.6375772665556762e-07,1.637577266555676e-08
0.36144288577153877,4.184368737474949e-06,1.9014028056112218e-06,8.57715430861727,7.7276750303474e-09,7.7276750303474e-09,7.727675030347399e-10
0.0648496993987976,3.7919839679358704e-06,5.415030060120239e-06,7.955911823647324,3.0619757242039986e-08,3.0619757242039986e-08,3.061975724203999e-09
0.12713426853707413,5.280561122244487e-07,8.768136272545087e-06,1.6032064128256525,3.5617248296112495e-07,3.5617248296112495e-07,3.5617248296112495e-08
0.3829458917835624,2.5078156312625243e-06,3.3460921843687364e-06,7.575150300601227,6.228646968652479e-07,6.228646968652479e-07,6.22864696865248e-08
0.0937675350701403,7.430460921843685e-06,4.541082164328656e-06,3.8677354709418665,8.406996780235735e-07,8.406996780235735e-07,8.406996780235736e-08
0.3666332665330617,1.419839679358717e-06,6.707414829659316e-07,6.95390781563128,6.83543124883483e-09,6.83543124883483e-09,6.83543124883483e-10
0.38665330661322167,5.040480961923846e-06,8.536272545090177e-06,9.45891783567139,2.9030564368395553e-07,2.9030564368395553e-07,2.9030564368395553e-08
0.15679358717434813,2.151102204408817e-06,2.6052104208416826e-07,2.024048096192386,6.852294122905783e-07,6.852294122905783e-07,6.852294122905783e-08
0.38813627254508537,5.058316633266532e-06,8.215230460921841e-06,5.511022044088176,1.7250950412746673e-09,1.7250950412746673e-09,1.7250950412746673e-10
0.08635270541082166,2.0701402805611217e-07,8.821643286573143e-06,1.5831663326653318,7.033016059608114e-08,7.033016059608114e-08,7.033016059608114e-09
0.11601202404809621,4.541082164328656e-06,4.3627254509018025e-06,2.464929859719436,3.1001808596600962e-09,3.1001808596600962e-09,3.100180859660096e-10
0.19090180360721323,3.809819639278556e-06,1.5090180360721438e-06,3.0460921843687285,2.638840853999983e-07,2.638840853999983e-07,2.6388408539999828e-08
0.17755511022043993,4.059519038076151e-06,2.5078156312625243e-06,9.498997995992031,6.577714494615668e-07,6.577714494615668e-07,6.577714494615669e-08
0.30805611222444557,1.3841683366733462e-06,6.895390781563124e-06,2.5050100200400767,5.64782667297539e-09,5.64782667297539e-09,5.64782667297539e-10
0.03593186372745491,6.877555110220439e-06,4.273547094188376e-06,9.318637274549143,4.132843004925062e-08,4.132843004925062e-08,4.1328430049250624e-09
0.11452905811623248,1.7230460921843681e-06,6.71703406813627e-06,9.098196392785614,2.1455480126433085e-09,2.1455480126433085e-09,2.1455480126433086e-10
0.18422845691382658,1.9727454909819634e-06,5.5398797595190364e-06,6.112224448897803,4.0216869012854324e-08,4.0216869012854324e-08,4.021686901285433e-09
0.11082164328657317,7.269939879759517e-06,8.054709418837673e-06,2.20440881763527,1.5259141340741356e-09,1.5259141340741356e-09,1.5259141340741356e-10
0.12342685370741485,1.080961923847695e-06,3.667134268537073e-06,4.90981963927855,5.495923877187651e-09,5.495923877187651e-09,5.495923877187652e-10
0.08857715430861725,2.739679358717434e-06,7.94769539078156e-06,9.819639278557165,2.265789397389933e-09,2.265789397389933e-09,2.265789397389933e-10
0.15382765531062073,2.6052104208416826e-07,4.077354709418837e-06,1.9438877755511037,2.742231401028208e-09,2.742231401028208e-09,2.7422314010282076e-10
0.13751503006012003,5.022645290581161e-06,4.772945891783566e-06,3.0861723446893694,3.233575799788066e-08,3.233575799788066e-08,3.233575799788066e-09
0.10118236472945893,4.237875751503005e-06,8.072545090180358e-06,0.48096192384769554,1.2956454902595874e-09,1.2956454902595874e-09,1.2956454902595874e-10
0.32288577154308257,3.2925851703406803e-06,2.7040080160320633e-06,8.597194388777591,4.940241503950268e-07,4.940241503950268e-07,4.940241503950268e-08
0.18496993987975843,2.3294589178356707e-06,3.6753507014028044e-07,7.615230460921869,2.1749965038917753e-09,2.1749965038917753e-09,2.1749965038917753e-10
0.39110220440881277,7.420841683366731e-07,4.25571142284569e-06,9.058116232464972,4.928084017878153e-09,4.928084017878153e-09,4.928084017878153e-10
0.04705410821643287,4.862124248496993e-06,2.044088176352705e-06,0.8817635270541088,1.8240190415251577e-08,1.8240190415251577e-08,1.8240190415251576e-09
0.19979959919839543,6.199799599198395e-06,8.304408817635268e-06,2.5851703406813584,5.5782255778001735e-08,5.5782255778001735e-08,5.578225577800173e-09
0.3992585170340631,5.9857715430861705e-06,6.021442885771541e-06,2.8056112224448833,1.5468579063683909e-09,1.5468579063683909e-09,1.546857906368391e-10
0.24799599198396569,8.536272545090177e-06,2.6683366733466926e-06,3.206412825651292,3.3644105383686107e-09,3.3644105383686107e-09,3.364410538368611e-10
0.14715430861723408,3.881162324649298e-06,7.0202404809619216e-06,5.050100200400796,3.651160620328057e-09,3.651160620328057e-09,3.6511606203280566e-10
0.16198396793587108,7.929859719438875e-06,6.44949899799599e-06,4.669338677354699,3.9183447448833113e-07,3.9183447448833113e-07,3.918344744883311e-08
0.12268537074148299,7.777555110220438e-07,3.6849699398797583e-06,0.8617234468937881,1.5277951747022715e-08,1.5277951747022715e-08,1.5277951747022716e-09
0.09450901803607216,2.989378757515029e-06,8.197394789579156e-06,5.9919839679358775,9.225992224264617e-09,9.225992224264617e-09,9.225992224264617e-10
0.36292585170340247,2.5256513026052097e-06,7.876352705410819e-06,6.73346693386775,1.4885366118728222e-07,1.4885366118728222e-07,1.4885366118728223e-08
0.20350701402805468,6.734869739478956e-06,8.714629258517031e-06,3.246492985971933,2.8602244505038123e-08,2.8602244505038123e-08,2.860224450503812e-09
0.3562525050100158,7.1629258517034045e-06,7.44829659318637e-06,1.683366733466935,6.053660018211272e-08,6.053660018211272e-08,6.053660018211272e-09
0.23094188376753313,7.590981963927853e-06,6.253306613226451e-06,4.829659318637266,1.4665745931497528e-08,1.4665745931497528e-08,1.4665745931497528e-09
0.20721442885771393,4.5589178356713415e-06,6.431663326653305e-06,2.705410821643281,1.0024669802763077e-07,1.0024669802763077e-07,1.0024669802763077e-08
0.34809619238476547,3.185571142284568e-06,2.6148296593186365e-06,6.472945891783579,4.241842323772165e-09,4.241842323772165e-09,4.2418423237721653e-10
0.21833667334669168,5.076152304609217e-06,2.846693386773546e-06,3.987975951903789,1.1953615218538506e-08,1.1953615218538506e-08,1.1953615218538506e-09
0.3028657314629226,6.895390781563124e-06,7.590981963927853e-06,1.4028056112224458,3.189794612797224e-08,3.189794612797224e-08,3.1897946127972242e-09
0.19386773547094063,1.3128256513026048e-06,8.857314629258514e-06,8.937875751503046,4.369837114045193e-07,4.369837114045193e-07,4.3698371140451934e-08
0.34513026052103807,2.96192384769539e-07,1.1523046092184365e-06,6.372745490981974,8.639359226229024e-07,8.639359226229024e-07,8.639359226229024e-08
0.3621843687374706,5.557715430861722e-06,4.1665330661322635e-06,1.162324649298598,1.1938897777188017e-09,1.1938897777188017e-09,1.1938897777188016e-10
0.24873747494989754,3.0607214428857706e-06,4.184368737474949e-06,4.308617234468923,1.8217732863477525e-09,1.8217732863477525e-09,1.8217732863477524e-10
0.14863727454909778,6.21763527054108e-06,3.863326653306612e-06,4.4488977955911695,9.622969283374623e-08,9.622969283374623e-08,9.622969283374624e-09
0.2998997995991952,7.376953907815629e-06,5.967935871743485e-06,2.0841683366733474,1.1791768552338905e-08,1.1791768552338905e-08,1.1791768552338905e-09
0.22649298597194203,6.431663326653305e-06,8.67895791583166e-06,0.5611222444889782,2.632346906102217e-09,2.632346906102217e-09,2.632346906102217e-10
0.2969338677354678,1.3567134268537072e-07,7.055911823647292e-06,6.232464929859728,2.942902029466844e-07,2.942902029466844e-07,2.9429020294668437e-08
0.15827655310621183,4.4875751503006e-06,7.68016032064128e-06,5.170340681362721,1.9286157482593101e-07,1.9286157482593101e-07,1.9286157482593103e-08
0.05150300601202405,7.234268537074146e-06,3.132064128256512e-06,4.749498997995983,4.5466464829466696e-08,4.5466464829466696e-08,4.54664648294667e-09
0.365150300601198,5.522044088176351e-06,2.9715430861723437e-06,3.927855711422828,3.318857906850288e-09,3.318857906850288e-09,3.318857906850288e-10
0.17088176352705328,3.2034068136272535e-06,8.482765531062121e-06,3.807615230460905,2.1803621773679206e-07,2.1803621773679206e-07,2.1803621773679205e-08
0.23909819639278349,1.7943887775551096e-06,4.98697394789579e-06,5.531062124248497,2.2968882489871535e-09,2.2968882489871535e-09,2.2968882489871535e-10
0.09673346693386775,5.932264529058114e-06,8.518436873747492e-06,1.0020040080160326,4.5410485946316596e-09,4.5410485946316596e-09,4.5410485946316594e-10
0.08486973947895793,6.841883767535068e-06,7.420841683366731e-07,2.925851703406806,4.2470713714433197e-08,4.2470713714433197e-08,4.247071371443319e-09
0.22352705410821463,2.240280561122244e-06,1.0452905811623243e-06,0.02004008016032064,2.235111610496698e-09,2.235111610496698e-09,2.235111610496698e-10
0.22426853707414648,1.0096192384769536e-06,7.091583166332663e-06,7.394789579158339,4.300063279822961e-09,4.300063279822961e-09,4.300063279822961e-10
0.30657314629258187,2.6505010020040072e-06,4.006012024048095e-06,4.609218436873737,7.427162256742467e-08,7.427162256742467e-08,7.427162256742467e-09
0.19164328657314508,3.3995991983967925e-06,4.5589178356713415e-06,9.599198396793636,4.8673526844608326e-08,4.8673526844608326e-08,4.867352684460833e-09
0.25763527054107976,4.790781563126251e-06,4.2200400801603196e-06,4.589178356713416,6.220978180191584e-08,6.220978180191584e-08,6.220978180191584e-09
0.10637274549098198,6.306813627254507e-06,2.1154308617234463e-06,4.989979959919833,1.635561060835749e-08,1.635561060835749e-08,1.6355610608357492e-09
0.1123046092184369,1.7134268537074145e-07,5.878757515030058e-06,4.488977955911811,1.2812560779848808e-07,1.2812560779848808e-07,1.2812560779848808e-08
0.06559118236472947,4.71943887775551e-06,6.3781563126252485e-06,5.210420841683363,5.275695628335287e-09,5.275695628335287e-09,5.275695628335287e-10
0.35402805611222027,1.027454909819639e-06,2.8645290581162316e-06,7.17434869739481,2.0646542621672013e-07,2.0646542621672013e-07,2.0646542621672012e-08
0.0485370741482966,2.79318637274549e-06,2.9180360721442877e-06,7.154308617234489,7.529102983041647e-08,7.529102983041647e-08,7.529102983041647e-09
0.13454909819639263,2.5613226452905804e-06,4.879959919839678e-06,4.028056112224431,2.818024411597746e-09,2.818024411597746e-09,2.818024411597746e-10
0.31547094188376407,1.7587174348697389e-06,2.9002004008016023e-06,1.8436873747495004,1.3347407371207452e-07,1.3347407371207452e-07,1.3347407371207452e-08
0.13380761523046078,8.197394789579156e-06,3.2569138276553096e-06,7.555110220440906,3.4105883976901252e-09,3.4105883976901252e-09,3.410588397690125e-10
0.21907815631262353,8.036873747494987e-06,2.0619238476953902e-06,1.0220440881763533,3.5048542435182872e-09,3.5048542435182872e-09,3.504854243518287e-10
0.3710821643286528,9.026052104208413e-07,7.733667334669336e-06,9.198396793587218,3.5529597479904375e-09,3.5529597479904375e-09,3.5529597479904377e-10
0.2598597194388753,5.637274549098194e-07,2.0262525050100195e-06,9.619238476953957,7.33563348699697e-07,7.33563348699697e-07,7.33563348699697e-08
0.3162124248496959,4.25571142284569e-06,7.697995991983965e-06,4.869739478957908,3.705836910425482e-08,3.705836910425482e-08,3.705836910425482e-09
0.25022044088176126,9.382765531062121e-07,7.3591182364729435e-06,8.276553106212457,7.418017841189869e-09,7.418017841189869e-09,7.418017841189868e-10
0.09747494989979961,8.8751503006012e-06,5.2188376753507e-06,2.565130260521038,1.3497308199592072e-09,1.3497308199592072e-09,1.3497308199592072e-10
0.3577354709418795,1.8300601202404803e-06,7.064128256513023e-07,1.5230460921843698,2.3661953347461245e-07,2.3661953347461245e-07,2.3661953347461245e-08
0.3518036072144247,2.596993987975951e-06,4.434068136272544e-06,6.352705410821653,4.678071736494384e-07,4.678071736494384e-07,4.678071736494384e-08
0.19831663326653173,7.002404809619236e-06,7.234268537074146e-06,5.430861723446893,1.0718565509769945e-08,1.0718565509769945e-08,1.0718565509769944e-09
0.07448897795591183,3.1498997995991974e-06,8.964328657314626e-06,0.8416833667334674,7.024356921809074e-09,7.024356921809074e-09,7.024356921809073e-10
0.17607214428857623,2.935871743486973e-06,1.3567134268537072e-07,9.47895791583171,3.14273206260516e-09,3.14273206260516e-09,3.14273206260516e-10
0.31695390781562777,8.090380761523043e-06,2.5791583166332658e-06,4.288577154308602,1.3530605792703725e-07,1.3530605792703725e-07,1.3530605792703725e-08
0.16643286573146218,3.381763527054107e-06,5.1474949899799584e-06,1.3026052104208425,4.4906158019589197e-07,4.4906158019589197e-07,4.4906158019589195e-08
0.18052104208416733,5.504208416833666e-06,7.287775551102202e-06,8.436873747495024,1.6559684178836865e-09,1.6559684178836865e-09,1.6559684178836866e-10
0.17384769539078068,4.077354709418837e-06,7.198597194388775e-06,5.090180360721438,4.995723911377175e-09,4.995723911377175e-09,4.995723911377175e-10
0.3429058116232425,5.9501002004008e-06,3.6492985971943875e-06,4.328657314629244,8.272761021706957e-09,8.272761021706957e-09,8.272761021706957e-10
0.3547695390781521,3.496993987975951e-07,8.732464929859716e-06,9.378757515030106,1.1166000517155131e-08,1.1166000517155131e-08,1.116600051715513e-09
0.05817635270541083,6.645691382765529e-06,2.1332665330661317e-06,5.711422845691385,1.950275467653451e-09,1.950275467653451e-09,1.950275467653451e-10
0.06262525050100201,8.964328657314626e-06,3.613627254509017e-06,3.7274549098196235,2.119107312516031e-08,2.119107312516031e-08,2.119107312516031e-09
0.03444889779559118,3.318637274549097e-07,8.429258517034065e-06,1.3827655310621252,2.2048491872774957e-09,2.2048491872774957e-09,2.2048491872774958e-10
0.032965931863727455,1.2593186372745487e-06,8.785971943887772e-06,3.847695390781546,4.873352817722915e-07,4.873352817722915e-07,4.8733528177229144e-08
0.17310621242484883,5.379358717434868e-06,5.575551102204407e-06,9.418837675350748,1.2607980730642359e-09,1.2607980730642359e-09,1.260798073064236e-10
0.18941883767534953,6.128456913827653e-06,3.720641282565129e-06,8.697394789579196,1.570022171220835e-08,1.570022171220835e-08,1.570022171220835e-09
0.20128256513025913,1.3484969939879755e-06,4.6124248496993976e-06,1.5430861723446905,1.7509284150236116e-08,1.7509284150236116e-08,1.7509284150236116e-09
0.3532865731462884,6.164128256513024e-06,2.2937875751503e-06,7.3747494989980185,1.1806304623032021e-07,1.1806304623032021e-07,1.1806304623032021e-08
0.06188376753507015,4.98697394789579e-06,6.039278557114227e-06,8.09619238476957,1.1646452477179841e-07,1.1646452477179841e-07,1.1646452477179841e-08
0.35106212424849287,1.1166332665330658e-06,5.914428857715429e-06,2.885771543086165,7.843397302160229e-08,7.843397302160229e-08,7.843397302160229e-09
0.0381563126252505,3.042885771543085e-06,1.5803607214428852e-06,9.93987975951909,6.21331883363945e-09,6.21331883363945e-09,6.21331883363945e-10
0.39703406813626757,3.613627254509017e-06,3.318637274549097e-07,8.637274549098233,2.6355918799622602e-08,2.6355918799622602e-08,2.6355918799622604e-09
0.3918436873747446,6.3781563126252485e-06,2.426853707414829e-07,0.5010020040080162,7.236312252154854e-07,7.236312252154854e-07,7.236312252154854e-08
0.14937875751502963,2.204609218436873e-06,1.9370741482965927e-06,4.168336673346677,4.666559426431139e-09,4.666559426431139e-09,4.666559426431139e-10
0.038897795591182366,7.626653306613224e-06,4.148697394789578e-06,9.639278557114277,6.400801625386414e-07,6.400801625386414e-07,6.400801625386414e-08
0.3369739478957877,8.375751503006009e-06,5.843086172344688e-06,3.787575150300585,1.1632113218458487e-08,1.1632113218458487e-08,1.1632113218458486e-09
0.07819639278557115,2.1867735470941878e-06,7.2164328657314605e-06,5.190380761523042,1.8513338065076678e-07,1.8513338065076678e-07,1.8513338065076678e-08
0.12935871743486968,4.2104208416833653e-07,3.2925851703406803e-06,6.793587174348713,1.5935333219533204e-07,1.5935333219533204e-07,1.5935333219533206e-08
0.37182364729458467,3.2569138276553096e-06,6.092785571142283e-06,4.549098196392774,3.5135006498083964e-07,3.5135006498083964e-07,3.5135006498083966e-08
0.16865731462925773,5.111823647294588e-06,8.268737474949897e-06,7.074148296593205,1.211768329395621e-08,1.211768329395621e-08,1.211768329395621e-09
0.335490981963924,4.915631262525049e-06,2.4186372745490975e-06,5.330661322645288,1.213262112963507e-07,1.213262112963507e-07,1.213262112963507e-08
0.3636673346693343,4.291382765531061e-06,1.8835671342685364e-06,4.388777555110207,2.533099342060789e-07,2.533099342060789e-07,2.533099342060789e-08
0.37478957915831207,3.1142284569138266e-06,8.696793587174346e-06,3.3667334669338556,1.703835801020611e-08,1.703835801020611e-08,1.703835801020611e-09
0.21388777555110058,5.129659318637273e-06,6.8240480961923826e-06,3.7675350701402643,8.282959105099229e-08,8.282959105099229e-08,8.282959105099228e-09
0.27839679358717156,5.272344689378756e-06,7.71583166332665e-06,9.739478957915882,3.7567009811346054e-08,3.7567009811346054e-08,3.756700981134605e-09
0.21611222444889613,1.8835671342685364e-06,8.17955911823647e-06,6.212424849699407,9.755048325677944e-08,9.755048325677944e-08,9.755048325677944e-09
0.33771543086171957,7.965531062124246e-06,6.164128256513024e-06,3.3066132264528942,5.217103860754809e-07,5.217103860754809e-07,5.217103860754809e-08
0.3043486973947863,5.48637274549098e-06,8.44709418837675e-06,6.132264529058124,5.7324031246034634e-08,5.7324031246034634e-08,5.732403124603463e-09
0.17533066132264438,5.290180360721441e-06,4.92384769539078e-07,1.2625250501002012,9.74303778752864e-09,9.74303778752864e-09,9.74303778752864e-10
0.35699398797594767,6.039278557114227e-06,9.739478957915829e-07,3.166332665330651,3.701274237427686e-09,3.701274237427686e-09,3.701274237427686e-10
0.28729458917835377,8.1438877755511e-06,5.432865731462924e-06,6.633266533066146,7.737201169707775e-08,7.737201169707775e-08,7.737201169707775e-09
0.34068136272544697,3.0963927855711413e-06,6.984569138276551e-06,8.11623246492989,5.421511497255084e-09,5.421511497255084e-09,5.421511497255084e-10
0.08264529058116234,4.273547094188376e-06,1.0631262525050097e-06,6.012024048096198,2.7867274902072114e-07,2.7867274902072114e-07,2.7867274902072115e-08
0.12194388777555112,2.846693386773546e-06,6.841883767535068e-06,0.7815631262525055,1.5680891401836577e-09,1.5680891401836577e-09,1.5680891401836577e-10
0.04334669338677355,1.277154308617234e-06,5.022645290581161e-06,1.6633266533066144,2.0878417903229896e-09,2.0878417903229896e-09,2.0878417903229896e-10
0.37330661322644837,4.388777555110219e-07,8.464929859719436e-06,2.7655310621242424,1.1333211863625294e-07,1.1333211863625294e-07,1.1333211863625294e-08
0.37923847695390317,1.9192384769539073e-06,7.965531062124246e-06,6.653306613226467,1.428889167928755e-07,1.428889167928755e-07,1.428889167928755e-08
0.276172344689376,6.538677354709417e-06,8.375751503006009e-06,4.088176352705394,3.8605330928458946e-08,3.8605330928458946e-08,3.860533092845894e-09
0.3073146292585137,3.3460921843687364e-06,9.382765531062121e-07,2.845691382765524,2.8994821572542393e-08,2.8994821572542393e-08,2.8994821572542394e-09
0.39406813627254017,4.8086172344689366e-06,2.2224448897795585e-06,0.9018036072144294,8.070118355353642e-07,8.070118355353642e-07,8.070118355353642e-08
0.04408817635270541,3.470941883767534e-06,3.4887775551102193e-06,4.408817635270528,5.288710665394199e-07,5.288710665394199e-07,5.288710665394199e-08
0.22501002004007833,7.038076152304607e-06,4.291382765531061e-06,1.4629258517034078,3.9672350383492564e-08,3.9672350383492564e-08,3.967235038349257e-09
0.0566933867735471,5.0048096192384755e-06,1.277154308617234e-06,2.8657314629258446,3.277957900808505e-08,3.277957900808505e-08,3.277957900808505e-09
0.19535070140280433,6.413827655310619e-06,1.4911823647294584e-06,9.559118236472994,3.1040025466222826e-08,3.1040025466222826e-08,3.1040025466222824e-09
0.13232464929859708,6.271142284569136e-06,1.0096192384769536e-06,4.00801603206411,5.571357596333467e-09,5.571357596333467e-09,5.571357596333467e-10
0.21092184368737318,7.44829659318637e-06,4.8086172344689366e-06,7.515030060120265,1.0417439261790504e-09,1.0417439261790504e-09,1.0417439261790504e-10
0.28877755511021747,5.308016032064127e-06,5.753907815631261e-06,7.134268537074168,3.75207568365345e-09,3.75207568365345e-09,3.75207568365345e-10
0.21240480961923688,4.844288577154307e-06,8.500601202404807e-06,8.076152304609248,9.888940204840871e-08,9.888940204840871e-08,9.88894020484087e-09
0.3903607214428809,1.6873747494989974e-06,7.145090180360719e-06,0.38076152304609223,5.06429218904657e-09,5.06429218904657e-09,5.06429218904657e-10
0.03222444889779559,4.398396793587173e-06,2.96192384769539e-07,2.0040080160320657,3.4574000663126143e-09,3.4574000663126143e-09,3.4574000663126144e-10
0.3013827655310589,3.4887775551102193e-06,4.237875751503005e-06,5.871743486973952,6.385049833384195e-09,6.385049833384195e-09,6.385049833384194e-10
0.12565130260521043,4.0320641282565117e-07,4.095190380761522e-06,9.438877755511069,2.3632820452996925e-08,2.3632820452996925e-08,2.3632820452996925e-09
0.2924849699398767,2.2581162324649292e-06,1.5446893787575145e-06,7.755511022044115,6.9292502340659346e-09,6.9292502340659346e-09,6.929250234065935e-10
0.1019238476953908,3.239078156312624e-06,5.3436873747494974e-06,1.2024048096192392,3.372710472808172e-07,3.372710472808172e-07,3.3727104728081717e-08
0.08116232464929861,4.1665330661322635e-06,4.023847695390781e-06,6.092184368737482,2.9392786914869148e-08,2.9392786914869148e-08,2.9392786914869146e-09
0.05521042084168337,8.571943887775548e-06,6.699198396793585e-06,5.671342685370743,3.4190022519978403e-07,3.4190022519978403e-07,3.41900225199784e-08
0.18571142284569028,2.9537074148296584e-06,3.274749498997995e-06,8.817635270541121,4.861359938638247e-09,4.861359938638247e-09,4.861359938638247e-10
0.30953907815630927,2.097595190380761e-06,5.522044088176351e-06,1.4428857715430872,3.05820578119399e-09,3.05820578119399e-09,3.0582057811939897e-10
0.2865531062124219,7.287775551102202e-06,7.430460921843685e-06,7.795591182364757,1.9819210943134743e-07,1.9819210943134743e-07,1.9819210943134742e-08
0.2509619238476931,4.113026052104207e-06,3.2034068136272535e-06,5.6513026052104225,8.618098547094042e-09,8.618098547094042e-09,8.618098547094042e-10
0.046312625250501005,2.2937875751503e-06,5.9857715430861705e-06,8.537074148296629,1.3314560612787938e-09,1.3314560612787938e-09,1.331456061278794e-10
0.12861723446893783,6.71703406813627e-06,1.2058116232464926e-06,6.533066132264541,4.359083341419118e-09,4.359083341419118e-09,4.359083341419118e-10
0.13010020040080153,2.1332665330661317e-06,7.18076152304609e-06,1.7234468937875764,4.0768861374799504e-08,4.0768861374799504e-08,4.0768861374799506e-09
0.3443887775551062,7.305611222444887e-06,3.078557114228456e-06,4.128256513026035,1.3716318684666484e-07,1.3716318684666484e-07,1.3716318684666484e-08
0.30583166332665,6.395991983967934e-06,6.877555110220439e-06,8.056112224448928,8.050258526349937e-09,8.050258526349937e-09,8.050258526349936e-10
0.15531062124248443,4.202204408817634e-06,3.417434869739478e-06,6.593186372745504,3.655661516750302e-08,3.655661516750302e-08,3.655661516750302e-09
0.15308617234468888,8.669338677354706e-07,3.98817635270541e-06,3.2264529058116125,1.0301743394740822e-07,1.0301743394740822e-07,1.0301743394740822e-08
0.18200400801603103,6.592184368737473e-06,8.1438877755511e-06,8.917835671342726,4.730609791941458e-09,4.730609791941458e-09,4.730609791941458e-10
0.26949899799598936,5.5933867735470925e-06,7.805010020040078e-06,7.274549098196414,7.31758115860837e-09,7.31758115860837e-09,7.31758115860837e-10
0.31398797595190037,3.078557114228456e-06,6.931062124248495e-06,9.91983967935877,1.4485012343606516e-07,1.4485012343606516e-07,1.4485012343606516e-08
0.29915831663326337,5.361523046092183e-06,6.306813627254507e-06,1.7034068136272558,3.509174783632933e-08,3.509174783632933e-08,3.5091747836329334e-09
0.31102204408817297,7.805010020040078e-06,6.9667334669338655e-06,3.887775551102187,2.4315950190866847e-07,2.4315950190866847e-07,2.4315950190866846e-08
0.07078156312625251,6.931062124248495e-06,8.84769539078156e-07,8.977955911823688,3.2375619267383e-07,3.2375619267383e-07,3.2375619267383e-08
0.14048096192384743,1.616032064128256e-06,6.734869739478956e-06,6.553106212424862,5.72534531780267e-09,5.72534531780267e-09,5.72534531780267e-10
0.059659318637274555,6.788376753507012e-06,5.0048096192384755e-06,5.81162324649299,5.8908420114344844e-08,5.8908420114344844e-08,5.8908420114344846e-09
0.09599198396793589,7.983366733466931e-06,6.538677354709417e-06,4.7895791583166245,3.14660620372563e-08,3.14660620372563e-08,3.14660620372563e-09
0.25615230460921606,8.233066132264526e-06,4.130861723446893e-06,8.857715430861763,1.1152252796927704e-09,1.1152252796927704e-09,1.1152252796927704e-10
0.12639278557114228,3.221242484969939e-06,3.470941883767534e-06,5.891783567134273,1.6134162870394823e-08,1.6134162870394823e-08,1.6134162870394823e-09
0.3295591182364692,3.5422845691382754e-06,2.4543086172344682e-06,2.3246492985971927,3.0205179263841425e-08,3.0205179263841425e-08,3.0205179263841424e-09
0.042605210420841685,1.2414829659318633e-06,4.4162324649298586e-06,8.657314629258554,1.7993226299744833e-08,1.7993226299744833e-08,1.7993226299744834e-09
0.13603206412825633,2.632665330661322e-06,1.1166332665330658e-06,2.6452905811623197,4.184409653730859e-09,4.184409653730859e-09,4.1844096537308587e-10
0.053727454909819644,2.6148296593186365e-06,3.5957915831663314e-06,4.769539078156304,7.227402813527497e-08,7.227402813527497e-08,7.227402813527497e-09
0.320661322645287,2.2484969939879754e-07,4.701603206412824e-06,5.59118236472946,2.821498275749693e-08,2.821498275749693e-08,2.8214982757496933e-09
0.22056112224448723,6.074949899799597e-06,2.1689378757515024e-06,7.8757515030060405,2.334158095843551e-07,2.334158095843551e-07,2.334158095843551e-08
0.16569138276553033,1.9905811623246488e-06,1.7408817635270535e-06,2.0440881763527066,1.100125622369029e-09,1.100125622369029e-09,1.1001256223690291e-10
0.34364729458917437,6.5743486973947875e-06,8.090380761523043e-06,7.835671342685399,3.9135204295678666e-08,3.9135204295678666e-08,3.913520429567867e-09
0.27246492985971676,3.98817635270541e-06,2.783567134268536e-07,8.296593186372778,1.7272216182474945e-08,1.7272216182474945e-08,1.7272216182474946e-09
0.3859118236472898,3.1677354709418827e-06,4.594589178356712e-06,2.525050100200397,5.585102025635905e-07,5.585102025635905e-07,5.585102025635905e-08
0.19312625250500878,8.250901803607212e-06,2.400801603206412e-06,0.3406813627254509,4.0819118386577954e-07,4.0819118386577954e-07,4.081911838657796e-08
0.2628256513026027,5.753907815631261e-06,2.828857715430861e-06,3.5871743486973804,1.0289059758748863e-08,1.0289059758748863e-08,1.0289059758748863e-09
0.06040080160320642,3.52444889779559e-06,6.663527054108214e-06,3.9478957915831483,2.3284139445672174e-09,2.3284139445672174e-09,2.3284139445672174e-10
0.06929859719438879,6.913226452905809e-06,3.1402805611222435e-07,6.3326653306613325,2.2378669003612392e-08,2.2378669003612392e-08,2.2378669003612394e-09
0.21018036072144133,8.322244488977953e-06,2.543486973947895e-06,5.691382765531064,1.2102763849928474e-09,1.2102763849928474e-09,1.2102763849928473e-10
0.15901803607214368,2.3829659318637268e-06,6.110621242484968e-06,6.713426853707429,2.4926529709607457e-09,2.4926529709607457e-09,2.4926529709607457e-10
0.07745490981963929,8.768136272545087e-06,9.561122244488975e-07,3.426853707414817,1.7727752431160446e-09,1.7727752431160446e-09,1.7727752431160447e-10
0.0670741482965932,6.6278557114228436e-06,5.807414829659317e-06,0.5410821643286575,1.5915713436917573e-08,1.5915713436917573e-08,1.5915713436917574e-09
0.03741482965931864,5.2188376753507e-06,4.576753507014027e-06,6.993987975951922,1.680766617421741e-08,1.680766617421741e-08,1.680766617421741e-09
0.11749498997995994,5.183166332665329e-06,5.45070140280561e-06,2.344689378757513,2.0366997560970777e-07,2.0366997560970777e-07,2.036699756097078e-08
0.16124248496993923,1.4911823647294584e-06,7.002404809619236e-06,6.192384769539086,8.867213095783761e-08,8.867213095783761e-08,8.86721309578376e-09
0.24280561122244274,5.458917835671341e-07,5.102204408817633e-07,5.010020040080154,1.4647689280713536e-09,1.4647689280713536e-09,1.4647689280713537e-10
0.035190380761523046,8.589779559118233e-06,3.881162324649298e-06,9.218436873747539,1.660053659308799e-07,1.660053659308799e-07,1.660053659308799e-08
0.2732064128256486,5.45070140280561e-06,6.128456913827653e-06,0.6012024048096195,1.6335473374936599e-09,1.6335473374936599e-09,1.63354733749366e-10
0.32733466933867367,7.697995991983965e-06,2.008416833667334e-06,2.9058116232464855,4.4298148489883806e-07,4.4298148489883806e-07,4.4298148489883806e-08
0.15753507014027998,4.5671342685370725e-07,6.788376753507012e-06,6.032064128256519,3.972125569291903e-07,3.972125569291903e-07,3.972125569291903e-08
0.261342685370739,6.360320641282563e-06,1.3841683366733462e-06,9.859719438877807,3.4659294040835226e-07,3.4659294040835226e-07,3.465929404083523e-08
0.22130260521041908,4.380561122244488e-06,7.305611222444887e-06,0.6613226452905815,1.131925827068576e-08,1.131925827068576e-08,1.131925827068576e-09
0.25466933867735236,5.415030060120239e-06,5.9501002004008e-06,5.110220440881759,2.0066500832708303e-08,2.0066500832708303e-08,2.0066500832708304e-09
0.23539078156312424,6.057114228456912e-06,1.865731462925851e-06,0.18036072144288573,1.5719575851639877e-07,1.5719575851639877e-07,1.5719575851639878e-08
0.09525050100200402,7.858517034068134e-06,2.0701402805611217e-07,8.737474949899838,3.322949163640174e-08,3.322949163640174e-08,3.322949163640174e-09
0.1100801603206413,2.543486973947895e-06,7.787174348697392e-06,8.33667334669342,7.641851629754752e-07,7.641851629754752e-07,7.641851629754752e-08
0.15605210420841628,3.328256513026051e-06,2.3294589178356707e-06,9.779559118236524,4.3644569156482074e-08,4.3644569156482074e-08,4.364456915648208e-09
0.24058116232464719,9.739478957915829e-07,5.458917835671341e-07,2.8256513026052037,2.5299805583020582e-08,2.5299805583020582e-08,2.5299805583020583e-09
0.31250501002003667,8.340080160320638e-06,5.637274549098194e-07,1.3226452905811632,7.51983305678515e-09,7.51983305678515e-09,7.51983305678515e-10
0.29026052104208117,5.71823647294589e-06,6.074949899799597e-06,9.879759519038128,6.392920877947628e-08,6.392920877947628e-08,6.392920877947627e-09
0.36440881763526617,6.6813627254509e-06,2.7753507014028048e-06,2.1242484969939883,5.361300301621299e-07,5.361300301621299e-07,5.361300301621299e-08
0.3176953907815596,8.001202404809617e-06,5.379358717434868e-06,7.975951903807645,1.33309738754344e-08,1.33309738754344e-08,1.33309738754344e-09
0.12490981963927858,7.94769539078156e-06,4.790781563126251e-06,9.278557114228501,2.7832964362836043e-08,2.7832964362836043e-08,2.7832964362836044e-09
0.21537074148296428,5.993987975951902e-07,7.626653306613224e-06,6.813627254509034,1.2988418221291486e-07,1.2988418221291486e-07,1.2988418221291486e-08
0.37627254509017577,6.172344689378755e-07,3.0963927855711413e-06,0.06012024048096192,7.941261584360872e-09,7.941261584360872e-09,7.941261584360872e-10
0.350320641282561,4.9513026052104195e-06,6.859719438877753e-06,3.6873747494989826,3.710405207968643e-07,3.710405207968643e-07,3.710405207968643e-08
0.3977755511021994,6.44949899799599e-06,5.2010020040080145e-06,0.7615230460921848,4.609050996093876e-08,4.609050996093876e-08,4.609050996093876e-09
0.13973947895791558,1.8478957915831657e-06,6.806212424849697e-06,7.675350701402832,2.8249764222393245e-07,2.8249764222393245e-07,2.8249764222393244e-08
0.28581162324649007,1.5981963927855706e-06,7.1629258517034045e-06,6.893787575150317,9.61112136260284e-09,9.61112136260284e-09,9.61112136260284e-10
0.30360721442885447,7.876352705410819e-06,1.1701402805611219e-06,1.3426853707414839,4.2523068651201236e-07,4.2523068651201236e-07,4.252306865120124e-08
0.20943887775550948,3.845490981963927e-06,3.7563126252504997e-06,0.32064128256513025,2.9832945185415074e-07,2.9832945185415074e-07,2.9832945185415074e-08
0.09080160320641284,3.0072144288577145e-06,8.393587174348695e-06,7.5350701402805855,1.955086758765525e-07,1.955086758765525e-07,1.9550867587655248e-08
0.26060120240480716,1.5446893787575145e-06,5.361523046092183e-06,3.9078156312625074,2.9759529014304438e-09,2.9759529014304438e-09,2.975952901430444e-10
0.34661322645290177,8.714629258517031e-06,5.165330661322644e-06,6.1723446893787655,2.4988022966757975e-07,2.4988022966757975e-07,2.4988022966757976e-08
0.06410821643286574,4.933466933867734e-06,4.630260521042083e-06,7.41482965931866,7.129546974162914e-08,7.129546974162914e-08,7.129546974162915e-09
0.18645290581162213,5.2010020040080145e-06,5.682565130260519e-06,9.078156312625293,1.013725393733874e-09,1.013725393733874e-09,1.013725393733874e-10
0.050020040080160325,1.0631262525050097e-06,3.3995991983967925e-06,7.294589178356735,5.883589132684143e-09,5.883589132684143e-09,5.883589132684143e-10
0.10785571142284571,3.274749498997995e-06,6.592184368737473e-06,4.68937875751502,4.4850868993228114e-08,4.4850868993228114e-08,4.485086899322812e-09
0.2657915831663301,4.523246492985971e-06,7.073747494989978e-06,1.923847695390783,2.031687622803996e-09,2.031687622803996e-09,2.031687622803996e-10
0.2806212424849671,7.6088176352705385e-06,7.109418837675348e-06,0.7414829659318641,3.414792733437888e-08,3.414792733437888e-08,3.414792733437888e-09
0.18348697394789473,4.897795591182363e-06,3.1677354709418827e-06,0.5811623246492988,1.058647507191055e-07,1.058647507191055e-07,1.058647507191055e-08
0.24947895791582939,8.357915831663324e-06,3.7384769539078144e-06,3.2665330661322534,2.0341921457498392e-08,2.0341921457498392e-08,2.034192145749839e-09
0.16272545090180293,7.073747494989978e-06,9.026052104208413e-07,3.707414829659303,1.3699430980645937e-08,1.3699430980645937e-08,1.3699430980645937e-09
0.28136272545089897,7.769338677354707e-06,7.242484969939877e-07,8.176352705410853,7.746739052229019e-07,7.746739052229019e-07,7.746739052229019e-08
0.3933266533066083,8.750300601202402e-06,2.3829659318637268e-06,6.873747494989996,4.127754596654949e-09,4.127754596654949e-09,4.1277545966549487e-10
0.052244488977955916,9.204408817635267e-07,6.5743486973947875e-06,4.949899799599192,1.7017380169599847e-09,1.7017380169599847e-09,1.7017380169599846e-10
0.3814629258516987,5.254509018036071e-06,2.347294589178356e-06,6.072144288577161,1.6786972364300054e-09,1.6786972364300054e-09,1.6786972364300054e-10
0.2850701402805582,3.5957915831663314e-06,1.7765531062124242e-06,3.5070140280560986,2.748996431807624e-07,2.748996431807624e-07,2.7489964318076242e-08
0.19460921843687248,1.5350701402805608e-07,5.129659318637273e-06,8.677354709418875,1.315047838185461e-08,1.315047838185461e-08,1.3150478381854609e-09
0.38220440881763057,1.9370741482965927e-06,7.519639278557112e-06,3.1863727454909716,8.977851816647744e-09,8.977851816647744e-09,8.977851816647745e-10
0.2702404809619212,4.969138276553105e-06,4.737274549098195e-06,7.454909819639302,2.42561108438351e-09,2.42561108438351e-09,2.42561108438351e-10
0.38368737474949427,7.466132264529056e-06,5.504208416833666e-06,3.1262525050100103,6.298599081025288e-09,6.298599081025288e-09,6.298599081025288e-10
0.08709418837675352,6.288977955911822e-06,8.803807615230458e-06,7.474949899799623,2.3025546269942944e-07,2.3025546269942944e-07,2.3025546269942943e-08
0.32881763527053737,4.576753507014027e-06,3.774148296593185e-06,7.334669338677377,4.424360805250021e-08,4.424360805250021e-08,4.424360805250021e-09
0.13899799599198373,4.630260521042083e-06,6.752705410821641e-06,0.26052104208416826,6.7428825311929265e-09,6.7428825311929265e-09,6.742882531192926e-10
0.20573146292585023,1.5625250501001999e-06,7.5553106212424824e-06,4.22845691382764,1.1968350802525248e-07,1.1968350802525248e-07,1.1968350802525248e-08
0.04112224448897796,5.967935871743485e-06,3.381763527054107e-06,5.270541082164326,4.4795648039411505e-09,4.4795648039411505e-09,4.4795648039411507e-10
0.23390781563126053,8.64328657314629e-06,6.288977955911822e-06,1.1422845691382773,1.0012327303261258e-08,1.0012327303261258e-08,1.0012327303261257e-09
0.2939679358717404,4.469739478957915e-06,6.645691382765529e-06,3.5470941883767395,8.501413302226564e-09,8.501413302226564e-09,8.501413302226564e-10
0.17681362725450808,2.0797595190380756e-06,4.648096192384768e-06,6.412825651302616,3.8652920890644547e-07,3.8652920890644547e-07,3.8652920890644546e-08
0.09006012024048098,7.840681362725448e-06,4.915631262525049e-06,9.038076152304651,6.306363555124571e-08,6.306363555124571e-08,6.3063635551245704e-09
0.07893787575150302,1.5090180360721438e-06,4.059519038076151e-06,7.775551102204436,3.6601679615640486e-07,3.6601679615640486e-07,3.6601679615640486e-08
0.22871743486973758,6.485170340681361e-06,1.2949899799599194e-06,3.4068136272544964,6.314137600726554e-07,6.314137600726554e-07,6.314137600726554e-08
0.291002004008013,3.631462925851702e-06,1.2414829659318633e-06,0.6412825651302608,8.18088390725986e-07,8.18088390725986e-07,8.18088390725986e-08
0.11897795591182367,8.67895791583166e-06,6.88577154308617e-07,9.25851703406818,1.5089673629580677e-07,1.5089673629580677e-07,1.5089673629580677e-08
0.24651302605210199,7.733667334669336e-06,2.7218436873747487e-06,2.9659318637274468,4.807369774740264e-07,4.807369774740264e-07,4.807369774740264e-08
0.1182364729458918,6.88577154308617e-07,4.523246492985971e-06,2.745490981963922,1.4683824841262583e-07,1.4683824841262583e-07,1.4683824841262583e-08
0.26653306613226196,3.720641282565129e-06,4.0320641282565117e-07,0.04008016032064128,3.0242414104326064e-07,3.0242414104326064e-07,3.0242414104326064e-08
0.33623246492985587,4.006012024048095e-06,2.0797595190380756e-06,1.7835671342685384,2.1217196003644864e-07,2.1217196003644864e-07,2.1217196003644862e-08
0.04186372745490982,3.774148296593185e-06,3.952505010020039e-06,9.659318637274598,7.04168587178893e-07,7.04168587178893e-07,7.04168587178893e-08
0.13158316633266523,1.223647294589178e-06,5.7895791583166315e-06,3.6472945891783417,2.9796214488211675e-08,2.9796214488211675e-08,2.9796214488211677e-09
0.18126252505009918,3.6849699398797583e-06,1.9905811623246488e-06,5.971943887775557,2.4957257398705637e-08,2.4957257398705637e-08,2.4957257398705637e-09
0.38517034068135797,2.8110220440881755e-06,5.557715430861722e-06,9.67935871743492,1.4060738836691728e-09,1.4060738836691728e-09,1.4060738836691727e-10
0.2687575150300575,2.436472945891783e-06,2.882364729458917e-06,9.23847695390786,8.62872233852661e-08,8.62872233852661e-08,8.62872233852661e-09
0.3755310621242439,4.701603206412824e-06,1.7943887775551096e-06,5.83166332665331,3.601725519452223e-09,3.601725519452223e-09,3.6017255194522227e-10
0.07004008016032065,7.662324649298595e-06,4.398396793587173e-06,2.605210420841679,1.427129901619706e-08,1.427129901619706e-08,1.427129901619706e-09
0.24503006012023829,2.686172344689378e-06,8.661122244488975e-06,9.298597194388822,4.137937685830347e-07,4.137937685830347e-07,4.137937685830347e-08
0.06633266533066133,5.7895791583166315e-06,5.254509018036071e-06,5.250501002004005,1.4467178214288255e-08,1.4467178214288255e-08,1.4467178214288254e-09
0.16050100200400738,4.7551102204408805e-06,3.221242484969939e-06,4.148296593186356,1.0731778610526396e-07,1.0731778610526396e-07,1.0731778610526396e-08
0.24428857715430644,4.772945891783566e-06,8.982164328657311e-06,0.9418837675350707,1.9526796313667323e-08,1.9526796313667323e-08,1.9526796313667325e-09
0.32436873747494627,2.489979959919839e-06,5.664729458917834e-06,8.156312625250532,2.2075671717351928e-08,2.2075671717351928e-08,2.207567171735193e-09
0.30212424849699077,8.928657314629255e-06,7.501803607214426e-06,0.2805611222444889,1.3134287347529223e-09,1.3134287347529223e-09,1.3134287347529222e-10
0.0915430861723447,7.341282565130258e-06,7.127254509018034e-06,0.6212424849699402,1.8721255950171393e-09,1.8721255950171393e-09,1.8721255950171394e-10
0.10340681362725453,4.879959919839678e-06,9.204408817635267e-07,8.957915831663367,7.120768986288187e-09,7.120768986288187e-09,7.120768986288187e-10
0.3784969939879713,5.432865731462924e-06,5.646893787575149e-06,3.286573146292574,2.935659814606253e-09,2.935659814606253e-09,2.9356598146062527e-10
0.21314629258516873,7.787174348697392e-06,7.64448897795591e-06,7.7154308617234735,2.062112233880616e-08,2.062112233880616e-08,2.062112233880616e-09
0.10044088176352707,5.914428857715429e-06,9.917835671342682e-07,8.016032064128286,3.6106109052693964e-07,3.6106109052693964e-07,3.6106109052693964e-08
0.20202404809619098,4.683767535070139e-06,8.571943887775548e-06,0.9819639278557121,1.6828385494021785e-07,1.6828385494021785e-07,1.6828385494021786e-08
0.20424849699398653,3.435270541082163e-06,3.496993987975951e-07,7.094188376753526,1.2299146131663288e-07,1.2299146131663288e-07,1.2299146131663288e-08
0.31991983967935517,8.215230460921841e-06,7.394789579158314e-06,9.118236472945934,1.3887461064785426e-08,1.3887461064785426e-08,1.3887461064785426e-09
0.16420841683366663,7.0202404809619216e-06,5.71823647294589e-06,1.8837675350701417,2.3927693824944086e-09,2.3927693824944086e-09,2.3927693824944087e-10
0.20647294589178208,6.9667334669338655e-06,8.108216432865729e-06,5.3106212424849675,1.2467956754910856e-07,1.2467956754910856e-07,1.2467956754910855e-08
0.1204609218436874,8.134268537074145e-07,3.3639278557114217e-06,1.9038076152304624,8.522386121163921e-07,8.522386121163921e-07,8.522386121163921e-08
0.17014028056112143,3.853707414829658e-07,7.955911823647291e-07,5.37074148296593,1.926241212301467e-08,1.926241212301467e-08,1.926241212301467e-09
0.13529058116232448,7.519639278557112e-06,3.185571142284568e-06,8.99799599198401,6.480666234107003e-08,6.480666234107003e-08,6.480666234107003e-09
0.20276553106212283,2.1689378757515024e-06,5.736072144288575e-06,3.386773547094176,2.5678671278976023e-07,2.5678671278976023e-07,2.5678671278976024e-08
0.2880360721442856,5.700400801603205e-06,7.4126252505009995e-06,8.416833667334704,2.1481928947446513e-08,2.1481928947446513e-08,2.1481928947446514e-09
0.0752304609218437,8.019038076152302e-06,4.380561122244488e-06,3.667334669338662,4.189567902407958e-08,4.189567902407958e-08,4.189567902407958e-09
0.18719438877755398,1.0452905811623243e-06,3.435270541082163e-06,4.629258517034057,3.016799026736061e-09,3.016799026736061e-09,3.016799026736061e-10
0.05076152304609219,5.807414829659317e-06,6.003607214428856e-06,1.042084168336674,1.9770437663365156e-09,1.9770437663365156e-09,1.9770437663365157e-10
0.25170340681362496,2.3116232464929853e-06,7.751503006012021e-06,6.432865731462937,3.812957742754515e-07,3.812957742754515e-07,3.8129577427545146e-08
0.11675350701402808,5.878757515030058e-06,2.204609218436873e-06,6.27254509018037,3.1858672975645063e-09,3.1858672975645063e-09,3.185867297564506e-10
0.35254509018035657,2.783567134268536e-07,6.324649298597192e-06,8.376753507014062,1.368256406897896e-09,1.368256406897896e-09,1.368256406897896e-10
0.05298597194388778,6.8240480961923826e-06,2.1867735470941878e-06,7.655310621242511,1.130532185758527e-09,1.130532185758527e-09,1.130532185758527e-10
0.26505010020039826,6.7705410821643265e-06,4.969138276553105e-06,8.55711422845695,3.557339589219287e-08,3.557339589219287e-08,3.557339589219287e-09
0.3488376753506973,2.9180360721442877e-06,6.94889779559118e-06,8.617234468937912,2.5967060925705295e-09,2.5967060925705295e-09,2.5967060925705297e-10
0.09821643286573148,1.7052104208416828e-06,2.739679358717434e-06,1.9639278557114244,4.6723120357547827e-08,4.6723120357547827e-08,4.6723120357547825e-09
0.03370741482965932,7.955911823647291e-07,6.485170340681361e-06,6.05210420841684,3.193726769350535e-07,3.193726769350535e-07,3.1937267693505346e-08
0.32140280561121887,6.146292585170339e-06,1.3663326653306609e-06,5.551102204408818,6.937792130966801e-08,6.937792130966801e-08,6.937792130966801e-09
0.2746893787575123,8.732464929859716e-06,7.769338677354707e-06,6.152304609218445,3.2819987389205926e-07,3.2819987389205926e-07,3.2819987389205926e-08
0.07226452905811624,1.473346693386773e-06,5.040480961923846e-06,4.9699398797595125,1.0560422717357328e-09,1.0560422717357328e-09,1.0560422717357329e-10
0.26356713426853456,2.7040080160320633e-06,7.929859719438875e-06,2.164328657314629,5.818246112296521e-07,5.818246112296521e-07,5.818246112296521e-08
0.33030060120240107,8.304408817635268e-06,4.451903807615229e-06,5.731462925851706,1.7971072813294882e-09,1.7971072813294882e-09,1.797107281329488e-10
0.07967935871743488,4.344889779559117e-06,8.322244488977953e-06,3.4669338677354578,7.853066095874463e-07,7.853066095874463e-07,7.853066095874463e-08
0.16717434869739403,4.095190380761522e-06,1.1783567134268536e-07,3.56713426853706,1.900160757743772e-08,1.900160757743772e-08,1.900160757743772e-09
0.19683366733466803,1.865731462925851e-06,7.269939879759517e-06,4.569138276553095,3.3685579492687927e-08,3.3685579492687927e-08,3.3685579492687926e-09
0.16346693386773478,4.451903807615229e-06,6.21763527054108e-06,2.7254509018036015,7.632442885946827e-08,7.632442885946827e-08,7.632442885946827e-09
0.38961923847694907,8.554108216432863e-06,6.520841683366731e-06,7.354709418837698,8.293169759978153e-07,8.293169759978153e-07,8.293169759978153e-08
0.15975951903807553,6.707414829659316e-07,4.826452905811622e-06,9.959919839679412,5.001882291743677e-08,5.001882291743677e-08,5.0018822917436775e-09
0.22575150300601018,8.44709418837675e-06,8.928657314629255e-06,5.631262525050102,2.009123741682403e-07,2.009123741682403e-07,2.009123741682403e-08
0.29470941883767227,8.17955911823647e-06,7.822845691382763e-06,1.0821643286573153,1.8744334210124383e-08,1.8744334210124383e-08,1.874433421012438e-09
0.11527054108216435,2.7575150300601194e-06,6.1819639278557095e-06,3.527054108216419,5.971696137465486e-08,5.971696137465486e-08,5.971696137465486e-09
0.12120240480961926,7.091583166332663e-06,2.436472945891783e-06,3.4468937875751373,2.705102800007492e-09,2.705102800007492e-09,2.705102800007492e-10
0.08561122244488979,1.669539078156312e-06,6.271142284569136e-06,8.316633266533099,3.229594580607462e-09,3.229594580607462e-09,3.229594580607462e-10
0.23687374749498794,6.752705410821641e-06,4.344889779559117e-06,6.753507014028071,2.599907130918884e-08,2.599907130918884e-08,2.599907130918884e-09
0.2672745490981938,1.1344689378757512e-06,1.812224448897795e-06,4.729458917835662,5.8039279365519205e-09,5.8039279365519205e-09,5.80392793655192e-10
0.24725450901803384,4.6124248496993976e-06,1.6873747494989974e-06,9.759519038076203,1.16177916144128e-09,1.16177916144128e-09,1.16177916144128e-10
0.23835671342685164,6.520841683366731e-06,7.038076152304607e-06,1.6232464929859731,1.7293508167162532e-07,1.7293508167162532e-07,1.7293508167162532e-08
0.10711422845691385,5.3436873747494974e-06,8.91082164328657e-06,7.995991983967966,2.708437462264347e-08,2.708437462264347e-08,2.708437462264347e-09
0.23761523046091979,6.503006012024046e-06,2.240280561122244e-06,8.136272545090211,5.654788920191865e-08,5.654788920191865e-08,5.654788920191865e-09
0.3873947895791535,2.0619238476953902e-06,8.036873747494987e-06,4.929859719438871,2.3312842510484663e-08,2.3312842510484663e-08,2.3312842510484663e-09
0.2835871743486945,2.347294589178356e-06,4.113026052104207e-06,1.102204408817636,9.480991027759488e-09,9.480991027759488e-09,9.480991027759488e-10
0.3607014028056069,7.3591182364729435e-06,2.2484969939879754e-07,0.42084168336673355,4.7422801129930917e-07,4.7422801129930917e-07,4.742280112993092e-08
0.3310420841683329,3.667134268537073e-06,7.858517034068134e-06,1.6432865731462938,1.923869599902158e-09,1.923869599902158e-09,1.923869599902158e-10
0.17829659318637178,2.1154308617234463e-06,4.933466933867734e-06,6.833667334669355,3.2739220378270947e-09,3.2739220378270947e-09,3.273922037827095e-10
0.3384569138276514,2.3651302605210414e-06,3.1142284569138266e-06,4.048096192384752,1.1014817805862707e-08,1.1014817805862707e-08,1.1014817805862707e-09
0.33919839679358327,8.161723446893785e-06,5.825250501002002e-06,6.452905811623258,5.3546994012820354e-08,5.3546994012820354e-08,5.354699401282036e-09
0.379979959919835,4.023847695390781e-06,3.7028056112224436e-06,7.234468937875772,5.4281947588912047e-08,5.4281947588912047e-08,5.428194758891205e-09
0.39851703406813127,4.041683366733466e-06,5.860921843687373e-06,3.0060120240480876,4.3053640982322566e-08,4.3053640982322566e-08,4.305364098232257e-09
0.14270541082164298,5.611222444889778e-06,8.126052104208414e-06,2.1843687374749496,1.4078071935863491e-08,1.4078071935863491e-08,1.407807193586349e-09
0.3191783567134233,6.984569138276551e-06,1.3484969939879755e-06,2.785571142284563,4.736441358093049e-08,4.736441358093049e-08,4.7364413580930485e-09
0.07671342685370743,1.2949899799599194e-06,4.862124248496993e-06,0.1002004008016032,4.016735349807706e-09,4.016735349807706e-09,4.016735349807706e-10
0.36737474949899357,6.806212424849697e-06,2.2759519038076146e-06,5.290581162324647,2.0929924548397733e-07,2.0929924548397733e-07,2.0929924548397732e-08
0.3340080160320603,3.0250501002004e-06,8.589779559118233e-06,9.539078156312673,1.9794809281433623e-08,1.9794809281433623e-08,1.979480928143362e-09
0.29619238476953597,6.110621242484968e-06,2.151102204408817e-06,4.709418837675341,2.603112115284277e-07,2.603112115284277e-07,2.6031121152842766e-08
0.34216432865731067,2.0262525050100195e-06,8.019038076152302e-06,1.4829659318637285,5.204265041544617e-09,5.204265041544617e-09,5.204265041544616e-10
0.055951903807615236,6.610020040080158e-06,1.1879759519038072e-06,5.1302605210420795,5.076785697990422e-07,5.076785697990422e-07,5.0767856979904215e-08
0.0833867735470942,5.093987975951902e-06,3.577955911823646e-06,8.476953907815666,5.133801593324632e-09,5.133801593324632e-09,5.133801593324632e-10
0.15160320641282518,6.859719438877753e-06,6.235470941883766e-06,6.6733466933867875,1.3870362648114694e-09,1.3870362648114694e-09,1.3870362648114693e-10
0.19016032064128138,7.822845691382763e-06,5.093987975951902e-06,7.695390781563153,1.7771486446751468e-07,1.7771486446751468e-07,1.7771486446751468e-08
0.37034068136272097,1.1879759519038072e-06,1.2593186372745487e-06,9.579158316633315,1.5506739743136567e-07,1.5506739743136567e-07,1.5506739743136568e-08
0.30509018036071817,5.682565130260519e-06,6.146292585170339e-06,2.6853707414829606,1.484873458338282e-09,1.484873458338282e-09,1.484873458338282e-10
0.17162324649298513,8.286573146292582e-06,3.328256513026051e-06,5.1503006012024,4.603376274557647e-09,4.603376274557647e-09,4.603376274557647e-10
0.17977955911823548,4.737274549098195e-06,8.839478957915829e-06,5.070140280561117,1.2781030230359604e-09,1.2781030230359604e-09,1.2781030230359604e-10
0.04557114228456914,8.94649298597194e-06,1.4555110220440877e-06,3.486973947895778,5.008048263732426e-07,5.008048263732426e-07,5.008048263732426e-08
0.19609218436873618,7.055911823647292e-06,2.632665330661322e-06,0.24048096192384763,1.2284003268308182e-08,1.2284003268308182e-08,1.2284003268308182e-09
0.21685370741482798,8.41142284569138e-06,5.076152304609217e-06,9.899799599198449,8.51189325221914e-08,8.51189325221914e-08,8.51189325221914e-09
0.3414228456913788,6.092785571142283e-06,7.537474949899797e-06,3.747494989979944,2.2406255867551502e-07,2.2406255867551502e-07,2.24062558675515e-08
0.2821042084168308,7.127254509018034e-06,5.325851703406812e-06,7.314629258517056,5.146466580597856e-07,5.146466580597856e-07,5.146466580597856e-08
0.2895190380761493,7.64448897795591e-06,5.815631262525048e-07,2.2244488977955905,5.661759749981641e-07,5.661759749981641e-07,5.661759749981641e-08
0.09228456913827657,6.1819639278557095e-06,3.042885771543085e-06,9.979959919839732,1.774960596919644e-08,1.774960596919644e-08,1.774960596919644e-09
0.3147294589178322,2.008416833667334e-06,3.4531062124248485e-06,7.054108216432884,5.739469631776757e-07,5.739469631776757e-07,5.739469631776757e-08
0.06114228456913828,1.6338677354709413e-06,5.5933867735470925e-06,3.026052104208408,6.144313841947233e-07,6.144313841947233e-07,6.144313841947233e-08
0.14492985971943853,4.2200400801603196e-06,7.376953907815629e-06,2.4048096192384745,2.1776776880413386e-08,2.1776776880413386e-08,2.1776776880413386e-09
0.04779559118236473,3.5066132264529046e-06,5.058316633266532e-06,0.4609218436873749,5.070535095608366e-08,5.070535095608366e-08,5.070535095608366e-09
0.17236472945891698,3.6753507014028044e-07,1.5350701402805608e-07,2.384769539078154,1.0149750437690964e-08,1.0149750437690964e-08,1.0149750437690964e-09
0.3087975951903774,3.898997995991983e-06,8.8751503006012e-06,7.254509018036093,2.2102885067347486e-07,2.2102885067347486e-07,2.2102885067347486e-08
0.19757515030059988,5.825250501002002e-06,8.001202404809617e-06,2.244488977955911,2.2713790551435634e-07,2.2713790551435634e-07,2.2713790551435634e-08
0.08931863727454911,1.0987975951903804e-06,2.989378757515029e-06,8.757515030060159,2.5268656144291093e-09,2.5268656144291093e-09,2.526865614429109e-10
0.27987975951903526,7.894188376753504e-06,6.413827655310619e-06,1.1823647294589186,7.326601762816493e-08,7.326601762816493e-08,7.326601762816492e-09
0.36885771543085727,5.629058116232463e-06,1.7230460921843681e-06,0.7214428857715435,6.488655147907282e-07,6.488655147907282e-07,6.488655147907283e-08
0.14789579158316593,2.828857715430861e-06,5.629058116232463e-06,1.8236472945891797,6.946344557723009e-07,6.946344557723009e-07,6.946344557723009e-08
0.20869739478957763,8.84769539078156e-07,8.161723446893785e-06,4.529058116232453,6.136748885492272e-08,6.136748885492272e-08,6.136748885492272e-09
0.34957915831662917,4.92384769539078e-07,2.8110220440881755e-06,6.252505010020049,7.951051018343606e-08,7.951051018343606e-08,7.951051018343606e-09
0.04482965931863728,2.400801603206412e-06,1.6517034068136267e-06,7.63527054108219,1.7059361710832695e-07,1.7059361710832695e-07,1.7059361710832696e-08
0.35995991983967507,6.324649298597192e-06,8.490981963927852e-07,5.410821643286572,1.2972426717473375e-08,1.2972426717473375e-08,1.2972426717473376e-09
0.3265931863727418,3.9703406813627245e-06,6.395991983967934e-06,7.815631262525078,5.348106628054282e-09,5.348106628054282e-09,5.348106628054282e-10
0.12416833667334672,2.4721442885771536e-06,6.467334669338675e-06,3.346693386773535,1.2268879049036874e-09,1.2268879049036874e-09,1.2268879049036875e-10
0.06855711422845692,3.7028056112224436e-06,4.505410821643285e-06,6.913827655310638,3.80826318124112e-08,3.80826318124112e-08,3.80826318124112e-09
0.2954509018036041,8.393587174348695e-06,6.7705410821643265e-06,4.348697394789565,5.964343710098615e-09,5.964343710098615e-09,5.964343710098615e-10
0.23464929859719239,8.661122244488975e-06,4.469739478957915e-06,5.951903807615236,2.0595733353712252e-09,2.0595733353712252e-09,2.0595733353712253e-10
0.11156312625250503,7.483967935871741e-06,3.0072144288577145e-06,7.735470941883794,1.486703906880839e-08,1.486703906880839e-08,1.486703906880839e-09
0.036673346693386774,7.198597194388775e-06,7.341282565130258e-06,6.613226452905825,8.878143978275162e-07,8.878143978275162e-07,8.878143978275161e-08
0.20054108216432728,1.3663326653306609e-06,4.041683366733466e-06,9.138276553106255,1.5296785341462373e-07,1.5296785341462373e-07,1.5296785341462373e-08
0.3236272545090144,5.236673346693385e-06,7.777555110220438e-07,5.771543086172348,1.0443138878979006e-07,1.0443138878979006e-07,1.0443138878979006e-08
0.13677354709418818,9.561122244488975e-07,5.700400801603205e-06,8.496993987975987,1.7530868375796853e-07,1.7530868375796853e-07,1.7530868375796852e-08
0.14418837675350668,8.072545090180358e-06,1.7587174348697389e-06,1.7635270541082178,8.757937833217436e-07,8.757937833217436e-07,8.757937833217436e-08
0.2776553106212397,4.594589178356712e-06,8.286573146292582e-06,6.773547094188392,8.747154950043187e-08,8.747154950043187e-08,8.747154950043187e-09
0.21759519038075983,2.2759519038076146e-06,1.5625250501001999e-06,6.392785571142295,4.41891347659888e-09,4.41891347659888e-09,4.41891347659888e-10
0.14344689378757483,8.91082164328657e-06,8.750300601202402e-06,1.5631262525050111,7.218504344312973e-09,7.218504344312973e-09,7.218504344312973e-10
0.08190380761523047,7.91202404809619e-06,1.4376753507014023e-06,8.036072144288607,3.0657503145370945e-07,3.0657503145370945e-07,3.0657503145370944e-08
0.11378757515030062,7.18076152304609e-06,8.41142284569138e-06,9.158316633266576,1.9025031435343588e-07,1.9025031435343588e-07,1.9025031435343588e-08
0.18274549098196288,8.821643286573143e-06,5.48637274549098e-06,4.188376753506998,5.21068049688654e-08,5.21068049688654e-08,5.2106804968865395e-09
0.25318637274548866,8.108216432865729e-06,1.8300601202404803e-06,6.8537074148296755,1.8262675651130818e-07,1.8262675651130818e-07,1.8262675651130818e-08
0.16494989979959848,3.863326653306612e-06,2.686172344689378e-06,7.1943887775551305,5.811082614529973e-08,5.811082614529973e-08,5.811082614529973e-09
0.14567134268537038,4.745490981963926e-07,8.607615230460919e-06,4.889779559118229,1.0865682041653891e-08,1.0865682041653891e-08,1.086568204165389e-09
0.05891783567134269,3.3104208416833656e-06,2.7575150300601194e-06,7.434869739478981,7.62304572630255e-09,7.62304572630255e-09,7.62304572630255e-10
0.29174348697394487,4.4162324649298586e-06,4.897795591182363e-06,0.8216432865731468,1.897821255928025e-09,1.897821255928025e-09,1.897821255928025e-10
0.08783567134268538,4.327054108216432e-06,4.327054108216432e-06,5.4709418837675345,5.979057628392553e-07,5.979057628392553e-07,5.979057628392553e-08
0.37775551102203947,5.102204408817633e-07,5.111823647294588e-06,1.4228456913827665,1.8467778419967344e-09,1.8467778419967344e-09,1.8467778419967343e-10
0.3102805611222411,2.4186372745490975e-06,8.357915831663324e-06,6.312625250501012,7.436317944893416e-07,7.436317944893416e-07,7.436317944893416e-08
0.2568937875751479,8.982164328657311e-06,1.4020040080160316e-06,6.573146292585183,2.8959122783668986e-09,2.8959122783668986e-09,2.895912278366899e-10
0.3740480961923802,8.839478957915829e-06,1.223647294589178e-06,8.456913827655345,5.509482212992787e-07,5.509482212992787e-07,5.509482212992787e-08
0.08412825651302606,5.815631262525048e-07,6.057114228456912e-06,9.799599198396844,5.434886259186604e-07,5.434886259186604e-07,5.434886259186604e-08
0.09302605210420843,8.803807615230458e-06,5.272344689378756e-06,2.66533066132264,6.659786495145203e-08,6.659786495145203e-08,6.659786495145203e-09
0.22723446893787388,5.575551102204407e-06,4.745490981963926e-07,5.350701402805609,1.263908437042898e-07,1.263908437042898e-07,1.2639084370428982e-08
0.17458917835671253,8.625450901803604e-06,5.771743486973946e-06,0.8016032064128261,1.2437274244658219e-09,1.2437274244658219e-09,1.243727424465822e-10
0.2643086172344664,3.6492985971943875e-06,1.9192384769539073e-06,3.10621242484969,2.863750335923483e-07,2.863750335923483e-07,2.8637503359234827e-08
0.20795591182364578,1.7408817635270535e-06,3.898997995991983e-06,2.9458917835671263,6.061122548499792e-07,6.061122548499792e-07,6.061122548499792e-08
0.10859719438877757,4.665931863727454e-06,6.172344689378755e-07,6.292585170340691,6.046206675883891e-09,6.046206675883891e-09,6.046206675883891e-10
0.10266533066132266,4.3627254509018025e-06,2.596993987975951e-06,5.450901803607214,1.876744091934826e-07,1.876744091934826e-07,1.876744091934826e-08
0.23316633266532868,7.501803607214426e-06,4.2104208416833653e-07,7.935871743487003,6.651586882278562e-09,6.651586882278562e-09,6.651586882278563e-10
0.16939879759518958,5.5398797595190364e-06,4.665931863727454e-06,0.7014028056112228,2.4619347165389657e-08,2.4619347165389657e-08,2.461934716538966e-09
0.26208416833667086,8.126052104208414e-06,3.1498997995991974e-06,2.4448897795591154,6.759517089402859e-07,6.759517089402859e-07,6.759517089402858e-08
0.2984168336673315,4.826452905811622e-06,7.91202404809619e-06,2.2645290581162314,1.4095426402072225e-07,1.4095426402072225e-07,1.4095426402072225e-08
0.07597194388777556,1.812224448897795e-06,6.913226452905809e-06,4.849699398797587,2.268582504692708e-08,2.268582504692708e-08,2.268582504692708e-09
0.10414829659318639,2.5791583166332658e-06,4.4875751503006e-06,1.2424849699398806,8.396645980098318e-08,8.396645980098318e-08,8.396645980098318e-09
0.03148296593186373,7.71583166332665e-06,2.6505010020040072e-06,9.358717434869785,5.898103831028401e-07,5.898103831028401e-07,5.898103831028401e-08
0.3251102204408781,9.917835671342682e-07,1.5981963927855706e-06,8.517034068136308,3.60616547572643e-08,3.60616547572643e-08,3.60616547572643e-09
0.26801603206412566,6.556513026052102e-06,3.934669338677354e-06,8.717434869739517,1.1474619547226363e-08,1.1474619547226363e-08,1.1474619547226362e-09
0.2717234468937849,1.4555110220440877e-06,2.5613226452905804e-06,1.803607214428859,1.0162262342858143e-07,1.0162262342858143e-07,1.0162262342858143e-08
0.08042084168336674,5.165330661322644e-06,7.894188376753504e-06,2.064128256513027,1.0879076497420708e-07,1.0879076497420708e-07,1.0879076497420709e-08
0.14196392785571113,5.468537074148295e-06,3.845490981963927e-06,8.196392785571174,6.561527336095038e-09,6.561527336095038e-09,6.561527336095037e-10
0.14641282565130223,7.109418837675348e-06,7.573146292585168e-06,2.424849699398795,6.472687156357818e-09,6.472687156357818e-09,6.472687156357818e-10
0.12787575150300598,3.417434869739478e-06,7.483967935871741e-06,9.719438877755561,3.803574399730899e-09,3.803574399730899e-09,3.803574399730899e-10
0.29322645290580857,3.952505010020039e-06,7.6088176352705385e-06,9.519038076152352,9.101076367715638e-09,9.101076367715638e-09,9.101076367715638e-10
0.3399398797595151,5.1474949899799584e-06,3.239078156312624e-06,4.509018036072132,1.3166689375358972e-07,1.3166689375358972e-07,1.3166689375358973e-08
0.0730060120240481,7.394789579158314e-06,3.916833667334668e-06,8.216432865731495,8.386307923996184e-09,8.386307923996184e-09,8.386307923996184e-10
0.21981963927855538,7.573146292585168e-06,8.625450901803604e-06,5.490981963927855,4.614732713031418e-07,4.614732713031418e-07,4.614732713031418e-08
0.23168336673346498,1.2058116232464926e-06,5.993987975951902e-07,0.4008016032064129,3.761331980360241e-07,3.761331980360241e-07,3.7613319803602405e-08
0.2539278557114205,2.882364729458917e-06,7.662324649298595e-06,0.4408817635270542,1.4253728013414538e-09,1.4253728013414538e-09,1.4253728013414537e-10
0.10933867735470944,2.6683366733466926e-06,8.250901803607212e-06,0.14028056112224446,2.116498240949215e-09,2.116498240949215e-09,2.116498240949215e-10
0.25911823647294346,2.4543086172344682e-06,8.134268537074145e-07,8.7975951903808,4.801450880630295e-08,4.801450880630295e-08,4.801450880630295e-09
0.23613226452905609,1.5803607214428852e-06,2.097595190380761e-06,9.398797595190427,1.2452606049793987e-08,1.2452606049793987e-08,1.2452606049793987e-09
0.15234468937875703,1.891783567134268e-07,6.199799599198395e-06,2.3046092184368723,2.1508410372723731e-07,2.1508410372723731e-07,2.150841037272373e-08
0.36589178356712987,1.1783567134268536e-07,2.79318637274549e-06,1.743486973947897,2.671766416236551e-08,2.671766416236551e-08,2.671766416236551e-09
0.27543086172344416,7.5553106212424824e-06,1.954909819639278e-06,4.068136272545073,7.138335782929524e-07,7.138335782929524e-07,7.138335782929524e-08
0.3473547094188336,5.325851703406812e-06,3.0250501002004e-06,8.897795591182405,3.962350528689789e-09,3.962350528689789e-09,3.9623505286897886e-10
0.15012024048096148,1.7765531062124242e-06,8.233066132264526e-06,7.895791583166361,1.801540709546939e-07,1.801540709546939e-07,1.801540709546939e-08
0.32585170340680997,3.1402805611222435e-07,1.0987975951903804e-06,6.973947895791601,1.3513946740730766e-08,1.3513946740730766e-08,1.3513946740730766e-09
0.24354709418837459,1.9014028056112218e-06,1.3128256513026048e-06,2.3647294589178336,9.112295540554532e-08,9.112295540554532e-08,9.112295540554532e-09
0.39258517034067647,1.1523046092184365e-06,1.419839679358717e-06,2.4849699398797562,6.1291932431067915e-09,6.1291932431067915e-09,6.129193243106791e-10
0.18867735470941768,2.9002004008016023e-06,3.7919839679358704e-06,2.6252505010019993,4.5522512719483837e-07,4.5522512719483837e-07,4.5522512719483834e-08
0.3592184368737432,5.664729458917834e-06,5.280561122244487e-07,2.985971943887767,3.908702054010087e-09,3.908702054010087e-09,3.908702054010087e-10
0.11971943887775553,8.785971943887772e-06,2.935871743486973e-06,1.1222444889779566,3.1504851206173415e-07,3.1504851206173415e-07,3.1504851206173416e-08
0.3458717434869699,3.4531062124248485e-06,3.0607214428857706e-06,9.01803607214433,2.428601208726615e-08,2.428601208726615e-08,2.428601208726615e-09
0.21462925851703243,8.054709418837673e-06,3.631462925851702e-06,1.983967935871745,4.9341590164967006e-08,4.9341590164967006e-08,4.9341590164967e-09
0.33326653306612847,2.8645290581162316e-06,8.94649298597194e-06,0.3006012024048096,5.1401301862370495e-08,5.1401301862370495e-08,5.14013018623705e-09
0.09895791583166334,7.4126252505009995e-06,4.844288577154307e-06,7.114228456913847,1.7487726499445205e-09,1.7487726499445205e-09,1.7487726499445206e-10
0.10488977955911825,4.309218436873746e-06,2.3651302605210414e-06,8.77755511022048,1.0573440870697752e-08,1.0573440870697752e-08,1.0573440870697751e-09
0.06781563126252506,3.577955911823646e-06,5.183166332665329e-06,6.5130260521042205,2.6684769038326323e-09,2.6684769038326323e-09,2.6684769038326324e-10
0.19905811623246358,8.268737474949897e-06,4.683767535070139e-06,7.014028056112243,8.856295671532333e-09,8.856295671532333e-09,8.856295671532332e-10
0.28432865731462637,7.323446893787573e-06,8.892985971943885e-06,2.284569138276552,1.658009780371523e-08,1.658009780371523e-08,1.658009780371523e-09
0.28284569138276267,5.736072144288575e-06,1.3306613226452901e-06,5.911823647294594,9.352622600128368e-09,9.352622600128368e-09,9.352622600128369e-10
0.2791382765531034,6.235470941883766e-06,5.290180360721441e-06,8.256513026052136,2.0041794704585913e-09,2.0041794704585913e-09,2.0041794704585913e-10
0.3725651302605165,7.2164328657314605e-06,2.5256513026052097e-06,6.693386773547108,8.170811500134591e-08,8.170811500134591e-08,8.170811500134591e-09
0.16791583166332588,2.7753507014028048e-06,6.360320641282563e-06,0.1603206412825651,1.4449366042574293e-09,1.4449366042574293e-09,1.4449366042574294e-10
0.07152304609218438,1.4020040080160316e-06,5.932264529058114e-06,2.104208416833668,5.2821991383277414e-08,5.2821991383277414e-08,5.282199138327742e-09
0.17903807615230363,1.1701402805611219e-06,5.468537074148295e-06,8.877755511022084,1.5052539311989583e-09,1.5052539311989583e-09,1.5052539311989582e-10
0.27394789579158046,3.5601202404809607e-06,4.7551102204408805e-06,9.839679358717486,9.36415186163635e-08,9.36415186163635e-08,9.36415186163635e-09
0.3221442885771507,8.892985971943885e-06,4.71943887775551e-06,0.6813627254509022,1.6114298286213184e-09,1.6114298286213184e-09,1.6114298286213184e-10
0.07374749498997997,3.3639278557114217e-06,7.323446893787573e-06,6.4929859719439,3.327045463846371e-07,3.327045463846371e-07,3.327045463846371e-08
0.13084168336673338,7.252104208416831e-06,2.9537074148296584e-06,5.611222444889781,3.461662108223917e-08,3.461662108223917e-08,3.461662108223917e-09
0.3280761523046055,1.5268537074148291e-06,1.7134268537074145e-07,5.390781563126251,8.060182324168514e-08,8.060182324168514e-08,8.060182324168514e-09
0.24577154308617014,7.68016032064128e-06,2.3116232464929853e-06,5.030060120240475,2.4589035515619297e-09,2.4589035515619297e-09,2.45890355156193e-10
0.11304609218436876,4.434068136272544e-06,7.466132264529056e-06,1.863727454909821,6.843857492227437e-08,6.843857492227437e-08,6.843857492227436e-09
0.38072144288576687,5.771743486973946e-06,1.027454909819639e-06,0.08016032064128256,1.1179765184614156e-07,1.1179765184614156e-07,1.1179765184614156e-08
0.39555110220440387,6.253306613226451e-06,5.236673346693385e-06,1.22244488977956,2.779869606716721e-09,2.779869606716721e-09,2.779869606716721e-10
0.35551102204408397,7.064128256513023e-07,4.388777555110219e-07,0.5210420841683369,5.502698869221155e-08,5.502698869221155e-08,5.502698869221155e-09
0.0996993987975952,6.467334669338675e-06,2.2581162324649292e-06,4.809619238476945,2.856702906198612e-09,2.856702906198612e-09,2.856702906198612e-10
0.21166332665330503,6.342484969939878e-06,5.308016032064127e-06,7.494989979959944,2.4649696181249833e-07,2.4649696181249833e-07,2.4649696181249832e-08
0.15086172344689333,8.429258517034065e-06,7.599198396793584e-07,8.396793587174383,9.492678532921127e-08,9.492678532921127e-08,9.492678532921126e-09
0.31843687374749147,5.860921843687373e-06,6.529058116232462e-07,6.933867735470959,4.194732509814624e-07,4.194732509814624e-07,4.1947325098146236e-08
0.20498997995991838,5.896593186372744e-06,6.350701402805609e-07,4.368737474949886,3.1078289446938733e-07,3.1078289446938733e-07,3.107828944693873e-08
0.15456913827655258,7.599198396793584e-07,6.342484969939878e-06,7.915831663326682,7.960852520058499e-07,7.960852520058499e-07,7.960852520058499e-08
0.22278557114228278,1.3306613226452901e-06,4.9513026052104195e-06,5.851703406813631,1.0852304077309461e-09,1.0852304077309461e-09,1.0852304077309461e-10
0.2583767535070116,2.2224448897795585e-06,1.7052104208416828e-06,4.428857715430849,2.090415536214079e-08,2.090415536214079e-08,2.090415536214079e-09
0.030741482965931863,1.954909819639278e-06,5.611222444889778e-06,3.9679358717434687,1.1488764658722999e-07,1.1488764658722999e-07,1.1488764658722998e-08
0.3770140280561076,3.7384769539078144e-06,1.616032064128256e-06,2.1442885771543088,4.310671451121172e-07,4.310671451121172e-07,4.3106714511211725e-08
0.22797595190380573,2.044088176352705e-06,3.5066132264529046e-06,9.178356713426897,7.538384336617386e-07,7.538384336617386e-07,7.538384336617386e-08
0.22945891783566943,4.505410821643285e-06,4.5671342685370725e-07,3.066132264529049,2.564705537603808e-08,2.564705537603808e-08,2.564705537603808e-09
0.3681162324649254,6.699198396793585e-06,8.669338677354706e-07,0.9218436873747501,2.360372342731852e-09,2.360372342731852e-09,2.3603723427318517e-10
0.04927855711422846,8.500601202404807e-06,3.3104208416833656e-06,7.85571142284572,9.237365384668094e-08,9.237365384668094e-08,9.237365384668094e-09
0.03963927855711423,6.94889779559118e-06,1.080961923847695e-06,2.5450901803607175,2.6750599837221733e-07,2.6750599837221733e-07,2.6750599837221732e-08
0.2524448897795568,6.663527054108214e-06,1.8478957915831657e-06,0.20040080160320636,1.5487647650197776e-08,1.5487647650197776e-08,1.5487647650197776e-09
0.3695991983967891,1.4376753507014023e-06,4.309218436873746e-06,4.248496993987961,8.988919086845583e-08,8.988919086845583e-08,8.988919086845583e-09
0.35847695390781137,7.242484969939877e-07,1.473346693386773e-06,7.595190380761548,2.7456118328375174e-08,2.7456118328375174e-08,2.7456118328375174e-09
0.19238476953907693,8.482765531062121e-06,1.6338677354709413e-06,7.214428857715451,1.1777250378638748e-09,1.1777250378638748e-09,1.1777250378638748e-10
0.23983967935871534,4.130861723446893e-06,3.827655310621242e-06,0.36072144288577157,1.279678579392369e-08,1.279678579392369e-08,1.279678579392369e-09
0.2554108216432842,2.7218436873747487e-06,3.809819639278556e-06,4.208416833667319,1.849054421048186e-08,1.849054421048186e-08,1.849054421048186e-09
0.05446893787575151,3.934669338677354e-06,1.891783567134268e-07,8.837675350701442,1.0705368677149237e-09,1.0705368677149237e-09,1.0705368677149237e-10
0.30064128256512707,3.916833667334668e-06,6.503006012024046e-06,8.236472945891816,3.8557799559633e-09,3.8557799559633e-09,3.8557799559633e-10
0.040380761523046094,3.7563126252504997e-06,1.5268537074148291e-06,3.6272545090180213,1.043028115508908e-08,1.043028115508908e-08,1.043028115508908e-09
0.23020040080160128,6.021442885771541e-06,7.252104208416831e-06,5.791583166332669,6.569615929827964e-08,6.569615929827964e-08,6.5696159298279636e-09
0.18793587174348583,6.003607214428856e-06,7.840681362725448e-06,0.9619238476953914,7.833740412786367e-09,7.833740412786367e-09,7.833740412786367e-10
0.04779559118236473,4.772945891783566e-06,4.6124248496993976e-06,5.450901803607214,1.3716318684666484e-07,1.3716318684666484e-07,1.3716318684666484e-08
0.379979959919835,8.001202404809617e-06,4.469739478957915e-06,3.2264529058116125,7.7276750303474e-09,7.7276750303474e-09,7.727675030347399e-10
0.39703406813626757,1.473346693386773e-06,4.1665330661322635e-06,2.5050100200400767,2.1776776880413386e-08,2.1776776880413386e-08,2.1776776880413386e-09
0.0937675350701403,3.2569138276553096e-06,5.7895791583166315e-06,0.3406813627254509,1.5935333219533204e-07,1.5935333219533204e-07,1.5935333219533206e-08
0.21166332665330503,7.242484969939877e-07,6.074949899799597e-06,5.170340681362721,2.1455480126433085e-09,2.1455480126433085e-09,2.1455480126433086e-10
0.22204408817635093,1.9192384769539073e-06,6.164128256513024e-06,9.218436873747539,6.659786495145203e-08,6.659786495145203e-08,6.659786495145203e-09
0.365150300601198,7.394789579158314e-06,8.84769539078156e-07,8.897795591182405,3.701274237427686e-09,3.701274237427686e-09,3.701274237427686e-10
0.23983967935871534,6.7705410821643265e-06,1.4911823647294584e-06,0.8416833667334674,4.801450880630295e-08,4.801450880630295e-08,4.801450880630295e-09
0.20054108216432728,4.745490981963926e-07,7.769338677354707e-06,1.2424849699398806,1.2284003268308182e-08,1.2284003268308182e-08,1.2284003268308182e-09
0.29915831663326337,7.376953907815629e-06,6.21763527054108e-06,8.937875751503046,2.062112233880616e-08,2.062112233880616e-08,2.062112233880616e-09
0.1100801603206413,1.9727454909819634e-06,3.898997995991983e-06,6.112224448897803,8.988919086845583e-08,8.988919086845583e-08,8.988919086845583e-09
0.23539078156312424,6.663527054108214e-06,1.7408817635270535e-06,9.579158316633315,1.0149750437690964e-08,1.0149750437690964e-08,1.0149750437690964e-09
0.26949899799598936,3.0072144288577145e-06,8.375751503006009e-06,1.2625250501002012,3.372710472808172e-07,3.372710472808172e-07,3.3727104728081717e-08
0.3532865731462884,6.556513026052102e-06,4.92384769539078e-07,2.0040080160320657,5.654788920191865e-08,5.654788920191865e-08,5.654788920191865e-09
0.3043486973947863,1.2414829659318633e-06,3.613627254509017e-06,7.3747494989980185,8.396645980098318e-08,8.396645980098318e-08,8.396645980098318e-09
0.22056112224448723,1.5625250501001999e-06,4.665931863727454e-06,4.188376753506998,9.74303778752864e-09,9.74303778752864e-09,9.74303778752864e-10
0.22278557114228278,4.8086172344689366e-06,3.274749498997995e-06,0.6412825651302608,1.5296785341462373e-07,1.5296785341462373e-07,1.5296785341462373e-08
0.19831663326653173,5.040480961923846e-06,8.215230460921841e-06,7.735470941883794,1.0443138878979006e-07,1.0443138878979006e-07,1.0443138878979006e-08
0.34068136272544697,2.882364729458917e-06,3.042885771543085e-06,6.252505010020049,2.9832945185415074e-07,2.9832945185415074e-07,2.9832945185415074e-08
0.10044088176352707,4.077354709418837e-06,2.0701402805611217e-07,7.915831663326682,3.5135006498083964e-07,3.5135006498083964e-07,3.5135006498083966e-08
0.0752304609218437,3.3104208416833656e-06,5.9501002004008e-06,6.653306613226467,1.8217732863477525e-09,1.8217732863477525e-09,1.8217732863477524e-10
0.2732064128256486,3.381763527054107e-06,3.2569138276553096e-06,3.4068136272544964,7.418017841189869e-09,7.418017841189869e-09,7.418017841189868e-10
0.15012024048096148,6.877555110220439e-06,3.132064128256512e-06,7.515030060120265,1.2781030230359604e-09,1.2781030230359604e-09,1.2781030230359604e-10
0.20647294589178208,8.161723446893785e-06,2.6052104208416826e-07,4.549098196392774,4.9341590164967006e-08,4.9341590164967006e-08,4.9341590164967e-09
0.30657314629258187,8.732464929859716e-06,8.357915831663324e-06,5.050100200400796,3.233575799788066e-08,3.233575799788066e-08,3.233575799788066e-09
0.3547695390781521,5.682565130260519e-06,7.965531062124246e-06,1.983967935871745,2.671766416236551e-08,2.671766416236551e-08,2.671766416236551e-09
0.32436873747494627,1.5446893787575145e-06,7.234268537074146e-06,5.83166332665331,2.3025546269942944e-07,2.3025546269942944e-07,2.3025546269942943e-08
0.20869739478957763,2.935871743486973e-06,2.4186372745490975e-06,6.633266533066146,1.955086758765525e-07,1.955086758765525e-07,1.9550867587655248e-08
0.3666332665330617,6.021442885771541e-06,3.221242484969939e-06,2.0440881763527066,1.5089673629580677e-07,1.5089673629580677e-07,1.5089673629580677e-08
0.38072144288576687,3.827655310621242e-06,1.3484969939879755e-06,0.9218436873747501,1.1632113218458487e-08,1.1632113218458487e-08,1.1632113218458486e-09
0.16939879759518958,2.6505010020040072e-06,8.340080160320638e-06,4.308617234468923,4.4795648039411505e-09,4.4795648039411505e-09,4.4795648039411507e-10
0.22945891783566943,1.4555110220440877e-06,4.4162324649298586e-06,5.751503006012027,5.509482212992787e-07,5.509482212992787e-07,5.509482212992787e-08
0.2717234468937849,7.1629258517034045e-06,6.057114228456912e-06,7.5350701402805855,2.603112115284277e-07,2.603112115284277e-07,2.6031121152842766e-08
0.14344689378757483,1.4376753507014023e-06,2.935871743486973e-06,3.807615230460905,3.710405207968643e-07,3.710405207968643e-07,3.710405207968643e-08
0.27394789579158046,3.078557114228456e-06,8.964328657314626e-06,9.519038076152352,6.136748885492272e-08,6.136748885492272e-08,6.136748885492272e-09
0.28284569138276267,5.504208416833666e-06,3.1677354709418827e-06,2.845691382765524,2.818024411597746e-09,2.818024411597746e-09,2.818024411597746e-10
0.08486973947895793,2.4721442885771536e-06,8.090380761523043e-06,2.9458917835671263,9.237365384668094e-08,9.237365384668094e-08,9.237365384668094e-09
0.3859118236472898,2.7218436873747487e-06,3.52444889779559e-06,0.5611222444889782,1.3513946740730766e-08,1.3513946740730766e-08,1.3513946740730766e-09
0.17384769539078068,6.324649298597192e-06,7.18076152304609e-06,3.0460921843687285,1.4647689280713536e-09,1.4647689280713536e-09,1.4647689280713537e-10
0.35254509018035657,7.2164328657314605e-06,2.151102204408817e-06,2.424849699398795,3.80826318124112e-08,3.80826318124112e-08,3.80826318124112e-09
0.11378757515030062,6.788376753507012e-06,3.6849699398797583e-06,1.863727454909821,5.818246112296521e-07,5.818246112296521e-07,5.818246112296521e-08
0.37330661322644837,2.1689378757515024e-06,2.6505010020040072e-06,3.246492985971933,2.8994821572542393e-08,2.8994821572542393e-08,2.8994821572542394e-09
0.22649298597194203,2.6052104208416826e-07,3.6492985971943875e-06,1.9038076152304624,3.655661516750302e-08,3.655661516750302e-08,3.655661516750302e-09
0.29322645290580857,7.573146292585168e-06,5.076152304609217e-06,2.3246492985971927,9.755048325677944e-08,9.755048325677944e-08,9.755048325677944e-09
0.12490981963927858,1.5803607214428852e-06,1.4376753507014023e-06,0.08016032064128256,2.863750335923483e-07,2.863750335923483e-07,2.8637503359234827e-08
0.06336673346693387,6.984569138276551e-06,3.667134268537073e-06,7.254509018036093,2.1749965038917753e-09,2.1749965038917753e-09,2.1749965038917753e-10
0.053727454909819644,3.3995991983967925e-06,3.7028056112224436e-06,9.779559118236524,5.502698869221155e-08,5.502698869221155e-08,5.502698869221155e-09
0.3873947895791535,1.7052104208416828e-06,3.863326653306612e-06,1.3426853707414839,1.427129901619706e-08,1.427129901619706e-08,1.427129901619706e-09
0.13603206412825633,3.496993987975951e-07,3.328256513026051e-06,5.4709418837675345,5.008048263732426e-07,5.008048263732426e-07,5.008048263732426e-08
0.12268537074148299,7.091583166332663e-06,6.092785571142283e-06,1.0621242484969946,1.0879076497420708e-07,1.0879076497420708e-07,1.0879076497420709e-08
0.08264529058116234,8.482765531062121e-06,4.059519038076151e-06,5.3106212424849675,4.928084017878153e-09,4.928084017878153e-09,4.928084017878153e-10
0.0833867735470942,1.1783567134268536e-07,2.3116232464929853e-06,7.955911823647324,1.2299146131663288e-07,1.2299146131663288e-07,1.2299146131663288e-08
0.16643286573146218,5.896593186372744e-06,1.5268537074148291e-06,0.9418837675350707,2.265789397389933e-09,2.265789397389933e-09,2.265789397389933e-10
0.17977955911823548,3.4887775551102193e-06,2.0262525050100195e-06,7.775551102204436,7.62304572630255e-09,7.62304572630255e-09,7.62304572630255e-10
0.07448897795591183,6.306813627254507e-06,5.736072144288575e-06,6.3326653306613325,1.0705368677149237e-09,1.0705368677149237e-09,1.0705368677149237e-10
0.0648496993987976,5.2188376753507e-06,7.537474949899797e-06,8.036072144288607,2.6684769038326323e-09,2.6684769038326323e-09,2.6684769038326324e-10
0.23613226452905609,3.631462925851702e-06,2.7040080160320633e-06,6.933867735470959,5.204265041544617e-09,5.204265041544617e-09,5.204265041544616e-10
0.3933266533066083,2.5613226452905804e-06,5.504208416833666e-06,3.927855711422828,4.41891347659888e-09,4.41891347659888e-09,4.41891347659888e-10
0.09302605210420843,8.768136272545087e-06,1.6338677354709413e-06,3.346693386773535,1.16177916144128e-09,1.16177916144128e-09,1.16177916144128e-10
0.09228456913827657,2.989378757515029e-06,6.503006012024046e-06,2.4048096192384745,5.348106628054282e-09,5.348106628054282e-09,5.348106628054282e-10
0.2509619238476931,5.914428857715429e-06,8.464929859719436e-06,2.2244488977955905,1.589611781042495e-09,1.589611781042495e-09,1.589611781042495e-10
0.3191783567134233,8.304408817635268e-06,4.113026052104207e-06,5.691382765531064,1.486703906880839e-08,1.486703906880839e-08,1.486703906880839e-09
0.030741482965931863,8.268737474949897e-06,4.4875751503006e-06,9.178356713426897,1.279678579392369e-08,1.279678579392369e-08,1.279678579392369e-09
0.07004008016032065,7.955911823647291e-07,1.5981963927855706e-06,8.316633266533099,1.6559684178836865e-09,1.6559684178836865e-09,1.6559684178836866e-10
0.12416833667334672,7.234268537074146e-06,4.041683366733466e-06,7.975951903807645,1.6154051942251828e-07,1.6154051942251828e-07,1.615405194225183e-08
0.3918436873747446,8.8751503006012e-06,3.1402805611222435e-07,0.9018036072144294,1.9819210943134743e-07,1.9819210943134743e-07,1.9819210943134742e-08
0.10340681362725453,3.185571142284568e-06,3.496993987975951e-07,9.67935871743492,3.277957900808505e-08,3.277957900808505e-08,3.277957900808505e-09
0.21018036072144133,7.787174348697392e-06,4.933466933867734e-06,8.196392785571174,1.9794809281433623e-08,1.9794809281433623e-08,1.979480928143362e-09
0.38961923847694907,3.328256513026051e-06,7.341282565130258e-06,7.314629258517056,6.852294122905783e-07,6.852294122905783e-07,6.852294122905783e-08
0.19905811623246358,4.388777555110219e-07,8.001202404809617e-06,1.4829659318637285,8.51189325221914e-08,8.51189325221914e-08,8.51189325221914e-09
0.32733466933867367,6.8240480961923826e-06,2.4543086172344682e-06,6.973947895791601,3.9135204295678666e-08,3.9135204295678666e-08,3.913520429567867e-09
0.24354709418837459,8.286573146292582e-06,5.102204408817633e-07,8.737474949899838,2.2968882489871535e-09,2.2968882489871535e-09,2.2968882489871535e-10
0.20721442885771393,6.895390781563124e-06,7.955911823647291e-07,8.016032064128286,5.275695628335287e-09,5.275695628335287e-09,5.275695628335287e-10
0.23835671342685164,3.2034068136272535e-06,6.342484969939878e-06,5.971943887775557,2.7832964362836043e-08,2.7832964362836043e-08,2.7832964362836044e-09
0.1204609218436874,1.954909819639278e-06,7.394789579158314e-06,8.537074148296629,5.495923877187651e-09,5.495923877187651e-09,5.495923877187652e-10
0.23242484969939683,2.426853707414829e-07,1.812224448897795e-06,2.985971943887767,9.622969283374623e-08,9.622969283374623e-08,9.622969283374624e-09
0.04334669338677355,2.7575150300601194e-06,7.0202404809619216e-06,6.993987975951922,7.951051018343606e-08,7.951051018343606e-08,7.951051018343606e-09
0.19757515030059988,1.8835671342685364e-06,2.846693386773546e-06,5.9919839679358775,8.878143978275162e-07,8.878143978275162e-07,8.878143978275161e-08
0.19386773547094063,3.863326653306612e-06,5.575551102204407e-06,0.6813627254509022,3.4574000663126143e-09,3.4574000663126143e-09,3.4574000663126144e-10
0.23316633266532868,7.483967935871741e-06,7.626653306613224e-06,3.6873747494989826,2.5615478398997436e-09,2.5615478398997436e-09,2.561547839899744e-10
0.21314629258516873,2.044088176352705e-06,6.6278557114228436e-06,1.7034068136272558,1.315047838185461e-08,1.315047838185461e-08,1.3150478381854609e-09
0.16050100200400738,7.269939879759517e-06,4.077354709418837e-06,5.891783567134273,2.0066500832708303e-08,2.0066500832708303e-08,2.0066500832708304e-09
0.13825651302605188,2.436472945891783e-06,1.3128256513026048e-06,6.893787575150317,4.194732509814624e-07,4.194732509814624e-07,4.1947325098146236e-08
0.2524448897795568,2.846693386773546e-06,2.0619238476953902e-06,0.32064128256513025,4.132843004925062e-08,4.132843004925062e-08,4.1328430049250624e-09
0.0485370741482966,8.312625250500999e-07,5.2188376753507e-06,1.4629258517034078,6.144313841947233e-07,6.144313841947233e-07,6.144313841947233e-08
0.03741482965931864,7.4126252505009995e-06,5.093987975951902e-06,1.6633266533066144,4.4906158019589197e-07,4.4906158019589197e-07,4.4906158019589195e-08
0.3977755511021994,3.7384769539078144e-06,7.127254509018034e-06,4.609218436873737,1.9526796313667323e-08,1.9526796313667323e-08,1.9526796313667325e-09
0.34216432865731067,7.055911823647292e-06,8.072545090180358e-06,4.809619238476945,3.9672350383492564e-08,3.9672350383492564e-08,3.967235038349257e-09
0.33326653306612847,4.844288577154307e-06,8.1438877755511e-06,7.815631262525078,6.751194686974627e-08,6.751194686974627e-08,6.751194686974627e-09
0.07745490981963929,8.393587174348695e-06,2.783567134268536e-07,3.56713426853706,3.962350528689789e-09,3.962350528689789e-09,3.9623505286897886e-10
0.23687374749498794,1.8300601202404803e-06,1.669539078156312e-06,7.655310621242511,3.193726769350535e-07,3.193726769350535e-07,3.1937267693505346e-08
0.28136272545089897,4.434068136272544e-06,8.17955911823647e-06,3.987975951903789,2.2713790551435634e-07,2.2713790551435634e-07,2.2713790551435634e-08
0.35402805611222027,1.3567134268537072e-07,6.039278557114227e-06,5.731462925851706,2.1217196003644864e-07,2.1217196003644864e-07,2.1217196003644862e-08
0.2628256513026027,3.952505010020039e-06,2.5078156312625243e-06,9.47895791583171,6.400801625386414e-07,6.400801625386414e-07,6.400801625386414e-08
0.21537074148296428,7.44829659318637e-06,6.841883767535068e-06,5.010020040080154,1.1938897777188017e-09,1.1938897777188017e-09,1.1938897777188016e-10
0.16791583166332588,4.648096192384768e-06,1.1879759519038072e-06,8.376753507014062,8.522386121163921e-07,8.522386121163921e-07,8.522386121163921e-08
0.08709418837675352,8.803807615230458e-06,4.5589178356713415e-06,0.18036072144288573,8.747154950043187e-08,8.747154950043187e-08,8.747154950043187e-09
0.3962925851703357,4.9513026052104195e-06,5.415030060120239e-06,3.166332665330651,1.1179765184614156e-07,1.1179765184614156e-07,1.1179765184614156e-08
0.3992585170340631,2.9537074148296584e-06,7.662324649298595e-06,9.118236472945934,2.031687622803996e-09,2.031687622803996e-09,2.031687622803996e-10
0.18719438877755398,2.4543086172344682e-06,6.6813627254509e-06,2.0841683366733474,9.352622600128368e-09,9.352622600128368e-09,9.352622600128369e-10
0.07819639278557115,6.110621242484968e-06,7.4126252505009995e-06,4.288577154308602,2.3632820452996925e-08,2.3632820452996925e-08,2.3632820452996925e-09
0.39258517034067647,1.812224448897795e-06,2.5791583166332658e-06,6.412825651302616,2.5299805583020582e-08,2.5299805583020582e-08,2.5299805583020583e-09
0.12565130260521043,9.739478957915829e-07,1.1344689378757512e-06,1.6232464929859731,4.807369774740264e-07,4.807369774740264e-07,4.807369774740264e-08
0.36737474949899357,6.503006012024046e-06,6.5743486973947875e-06,5.250501002004005,2.8959122783668986e-09,2.8959122783668986e-09,2.895912278366899e-10
0.24651302605210199,8.134268537074145e-07,1.1783567134268536e-07,7.074148296593205,1.3699430980645937e-08,1.3699430980645937e-08,1.3699430980645937e-09
0.08931863727454911,2.6683366733466926e-06,1.6517034068136267e-06,6.4929859719439,5.070535095608366e-08,5.070535095608366e-08,5.070535095608366e-09
0.046312625250501005,2.686172344689378e-06,7.983366733466931e-06,5.110220440881759,1.6134162870394823e-08,1.6134162870394823e-08,1.6134162870394823e-09
0.16569138276553033,7.983366733466931e-06,2.2484969939879754e-07,1.6432865731462938,5.421511497255084e-09,5.421511497255084e-09,5.421511497255084e-10
0.06855711422845692,7.002404809619236e-06,5.280561122244487e-07,3.10621242484969,8.639359226229024e-07,8.639359226229024e-07,8.639359226229024e-08
0.21240480961923688,4.862124248496993e-06,6.1819639278557095e-06,1.3026052104208425,8.406996780235735e-07,8.406996780235735e-07,8.406996780235736e-08
0.12639278557114228,5.736072144288575e-06,9.382765531062121e-07,1.3627254509018045,5.146466580597856e-07,5.146466580597856e-07,5.146466580597856e-08
0.39851703406813127,1.1166332665330658e-06,5.5398797595190364e-06,3.7274549098196235,5.661759749981641e-07,5.661759749981641e-07,5.661759749981641e-08
0.07226452905811624,2.3116232464929853e-06,8.036873747494987e-06,4.428857715430849,5.076785697990422e-07,5.076785697990422e-07,5.0767856979904215e-08
0.21388777555110058,5.557715430861722e-06,1.7765531062124242e-06,8.717434869739517,1.4485012343606516e-07,1.4485012343606516e-07,1.4485012343606516e-08
0.07152304609218438,5.637274549098194e-07,9.204408817635267e-07,6.95390781563128,1.3530605792703725e-07,1.3530605792703725e-07,1.3530605792703725e-08
0.320661322645287,3.239078156312624e-06,1.7230460921843681e-06,4.088176352705394,7.33563348699697e-07,7.33563348699697e-07,7.33563348699697e-08
0.3844288577154261,6.6813627254509e-06,2.632665330661322e-06,0.02004008016032064,1.1968350802525248e-07,1.1968350802525248e-07,1.1968350802525248e-08
0.0670741482965932,1.3663326653306609e-06,6.021442885771541e-06,4.769539078156304,1.774960596919644e-08,1.774960596919644e-08,1.774960596919644e-09
0.3710821643286528,1.3484969939879755e-06,3.7919839679358704e-06,5.030060120240475,6.046206675883891e-09,6.046206675883891e-09,6.046206675883891e-10
0.28877755511021747,1.616032064128256e-06,7.840681362725448e-06,8.57715430861727,6.843857492227437e-08,6.843857492227437e-08,6.843857492227436e-09
0.30360721442885447,2.9180360721442877e-06,5.860921843687373e-06,4.028056112224431,1.484873458338282e-09,1.484873458338282e-09,1.484873458338282e-10
0.27691382765530786,2.9715430861723437e-06,8.41142284569138e-06,8.517034068136308,1.0560422717357328e-09,1.0560422717357328e-09,1.0560422717357329e-10
0.39110220440881277,3.5422845691382754e-06,2.9715430861723437e-06,4.388777555110207,2.116498240949215e-09,2.116498240949215e-09,2.116498240949215e-10
0.3013827655310589,5.575551102204407e-06,6.895390781563124e-06,0.5410821643286575,1.570022171220835e-08,1.570022171220835e-08,1.570022171220835e-09
0.20128256513025913,6.859719438877753e-06,4.273547094188376e-06,0.2805611222444889,4.795539273937188e-09,4.795539273937188e-09,4.795539273937188e-10
0.31843687374749147,7.0202404809619216e-06,4.25571142284569e-06,6.553106212424862,6.561527336095038e-09,6.561527336095038e-09,6.561527336095037e-10
0.23168336673346498,3.3460921843687364e-06,4.398396793587173e-06,0.7414829659318641,4.5410485946316596e-09,4.5410485946316596e-09,4.5410485946316594e-10
0.22575150300601018,4.059519038076151e-06,1.0631262525050097e-06,3.1262525050100103,7.632442885946827e-08,7.632442885946827e-08,7.632442885946827e-09
0.12935871743486968,1.1344689378757512e-06,6.663527054108214e-06,4.709418837675341,1.1953615218538506e-08,1.1953615218538506e-08,1.1953615218538506e-09
0.10785571142284571,7.840681362725448e-06,8.696793587174346e-06,5.711422845691385,1.3314560612787938e-09,1.3314560612787938e-09,1.331456061278794e-10
0.23761523046091979,2.204609218436873e-06,1.7943887775551096e-06,8.496993987975987,3.972125569291903e-07,3.972125569291903e-07,3.972125569291903e-08
0.25466933867735236,1.3841683366733462e-06,3.853707414829658e-07,2.384769539078154,1.1777250378638748e-09,1.1777250378638748e-09,1.1777250378638748e-10
0.18422845691382658,8.696793587174346e-06,2.5613226452905804e-06,4.068136272545073,4.6723120357547827e-08,4.6723120357547827e-08,4.6723120357547825e-09
0.17236472945891698,6.806212424849697e-06,8.661122244488975e-06,8.256513026052136,1.7017380169599847e-09,1.7017380169599847e-09,1.7017380169599846e-10
0.11971943887775553,2.828857715430861e-06,4.879959919839678e-06,4.46893787575149,2.398672297366778e-07,2.398672297366778e-07,2.398672297366778e-08
0.3562525050100158,1.7230460921843681e-06,8.928657314629255e-06,9.539078156312673,2.395719021875633e-08,2.395719021875633e-08,2.3957190218756327e-09
0.17903807615230363,5.468537074148295e-06,3.3639278557114217e-06,0.24048096192384763,7.227402813527497e-08,7.227402813527497e-08,7.227402813527497e-09
0.16198396793587108,7.064128256513023e-07,6.128456913827653e-06,3.707414829659303,8.050258526349937e-09,8.050258526349937e-09,8.050258526349936e-10
0.33030060120240107,1.1879759519038072e-06,1.5803607214428852e-06,8.637274549098233,7.853066095874463e-07,7.853066095874463e-07,7.853066095874463e-08
0.3829458917835624,7.430460921843685e-06,3.4531062124248485e-06,9.93987975951909,7.326601762816493e-08,7.326601762816493e-08,7.326601762816492e-09
0.30064128256512707,7.198597194388775e-06,6.94889779559118e-06,5.551102204408818,1.2102763849928474e-09,1.2102763849928474e-09,1.2102763849928473e-10
0.13010020040080153,3.318637274549097e-07,3.2925851703406803e-06,3.066132264529049,7.427162256742467e-08,7.427162256742467e-08,7.427162256742467e-09
0.30212424849699077,8.839478957915829e-06,7.697995991983965e-06,9.298597194388822,1.5915713436917573e-08,1.5915713436917573e-08,1.5915713436917574e-09
0.17310621242484883,3.52444889779559e-06,3.3104208416833656e-06,1.923847695390783,2.7867274902072114e-07,2.7867274902072114e-07,2.7867274902072115e-08
0.11897795591182367,6.146292585170339e-06,4.2104208416833653e-07,7.555110220440906,1.0012327303261258e-08,1.0012327303261258e-08,1.0012327303261257e-09
0.23390781563126053,6.6278557114228436e-06,6.44949899799599e-06,3.0861723446893694,1.6786972364300054e-09,1.6786972364300054e-09,1.6786972364300054e-10
0.11452905811623248,3.613627254509017e-06,6.734869739478956e-06,1.0220440881763533,5.361300301621299e-07,5.361300301621299e-07,5.361300301621299e-08
0.12787575150300598,6.288977955911822e-06,2.596993987975951e-06,2.244488977955911,5.571357596333467e-09,5.571357596333467e-09,5.571357596333467e-10
0.11082164328657317,2.5791583166332658e-06,5.878757515030058e-06,8.757515030060159,4.369837114045193e-07,4.369837114045193e-07,4.3698371140451934e-08
0.18645290581162213,8.554108216432863e-06,3.3995991983967925e-06,8.456913827655345,1.043028115508908e-08,1.043028115508908e-08,1.043028115508908e-09
0.18793587174348583,4.25571142284569e-06,4.023847695390781e-06,1.683366733466935,5.288710665394199e-07,5.288710665394199e-07,5.288710665394199e-08
0.17088176352705328,5.71823647294589e-06,7.305611222444887e-06,6.27254509018037,6.577714494615668e-07,6.577714494615668e-07,6.577714494615669e-08
0.050020040080160325,8.982164328657311e-06,5.361523046092183e-06,0.9819639278557121,2.235111610496698e-09,2.235111610496698e-09,2.235111610496698e-10
0.1019238476953908,2.2759519038076146e-06,7.68016032064128e-06,8.99799599198401,3.189794612797224e-08,3.189794612797224e-08,3.1897946127972242e-09
0.22352705410821463,5.860921843687373e-06,3.809819639278556e-06,6.8537074148296755,4.609050996093876e-08,4.609050996093876e-08,4.609050996093876e-09
0.23464929859719239,6.413827655310619e-06,3.916833667334668e-06,5.631262525050102,1.7771486446751468e-07,1.7771486446751468e-07,1.7771486446751468e-08
0.03148296593186373,7.697995991983965e-06,6.699198396793585e-06,5.430861723446893,9.888940204840871e-08,9.888940204840871e-08,9.88894020484087e-09
0.03222444889779559,4.148697394789578e-06,9.917835671342682e-07,4.989979959919833,7.941261584360872e-09,7.941261584360872e-09,7.941261584360872e-10
0.14789579158316593,8.928657314629255e-06,2.3651302605210414e-06,5.210420841683363,3.8605330928458946e-08,3.8605330928458946e-08,3.860533092845894e-09
0.20795591182364578,4.737274549098195e-06,6.520841683366731e-06,9.979959919839732,6.392920877947628e-08,6.392920877947628e-08,6.392920877947627e-09
0.19238476953907693,1.5090180360721438e-06,4.630260521042083e-06,8.697394789579196,4.940241503950268e-07,4.940241503950268e-07,4.940241503950268e-08
0.05891783567134269,8.126052104208414e-06,1.3841683366733462e-06,1.9438877755511037,3.5048542435182872e-09,3.5048542435182872e-09,3.504854243518287e-10
0.24503006012023829,4.683767535070139e-06,1.5446893787575145e-06,9.879759519038128,7.129546974162914e-08,7.129546974162914e-08,7.129546974162915e-09
0.38517034068135797,4.113026052104207e-06,1.9727454909819634e-06,5.350701402805609,4.137937685830347e-07,4.137937685830347e-07,4.137937685830347e-08
0.0730060120240481,7.590981963927853e-06,3.078557114228456e-06,2.164328657314629,3.509174783632933e-08,3.509174783632933e-08,3.5091747836329334e-09
0.17681362725450808,8.490981963927852e-07,8.803807615230458e-06,0.48096192384769554,1.8513338065076678e-07,1.8513338065076678e-07,1.8513338065076678e-08
0.31991983967935517,7.662324649298595e-06,7.038076152304607e-06,2.4849699398797562,2.1481928947446513e-08,2.1481928947446513e-08,2.1481928947446514e-09
0.2643086172344664,5.753907815631261e-06,5.022645290581161e-06,2.565130260521038,5.5782255778001735e-08,5.5782255778001735e-08,5.578225577800173e-09
0.2954509018036041,1.5268537074148291e-06,6.806212424849697e-06,4.22845691382764,4.2523068651201236e-07,4.2523068651201236e-07,4.252306865120124e-08
0.19535070140280433,5.183166332665329e-06,8.857314629258514e-06,9.058116232464972,3.1078289446938733e-07,3.1078289446938733e-07,3.107828944693873e-08
0.350320641282561,3.720641282565129e-06,6.859719438877753e-06,6.773547094188392,1.7272216182474945e-08,1.7272216182474945e-08,1.7272216182474946e-09
0.09525050100200402,7.858517034068134e-06,1.9014028056112218e-06,6.152304609218445,8.386307923996184e-09,8.386307923996184e-09,8.386307923996184e-10
0.25615230460921606,6.9667334669338655e-06,5.2010020040080145e-06,4.328657314629244,1.635561060835749e-08,1.635561060835749e-08,1.6355610608357492e-09
0.3458717434869699,1.223647294589178e-06,7.430460921843685e-06,8.837675350701442,2.856702906198612e-09,2.856702906198612e-09,2.856702906198612e-10
0.21685370741482798,7.466132264529056e-06,6.485170340681361e-06,6.1723446893787655,3.3685579492687927e-08,3.3685579492687927e-08,3.3685579492687926e-09
0.30509018036071817,7.5553106212424824e-06,3.98817635270541e-06,3.6472945891783417,2.3927693824944086e-09,2.3927693824944086e-09,2.3927693824944087e-10
0.19609218436873618,6.734869739478956e-06,6.88577154308617e-07,0.1603206412825651,1.5719575851639877e-07,1.5719575851639877e-07,1.5719575851639878e-08
0.2776553106212397,7.929859719438875e-06,2.2937875751503e-06,5.330661322645288,9.112295540554532e-08,9.112295540554532e-08,9.112295540554532e-09
0.15975951903807553,5.076152304609217e-06,3.0250501002004e-06,1.1422845691382773,1.2956454902595874e-09,1.2956454902595874e-09,1.2956454902595874e-10
0.3443887775551062,3.9703406813627245e-06,4.790781563126251e-06,2.925851703406806,7.436317944893416e-07,7.436317944893416e-07,7.436317944893416e-08
0.15605210420841628,5.700400801603205e-06,4.862124248496993e-06,9.158316633266576,1.3887461064785426e-08,1.3887461064785426e-08,1.3887461064785426e-09
0.10488977955911825,8.197394789579156e-06,4.745490981963926e-07,8.476953907815666,2.2102885067347486e-07,2.2102885067347486e-07,2.2102885067347486e-08
0.3473547094188336,5.993987975951902e-07,7.091583166332663e-06,3.026052104208408,1.7971072813294882e-09,1.7971072813294882e-09,1.797107281329488e-10
0.36292585170340247,2.2581162324649292e-06,6.931062124248495e-06,6.6733466933867875,1.1806304623032021e-07,1.1806304623032021e-07,1.1806304623032021e-08
0.20573146292585023,6.520841683366731e-06,3.470941883767534e-06,9.759519038076203,6.569615929827964e-08,6.569615929827964e-08,6.5696159298279636e-09
0.08857715430861725,6.707414829659316e-07,4.576753507014027e-06,6.713426853707429,2.8602244505038123e-08,2.8602244505038123e-08,2.860224450503812e-09
0.24799599198396569,7.94769539078156e-06,8.732464929859716e-06,6.472945891783579,2.119107312516031e-08,2.119107312516031e-08,2.119107312516031e-09
0.05521042084168337,6.1819639278557095e-06,5.129659318637273e-06,2.6452905811623197,4.3644569156482074e-08,4.3644569156482074e-08,4.364456915648208e-09
0.3607014028056069,3.5957915831663314e-06,5.1474949899799584e-06,5.1302605210420795,4.424360805250021e-08,4.424360805250021e-08,4.424360805250021e-09
0.10266533066132266,5.236673346693385e-06,1.0452905811623243e-06,8.917835671342726,2.4957257398705637e-08,2.4957257398705637e-08,2.4957257398705637e-09
0.22426853707414648,3.0607214428857706e-06,5.45070140280561e-06,9.498997995992031,4.189567902407958e-08,4.189567902407958e-08,4.189567902407958e-09
0.15456913827655258,3.1402805611222435e-07,5.557715430861722e-06,0.8617234468937881,2.0646542621672013e-07,2.0646542621672013e-07,2.0646542621672012e-08
0.26060120240480716,7.109418837675348e-06,2.828857715430861e-06,1.5230460921843698,1.0024669802763077e-07,1.0024669802763077e-07,1.0024669802763077e-08
0.059659318637274555,5.878757515030058e-06,3.0607214428857706e-06,0.12024048096192383,5.979057628392553e-07,5.979057628392553e-07,5.979057628392553e-08
0.10859719438877757,2.1332665330661317e-06,3.417434869739478e-06,0.20040080160320636,6.651586882278562e-09,6.651586882278562e-09,6.651586882278563e-10
0.30805611222444557,3.1498997995991974e-06,2.489979959919839e-06,0.220440881763527,1.1474619547226363e-08,1.1474619547226363e-08,1.1474619547226362e-09
0.055951903807615236,8.571943887775548e-06,2.6683366733466926e-06,7.1943887775551305,2.1508410372723731e-07,2.1508410372723731e-07,2.150841037272373e-08
0.3518036072144247,6.467334669338675e-06,5.629058116232463e-06,5.871743486973952,2.9392786914869148e-08,2.9392786914869148e-08,2.9392786914869146e-09
0.10933867735470944,1.3128256513026048e-06,8.108216432865729e-06,1.1222444889779566,5.3546994012820354e-08,5.3546994012820354e-08,5.354699401282036e-09
0.21611222444889613,5.932264529058114e-06,8.67895791583166e-06,9.659318637274598,1.0852304077309461e-09,1.0852304077309461e-09,1.0852304077309461e-10
0.3725651302605165,7.599198396793584e-07,1.8300601202404803e-06,0.7014028056112228,6.061122548499792e-07,6.061122548499792e-07,6.061122548499792e-08
0.16124248496993923,7.733667334669336e-06,8.64328657314629e-06,2.2645290581162314,2.9796214488211675e-08,2.9796214488211675e-08,2.9796214488211677e-09
0.3087975951903774,2.0797595190380756e-06,8.500601202404807e-06,2.284569138276552,2.5268656144291093e-09,2.5268656144291093e-09,2.526865614429109e-10
0.2939679358717404,1.9014028056112218e-06,3.5601202404809607e-06,8.857715430861763,1.2437274244658219e-09,1.2437274244658219e-09,1.243727424465822e-10
0.335490981963924,3.221242484969939e-06,3.9703406813627245e-06,6.432865731462937,1.1014817805862707e-08,1.1014817805862707e-08,1.1014817805862707e-09
0.2687575150300575,8.215230460921841e-06,6.71703406813627e-06,8.396793587174383,1.2972426717473375e-08,1.2972426717473375e-08,1.2972426717473376e-09
0.2895190380761493,3.845490981963927e-06,4.237875751503005e-06,4.749498997995983,8.070118355353642e-07,8.070118355353642e-07,8.070118355353642e-08
0.27839679358717156,4.826452905811622e-06,2.0797595190380756e-06,3.607214428857701,1.2607980730642359e-09,1.2607980730642359e-09,1.260798073064236e-10
0.30583166332665,8.17955911823647e-06,1.080961923847695e-06,2.6252505010019993,3.601725519452223e-09,3.601725519452223e-09,3.6017255194522227e-10
0.09895791583166334,3.667134268537073e-06,1.2058116232464926e-06,7.85571142284572,2.5678671278976023e-07,2.5678671278976023e-07,2.5678671278976024e-08
0.20498997995991838,5.815631262525048e-07,1.2414829659318633e-06,8.416833667334704,1.1166000517155131e-08,1.1166000517155131e-08,1.116600051715513e-09
0.26208416833667086,2.7040080160320633e-06,4.148697394789578e-06,9.69939879759524,1.1028396105808775e-07,1.1028396105808775e-07,1.1028396105808775e-08
0.06929859719438879,4.041683366733466e-06,1.7134268537074145e-07,2.9058116232464855,2.821498275749693e-08,2.821498275749693e-08,2.8214982757496933e-09
0.24206412825651089,9.204408817635267e-07,8.312625250500999e-07,1.0821643286573153,8.618098547094042e-09,8.618098547094042e-09,8.618098547094042e-10
0.09673346693386775,5.254509018036071e-06,3.881162324649298e-06,5.59118236472946,1.100125622369029e-09,1.100125622369029e-09,1.1001256223690291e-10
0.03963927855711423,3.577955911823646e-06,3.5066132264529046e-06,8.11623246492989,2.2075671717351928e-08,2.2075671717351928e-08,2.207567171735193e-09
0.19979959919839543,6.538677354709417e-06,5.9857715430861705e-06,4.849699398797587,6.83543124883483e-09,6.83543124883483e-09,6.83543124883483e-10
0.17533066132264438,7.145090180360719e-06,8.982164328657311e-06,9.559118236472994,1.2623522970840267e-08,1.2623522970840267e-08,1.2623522970840266e-09
0.13529058116232448,6.21763527054108e-06,3.185571142284568e-06,4.509018036072132,1.9286157482593101e-07,1.9286157482593101e-07,1.9286157482593103e-08
0.37627254509017577,8.661122244488975e-06,7.805010020040078e-06,0.38076152304609223,4.5466464829466696e-08,4.5466464829466696e-08,4.54664648294667e-09
0.08190380761523047,3.1142284569138266e-06,6.172344689378755e-07,6.232464929859728,3.557339589219287e-08,3.557339589219287e-08,3.557339589219287e-09
0.10711422845691385,8.714629258517031e-06,4.2200400801603196e-06,1.102204408817636,1.5277951747022715e-08,1.5277951747022715e-08,1.5277951747022716e-09
0.17458917835671253,2.347294589178356e-06,3.845490981963927e-06,1.6032064128256525,7.138335782929524e-07,7.138335782929524e-07,7.138335782929524e-08
0.3102805611222411,1.6517034068136267e-06,1.3567134268537072e-07,1.8236472945891797,2.9030564368395553e-07,2.9030564368395553e-07,2.9030564368395553e-08
0.2539278557114205,3.6753507014028044e-07,4.388777555110219e-07,8.176352705410853,4.184409653730859e-09,4.184409653730859e-09,4.1844096537308587e-10
0.29174348697394487,9.917835671342682e-07,6.350701402805609e-07,6.032064128256519,6.480666234107003e-08,6.480666234107003e-08,6.480666234107003e-09
0.291002004008013,1.1523046092184365e-06,1.2949899799599194e-06,2.4448897795591154,2.334158095843551e-07,2.334158095843551e-07,2.334158095843551e-08
0.28432865731462637,8.41142284569138e-06,8.589779559118233e-06,9.038076152304651,2.0595733353712252e-09,2.0595733353712252e-09,2.0595733353712253e-10
0.2924849699398767,2.3651302605210414e-06,7.3591182364729435e-06,8.09619238476957,1.130532185758527e-09,1.130532185758527e-09,1.130532185758527e-10
0.3265931863727418,4.1665330661322635e-06,6.360320641282563e-06,0.36072144288577157,3.6601679615640486e-07,3.6601679615640486e-07,3.6601679615640486e-08
0.13677354709418818,8.857314629258514e-06,6.271142284569136e-06,6.452905811623258,5.8039279365519205e-09,5.8039279365519205e-09,5.80392793655192e-10
0.3221442885771507,6.645691382765529e-06,5.815631262525048e-07,4.048096192384752,6.385049833384195e-09,6.385049833384195e-09,6.385049833384194e-10
0.22723446893787388,4.4875751503006e-06,4.095190380761522e-06,7.615230460921869,4.8673526844608326e-08,4.8673526844608326e-08,4.867352684460833e-09
0.3903607214428809,1.1701402805611219e-06,7.91202404809619e-06,7.695390781563153,1.368256406897896e-09,1.368256406897896e-09,1.368256406897896e-10
0.34513026052103807,8.036873747494987e-06,5.272344689378756e-06,9.639278557114277,1.2988418221291486e-07,1.2988418221291486e-07,1.2988418221291486e-08
0.2835871743486945,9.382765531062121e-07,1.954909819639278e-06,7.034068136272563,6.488655147907282e-07,6.488655147907282e-07,6.488655147907283e-08
0.12120240480961926,7.323446893787573e-06,1.419839679358717e-06,9.378757515030106,1.5680891401836577e-09,1.5680891401836577e-09,1.5680891401836577e-10
0.31547094188376407,6.699198396793585e-06,8.019038076152302e-06,2.3046092184368723,7.04168587178893e-07,7.04168587178893e-07,7.04168587178893e-08
0.32585170340680997,5.664729458917834e-06,7.252104208416831e-06,0.5210420841683369,3.75207568365345e-09,3.75207568365345e-09,3.75207568365345e-10
0.3577354709418795,7.965531062124246e-06,4.0320641282565117e-07,3.787575150300585,1.211768329395621e-08,1.211768329395621e-08,1.211768329395621e-09
0.26505010020039826,1.5350701402805608e-07,4.451903807615229e-06,2.785571142284563,4.0718666240085985e-09,4.0718666240085985e-09,4.0718666240085986e-10
0.12713426853707413,7.822845691382763e-06,4.8086172344689366e-06,2.1242484969939883,1.3904580559192867e-07,1.3904580559192867e-07,1.3904580559192867e-08
0.09821643286573148,7.341282565130258e-06,7.269939879759517e-06,3.9078156312625074,6.472687156357818e-09,6.472687156357818e-09,6.472687156357818e-10
0.19683366733466803,8.054709418837673e-06,6.324649298597192e-06,0.8216432865731468,1.4885366118728222e-07,1.4885366118728222e-07,1.4885366118728223e-08
0.08412825651302606,5.290180360721441e-06,1.616032064128256e-06,8.657314629258554,1.680766617421741e-08,1.680766617421741e-08,1.680766617421741e-09
0.16272545090180293,4.665931863727454e-06,8.250901803607212e-06,7.675350701402832,2.4649696181249833e-07,2.4649696181249833e-07,2.4649696181249832e-08
0.34809619238476547,4.92384769539078e-07,5.993987975951902e-07,3.4468937875751373,1.900160757743772e-08,1.900160757743772e-08,1.900160757743772e-09
0.04482965931863728,6.128456913827653e-06,5.771743486973946e-06,4.168336673346677,9.61112136260284e-09,9.61112136260284e-09,9.61112136260284e-10
0.34364729458917437,2.9002004008016023e-06,1.0096192384769536e-06,5.531062124248497,1.4683824841262583e-07,1.4683824841262583e-07,1.4683824841262583e-08
0.20202404809619098,8.464929859719436e-06,4.130861723446893e-06,4.669338677354699,1.0301743394740822e-07,1.0301743394740822e-07,1.0301743394740822e-08
0.32140280561121887,7.501803607214426e-06,8.134268537074145e-07,2.8056112224448833,1.8721255950171393e-09,1.8721255950171393e-09,1.8721255950171394e-10
0.3592184368737432,3.3639278557114217e-06,8.304408817635268e-06,3.847695390781546,1.7250950412746673e-09,1.7250950412746673e-09,1.7250950412746673e-10
0.24132264529057904,3.5601202404809607e-06,5.896593186372744e-06,2.66533066132264,1.2268879049036874e-09,1.2268879049036874e-09,1.2268879049036875e-10
0.08635270541082166,4.879959919839678e-06,7.109418837675348e-06,6.793587174348713,3.016799026736061e-09,3.016799026736061e-09,3.016799026736061e-10
0.08783567134268538,6.88577154308617e-07,3.6753507014028044e-07,9.418837675350748,2.268582504692708e-08,2.268582504692708e-08,2.268582504692708e-09
0.394809619238472,1.7134268537074145e-07,4.772945891783566e-06,9.799599198396844,4.127754596654949e-09,4.127754596654949e-09,4.1277545966549487e-10
0.0996993987975952,2.097595190380761e-06,6.110621242484968e-06,5.851703406813631,1.2467956754910856e-07,1.2467956754910856e-07,1.2467956754910855e-08
0.25911823647294346,8.536272545090177e-06,6.984569138276551e-06,1.7635270541082178,3.7567009811346054e-08,3.7567009811346054e-08,3.756700981134605e-09
0.2821042084168308,2.2937875751503e-06,5.111823647294588e-06,0.3006012024048096,7.833740412786367e-09,7.833740412786367e-09,7.833740412786367e-10
0.24428857715430644,6.199799599198395e-06,8.8751503006012e-06,9.719438877755561,1.801540709546939e-07,1.801540709546939e-07,1.801540709546939e-08
0.15679358717434813,5.165330661322644e-06,6.199799599198395e-06,1.4428857715430872,5.64782667297539e-09,5.64782667297539e-09,5.64782667297539e-10
0.19090180360721323,2.240280561122244e-06,1.1166332665330658e-06,5.791583166332669,4.7422801129930917e-07,4.7422801129930917e-07,4.742280112993092e-08
0.06262525050100201,2.543486973947895e-06,6.752705410821641e-06,8.7975951903808,4.5522512719483837e-07,4.5522512719483837e-07,4.5522512719483834e-08
0.34661322645290177,4.6124248496993976e-06,3.577955911823646e-06,1.5631262525050111,3.318857906850288e-09,3.318857906850288e-09,3.318857906850288e-10
0.19016032064128138,8.090380761523043e-06,4.826452905811622e-06,4.128256513026035,9.36415186163635e-08,9.36415186163635e-08,9.36415186163635e-09
0.13232464929859708,6.931062124248495e-06,3.4887775551102193e-06,6.613226452905825,2.4619347165389657e-08,2.4619347165389657e-08,2.461934716538966e-09
0.14048096192384743,5.129659318637273e-06,4.3627254509018025e-06,5.911823647294594,2.0929924548397733e-07,2.0929924548397733e-07,2.0929924548397732e-08
0.2746893787575123,2.2224448897795585e-06,5.308016032064127e-06,9.398797595190427,7.737201169707775e-08,7.737201169707775e-08,7.737201169707775e-09
0.31250501002003667,4.2104208416833653e-07,2.1332665330661317e-06,5.390781563126251,1.8467778419967344e-09,1.8467778419967344e-09,1.8467778419967343e-10
0.13306613226452893,2.2484969939879754e-07,9.026052104208413e-07,4.4488977955911695,5.001882291743677e-08,5.001882291743677e-08,5.0018822917436775e-09
0.05150300601202405,4.4162324649298586e-06,2.9180360721442877e-06,8.597194388777591,3.812957742754515e-07,3.812957742754515e-07,3.8129577427545146e-08
0.2865531062124219,5.2010020040080145e-06,7.858517034068134e-06,6.873747494989996,7.51983305678515e-09,7.51983305678515e-09,7.51983305678515e-10
0.3621843687374706,1.0987975951903804e-06,2.8110220440881755e-06,3.7675350701402643,5.06429218904657e-09,5.06429218904657e-09,5.06429218904657e-10
0.3162124248496959,2.151102204408817e-06,3.1498997995991974e-06,1.162324649298598,1.213262112963507e-07,1.213262112963507e-07,1.213262112963507e-08
0.2657915831663301,9.561122244488975e-07,2.2759519038076146e-06,1.8436873747495004,1.263908437042898e-07,1.263908437042898e-07,1.2639084370428982e-08
0.08561122244488979,5.843086172344688e-06,7.876352705410819e-06,2.20440881763527,2.360372342731852e-09,2.360372342731852e-09,2.3603723427318517e-10
0.32288577154308257,5.522044088176351e-06,3.827655310621242e-06,0.6212424849699402,4.241842323772165e-09,4.241842323772165e-09,4.2418423237721653e-10
0.08116232464929861,8.375751503006009e-06,8.322244488977953e-06,4.869739478957908,1.3347407371207452e-07,1.3347407371207452e-07,1.3347407371207452e-08
0.1182364729458918,5.308016032064127e-06,7.466132264529056e-06,1.5831663326653318,1.3497308199592072e-09,1.3497308199592072e-09,1.3497308199592072e-10
0.2984168336673315,2.0262525050100195e-06,2.347294589178356e-06,1.5430861723446905,1.0865682041653891e-08,1.0865682041653891e-08,1.086568204165389e-09
0.3147294589178322,5.280561122244487e-07,7.055911823647292e-06,3.3066132264528942,1.897821255928025e-09,1.897821255928025e-09,1.897821255928025e-10
0.21833667334669168,5.058316633266532e-06,3.5422845691382754e-06,6.392785571142295,6.053660018211272e-08,6.053660018211272e-08,6.053660018211272e-09
0.3695991983967891,6.271142284569136e-06,5.458917835671341e-07,6.913827655310638,3.5529597479904375e-09,3.5529597479904375e-09,3.5529597479904377e-10
0.3784969939879713,4.006012024048095e-06,7.2164328657314605e-06,7.63527054108219,1.1152252796927704e-09,1.1152252796927704e-09,1.1152252796927704e-10
0.31695390781562777,1.7765531062124242e-06,5.325851703406812e-06,9.278557114228501,1.923869599902158e-09,1.923869599902158e-09,1.923869599902158e-10
0.22871743486973758,8.250901803607212e-06,7.064128256513023e-07,7.214428857715451,3.461662108223917e-08,3.461662108223917e-08,3.461662108223917e-09
0.3251102204408781,4.0320641282565117e-07,5.0048096192384755e-06,9.45891783567139,1.703835801020611e-08,1.703835801020611e-08,1.703835801020611e-09
0.11156312625250503,2.008416833667334e-06,5.290180360721441e-06,4.929859719438871,3.6106109052693964e-07,3.6106109052693964e-07,3.6106109052693964e-08
0.07374749498997997,3.132064128256512e-06,5.637274549098194e-07,7.8757515030060405,1.0289059758748863e-08,1.0289059758748863e-08,1.0289059758748863e-09
0.37182364729458467,3.4531062124248485e-06,7.733667334669336e-06,7.755511022044115,5.971696137465486e-08,5.971696137465486e-08,5.971696137465486e-09
0.2791382765531034,6.003607214428856e-06,4.9513026052104195e-06,2.024048096192386,7.120768986288187e-09,7.120768986288187e-09,7.120768986288187e-10
0.03444889779559118,5.825250501002002e-06,5.967935871743485e-06,8.617234468937912,2.0041794704585913e-09,2.0041794704585913e-09,2.0041794704585913e-10
0.276172344689376,6.5743486973947875e-06,7.929859719438875e-06,9.318637274549143,8.867213095783761e-08,8.867213095783761e-08,8.86721309578376e-09
0.13084168336673338,2.79318637274549e-06,7.822845691382763e-06,3.3266533066132147,1.0718565509769945e-08,1.0718565509769945e-08,1.0718565509769944e-09
0.08042084168336674,5.379358717434868e-06,8.750300601202402e-06,5.611222444889781,7.236312252154854e-07,7.236312252154854e-07,7.236312252154854e-08
0.37478957915831207,7.777555110220438e-07,1.4020040080160316e-06,6.593186372745504,1.4467178214288255e-08,1.4467178214288255e-08,1.4467178214288254e-09
0.03593186372745491,2.1154308617234463e-06,9.739478957915829e-07,3.486973947895778,2.0366997560970777e-07,2.0366997560970777e-07,2.036699756097078e-08
0.35995991983967507,7.626653306613224e-06,1.473346693386773e-06,1.0020040080160326,2.2997196927874e-08,2.2997196927874e-08,2.2997196927874e-09
0.33919839679358327,2.596993987975951e-06,5.664729458917834e-06,7.795591182364757,1.4449366042574293e-09,1.4449366042574293e-09,1.4449366042574294e-10
0.14196392785571113,1.9905811623246488e-06,5.682565130260519e-06,0.7214428857715435,1.5052539311989583e-09,1.5052539311989583e-09,1.5052539311989582e-10
0.19460921843687248,5.361523046092183e-06,6.235470941883766e-06,5.671342685370743,3.8557799559633e-09,3.8557799559633e-09,3.8557799559633e-10
0.04112224448897796,5.415030060120239e-06,2.2224448897795585e-06,0.5811623246492988,2.428601208726615e-08,2.428601208726615e-08,2.428601208726615e-09
0.13380761523046078,8.750300601202402e-06,3.381763527054107e-06,7.134268537074168,6.21331883363945e-09,6.21331883363945e-09,6.21331883363945e-10
0.05817635270541083,1.6873747494989974e-06,8.286573146292582e-06,3.5871743486973804,7.538384336617386e-07,7.538384336617386e-07,7.538384336617386e-08
0.37923847695390317,7.64448897795591e-06,8.91082164328657e-06,2.8256513026052037,5.898103831028401e-07,5.898103831028401e-07,5.898103831028401e-08
0.09450901803607216,7.305611222444887e-06,2.882364729458917e-06,2.1442885771543088,6.314137600726554e-07,6.314137600726554e-07,6.314137600726554e-08
0.06559118236472947,7.537474949899797e-06,7.894188376753504e-06,5.230460921843684,7.641851629754752e-07,7.641851629754752e-07,7.641851629754752e-08
0.04408817635270541,5.9857715430861705e-06,6.9667334669338655e-06,2.5450901803607175,5.964343710098615e-09,5.964343710098615e-09,5.964343710098615e-10
0.04927855711422846,8.67895791583166e-06,7.002404809619236e-06,4.90981963927855,3.2819987389205926e-07,3.2819987389205926e-07,3.2819987389205926e-08
0.3176953907815596,7.073747494989978e-06,7.198597194388775e-06,4.9699398797595125,1.4060738836691728e-09,1.4060738836691728e-09,1.4060738836691727e-10
0.2554108216432842,8.072545090180358e-06,5.254509018036071e-06,0.04008016032064128,1.950275467653451e-09,1.950275467653451e-09,1.950275467653451e-10
0.2969338677354678,8.669338677354706e-07,4.291382765531061e-06,9.358717434869785,1.4253728013414538e-09,1.4253728013414538e-09,1.4253728013414537e-10
0.13751503006012003,5.325851703406812e-06,7.787174348697392e-06,6.012024048096198,3.705836910425482e-08,3.705836910425482e-08,3.705836910425482e-09
0.14567134268537038,2.400801603206412e-06,3.5957915831663314e-06,4.148296593186356,1.6114298286213184e-09,1.6114298286213184e-09,1.6114298286213184e-10
0.14492985971943853,6.485170340681361e-06,3.3460921843687364e-06,4.408817635270528,2.2378669003612392e-08,2.2378669003612392e-08,2.2378669003612394e-09
0.21462925851703243,7.894188376753504e-06,8.669338677354706e-07,3.386773547094176,2.009123741682403e-07,2.009123741682403e-07,2.009123741682403e-08
0.18348697394789473,5.771743486973946e-06,6.788376753507012e-06,8.677354709418875,1.013725393733874e-09,1.013725393733874e-09,1.013725393733874e-10
0.36440881763526617,5.967935871743485e-06,7.242484969939877e-07,2.9659318637274468,1.5487647650197776e-08,1.5487647650197776e-08,1.5487647650197776e-09
0.3117635270541048,5.458917835671341e-07,2.426853707414829e-07,4.2685370741482815,2.3661953347461245e-07,2.3661953347461245e-07,2.3661953347461245e-08
0.35847695390781137,6.3781563126252485e-06,1.9905811623246488e-06,1.042084168336674,5.2821991383277414e-08,5.2821991383277414e-08,5.282199138327742e-09
0.27246492985971676,7.038076152304607e-06,2.3294589178356707e-06,9.078156312625293,1.131925827068576e-08,1.131925827068576e-08,1.131925827068576e-09
0.14122244488977928,6.395991983967934e-06,8.161723446893785e-06,5.771543086172348,4.873352817722915e-07,4.873352817722915e-07,4.8733528177229144e-08
0.1123046092184369,4.790781563126251e-06,1.2593186372745487e-06,3.286573146292574,2.42561108438351e-09,2.42561108438351e-09,2.42561108438351e-10
0.2598597194388753,1.669539078156312e-06,2.2581162324649292e-06,6.072144288577161,3.0619757242039986e-08,3.0619757242039986e-08,3.061975724203999e-09
0.26356713426853456,1.027454909819639e-06,8.054709418837673e-06,1.9639278557114244,1.4095426402072225e-07,1.4095426402072225e-07,1.4095426402072225e-08
0.03370741482965932,8.233066132264526e-06,6.556513026052102e-06,7.575150300601227,1.7293508167162532e-07,1.7293508167162532e-07,1.7293508167162532e-08
0.07967935871743488,2.0701402805611217e-07,2.5256513026052097e-06,4.569138276553095,4.0819118386577954e-07,4.0819118386577954e-07,4.081911838657796e-08
0.29026052104208117,4.469739478957915e-06,8.785971943887772e-06,5.270541082164326,8.977851816647744e-09,8.977851816647744e-09,8.977851816647745e-10
0.35106212424849287,3.881162324649298e-06,5.71823647294589e-06,2.464929859719436,2.8249764222393245e-07,2.8249764222393245e-07,2.8249764222393244e-08
0.31102204408817297,1.5981963927855706e-06,8.393587174348695e-06,0.7815631262525055,2.638840853999983e-07,2.638840853999983e-07,2.6388408539999828e-08
0.37775551102203947,1.3306613226452901e-06,1.9370741482965927e-06,7.054108216432884,2.564705537603808e-08,2.564705537603808e-08,2.564705537603808e-09
0.14418837675350668,7.18076152304609e-06,8.571943887775548e-06,6.833667334669355,1.3870362648114694e-09,1.3870362648114694e-09,1.3870362648114693e-10
0.23909819639278349,4.309218436873746e-06,7.145090180360719e-06,4.00801603206411,7.218504344312973e-09,7.218504344312973e-09,7.218504344312973e-10
0.05446893787575151,2.5256513026052097e-06,4.701603206412824e-06,7.454909819639302,4.300063279822961e-09,4.300063279822961e-09,4.300063279822961e-10
0.3399398797595151,8.607615230460919e-06,2.204609218436873e-06,0.5010020040080162,2.711776235260503e-07,2.711776235260503e-07,2.711776235260503e-08
0.07893787575150302,5.629058116232463e-06,5.468537074148295e-06,0.4008016032064129,7.033016059608114e-08,7.033016059608114e-08,7.033016059608114e-09
0.09747494989979961,6.074949899799597e-06,1.7052104208416828e-06,3.1863727454909716,3.3644105383686107e-09,3.3644105383686107e-09,3.364410538368611e-10
0.19164328657314508,6.057114228456912e-06,3.631462925851702e-06,0.6012024048096195,4.0266445566908413e-07,4.0266445566908413e-07,4.0266445566908416e-08
0.25170340681362496,5.611222444889778e-06,2.739679358717434e-06,6.292585170340691,3.0657503145370945e-07,3.0657503145370945e-07,3.0657503145370944e-08
0.07671342685370743,6.529058116232462e-07,1.7587174348697389e-06,6.753507014028071,4.0768861374799504e-08,4.0768861374799504e-08,4.0768861374799506e-09
0.21907815631262353,7.420841683366731e-07,6.431663326653305e-06,8.436873747495024,1.1488764658722999e-07,1.1488764658722999e-07,1.1488764658722998e-08
0.24280561122244274,6.431663326653305e-06,7.420841683366731e-07,0.9619238476953914,8.293169759978153e-07,8.293169759978153e-07,8.293169759978153e-08
0.32881763527053737,5.807414829659317e-06,1.9192384769539073e-06,1.8837675350701417,8.856295671532333e-09,8.856295671532333e-09,8.856295671532332e-10
0.38368737474949427,5.48637274549098e-06,1.223647294589178e-06,5.190380761523042,5.217103860754809e-07,5.217103860754809e-07,5.217103860754809e-08
0.038897795591182366,8.518436873747492e-06,5.914428857715429e-06,2.1843687374749496,1.5259141340741356e-09,1.5259141340741356e-09,1.5259141340741356e-10
0.15308617234468888,4.915631262525049e-06,5.5933867735470925e-06,7.474949899799623,7.746739052229019e-07,7.746739052229019e-07,7.746739052229019e-08
0.16717434869739403,7.127254509018034e-06,3.435270541082163e-06,2.8657314629258446,2.779869606716721e-09,2.779869606716721e-09,2.779869606716721e-10
0.3814629258516987,4.2200400801603196e-06,4.184368737474949e-06,7.895791583166361,4.016735349807706e-09,4.016735349807706e-09,4.016735349807706e-10
0.29619238476953597,8.108216432865729e-06,4.523246492985971e-06,0.7615230460921848,2.4315950190866847e-07,2.4315950190866847e-07,2.4315950190866846e-08
0.15382765531062073,5.432865731462924e-06,7.519639278557112e-06,2.104208416833668,5.4281947588912047e-08,5.4281947588912047e-08,5.428194758891205e-09
0.10118236472945893,1.7408817635270535e-06,1.3663326653306609e-06,9.839679358717486,2.533099342060789e-07,2.533099342060789e-07,2.533099342060789e-08
0.28729458917835377,1.8478957915831657e-06,2.1154308617234463e-06,4.7895791583166245,1.6375772665556762e-07,1.6375772665556762e-07,1.637577266555676e-08
0.06040080160320642,8.964328657314626e-06,1.1701402805611219e-06,5.1503006012024,1.0276391739009046e-09,1.0276391739009046e-09,1.0276391739009046e-10
0.15086172344689333,2.4186372745490975e-06,8.892985971943885e-06,8.817635270541121,1.8262675651130818e-07,1.8262675651130818e-07,1.8262675651130818e-08
0.38665330661322167,4.5671342685370725e-07,9.561122244488975e-07,5.571142284569139,1.876744091934826e-07,1.876744091934826e-07,1.876744091934826e-08
0.06781563126252506,8.500601202404807e-06,5.753907815631261e-06,4.829659318637266,8.16075149428359e-09,8.16075149428359e-09,8.160751494283589e-10
0.3310420841683329,4.5589178356713415e-06,5.040480961923846e-06,1.4028056112224458,3.908702054010087e-09,3.908702054010087e-09,3.908702054010087e-10
0.0915430861723447,2.5078156312625243e-06,7.323446893787573e-06,4.208416833667319,4.2470713714433197e-08,4.2470713714433197e-08,4.247071371443319e-09
0.10637274549098198,8.64328657314629e-06,5.825250501002002e-06,5.410821643286572,9.876764817326548e-09,9.876764817326548e-09,9.876764817326548e-10
0.29767535070139967,8.94649298597194e-06,4.844288577154307e-06,5.090180360721438,1.1333211863625294e-07,1.1333211863625294e-07,1.1333211863625294e-08
0.11304609218436876,3.6849699398797583e-06,6.3781563126252485e-06,3.5070140280560986,2.9759529014304438e-09,2.9759529014304438e-09,2.975952901430444e-10
0.18571142284569028,8.340080160320638e-06,5.165330661322644e-06,3.8276553106212257,4.995723911377175e-09,4.995723911377175e-09,4.995723911377175e-10
0.2568937875751479,3.0250501002004e-06,6.395991983967934e-06,1.743486973947897,5.7324031246034634e-08,5.7324031246034634e-08,5.732403124603463e-09
0.040380761523046094,3.042885771543085e-06,2.4721442885771536e-06,4.949899799599192,1.7059361710832695e-07,1.7059361710832695e-07,1.7059361710832696e-08
0.2583767535070116,3.470941883767534e-06,2.008416833667334e-06,4.529058116232453,1.6828385494021785e-07,1.6828385494021785e-07,1.6828385494021786e-08
0.15531062124248443,3.417434869739478e-06,3.720641282565129e-06,4.1082164328657145,1.9770437663365156e-09,1.9770437663365156e-09,1.9770437663365157e-10
0.18867735470941768,2.8110220440881755e-06,4.7551102204408805e-06,3.887775551102187,5.739469631776757e-07,5.739469631776757e-07,5.739469631776757e-08
0.3295591182364692,4.291382765531061e-06,7.073747494989978e-06,2.745490981963922,6.759517089402859e-07,6.759517089402859e-07,6.759517089402858e-08
0.33474949899799217,4.344889779559117e-06,7.1629258517034045e-06,7.17434869739481,3.1858672975645063e-09,3.1858672975645063e-09,3.185867297564506e-10
0.15234468937875703,2.1867735470941878e-06,7.573146292585168e-06,5.070140280561117,2.3284139445672174e-09,2.3284139445672174e-09,2.3284139445672174e-10
0.18941883767534953,7.751503006012021e-06,8.482765531062121e-06,8.77755511022048,1.1646452477179841e-07,1.1646452477179841e-07,1.1646452477179841e-08
0.20424849699398653,2.96192384769539e-07,8.233066132264526e-06,1.3226452905811632,5.72534531780267e-09,5.72534531780267e-09,5.72534531780267e-10
0.3681162324649254,2.7753507014028048e-06,8.197394789579156e-06,9.01803607214433,5.811082614529973e-08,5.811082614529973e-08,5.811082614529973e-09
0.09599198396793589,1.891783567134268e-07,7.94769539078156e-06,9.23847695390786,2.6355918799622602e-08,2.6355918799622602e-08,2.6355918799622604e-09
0.0566933867735471,6.253306613226451e-06,6.253306613226451e-06,3.8677354709418665,2.942902029466844e-07,2.942902029466844e-07,2.9429020294668437e-08
0.27987975951903526,2.8645290581162316e-06,8.536272545090177e-06,9.138276553106255,3.651160620328057e-09,3.651160620328057e-09,3.6511606203280566e-10
0.2672745490981938,7.876352705410819e-06,3.774148296593185e-06,0.6613226452905815,1.7509284150236116e-08,1.7509284150236116e-08,1.7509284150236116e-09
0.14863727454909778,3.934669338677354e-06,2.436472945891783e-06,2.7254509018036015,4.603376274557647e-09,4.603376274557647e-09,4.603376274557647e-10
0.36885771543085727,1.419839679358717e-06,6.8240480961923826e-06,6.192384769539086,4.3053640982322566e-08,4.3053640982322566e-08,4.305364098232257e-09
0.20276553106212283,5.3436873747494974e-06,3.7563126252504997e-06,7.434869739478981,8.757937833217436e-07,8.757937833217436e-07,8.757937833217436e-08
0.23094188376753313,8.357915831663324e-06,5.700400801603205e-06,0.8817635270541088,9.492678532921127e-08,9.492678532921127e-08,9.492678532921126e-09
0.18274549098196288,5.022645290581161e-06,7.6088176352705385e-06,6.693386773547108,5.883589132684143e-09,5.883589132684143e-09,5.883589132684143e-10
0.3073146292585137,3.435270541082163e-06,8.768136272545087e-06,1.22244488977956,6.667996215923298e-07,6.667996215923298e-07,6.667996215923299e-08
0.15753507014027998,8.821643286573143e-06,3.239078156312624e-06,8.276553106212457,3.322949163640174e-08,3.322949163640174e-08,3.322949163640174e-09
0.11527054108216435,3.5066132264529046e-06,2.686172344689378e-06,4.629258517034057,4.359083341419118e-09,4.359083341419118e-09,4.359083341419118e-10
0.25022044088176126,5.5933867735470925e-06,7.501803607214426e-06,7.595190380761548,5.133801593324632e-09,5.133801593324632e-09,5.133801593324632e-10
0.35699398797594767,4.71943887775551e-06,5.48637274549098e-06,9.25851703406818,1.058647507191055e-07,1.058647507191055e-07,1.058647507191055e-08
0.032965931863727455,5.5398797595190364e-06,8.625450901803604e-06,9.438877755511069,1.5468579063683909e-09,1.5468579063683909e-09,1.546857906368391e-10
0.30953907815630927,5.9501002004008e-06,1.277154308617234e-06,6.05210420841684,1.4078071935863491e-08,1.4078071935863491e-08,1.407807193586349e-09
0.05076152304609219,4.095190380761522e-06,5.379358717434868e-06,8.296593186372778,1.5506739743136567e-07,1.5506739743136567e-07,1.5506739743136568e-08
0.24873747494989754,2.3294589178356707e-06,2.7575150300601194e-06,0.06012024048096192,2.5967060925705295e-09,2.5967060925705295e-09,2.5967060925705297e-10
0.20943887775550948,6.092785571142283e-06,7.64448897795591e-06,9.819639278557165,7.024356921809074e-09,7.024356921809074e-09,7.024356921809073e-10
0.38220440881763057,7.71583166332665e-06,1.8478957915831657e-06,4.589178356713416,1.0162262342858143e-07,1.0162262342858143e-07,1.0162262342858143e-08
0.07078156312625251,4.933466933867734e-06,8.518436873747492e-06,3.9679358717434687,6.306363555124571e-08,6.306363555124571e-08,6.3063635551245704e-09
0.16346693386773478,4.398396793587173e-06,8.821643286573143e-06,7.494989979959944,1.658009780371523e-08,1.658009780371523e-08,1.658009780371523e-09
0.12194388777555112,4.576753507014027e-06,1.5350701402805608e-07,6.092184368737482,1.2452606049793987e-08,1.2452606049793987e-08,1.2452606049793987e-09
0.3236272545090144,8.589779559118233e-06,8.554108216432863e-06,4.248496993987961,2.705102800007492e-09,2.705102800007492e-09,2.705102800007492e-10
0.17607214428857623,7.805010020040078e-06,1.6873747494989974e-06,3.426853707414817,7.843397302160229e-08,7.843397302160229e-08,7.843397302160229e-09
0.31398797595190037,3.7563126252504997e-06,1.891783567134268e-07,0.14028056112224446,3.0205179263841425e-08,3.0205179263841425e-08,3.0205179263841424e-09
0.11749498997995994,3.809819639278556e-06,4.897795591182363e-06,2.7655310621242424,1.0573440870697752e-08,1.0573440870697752e-08,1.0573440870697751e-09
0.18126252505009918,6.610020040080158e-06,2.7218436873747487e-06,6.372745490981974,1.926241212301467e-08,1.926241212301467e-08,1.926241212301467e-09
0.14715430861723408,4.451903807615229e-06,8.126052104208414e-06,1.2024048096192392,6.937792130966801e-08,6.937792130966801e-08,6.937792130966801e-09
0.22797595190380573,6.592184368737473e-06,6.913226452905809e-06,7.7154308617234735,1.8240190415251577e-08,1.8240190415251577e-08,1.8240190415251576e-09
0.261342685370739,4.897795591182363e-06,2.097595190380761e-06,6.73346693386775,2.1803621773679206e-07,2.1803621773679206e-07,2.1803621773679205e-08
0.21981963927855538,2.489979959919839e-06,7.71583166332665e-06,3.4669338677354578,1.7487726499445205e-09,1.7487726499445205e-09,1.7487726499445206e-10
0.2850701402805582,5.7895791583166315e-06,2.8645290581162316e-06,9.739478957915882,1.7530868375796853e-07,1.7530868375796853e-07,1.7530868375796852e-08
0.04557114228456914,1.0452905811623243e-06,5.3971943887775535e-06,7.234468937875772,9.101076367715638e-09,9.101076367715638e-09,9.101076367715638e-10
0.3280761523046055,1.2058116232464926e-06,7.44829659318637e-06,1.4228456913827665,4.678071736494384e-07,4.678071736494384e-07,4.678071736494384e-08
0.15901803607214368,6.94889779559118e-06,6.146292585170339e-06,3.0060120240480876,8.18088390725986e-07,8.18088390725986e-07,8.18088390725986e-08
0.25318637274548866,8.625450901803604e-06,8.839478957915829e-06,8.877755511022084,6.946344557723009e-07,6.946344557723009e-07,6.946344557723009e-08
0.36589178356712987,3.898997995991983e-06,8.607615230460919e-06,2.5851703406813584,1.1460491851368872e-09,1.1460491851368872e-09,1.1460491851368872e-10
0.06633266533066133,1.2949899799599194e-06,4.327054108216432e-06,1.2825651302605219,7.529102983041647e-08,7.529102983041647e-08,7.529102983041647e-09
0.28581162324649007,6.913226452905809e-06,7.590981963927853e-06,7.995991983967966,4.4298148489883806e-07,4.4298148489883806e-07,4.4298148489883806e-08
0.24947895791582939,8.1438877755511e-06,2.9537074148296584e-06,9.599198396793636,3.60616547572643e-08,3.60616547572643e-08,3.60616547572643e-09
0.33771543086171957,2.0619238476953902e-06,6.288977955911822e-06,9.959919839679412,5.8908420114344844e-08,5.8908420114344844e-08,5.8908420114344846e-09
0.12342685370741485,6.360320641282563e-06,5.236673346693385e-06,1.5030060120240492,1.0731778610526396e-07,1.0731778610526396e-07,1.0731778610526396e-08
0.07597194388777556,2.739679358717434e-06,6.003607214428856e-06,8.236472945891816,8.282959105099229e-08,8.282959105099229e-08,8.282959105099228e-09
0.09080160320641284,4.7551102204408805e-06,3.952505010020039e-06,4.649298597194378,2.0341921457498392e-08,2.0341921457498392e-08,2.034192145749839e-09
0.3325250501001966,3.7919839679358704e-06,5.432865731462924e-06,7.394789579158339,3.4105883976901252e-09,3.4105883976901252e-09,3.410588397690125e-10
0.16420841683366663,6.235470941883766e-06,4.309218436873746e-06,9.899799599198449,3.5617248296112495e-07,3.5617248296112495e-07,3.5617248296112495e-08
0.17829659318637178,7.769338677354707e-06,8.44709418837675e-06,7.41482965931866,6.9292502340659346e-09,6.9292502340659346e-09,6.929250234065935e-10
0.27098196392785306,4.380561122244488e-06,4.344889779559117e-06,0.26052104208416826,9.225992224264617e-09,9.225992224264617e-09,9.225992224264617e-10
0.23020040080160128,5.111823647294588e-06,8.268737474949897e-06,7.294589178356735,3.9183447448833113e-07,3.9183447448833113e-07,3.918344744883311e-08
0.26801603206412566,8.44709418837675e-06,4.71943887775551e-06,5.931863727454915,3.4190022519978403e-07,3.4190022519978403e-07,3.41900225199784e-08
0.13973947895791558,2.6148296593186365e-06,8.490981963927852e-07,2.525050100200397,2.632346906102217e-09,2.632346906102217e-09,2.632346906102217e-10
0.33623246492985587,3.916833667334668e-06,4.98697394789579e-06,6.132264529058124,4.730609791941458e-09,4.730609791941458e-09,4.730609791941458e-10
0.21092184368737318,7.3591182364729435e-06,1.3306613226452901e-06,4.488977955911811,2.2048491872774957e-09,2.2048491872774957e-09,2.2048491872774958e-10
0.11601202404809621,4.202204408817634e-06,1.1523046092184365e-06,5.290581162324647,1.2812560779848808e-07,1.2812560779848808e-07,1.2812560779848808e-08
0.39555110220440387,7.287775551102202e-06,3.0963927855711413e-06,5.6513026052104225,3.2739220378270947e-09,3.2739220378270947e-09,3.273922037827095e-10
0.3770140280561076,4.541082164328656e-06,2.400801603206412e-06,8.076152304609248,2.742231401028208e-09,2.742231401028208e-09,2.7422314010282076e-10
0.18496993987975843,2.783567134268536e-07,2.79318637274549e-06,1.1823647294589186,1.660053659308799e-07,1.660053659308799e-07,1.660053659308799e-08
0.24725450901803384,6.841883767535068e-06,7.777555110220438e-07,2.344689378757513,6.298599081025288e-09,6.298599081025288e-09,6.298599081025288e-10
0.06114228456913828,5.102204408817633e-07,3.2034068136272535e-06,8.33667334669342,2.4988022966757975e-07,2.4988022966757975e-07,2.4988022966757976e-08
0.057434869739478964,6.342484969939878e-06,4.541082164328656e-06,3.3667334669338556,3.0242414104326064e-07,3.0242414104326064e-07,3.0242414104326064e-08
0.20350701402805468,4.98697394789579e-06,6.7705410821643265e-06,5.81162324649299,3.4659294040835226e-07,3.4659294040835226e-07,3.465929404083523e-08
0.036673346693386774,6.71703406813627e-06,2.7753507014028048e-06,3.747494989979944,3.229594580607462e-09,3.229594580607462e-09,3.229594580607462e-10
0.19312625250500878,4.701603206412824e-06,3.0072144288577145e-06,6.533066132264541,1.7727752431160446e-09,1.7727752431160446e-09,1.7727752431160447e-10
0.3740480961923802,5.45070140280561e-06,4.202204408817634e-06,4.729458917835662,1.428889167928755e-07,1.428889167928755e-07,1.428889167928755e-08
0.36144288577153877,4.237875751503005e-06,2.1867735470941878e-06,6.573146292585183,7.31758115860837e-09,7.31758115860837e-09,7.31758115860837e-10
0.3132464929859685,5.3971943887775535e-06,6.538677354709417e-06,6.312625250501012,3.05820578119399e-09,3.05820578119399e-09,3.0582057811939897e-10
0.17162324649298513,1.7943887775551096e-06,2.044088176352705e-06,4.368737474949886,9.480991027759488e-09,9.480991027759488e-09,9.480991027759488e-10
0.35551102204408397,8.892985971943885e-06,7.376953907815629e-06,8.55711422845695,6.228646968652479e-07,6.228646968652479e-07,6.22864696865248e-08
0.17755511022043993,3.853707414829658e-07,8.429258517034065e-06,8.156312625250532,4.4850868993228114e-08,4.4850868993228114e-08,4.485086899322812e-09
0.22130260521041908,4.130861723446893e-06,3.318637274549097e-07,7.334669338677377,5.1401301862370495e-08,5.1401301862370495e-08,5.14013018623705e-09
0.2806212424849671,3.1677354709418827e-06,7.599198396793584e-07,8.957915831663367,1.4665745931497528e-08,1.4665745931497528e-08,1.4665745931497528e-09
0.15827655310621183,4.505410821643285e-06,5.611222444889778e-06,2.605210420841679,3.803574399730899e-09,3.803574399730899e-09,3.803574399730899e-10
0.10563126252505012,3.274749498997995e-06,5.183166332665329e-06,3.5470941883767395,2.7456118328375174e-08,2.7456118328375174e-08,2.7456118328375174e-09
0.06410821643286574,3.2925851703406803e-06,3.7384769539078144e-06,8.977955911823688,5.21068049688654e-08,5.21068049688654e-08,5.2106804968865395e-09
0.37034068136272097,3.6492985971943875e-06,5.646893787575149e-06,0.42084168336673355,1.9025031435343588e-07,1.9025031435343588e-07,1.9025031435343588e-08
0.18200400801603103,4.3627254509018025e-06,5.843086172344688e-06,8.35671342685374,6.220978180191584e-08,6.220978180191584e-08,6.220978180191584e-09
0.16865731462925773,4.969138276553105e-06,2.3829659318637268e-06,6.212424849699407,2.2406255867551502e-07,2.2406255867551502e-07,2.24062558675515e-08
0.22501002004007833,4.273547094188376e-06,1.0987975951903804e-06,8.056112224448928,4.614732713031418e-07,4.614732713031418e-07,4.614732713031418e-08
0.3384569138276514,1.0631262525050097e-06,4.737274549098195e-06,5.511022044088176,1.0417439261790504e-09,1.0417439261790504e-09,1.0417439261790504e-10
0.05298597194388778,8.91082164328657e-06,6.877555110220439e-06,9.198396793587218,3.1001808596600962e-09,3.1001808596600962e-09,3.100180859660096e-10
0.14641282565130223,2.3829659318637268e-06,4.969138276553105e-06,6.5130260521042205,2.0878417903229896e-09,2.0878417903229896e-09,2.0878417903229896e-10
0.14270541082164298,5.272344689378756e-06,2.6148296593186365e-06,1.7234468937875764,3.8652920890644547e-07,3.8652920890644547e-07,3.8652920890644546e-08
0.2702404809619212,1.9370741482965927e-06,7.483967935871741e-06,1.7835671342685384,1.8744334210124383e-08,1.8744334210124383e-08,1.874433421012438e-09
0.24577154308617014,8.019038076152302e-06,7.5553106212424824e-06,7.935871743487003,1.33309738754344e-08,1.33309738754344e-08,1.33309738754344e-09
0.24058116232464719,1.2593186372745487e-06,7.287775551102202e-06,0.4609218436873749,2.748996431807624e-07,2.748996431807624e-07,2.7489964318076242e-08
0.13899799599198373,9.026052104208413e-07,2.96192384769539e-07,3.1462925851703307,4.0216869012854324e-08,4.0216869012854324e-08,4.021686901285433e-09
0.09006012024048098,8.785971943887772e-06,8.714629258517031e-06,5.37074148296593,3.14660620372563e-08,3.14660620372563e-08,3.14660620372563e-09
0.035190380761523046,1.080961923847695e-06,5.3436873747494974e-06,4.68937875751502,1.7993226299744833e-08,1.7993226299744833e-08,1.7993226299744834e-09
0.3755310621242439,7.519639278557112e-06,4.594589178356712e-06,3.206412825651292,1.5071095033684714e-08,1.5071095033684714e-08,1.5071095033684714e-09
0.2998997995991952,8.429258517034065e-06,4.648096192384768e-06,9.859719438877807,1.1791768552338905e-08,1.1791768552338905e-08,1.1791768552338905e-09
0.27543086172344416,1.865731462925851e-06,5.807414829659317e-06,1.803607214428859,2.4589035515619297e-09,2.4589035515619297e-09,2.45890355156193e-10
0.06188376753507015,6.164128256513024e-06,6.645691382765529e-06,3.667334669338662,8.62872233852661e-08,8.62872233852661e-08,8.62872233852661e-09
0.3636673346693343,3.774148296593185e-06,8.94649298597194e-06,7.114228456913847,1.3134287347529223e-09,1.3134287347529223e-09,1.3134287347529222e-10
0.16494989979959848,6.039278557114227e-06,5.522044088176351e-06,8.136272545090211,7.960852520058499e-07,7.960852520058499e-07,7.960852520058499e-08
0.0381563126252505,7.91202404809619e-06,7.751503006012021e-06,2.705410821643281,6.1291932431067915e-09,6.1291932431067915e-09,6.129193243106791e-10
0.3888777555110172,8.84769539078156e-07,1.8835671342685364e-06,5.490981963927855,4.736441358093049e-08,4.736441358093049e-08,4.7364413580930485e-09
0.29470941883767227,3.98817635270541e-06,5.932264529058114e-06,9.098196392785614,5.434886259186604e-07,5.434886259186604e-07,5.434886259186604e-08
0.3369739478957877,4.023847695390781e-06,2.1689378757515024e-06,6.813627254509034,3.414792733437888e-08,3.414792733437888e-08,3.414792733437888e-09
0.15160320641282518,4.523246492985971e-06,4.505410821643285e-06,3.9478957915831483,8.170811500134591e-08,8.170811500134591e-08,8.170811500134591e-09
0.38813627254508537,1.7587174348697389e-06,1.4555110220440877e-06,0.4408817635270542,1.849054421048186e-08,1.849054421048186e-08,1.849054421048186e-09
0.39406813627254017,1.0096192384769536e-06,2.9002004008016023e-06,3.6272545090180213,3.761331980360241e-07,3.761331980360241e-07,3.7613319803602405e-08
0.14937875751502963,3.0963927855711413e-06,1.5625250501001999e-06,7.154308617234489,2.599907130918884e-08,2.599907130918884e-08,2.599907130918884e-09
0.3429058116232425,6.752705410821641e-06,6.467334669338675e-06,7.835671342685399,8.501413302226564e-09,8.501413302226564e-09,8.501413302226564e-10
0.17014028056112143,4.327054108216432e-06,4.380561122244488e-06,3.527054108216419,4.666559426431139e-09,4.666559426431139e-09,4.666559426431139e-10
0.18052104208416733,4.184368737474949e-06,3.1142284569138266e-06,7.094188376753526,5.585102025635905e-07,5.585102025635905e-07,5.585102025635905e-08
0.11675350701402808,8.322244488977953e-06,6.707414829659316e-07,2.885771543086165,3.1040025466222826e-08,3.1040025466222826e-08,3.1040025466222824e-09
0.3414228456913788,4.594589178356712e-06,4.434068136272544e-06,0.1002004008016032,3.1504851206173415e-07,3.1504851206173415e-07,3.1504851206173416e-08
0.26653306613226196,1.4020040080160316e-06,6.592184368737473e-06,9.619238476953957,4.310671451121172e-07,4.310671451121172e-07,4.3106714511211725e-08
0.12861723446893783,5.1474949899799584e-06,6.610020040080158e-06,1.3827655310621252,2.935659814606253e-09,2.935659814606253e-09,2.9356598146062527e-10
0.33178356713426477,7.252104208416831e-06,5.058316633266532e-06,4.348697394789565,8.736385342890261e-09,8.736385342890261e-09,8.736385342890261e-10
0.3488376753506973,5.093987975951902e-06,2.543486973947895e-06,9.91983967935877,2.4926529709607457e-09,2.4926529709607457e-09,2.4926529709607457e-10
0.25763527054107976,1.6338677354709413e-06,3.934669338677354e-06,7.274549098196414,6.7428825311929265e-09,6.7428825311929265e-09,6.742882531192926e-10
0.042605210420841685,7.68016032064128e-06,4.5671342685370725e-07,8.216432865731495,8.272761021706957e-09,8.272761021706957e-09,8.272761021706957e-10
0.04705410821643287,6.172344689378755e-07,1.027454909819639e-06,5.951903807615236,2.090415536214079e-08,2.090415536214079e-08,2.090415536214079e-09
0.21759519038075983,7.6088176352705385e-06,6.529058116232462e-07,7.354709418837698,2.6750599837221733e-07,2.6750599837221733e-07,2.6750599837221732e-08
0.3340080160320603,1.4911823647294584e-06,1.5090180360721438e-06,0.8016032064128261,1.6335473374936599e-09,1.6335473374936599e-09,1.63354733749366e-10
0.13158316633266523,4.630260521042083e-06,2.240280561122244e-06,2.064128256513027,1.3166689375358972e-07,1.3166689375358972e-07,1.3166689375358973e-08
0.34957915831662917,5.646893787575149e-06,2.989378757515029e-06,7.014028056112243,2.3312842510484663e-08,2.3312842510484663e-08,2.3312842510484663e-09
0.3028657314629226,5.0048096192384755e-06,4.915631262525049e-06,2.6853707414829606,3.327045463846371e-07,3.327045463846371e-07,3.327045463846371e-08
0.10414829659318639,6.350701402805609e-07,6.306813627254507e-06,9.338677354709464,4.861359938638247e-09,4.861359938638247e-09,4.861359938638247e-10
0.2880360721442856,3.7028056112224436e-06,6.413827655310619e-06,4.889779559118229,3.14273206260516e-09,3.14273206260516e-09,3.14273206260516e-10
0.13454909819639263,6.44949899799599e-06,1.865731462925851e-06,2.3647294589178336,2.708437462264347e-08,2.708437462264347e-08,2.708437462264347e-09
0.04186372745490982,2.632665330661322e-06,4.683767535070139e-06,6.352705410821653,8.060182324168514e-08,8.060182324168514e-08,8.060182324168514e-09
0.052244488977955916,1.277154308617234e-06,4.006012024048095e-06,3.2665330661322534,3.2375619267383e-07,3.2375619267383e-07,3.2375619267383e-08
