fates_allom_d2bl1,fates_maintresp_leaf_ryan1991_baserate,fates_maintresp_nonleaf_baserate,fates_cnp_store_ovrflw_frac,fates_cnp_vmax_nh4
0.16272545090180293,2.2965931863727574e-06,1.2970941883767585e-06,7.3747494989980185,6.043033942004035e-08
0.07671342685370743,9.298597194388775e-07,7.600200400801604e-07,7.995991983967966,6.856200046703184e-08
0.28877755511021747,1.018036072144289e-06,1.2530060120240527e-06,9.93987975951909,3.528701909752935e-09
0.3888777555110172,5.415831663326693e-06,1.6838677354709504e-06,0.0,1.5624545225189744e-08
0.059659318637274555,5.448897795591222e-06,1.3652304609218493e-06,2.8256513026052037,1.1602962879706392e-08
0.24651302605210199,1.5140280561122293e-06,8.381763527054116e-07,0.8216432865731468,7.45880645146543e-09
0.27246492985971676,4.853707414829694e-06,1.5115230460921913e-06,3.4669338677354578,8.137547116464442e-08
0.1204609218436874,5.349699398797634e-06,1.3191382765531114e-06,9.67935871743492,4.447338983198577e-08
0.26208416833667086,4.2805611222445184e-06,8.802605210420854e-07,1.9038076152304624,5.690884981467729e-09
0.2821042084168308,4.489979959919871e-06,1.2730460921843735e-06,2.5450901803607175,1.3853396287793502e-07
0.19460921843687248,5.900801603206457e-06,1.3612224448897851e-06,0.20040080160320636,6.172010653894298e-09
0.31250501002003667,6.543086172344688e-07,9.784569138276574e-07,7.835671342685399,1.21007278315068e-07
0.2895190380761493,4.688376753507047e-06,1.2429859719438923e-06,1.4829659318637285,1.1814124361637986e-08
0.11378757515030062,6.212424849699398e-07,1.745991983967945e-06,5.1302605210420795,2.4747970279903217e-08
0.27987975951903526,5.878757515030104e-06,1.2790581162324697e-06,0.9819639278557121,4.694595079589688e-08
0.35995991983967507,1.1943887775551121e-06,1.6618236472945975e-06,8.857715430861763,7.571169601678531e-08
0.05150300601202405,5.23947895791587e-06,1.4754509018036138e-06,7.234468937875772,7.435845193020915e-08
0.12120240480961926,2.3957915831663455e-06,1.2149298597194431e-06,9.318637274549143,3.4970243379325587e-09
0.10563126252505012,5.779559118236516e-06,7.74048096192385e-07,5.090180360721438,1.709899408108259e-08
0.27543086172344416,5.551102204408817e-07,1.383266533066138e-06,4.809619238476945,2.2544334056057853e-07
0.18571142284569028,3.6192384769539317e-06,1.0025050100200424e-06,4.949899799599192,1.9692127828271127e-07
0.24947895791582939,5.8897795591182805e-06,1.1768537074148335e-06,7.675350701402832,1.2358994143126633e-08
0.38961923847694907,1.1613226452905828e-06,1.5195390781563196e-06,6.573146292585183,5.846941668115034e-09
0.04557114228456914,2.241482965931875e-06,7.560120240480963e-07,4.669338677354699,4.867023126387145e-08
0.16050100200400738,8.306613226452904e-07,1.311122244488983e-06,5.731462925851706,1.316428724399259e-08
0.19905811623246358,5.856713426853751e-06,1.623747494989988e-06,1.2024048096192392,1.5766079171111348e-08
0.04334669338677355,2.770541082164345e-06,9.463927855711441e-07,2.284569138276552,1.1057280233242822e-07
0.26505010020039826,9.849699398797595e-07,1.1808617234468977e-06,1.1823647294589186,8.512852419123945e-08
0.050020040080160325,3.894789579158343e-06,1.1187374749499032e-06,9.859719438877807,4.303025907623951e-09
0.22797595190380573,5.988977955911869e-06,1.0806613226452936e-06,4.2685370741482815,2.4972148189518038e-08
0.2954509018036041,5.294589178356752e-06,8.401803607214437e-07,5.450901803607214,1.8487510032597124e-07
0.38813627254508537,1.4809619238477e-06,1.5816633266533142e-06,6.012024048096198,6.918306497332757e-08
0.15308617234468888,2.8036072144288742e-06,1.0045090180360745e-06,3.9679358717434687,6.8156324386234326e-09
0.17755511022043993,2.7925851703406978e-06,9.103206412825666e-07,4.028056112224431,9.261065621133671e-09
0.35551102204408397,1.0400801603206418e-06,1.136773547094192e-06,5.691382765531064,3.4549625085950754e-08
0.320661322645287,3.6412825651302846e-06,1.6918837675350787e-06,7.775551102204436,5.326311801793594e-08
0.14048096192384743,3.971943887775578e-06,1.3211422845691435e-06,4.488977955911811,7.52637157376031e-09
0.33623246492985587,5.58116232464934e-06,1.7439879759519128e-06,5.4709418837675345,4.328638126321561e-08
0.18422845691382658,2.406813627254522e-06,1.1427855711422881e-06,2.7655310621242424,1.0013106196268845e-07
0.3740480961923802,3.0020040080160504e-06,1.0526052104208444e-06,3.3667334669338556,1.704635638029228e-07
0.39703406813626757,4.346693386773577e-06,7.880761523046096e-07,2.5050100200400767,6.0616943175938166e-09
0.13899799599198373,2.6382765531062274e-06,1.5956913827655387e-06,3.166332665330651,2.2410940966275984e-08
0.3102805611222411,3.553106212424873e-06,1.6077154308617312e-06,2.5851703406813584,8.016778400781506e-09
0.3770140280561076,1.2274549098196415e-06,9.584168336673366e-07,9.619238476953957,9.485733439116067e-08
0.15382765531062073,1.8777555110220522e-06,1.2570140280561168e-06,0.8817635270541088,1.1498801718080625e-08
0.15975951903807553,8.857715430861721e-07,1.503507014028063e-06,7.655310621242511,1.1091424175530981e-08
0.335490981963924,4.016032064128284e-06,1.4453907815631326e-06,3.066132264529049,2.4087439277141948e-08
0.20943887775550948,4.005010020040107e-06,1.5015030060120309e-06,3.56713426853706,3.713418359176304e-08
0.18793587174348583,5.73547094188381e-06,1.1487975951903844e-06,1.3426853707414839,8.905466877501802e-08
0.11452905811623248,2.461923847695404e-06,1.649799599198405e-06,7.354709418837698,1.0287687773848661e-07
0.20795591182364578,5.05210420841687e-06,1.4473947895791647e-06,4.128256513026035,6.794651132981132e-08
0.12416833667334672,3.0571142284569326e-06,1.3031062124248547e-06,6.152304609218445,2.104000642120275e-08
0.37034068136272097,2.550100200400816e-06,1.57765531062125e-06,7.895791583166361,5.67336610875196e-08
0.12194388777555112,4.170340681362754e-06,1.3311623246493039e-06,2.745490981963922,8.932966202896297e-09
0.39555110220440387,4.55611222444893e-06,1.0786573146292615e-06,4.148296593186356,1.9340157697661464e-07
0.23390781563126053,2.285571142284581e-06,1.1848697394789619e-06,4.22845691382764,1.8378120858382033e-08
0.20647294589178208,3.332665330661344e-06,1.4253507014028117e-06,0.1002004008016032,1.2545176144820482e-07
0.17384769539078068,2.9028056112224623e-06,8.842685370741495e-07,5.6513026052104225,4.583404475339755e-09
0.30064128256512707,5.746492985971987e-06,1.0506012024048124e-06,9.158316633266576,3.465631139397911e-09
0.15605210420841628,1.0841683366733476e-06,1.7339679358717524e-06,6.873747494989996,1.4537068745158218e-08
0.12787575150300598,1.965931863727464e-06,1.0285571142284595e-06,4.829659318637266,6.007277775191063e-09
0.22278557114228278,4.401803607214459e-06,1.4654308617234534e-06,7.555110220440906,1.3525281194153306e-08
0.3325250501001966,4.974949899799635e-06,9.423847695390799e-07,0.14028056112224446,2.4230811121945124e-07
0.0648496993987976,2.021042084168346e-06,1.018537074148299e-06,0.7014028056112228,3.861696593350839e-09
0.3933266533066083,4.269539078156342e-06,1.0225450901803632e-06,4.288577154308602,3.272995687480531e-08
0.13084168336673338,2.3406813627254632e-06,1.4133266533066193e-06,7.294589178356735,5.000487693921524e-08
0.17681362725450808,5.537074148296634e-06,8.22144288577155e-07,3.887775551102187,7.503202322221332e-08
0.25911823647294346,5.107214428857752e-06,1.0125250501002028e-06,9.899799599198449,1.2773484897791362e-07
0.20128256513025913,4.952905811623282e-06,8.4619238476954e-07,9.45891783567139,9.65836361564754e-08
0.08264529058116234,7.424849699398796e-07,8.441883767535079e-07,2.344689378757513,1.6591383841294045e-07
0.11675350701402808,5.92284569138281e-06,8.902805611222458e-07,2.845691382765524,3.5606664308363043e-09
0.30953907815630927,5.823647294589222e-06,1.6297595190380841e-06,4.308617234468923,2.2341950919293244e-07
0.030741482965931863,1.82264529058117e-06,1.2710420841683414e-06,0.18036072144288573,1.1360495378540841e-07
0.24428857715430644,3.7625250501002256e-06,1.3552104208416889e-06,2.885771543086165,3.549705242517407e-08
0.33030060120240107,1.8667334669338758e-06,1.3291583166332718e-06,4.90981963927855,4.22611514389484e-09
0.10266533066132266,7.755511022044086e-07,1.2289579158316677e-06,2.9058116232464855,2.5889351625310665e-08
0.16865731462925773,2.0541082164328754e-06,1.7359719438877845e-06,1.7034068136272558,9.688187822227608e-09
0.32881763527053737,2.5721442885771687e-06,1.1027054108216465e-06,1.1422845691382773,3.1006127399693034e-08
0.09080160320641284,4.434869739478989e-06,8.662324649298608e-07,8.036072144288607,7.778787862446394e-08
0.10711422845691385,4.8977955911824e-06,9.70440881763529e-07,9.058116232464972,2.0415401099160175e-07
0.19535070140280433,1.1392785571142299e-06,1.603707414829667e-06,0.6012024048096195,1.1293276201596956e-08
0.24280561122244274,1.1062124248497005e-06,1.2489979959919885e-06,4.168336673346677,2.2141384599736183e-07
0.07967935871743488,1.558116232464935e-06,1.5836673346693462e-06,8.496993987975987,1.115744190067163e-07
0.03963927855711423,4.589178356713459e-06,8.562124248497004e-07,7.5350701402805855,1.664261662552381e-08
0.07078156312625251,3.2224448897795794e-06,1.112725450901807e-06,9.739478957915882,3.517839121310008e-08
0.13751503006012003,3.597194388777579e-06,1.236973947895796e-06,0.8617234468937881,9.177927946473271e-09
0.36589178356712987,1.6352705410821703e-06,1.7139278557114316e-06,1.4028056112224458,9.953859417432415e-09
0.06855711422845692,2.120240480961934e-06,1.1347695390781598e-06,9.378757515030106,2.7328706719481546e-08
0.2568937875751479,5.658316633266575e-06,1.3451903807615285e-06,9.47895791583171,5.045784292616258e-08
0.18867735470941768,3.2665330661322852e-06,1.1467935871743523e-06,0.9018036072144294,5.639797238061665e-09
0.36144288577153877,4.919839679358753e-06,1.3491983967935926e-06,2.20440881763527,6.693812234096502e-09
0.3399398797595151,5.504008016032105e-06,9.66432865731465e-07,5.1503006012024,1.2432556623962576e-07
0.15679358717434813,1.3046092184368767e-06,8.421843687374758e-07,1.7835671342685384,1.1191895133682282e-08
0.20498997995991838,2.1092184368737577e-06,8.642284569138287e-07,7.17434869739481,2.3584083257515229e-07
0.12935871743486968,2.483967935871757e-06,1.6938877755511108e-06,0.9218436873747501,1.9225723472824985e-08
0.09228456913827657,5.33066132264529e-07,1.5495991983968009e-06,3.286573146292574,1.916653882869674e-07
0.33178356713426477,1.7565130260521112e-06,1.210921843687379e-06,1.683366733466935,1.1672025355551423e-07
0.3132464929859685,5.316633266533105e-06,1.0706412825651332e-06,1.743486973947897,8.236616243030248e-09
0.3547695390781521,5.625250501002046e-06,1.6457915831663408e-06,0.12024048096192383,2.15504241772541e-07
0.19683366733466803,1.5691382765531115e-06,8.682364729458929e-07,5.190380761523042,7.873489337994641e-09
0.32436873747494627,2.924849699398815e-06,1.1447895791583202e-06,8.7975951903808,9.232556271469576e-08
0.08857715430861725,8.967935871743485e-07,1.3131262525050151e-06,8.957915831663367,2.452580484173361e-08
0.33326653306612847,1.5470941883767586e-06,8.161322645290587e-07,5.3106212424849675,1.199209817539961e-07
0.39851703406813127,2.1753507014028164e-06,8.622244488977966e-07,7.595190380761548,2.9373089002327434e-08
0.08190380761523047,8.527054108216431e-07,8.502004008016041e-07,2.605210420841679,1.2029128756101005e-08
0.053727454909819644,4.324649298597224e-06,9.524048096192403e-07,6.693386773547108,1.2138093851360557e-08
0.19757515030059988,7.975951903807613e-07,1.7159318637274637e-06,8.617234468937912,1.4406567770292772e-08
0.0752304609218437,2.5611222444889923e-06,9.083166332665345e-07,6.713426853707429,7.0025321948548445e-09
0.3443887775551062,2.968937875751521e-06,1.6197394789579237e-06,8.256513026052136,2.1812786000763643e-08
0.07152304609218438,4.1593186372745775e-06,7.860721442885775e-07,8.476953907815666,4.3678488185788484e-08
0.3962925851703357,3.6082164328657553e-06,8.141282565130267e-07,2.1843687374749496,2.3372366169953221e-07
0.3429058116232425,5.437875751503046e-06,1.2550100200400848e-06,2.0440881763527066,5.5719623687545346e-08
0.37330661322644837,2.4509018036072277e-06,1.3011022044088226e-06,0.26052104208416826,1.8544597893471567e-08
0.24503006012023829,1.1723446893787592e-06,1.2029058116232506e-06,7.795591182364757,1.1463403701015199e-07
0.19238476953907693,7.645290581162323e-07,1.701903807615239e-06,6.132264529058124,6.67320594089329e-08
0.2984168336673315,3.090180360721462e-06,1.407314629258523e-06,6.6733466933867875,2.5577957312742914e-07
0.19090180360721323,4.941883767535106e-06,1.4934869739479025e-06,6.05210420841684,1.899447855672654e-07
0.261342685370739,4.666332665330694e-06,1.1828657314629298e-06,8.016032064128286,6.208747334096328e-08
0.24132264529057904,6.873747494989979e-07,9.163326653306628e-07,4.048096192384752,8.311227105690022e-09
0.16198396793587108,5.008016032064164e-06,8.321643286573154e-07,5.070140280561117,9.923217364967826e-08
0.13825651302605188,5.162324649298635e-06,1.4734468937875817e-06,4.068136272545073,1.9931866151902852e-08
0.10859719438877757,1.2605210420841709e-06,1.263026052104213e-06,3.5070140280560986,7.391847869215242e-09
0.042605210420841685,4.886773547094223e-06,1.4373747494990042e-06,5.83166332665331,4.569294880809442e-08
0.23909819639278349,3.982965931863754e-06,1.6117234468937954e-06,2.1242484969939883,5.794452985489463e-09
0.14196392785571113,4.512024048096224e-06,7.900801603206417e-07,6.392785571142295,3.054596782939205e-09
0.23613226452905609,1.2715430861723473e-06,1.4153306613226513e-06,1.6232464929859731,3.955379003436076e-08
0.34957915831662917,1.2825651302605238e-06,1.1047094188376786e-06,0.5210420841683369,1.9053131893347667e-08
0.19016032064128138,2.671342685370757e-06,1.138777555110224e-06,9.198396793587218,3.2536296238599114e-09
0.28432865731462637,5.757515030060163e-06,8.982965931863741e-07,1.0621242484969946,1.5576446481330998e-07
0.3784969939879713,5.151302605210458e-06,9.544088176352724e-07,8.837675350701442,3.827029689114404e-09
0.08783567134268538,4.776553106212459e-06,1.4594188376753571e-06,7.094188376753526,4.461071988274522e-09
0.13677354709418818,4.18136272545093e-06,1.4173346693386834e-06,8.737474949899838,5.953349736485778e-09
0.34661322645290177,3.046092184368756e-06,1.4714428857715496e-06,6.3326653306613325,2.295461676038027e-07
0.3814629258516987,3.431863727454932e-06,7.9809619238477e-07,1.6633266533066144,2.512078594687513e-07
0.21685370741482798,5.944889779559163e-06,1.1748496993988015e-06,1.1222444889779566,2.565693987264129e-08
0.11601202404809621,2.307615230460934e-06,9.303607214428874e-07,6.27254509018037,3.423946904046491e-08
0.20424849699398653,5.140280561122282e-06,7.5e-07,6.412825651302616,1.436221845944372e-07
0.21092184368737318,2.8587174348697565e-06,7.620240480961925e-07,7.955911823647324,1.397888639408255e-07
0.2939679358717404,3.409819639278579e-06,1.2209418837675394e-06,6.372745490981974,1.4149069871438658e-08
0.09895791583166334,4.534068136272577e-06,9.94488977955914e-07,4.4488977955911695,2.990764772383205e-08
0.08412825651302606,5.470941883767575e-06,9.624248496994007e-07,6.192384769539086,7.325490382028496e-09
0.3073146292585137,4.456913827655342e-06,1.750000000000009e-06,6.833667334669355,1.3771426808002863e-08
0.31547094188376407,3.1232464929859913e-06,1.6778557114228541e-06,6.452905811623258,3.75862671350548e-09
0.23539078156312424,3.4979959919839907e-06,1.3151302605210472e-06,5.631262525050102,4.9555977281176014e-08
0.10637274549098198,5.9118236472946334e-06,1.114729458917839e-06,9.01803607214433,4.137801875189916e-08
0.291002004008013,4.787575150300635e-06,1.4353707414829722e-06,8.55711422845695,6.341260873453308e-09
0.14122244488977928,1.7454909819639348e-06,1.3912825651302664e-06,0.6813627254509022,6.877371410163831e-09
0.06040080160320642,1.3927855711422883e-06,1.2750501002004056e-06,5.791583166332669,4.100656341383988e-08
0.21907815631262353,1.0070140280561125e-06,8.822645290581174e-07,9.759519038076203,8.089397876375128e-09
0.3265931863727418,3.233466933867756e-06,1.5636272545090254e-06,3.847695390781546,2.5348340983419886e-07
0.22871743486973758,6.653306613226452e-07,1.0485971943887803e-06,2.6452905811623197,2.11652395147073e-07
0.13973947895791558,1.6242484969939938e-06,1.5856713426853783e-06,0.6412825651302608,1.4022052008069396e-08
0.09450901803607216,4.313627254509048e-06,8.782565130260533e-07,8.416833667334704,2.3797718170805274e-07
0.32140280561121887,4.291583166332695e-06,1.2249498997996035e-06,7.134268537074168,1.0135008984772664e-08
0.2583767535070116,4.7214428857715765e-06,1.6598196392785654e-06,4.428857715430849,1.493570740844531e-08
0.18052104208416733,3.3436873747495204e-06,1.5375751503006084e-06,6.653306613226467,2.1745637319533232e-07
0.3013827655310589,1.3707414829659354e-06,1.0966933867735503e-06,5.290581162324647,2.963916325476094e-08
0.29174348697394487,5.661322645290581e-07,1.042585170340684e-06,7.014028056112243,1.2470947302945877e-08
0.39110220440881277,4.8647294589178704e-06,1.62575150300602e-06,2.2244488977955905,3.082266652983923e-09
0.29026052104208117,3.7845691382765785e-06,1.5355711422845763e-06,8.216432865731495,4.751748596178136e-09
0.07745490981963929,2.4398797595190513e-06,1.2089178356713469e-06,9.819639278557165,2.135696348629931e-07
0.3458717434869699,5.492985971943928e-06,9.183366733466949e-07,2.1442885771543088,2.8078120463545054e-08
0.18496993987975843,3.0791583166332855e-06,1.0866733466933898e-06,9.91983967935877,1.9515349282072065e-07
0.1182364729458918,2.8807615230461094e-06,1.0766533066132294e-06,6.232464929859728,1.543661489035564e-07
0.036673346693386774,1.4148296593186412e-06,1.1528056112224486e-06,0.7414829659318641,4.076393073364223e-09
0.379979959919835,5.459919839679399e-06,1.2890781563126302e-06,0.7815631262525055,5.107213300098497e-09
0.34216432865731067,4.677354709418871e-06,1.4914829659318705e-06,8.937875751503046,8.162675170854576e-09
0.20869739478957763,2.7154308617234626e-06,1.6638276553106295e-06,5.571142284569139,9.775947653412929e-09
0.05817635270541083,1.6683366733466996e-06,8.081162324649304e-07,8.717434869739517,3.614306071392014e-08
0.3191783567134233,1.359719438877759e-06,1.1588176352705448e-06,7.7154308617234735,1.32835350999804e-08
0.3532865731462884,3.7294589178356962e-06,9.343687374749516e-07,7.975951903807645,2.0663944785168352e-08
0.0485370741482966,2.2525050100200516e-06,1.6698396793587258e-06,8.877755511022084,5.439991484762373e-09
0.3903607214428809,2.5390781563126394e-06,1.234969939879764e-06,9.979959919839732,9.864502451429094e-09
0.26653306613226196,3.87274549098199e-06,1.4273547094188438e-06,1.0821643286573153,2.6517411545905547e-07
0.10340681362725453,4.445891783567165e-06,1.6337675350701483e-06,3.5871743486973804,1.0569798987214693e-07
0.24058116232464719,5.881763527054108e-07,1.287074148296598e-06,5.050100200400796,9.429607084301275e-09
0.18200400801603103,4.478957915831695e-06,1.307114228456919e-06,3.667334669338662,1.6148554660478927e-07
0.3577354709418795,1.5911823647294644e-06,1.0586172344689407e-06,0.1603206412825651,2.6999999999999233e-07
0.16494989979959848,5.834669338677398e-06,9.223446893787591e-07,2.024048096192386,1.2320948101781143e-07
0.22723446893787388,2.065130260521052e-06,1.0345691382765557e-06,7.214428857715451,5.231111187776969e-08
0.25763527054107976,3.652304609218461e-06,9.283567134268553e-07,3.386773547094176,3.9912085517463496e-08
0.16717434869739403,1.7675350701402877e-06,1.6417835671342766e-06,5.230460921843684,3.21449531973696e-08
0.03,1.921843687374758e-06,8.281563126252512e-07,5.210420841683363,1.7513805275284806e-07
0.3043486973947863,5.4268537074148695e-06,9.884769539078178e-07,0.4008016032064129,3.486259066018347e-08
0.09006012024048098,4.236472945891813e-06,8.96292585170342e-07,2.4448897795591154,1.2248045999982468e-08
0.29322645290580857,2.0100200400801696e-06,1.5596192384769613e-06,2.8056112224448833,7.920353459931748e-08
0.3844288577154261,3.850701402805637e-06,1.5075150300601271e-06,9.879759519038128,7.172409365899115e-08
0.14567134268537038,1.7785571142284641e-06,1.2910821643286622e-06,3.6472945891783417,3.15704056688351e-08
0.27394789579158046,2.186372745490993e-06,1.5936873747495067e-06,0.42084168336673355,3.780998591215752e-08
0.3977755511021994,4.831663326653341e-06,1.409318637274555e-06,2.0040080160320657,1.799407265562136e-07
0.11749498997995994,5.801603206412869e-06,1.6217434869739558e-06,1.0020040080160326,4.027362659733698e-08
0.39999999999999497,5.371743486973987e-06,1.3752505010020097e-06,9.779559118236524,1.0762157994219963e-07
0.31991983967935517,1.8446893787575228e-06,1.2510020040080206e-06,5.030060120240475,1.3123762180952e-07
0.08486973947895793,4.5230460921844e-06,1.1968937875751544e-06,3.7675350701402643,7.237380178469336e-08
0.21537074148296428,1.337675350701406e-06,1.0546092184368765e-06,1.0220440881763533,4.610685546920989e-08
0.16569138276553033,2.428857715430875e-06,1.5095190380761592e-06,2.2645290581162314,1.3605785580442623e-07
0.17236472945891698,1.8557114228456993e-06,1.1728456913827694e-06,3.346693386773535,2.3871203503425444e-08
0.15160320641282518,4.412825651302636e-06,1.6377755511022125e-06,3.4068136272544964,2.2748550467552831e-07
0.13603206412825633,5.636272545090222e-06,1.309118236472951e-06,6.913827655310638,1.6345152379991038e-08
0.2806212424849671,3.5861723446894024e-06,7.820641282565133e-07,4.388777555110207,5.01592877523844e-09
0.15753507014027998,7.314629258517033e-07,8.48196392785572e-07,4.9699398797595125,4.3813363647773825e-09
0.3087975951903774,1.4919839679358764e-06,1.3171342685370793e-06,8.156312625250532,3.3627484876271376e-08
0.10414829659318639,3.960921843687401e-06,1.3512024048096247e-06,0.5010020040080162,4.113318819905044e-09
0.07893787575150302,5.440881763527054e-07,7.660320641282567e-07,7.274549098196414,5.278496874674728e-08
0.04927855711422846,2.869739478957933e-06,1.7299599198396883e-06,6.252505010020049,1.5484281846137096e-08
0.37923847695390317,3.9168336673346955e-06,1.0726452905811653e-06,7.034068136272563,1.4623595434028893e-07
0.03222444889779559,3.751503006012049e-06,7.700400801603208e-07,6.73346693386775,7.99209947635152e-08
0.05446893787575151,5.845691382765575e-06,1.3692384769539134e-06,6.553106212424862,3.7248850796956136e-09
0.17310621242484883,5.1843687374749876e-06,8.101202404809625e-07,9.078156312625293,6.398702780440241e-09
0.14715430861723408,4.809619238476988e-06,8.201402805611229e-07,4.509018036072132,2.2818796059408977e-08
0.07819639278557115,2.3186372745491103e-06,1.6157314629258596e-06,1.3827655310621252,2.6043448707220176e-07
0.2509619238476931,4.633266533066165e-06,1.4033066132264588e-06,0.7214428857715435,4.150579055964678e-09
0.13529058116232448,7.094188376753506e-07,1.4233466933867797e-06,3.0460921843687285,2.220975531495786e-08
0.32288577154308257,1.238476953907818e-06,1.2469939879759564e-06,5.511022044088176,7.36909273668676e-08
0.22945891783566943,1.943887775551111e-06,1.2169338677354752e-06,1.4428857715430872,4.970900193032516e-09
0.1019238476953908,2.7815631262525213e-06,9.964929859719461e-07,3.987975951903789,8.386513826088315e-09
0.23168336673346498,5.592184368737516e-06,8.582164328657325e-07,6.973947895791601,1.6442441038338884e-07
0.3310420841683329,4.7434869739479295e-06,9.063126252505024e-07,2.925851703406806,2.1422911975742003e-08
0.27098196392785306,6.432865731462925e-07,1.2329659318637318e-06,8.677354709418875,1.0991855156980727e-08
0.2776553106212397,3.8066132264529314e-06,1.5215430861723517e-06,5.971943887775557,1.865497796254111e-07
0.3992585170340631,4.567134268537106e-06,1.259018036072149e-06,3.246492985971933,1.8823962890042413e-07
0.0381563126252505,3.0350701402805797e-06,1.5475951903807688e-06,5.250501002004005,1.2928993428054696e-08
0.19312625250500878,5.382765531062164e-06,9.143286573146308e-07,5.911823647294594,1.6294835312433136e-07
0.28136272545089897,2.362725450901816e-06,9.023046092184383e-07,5.9919839679358775,4.213105432131633e-08
0.3147294589178322,2.3296593186372868e-06,1.1928857715430902e-06,7.054108216432884,1.6198420025806942e-08
0.2657915831663301,3.354709418837697e-06,1.068637274549101e-06,7.8757515030060405,4.487624919593595e-08
0.24577154308617014,4.820641282565165e-06,1.4974949899799667e-06,7.915831663326682,5.521942207621415e-08
0.10118236472945893,3.4208416833667556e-06,1.7319639278557203e-06,1.863727454909821,5.828942389058411e-08
0.08931863727454911,1.0731462925851712e-06,1.7199398797595278e-06,4.68937875751502,1.6893329235375367e-07
0.23464929859719239,2.3737474949899926e-06,1.381262525050106e-06,4.529058116232453,2.3162549691572214e-07
0.26356713426853456,2.0320641282565225e-06,8.001002004008021e-07,0.04008016032064128,4.2643971382578124e-09
0.2539278557114205,4.225450901803636e-06,1.5916833667334746e-06,3.8276553106212257,5.1376121558769204e-08
0.35699398797594767,3.83967935871746e-06,1.0946893787575182e-06,10.000000000000053,7.802808098728738e-09
0.09821643286573148,3.993987975951931e-06,1.066633266533069e-06,6.5130260521042205,5.7766152880766516e-08
0.0670741482965932,4.875751503006047e-06,1.553607214428865e-06,9.418837675350748,2.4450304378327506e-07
0.19386773547094063,1.117234468937877e-06,1.238977955911828e-06,2.785571142284563,3.373132369364782e-09
0.2969338677354678,5.559118236472987e-06,1.0265531062124274e-06,1.4629258517034078,7.065964185911035e-09
0.08116232464929861,5.261523046092223e-06,1.1307615230460957e-06,1.162324649298598,4.780031675772268e-08
0.07448897795591183,4.7104208416834e-06,1.2049098196392827e-06,4.729458917835662,1.7672452962816691e-07
0.17829659318637178,8.19639278557114e-07,1.3532064128256568e-06,7.615230460921869,3.1954753982905597e-09
0.03370741482965932,5.6472945891783986e-06,7.960921843687379e-07,6.933867735470959,3.43451976129658e-09
0.38517034068135797,1.436873747494994e-06,1.3952905811623305e-06,5.931863727454915,3.658307800722014e-09
0.04408817635270541,8.747494989979958e-07,1.0145290581162349e-06,2.705410821643281,7.639752558399709e-08
0.17533066132264438,1.4258517034068177e-06,1.3471943887775605e-06,5.390781563126251,1.871258295016051e-08
0.055951903807615236,2.605210420841698e-06,1.5395791583166404e-06,7.494989979959944,1.8049636823782292e-08
0.16346693386773478,4.126252505010048e-06,1.67384769539079e-06,1.9639278557114244,4.251269578850732e-08
0.35402805611222027,5.955911823647339e-06,9.764529058116253e-07,0.6212424849699402,4.926275837701879e-09
0.06336673346693387,4.9639278557114585e-06,1.2269539078156356e-06,6.613226452905825,1.0893179981213664e-08
0.0730060120240481,4.093186372745519e-06,1.0606212424849728e-06,0.4609218436873749,3.967592877875655e-09
0.2643086172344664,1.6903807615230525e-06,1.405310621242491e-06,5.410821643286572,8.539139384414858e-09
0.17014028056112143,3.575150300601226e-06,1.140781563126256e-06,3.707414829659303,1.507100156095861e-08
0.032965931863727455,5.966933867735516e-06,1.6397795591182446e-06,3.1262525050100103,3.0271753085702848e-09
0.3621843687374706,1.580160320641288e-06,9.68436873747497e-07,9.338677354709464,5.5891681153332165e-09
0.06929859719438879,5.019038076152341e-06,1.4674348697394855e-06,0.3006012024048096,6.379004954895946e-08
0.21166332665330503,2.6823647294589332e-06,1.3872745490982022e-06,3.4468937875751373,7.19455715688248e-09
0.057434869739478964,5.250501002004046e-06,7.720440881763529e-07,8.757515030060159,1.6053004905213813e-08
0.09599198396793589,3.5200400801603436e-06,1.2990981963927906e-06,0.5811623246492988,3.5818600209503895e-08
0.30805611222444557,4.115230460921872e-06,1.064629258517037e-06,8.276553106212457,1.3362600579331653e-07
0.20202404809619098,3.2004008016032265e-06,8.241482965931871e-07,6.793587174348713,3.2244214082829982e-09
0.36737474949899357,5.713426853707457e-06,1.7039078156312712e-06,1.5831663326653318,2.2613949044979018e-08
0.29619238476953597,5.515030060120281e-06,8.922845691382779e-07,7.154308617234489,7.2597285938041026e-09
0.21611222444889613,5.338677354709458e-06,1.1548096192384806e-06,9.23847695390786,4.9111107448132296e-08
0.25466933867735236,5.283567134268576e-06,1.48146292585171e-06,3.0861723446893694,2.9109403329733362e-08
0.24206412825651089,1.998997995991993e-06,1.4493987975951967e-06,4.088176352705394,7.849251515934662e-08
0.11082164328657317,1.9108216432865816e-06,1.3732464929859776e-06,9.659318637274598,6.754447705087553e-09
0.13158316633266523,3.509018036072167e-06,1.6538076152304691e-06,4.869739478957908,2.8589112146308006e-08
0.040380761523046094,3.6853707414829904e-06,9.984969939879782e-07,9.559118236472994,2.430563380881668e-08
0.19831663326653173,5.272545090180399e-06,1.116733466933871e-06,7.815631262525078,2.4671785900366934e-07
0.07374749498997997,1.0511022044088183e-06,1.5896793587174425e-06,3.3266533066132147,5.184150887760377e-08
0.3414228456913788,2.528056112224463e-06,1.1668336673346731e-06,0.6613226452905815,3.792673993752162e-09
0.2687575150300575,2.5941883767535216e-06,1.1788577154308656e-06,9.579158316633315,5.538993496190613e-09
0.3176953907815596,3.2995991983968146e-06,1.6878757515030145e-06,6.753507014028071,8.36069670472126e-08
0.26801603206412566,3.927855711422872e-06,1.2229458917835714e-06,0.38076152304609223,7.732761373255857e-09
0.37775551102203947,4.699398797595224e-06,1.2690380761523093e-06,6.1723446893787655,1.2583914583319626e-08
0.29767535070139967,9.188376753507012e-07,1.7279559118236562e-06,1.2424849699398806,3.691446348498587e-09
0.0566933867735471,3.134268537074168e-06,8.021042084168342e-07,5.37074148296593,2.3656908903666733e-08
0.23316633266532868,4.545090180360753e-06,1.0205410821643311e-06,6.352705410821653,8.436431542325698e-08
0.1100801603206413,5.691382765531104e-06,1.1568136272545127e-06,3.1462925851703307,3.243613620474149e-08
0.3251102204408781,2.9579158316633446e-06,1.3251503006012076e-06,0.36072144288577157,2.0112417689589337e-08
0.29470941883767227,3.453907815631285e-06,1.333166332665336e-06,7.41482965931866,3.1383606007884984e-09
0.32733466933867367,1.8336673346693464e-06,1.335170340681368e-06,1.8837675350701417,5.0914912076599136e-08
0.08561122244488979,1.6022044088176409e-06,1.747995991983977e-06,8.657314629258554,8.746293711079734e-08
0.09525050100200402,2.2304609218436987e-06,1.5415831663326725e-06,6.813627254509034,2.6840243077698728e-08
0.16643286573146218,2.263527054108228e-06,9.504008016032082e-07,9.719438877755561,9.149674528592205e-08
0.3859118236472898,1.5360721442885822e-06,1.357214428857721e-06,8.316633266533099,4.3420045932324805e-09
0.30212424849699077,5.481963927855752e-06,1.4213426853707476e-06,2.064128256513027,1.8321545481945037e-07
0.0915430861723447,1.2935871743487002e-06,1.7179358717434958e-06,6.072144288577161,1.304610989002486e-08
0.11304609218436876,2.9138276553106387e-06,1.0385771543086199e-06,4.408817635270528,4.063844267401258e-08
0.13454909819639263,2.0981963927855813e-06,1.431362725450908e-06,9.498997995992031,3.9319753302455916e-09
0.25170340681362496,1.6573146292585232e-06,1.0105210420841707e-06,4.208416833667319,1.6741675833125777e-07
0.37478957915831207,5.991983967935871e-07,1.2810621242485018e-06,8.817635270541121,7.302939524999446e-08
0.035190380761523046,4.8426853707415175e-06,1.0465931863727482e-06,7.474949899799623,8.285641747656146e-08
0.23242484969939683,1.9769539078156403e-06,1.601703406813635e-06,7.394789579158339,7.108021803950241e-08
0.24873747494989754,5.724448897795634e-06,1.2650300601202452e-06,1.4228456913827665,1.7253884227880857e-08
0.2672745490981938,3.795591182364755e-06,1.090681362725454e-06,1.2825651302605219,5.342759000284053e-09
0.39258517034067647,3.2444889779559323e-06,1.5696392785571217e-06,3.426853707414817,8.773301523254539e-09
0.350320641282561,3.773547094188402e-06,1.6177354709418916e-06,8.056112224448928,4.709091590492342e-09
0.32585170340680997,4.148296593186401e-06,1.4894789579158384e-06,4.549098196392774,1.1884443700484002e-07
0.15012024048096148,4.02705410821646e-06,1.0005010020040103e-06,6.893787575150317,3.185638417408159e-08
0.25318637274548866,1.8887775551102287e-06,1.2069138276553148e-06,2.104208416833668,2.519835680042233e-08
0.3236272545090144,5e-07,1.1207414829659352e-06,5.350701402805609,2.0786939506635984e-07
0.2524448897795568,3.167334669338697e-06,8.72244488977957e-07,4.328657314629244,1.0380878137091671e-07
0.3221442885771507,1.3156312625250531e-06,1.0826653306613257e-06,2.9458917835671263,3.625466741584058e-09
0.20573146292585023,4.765531062124282e-06,1.5135270541082234e-06,9.539078156312673,1.772702399668077e-08
0.21981963927855538,8.637274549098194e-07,1.0305611222444915e-06,1.803607214428859,8.61649063364689e-09
0.24725450901803384,1.3817635270541118e-06,1.0445891783567161e-06,9.438877755511069,1.3403863155062434e-08
0.3162124248496959,4.1372745490982246e-06,1.4854709418837742e-06,0.8016032064128261,3.89667752552722e-09
0.3295591182364692,5.771543086172344e-07,1.162825651302609e-06,1.22244488977956,3.592920500494241e-09
0.12713426853707413,4.357715430861754e-06,1.212925851703411e-06,8.537074148296629,6.1166037887735905e-09
0.22204408817635093,3.1563126252505207e-06,8.70240480961925e-07,2.3046092184368723,3.31284219397272e-09
0.16791583166332588,4.082164328657342e-06,1.0325651302605236e-06,8.637274549098233,3.1101871687808404e-09
0.12861723446893783,2.627254509018051e-06,1.72194388777556e-06,6.292585170340691,8.4624825264393e-09
0.38665330661322167,4.335671342685401e-06,1.1708416833667373e-06,9.098196392785614,2.029460474185898e-08
0.38072144288576687,3.310621242484991e-06,8.121242484969946e-07,6.633266533066146,2.7083373706944648e-08
0.16420841683366663,4.6222444889779885e-06,1.43336673346694e-06,9.639278557114277,1.6945494401338487e-08
0.11971943887775553,5.977955911823692e-06,1.0626252505010049e-06,9.69939879759524,1.7356581786691898e-07
0.30657314629258187,4.049098196392813e-06,8.522044088176362e-07,4.629258517034057,4.5014823242197184e-09
0.0996993987975952,2.1973947895791693e-06,1.283066132264534e-06,4.709418837675341,1.372903272093915e-07
0.34068136272544697,2.990981963927874e-06,1.6798597194388862e-06,5.891783567134273,2.0232129643792195e-07
0.2998997995991952,2.2745490981964045e-06,7.680360721442888e-07,3.2665330661322534,4.00353306478816e-09
0.19164328657314508,6.000000000000045e-06,1.1908817635270581e-06,5.110220440881759,1.0958017728875894e-07
0.37182364729458467,4.3797595190381065e-06,7.520040080160321e-07,3.3066132264528942,2.6757617826320567e-07
0.2791382765531034,8.416833667334667e-07,1.7099198396793674e-06,5.551102204408818,3.332560699183967e-08
0.2880360721442856,1.1833667334669357e-06,1.3391783567134322e-06,0.5611222444889782,2.4013288282325376e-07
0.21388777555110058,5.096192384769576e-06,1.1247494989979994e-06,7.1943887775551305,1.1395575623446218e-08
0.10044088176352707,4.754509018036106e-06,9.323647294589195e-07,1.102204408817636,1.3242642943242108e-07
0.13380761523046078,3.938877755511048e-06,1.4514028056112288e-06,8.236472945891816,1.5345277627925272e-08
0.2732064128256486,2.704408817635286e-06,1.0085170340681386e-06,3.486973947895778,5.881743491745444e-08
0.08042084168336674,1.2494989979959944e-06,1.2009018036072185e-06,0.08016032064128256,1.0698479133535965e-08
0.36440881763526617,3.4428857715431085e-06,8.361723446893796e-07,0.32064128256513025,9.40057889504533e-08
0.36292585170340247,4.302605210420871e-06,1.5876753507014104e-06,4.929859719438871,1.5717544727850532e-07
0.18274549098196288,2.946893787575168e-06,1.505511022044095e-06,8.11623246492989,6.633721094855853e-09
0.18348697394789473,5.118236472945929e-06,9.243486973947912e-07,7.434869739478981,1.9399878462111943e-08
0.23983967935871534,1.458917835671347e-06,9.92484969939882e-07,3.787575150300585,1.5207521266919347e-08
0.3695991983967891,5.228456913827693e-06,1.725951903807624e-06,8.376753507014062,6.733654751092221e-08
0.3340080160320603,4.071142284569166e-06,8.882765531062137e-07,4.46893787575149,1.7832537750302787e-07
0.06559118236472947,9.078156312625248e-07,1.040581162324652e-06,5.59118236472946,1.6003587187131704e-07
0.13232464929859708,4.192384769539107e-06,1.2670340681362772e-06,8.77755511022048,6.436788764236158e-08
0.05891783567134269,4.930861723446929e-06,1.479458917835678e-06,9.218436873747539,2.580965360693336e-07
0.21833667334669168,5.3056112224449285e-06,1.3271543086172397e-06,6.092184368737482,8.21126056776284e-08
0.14641282565130223,2.0761523046092284e-06,1.1608216432865769e-06,6.593186372745504,1.5160706293452836e-07
0.29915831663326337,5.570140280561163e-06,9.604208416833687e-07,4.00801603206411,1.0474912659293683e-07
0.06633266533066133,4.0380761523046365e-06,1.651803607214437e-06,1.6432865731462938,5.2001591054217385e-09
0.3607014028056069,3.949899799599225e-06,1.5676352705410896e-06,8.517034068136308,5.294796424731075e-09
0.21462925851703243,6.763527054108215e-07,1.2449899799599243e-06,8.917835671342726,6.495096004526122e-08
0.3755310621242439,1.9549098196392874e-06,9.363727454909837e-07,7.314629258517056,2.4895273698641046e-07
0.2554108216432842,2.8146292585170507e-06,7.920841683366737e-07,3.927855711422828,4.838225325073881e-09
0.22426853707414648,1.4699398797595235e-06,1.5315631262525121e-06,3.1863727454909716,9.013884907233523e-09
0.10785571142284571,5.110220440881763e-07,1.5255511022044159e-06,4.368737474949886,9.095536608490571e-09
0.04186372745490982,3.674348697394814e-06,1.6477955911823729e-06,2.3246492985971927,2.344453805171895e-08
0.052244488977955916,3.630260521042108e-06,1.2770541082164377e-06,1.3226452905811632,1.4277238318018253e-08
0.23835671342685164,1.800601202404817e-06,7.760521042084171e-07,7.695390781563153,8.82552145456136e-08
0.13010020040080153,4.578156312625283e-06,1.4994989979959988e-06,3.747494989979944,1.0665544836882487e-07
0.14344689378757483,2.5170340681362865e-06,1.457414829659325e-06,4.248496993987961,1.2210341502422209e-07
0.15456913827655258,2.142284569138287e-06,1.0245490981963953e-06,4.348697394789565,2.0478442123916343e-08
0.28729458917835377,5.3276553106212814e-06,1.1267535070140315e-06,1.5430861723446905,1.3483644844013252e-07
0.3488376753506973,4.21442885771546e-06,1.7379759519038166e-06,8.09619238476957,2.5426614507594158e-08
0.10933867735470944,3.8176352705411074e-06,7.840681362725454e-07,8.396793587174383,5.374559857378681e-08
0.06262525050100201,3.4869739478958143e-06,1.7079158316633354e-06,3.8677354709418665,8.589965549558257e-08
0.3384569138276514,1.4478957915831706e-06,9.724448897795612e-07,2.9659318637274468,5.98878491598638e-08
0.31398797595190037,3.696392785571167e-06,1.7399799599198487e-06,9.599198396793636,1.756788641856335e-08
0.15234468937875703,5.603206412825693e-06,1.4634268537074213e-06,9.839679358717486,6.153010679479303e-08
0.06114228456913828,1.095190380761524e-06,1.2409819639278602e-06,0.2805611222444889,5.935022889851916e-08
0.23761523046091979,2.84769539078158e-06,9.483967935871762e-07,3.0060120240480876,3.072778174945252e-08
0.3562525050100158,4.104208416833695e-06,1.3972945891783626e-06,1.3627254509018045,6.515152309372312e-09
0.17162324649298513,2.891783567134286e-06,1.52955911823648e-06,5.751503006012027,5.247264414856532e-09
0.14492985971943853,1.2054108216432886e-06,1.7119238476953995e-06,7.63527054108219,1.5298038584008818e-07
0.17903807615230363,9.629258517034066e-07,1.4393787575150363e-06,6.8537074148296755,1.8157070814572204e-07
0.21240480961923688,3.288577154308638e-06,1.4614228456913892e-06,9.398797595190427,4.5422587146145104e-09
0.06410821643286574,3.1012024048096384e-06,9.003006012024062e-07,7.755511022044115,3.919871101192534e-08
0.28581162324649007,5.2064128256513405e-06,1.4954909819639346e-06,9.959919839679412,4.666817521760648e-09
0.35847695390781137,5.812625250501045e-06,1.0065130260521066e-06,9.138276553106255,5.1534766658866535e-09
0.08709418837675352,1.7234468937875819e-06,1.599699398797603e-06,2.525050100200397,2.0851127810440406e-08
0.09747494989979961,4.611222444889812e-06,1.3792585170340739e-06,0.220440881763527,3.166789240032255e-09
0.3280761523046055,9.95991983967936e-07,1.4834669338677421e-06,2.7254509018036015,4.18817681149507e-09
0.22649298597194203,3.2775551102204617e-06,1.1688376753507052e-06,2.0841683366733474,1.1258510876173535e-07
0.16124248496993923,2.6603206412825803e-06,8.181362725450908e-07,7.454909819639302,1.8882089688766365e-08
0.12490981963927858,5.526052104208458e-06,9.20340681362727e-07,1.042084168336674,2.2010375730879713e-08
0.365150300601198,2.6162324649298745e-06,1.3632264529058172e-06,2.464929859719436,6.26498887564265e-08
0.3592184368737432,2.3517034068136397e-06,1.38527054108217e-06,3.10621242484969,8.986136480954638e-08
0.04112224448897796,3.4649298597194614e-06,1.3231462925851756e-06,1.983967935871745,1.3896174398989743e-08
0.39406813627254017,4.203406813627283e-06,1.6097194388777633e-06,2.8657314629258446,3.045193484083197e-08
0.394809619238472,3.5420841683366965e-06,1.188877755511026e-06,7.575150300601227,8.852773915279418e-09
0.2924849699398767,3.1452905811623443e-06,1.697895791583175e-06,2.985971943887767,1.475606234013781e-07
0.33474949899799217,1.8997995991984051e-06,1.285070140280566e-06,8.57715430861727,2.7826059875738966e-08
0.2746893787575123,1.1503006012024063e-06,1.0986973947895823e-06,3.2264529058116125,6.613299786768888e-08
0.26949899799598936,4.467935871743518e-06,1.6317635270541162e-06,1.5230460921843698,1.041293340715239e-08
0.17088176352705328,4.732464929859753e-06,1.5235470941883838e-06,4.589178356713416,9.344956393115008e-09
0.04705410821643287,3.883767535070166e-06,1.4193386773547155e-06,8.176352705410853,1.5024606851011685e-07
0.22130260521041908,3.861723446893813e-06,1.4113226452905872e-06,8.136272545090211,9.7458532861606e-08
0.31843687374749147,2.748496993987992e-06,1.675851703406822e-06,4.649298597194378,7.044212256713308e-08
0.16939879759518958,3.068136272545109e-06,8.261523046092191e-07,1.5631262525050111,1.1567244211962122e-07
0.276172344689376,1.9879759519038167e-06,1.6658316633266616e-06,2.4048096192384745,4.039798813590485e-09
0.3636673346693343,5.680360721442928e-06,9.043086172344704e-07,3.9078156312625074,9.316188793326126e-08
0.038897795591182366,9.408817635270538e-07,1.6858717434869824e-06,0.5410821643286575,7.594548730404174e-09
0.03444889779559118,2.043086172344699e-06,1.575651302605218e-06,4.1082164328657145,4.528275783572804e-08
0.04779559118236473,2.4729458917835806e-06,1.1067134268537107e-06,3.6873747494989826,3.747056122430022e-08
0.31695390781562777,4.2585170340681655e-06,1.6818637274549183e-06,5.430861723446893,9.5150245783721e-09
0.19609218436873618,3.7074148296593433e-06,1.4694388777555176e-06,2.565130260521038,2.1230595976808364e-08
0.22501002004007833,5.7685370741483395e-06,9.564128256513045e-07,8.436873747495024,1.1921141853309708e-08
0.34364729458917437,2.9358717434869917e-06,1.1107214428857748e-06,7.074148296593205,4.624922952313024e-09
0.05076152304609219,3.3767535070140498e-06,1.527555110220448e-06,9.799599198396844,1.7887603112394953e-08
0.12342685370741485,2.384769539078169e-06,1.5976953907815708e-06,4.609218436873737,3.017856424233416e-08
0.3681162324649254,4.060120240480989e-06,8.542084168336683e-07,0.7615230460921848,1.0602437628815896e-08
0.03593186372745491,3.6633266533066375e-06,8.862725450901816e-07,7.114228456913847,1.0859646315678305e-07
0.19979959919839543,5.220440881763527e-07,1.5576152304609292e-06,8.296593186372778,7.708956769458073e-08
0.34809619238476547,5.041082164328694e-06,8.041082164328662e-07,5.771543086172348,2.757626206545774e-08
0.3117635270541048,1.5030060120240528e-06,8.742484969939891e-07,7.735470941883794,4.8233312876938735e-08
0.0833867735470942,1.4038076152304647e-06,1.088677354709422e-06,4.769539078156304,1.957561102325661e-08
0.15086172344689333,2.4949899799599336e-06,1.1948897795591223e-06,2.3647294589178336,1.488972918926298e-07
0.30360721442885447,5.129258517034105e-06,1.359218436873753e-06,6.993987975951922,3.884681957561161e-08
0.08635270541082166,3.0240480961924033e-06,7.780561122244492e-07,5.871743486973952,2.6599295060690013e-08
0.18941883767534953,5.173346693386811e-06,1.016533066132267e-06,9.25851703406818,5.391156041767191e-09
0.2865531062124219,2.825651302605227e-06,1.4433867735471005e-06,2.6853707414829606,2.999999999999995e-09
0.14270541082164298,3.112224448897815e-06,8.061122244488983e-07,0.3406813627254509,1.6493213899842532e-08
0.35254509018035657,3.1783567134268736e-06,7.940881763527058e-07,8.977955911823688,5.061365245982989e-09
0.25615230460921606,2.7374749498998155e-06,9.403807615230478e-07,2.164328657314629,9.601215821362486e-09
0.36885771543085727,2.1312625250501106e-06,9.744488977955932e-07,7.334669338677377,1.0319455279982118e-08
0.26060120240480716,9.519038076152302e-07,8.301603206412833e-07,3.5470941883767395,1.0507258299972768e-08
0.2598597194388753,2.16432865731464e-06,1.551603206412833e-06,8.456913827655345,1.8213138307204877e-08
0.11156312625250503,5.0631262525050466e-06,1.5175350701402875e-06,3.026052104208408,3.68008256607722e-08
0.15531062124248443,4.247494989979989e-06,1.3371743486974001e-06,9.178356713426897,1.7410177437190367e-08
0.25022044088176126,2.4178356713426984e-06,1.6437875751503087e-06,1.3026052104208425,7.663343465471093e-09
0.3473547094188336,2.2084168336673458e-06,1.3672344689378814e-06,3.807615230460905,1.9870507711650675e-07
0.24799599198396569,6.322645290581161e-07,1.627755511022052e-06,5.170340681362721,1.0795390624098142e-08
0.03741482965931864,1.8116232464929935e-06,1.579659318637282e-06,3.7274549098196235,8.694542564234344e-09
0.28284569138276267,2.50601202404811e-06,1.186873747494994e-06,6.432865731462937,6.28433462921735e-09
0.03148296593186373,1.1282565130260534e-06,1.0566132264529086e-06,4.749498997995983,3.815248525689125e-08
0.11527054108216435,4.390781563126283e-06,9.904809619238499e-07,2.384769539078154,8.064495399482927e-08
0.30583166332665,3.18937875751505e-06,1.1007014028056144e-06,3.6272545090180213,5.6224356343255174e-08
0.38368737474949427,4.908817635270576e-06,1.7419839679358808e-06,0.9619238476953914,2.8332464326101826e-08
0.3666332665330617,1.216432865731465e-06,1.5435871743487046e-06,0.06012024048096192,2.6123868665011513e-08
0.3829458917835624,3.3216432865731675e-06,1.0746492985971973e-06,1.6032064128256525,1.2658815822421816e-07
0.33771543086171957,5.702404809619281e-06,1.6898797595190466e-06,9.358717434869785,2.3234073677872025e-08
0.20276553106212283,5.030060120240517e-06,9.44388777555112e-07,7.254509018036093,3.647046032311197e-08
0.12268537074148299,6.102204408817634e-07,1.2309619238476998e-06,9.278557114228501,1.3005948625238623e-07
0.21018036072144133,5.6693386773547515e-06,9.804609218436895e-07,0.48096192384769554,3.403687673693422e-09
0.07004008016032065,5.074148296593223e-06,1.1087174348697427e-06,1.7635270541082178,6.55393141723165e-08
0.18126252505009918,1.9328657314629345e-06,7.540080160320642e-07,5.531062124248497,4.17528388944357e-08
0.07226452905811624,5.614228456913869e-06,1.6718436873747579e-06,5.270541082164326,1.1777755652443835e-07
0.30509018036071817,3.211422845691403e-06,1.3051102204408868e-06,6.773547094188392,6.097774379362245e-08
0.22056112224448723,1.701402805611229e-06,1.6558116232465012e-06,5.711422845691385,7.129970771610592e-09
0.20350701402805468,3.7404809619238727e-06,1.164829659318641e-06,4.188376753506998,3.3428513635946814e-09
0.22352705410821463,3.7184368737475198e-06,1.1508016032064165e-06,4.7895791583166245,4.794792007627997e-09
0.07597194388777556,1.5250501002004057e-06,1.3932865731462984e-06,6.032064128256519,1.4668751854777282e-08
0.3369739478957877,5.5480961923848105e-06,8.341683366733475e-07,1.923847695390783,1.9752935446592865e-08
0.2628256513026027,4.996993987975988e-06,1.6678356713426937e-06,4.849699398797587,2.0600332707312074e-07
0.34513026052103807,1.679358717434876e-06,1.1988977955911865e-06,9.118236472945934,5.4232449648965807e-08
0.12639278557114228,4.36873747494993e-06,1.2189378757515073e-06,0.24048096192384763,6.456665021276253e-09
0.17977955911823548,3.828657314629284e-06,1.3431863727454964e-06,4.569138276553095,1.0103809279812371e-07
0.3918436873747446,2.1533066132264635e-06,1.429358717434876e-06,5.010020040080154,1.3647799090803609e-08
0.20054108216432728,3.013026052104227e-06,1.6057114228456992e-06,2.6252505010019993,1.2812928334329933e-08
0.27839679358717156,1.3266533066132296e-06,1.4013026052104268e-06,6.112224448897803,4.4210244206650685e-09
0.17458917835671253,2.583166332665345e-06,1.5656312625250575e-06,3.607214428857701,1.410551324449193e-07
0.2850701402805582,1.7124248496994054e-06,7.580160320641283e-07,6.4929859719439,1.0226816316947249e-08
0.3873947895791535,3.387775551102226e-06,1.2930861723446943e-06,8.33667334669342,2.8848084794416748e-08
0.14863727454909778,2.649298597194404e-06,1.6357715430861804e-06,1.8236472945891797,4.6524511477403566e-08
0.2717234468937849,3.475951903807638e-06,1.7059118236473033e-06,3.9478957915831483,1.5859921103832726e-07
0.23020040080160128,9.73947895791583e-07,1.453406813627261e-06,5.81162324649299,3.2831024201938543e-09
0.12565130260521043,3.2555110220441088e-06,1.1327655310621277e-06,6.533066132264541,5.7247579336311254e-08
0.3518036072144247,8.086172344689377e-07,1.4874749498998063e-06,0.8416833667334674,3.393209730225639e-08
0.33919839679358327,2.7595190380761684e-06,1.3712424849699455e-06,5.611222444889781,3.128699442624505e-08
0.046312625250501005,4.655310621242518e-06,1.6578156312625333e-06,6.212424849699407,8.667777204364058e-08
0.14937875751502963,7.204408817635269e-07,1.3992985971943947e-06,1.2625250501002012,1.170806757856823e-08
0.27691382765530786,1.6132264529058173e-06,1.3772545090180418e-06,2.244488977955911,7.944810838756272e-09
0.09673346693386775,2.9799599198396975e-06,1.5716432865731538e-06,0.9418837675350707,3.849808711008427e-08
0.05521042084168337,5.933867735470986e-06,1.4413827655310684e-06,9.519038076152352,1.720076971183674e-07
0.31102204408817297,3.53106212424852e-06,1.5736472945891858e-06,5.330661322645288,4.8820520804543545e-09
0.0937675350701403,3.3987975951904027e-06,1.5335671342685442e-06,6.472945891783579,1.67933727062623e-08
0.14418837675350668,3.905811623246519e-06,1.261022044088181e-06,8.196392785571174,1.4233287136145672e-07
0.15901803607214368,5.0851703406813995e-06,7.800601202404813e-07,5.851703406813631,9.834135476271293e-08
0.2835871743486945,7.53507014028056e-07,1.6137274549098275e-06,8.597194388777591,5.742435499937533e-09
0.17607214428857623,4.6002004008016356e-06,1.4774549098196459e-06,6.95390781563128,2.1616970056880242e-08
0.3725651302605165,2.2194388777555222e-06,8.602204408817645e-07,5.951903807615236,2.3025498667447877e-08
0.37627254509017577,5.217434869739517e-06,9.263527054108233e-07,2.4849699398797562,2.0050503437821416e-07
0.38220440881763057,1.6462925851703467e-06,1.6958917835671429e-06,7.515030060120265,2.6279361625504535e-07
0.21314629258516873,2.6933867735471097e-06,9.383767535070158e-07,5.671342685370743,5.472371083354339e-08
0.35106212424849287,1.7344689378757583e-06,9.844689378757536e-07,1.7234468937875764,6.227919418567197e-09
0.06781563126252506,4.985971943887811e-06,1.0846693386773578e-06,5.490981963927855,1.2889192695663145e-07
0.06188376753507015,2.8366733466934036e-06,1.5616232464929933e-06,8.076152304609248,6.939669640238394e-09
0.2702404809619212,3.5641282565130495e-06,1.699899799599207e-06,2.66533066132264,1.2697905170594254e-08
0.23094188376753313,5.404809619238517e-06,1.3892785571142343e-06,8.35671342685374,1.0044025817810384e-08
0.13306613226452893,5.867735470941928e-06,1.2950901803607264e-06,4.989979959919833,2.636051006235189e-08
0.09302605210420843,7.86573146292585e-07,9.123246492985987e-07,8.697394789579196,1.5908895193250815e-08
0.04482965931863728,4.423847695390812e-06,1.3411823647294643e-06,9.038076152304651,6.980975535282353e-08
0.05298597194388778,6.983967935871742e-07,1.455410821643293e-06,1.5030060120240492,9.571659350190533e-08
0.18719438877755398,1.0621242484969947e-06,9.824649298597216e-07,8.99799599198401,3.302643910066035e-08
0.15827655310621183,1.0290581162324654e-06,1.1287575150300636e-06,1.8436873747495004,4.289779433057635e-08
0.1123046092184369,4.644288577154341e-06,8.762525050100212e-07,1.9438877755511037,4.407414698389934e-08
0.10488977955911825,1.3486973947895825e-06,7.640280561122246e-07,6.312625250501012,1.4492317698906792e-07
0.20721442885771393,5.7905811623246924e-06,1.5455911823647367e-06,7.935871743487003,1.4801627807442089e-08
0.23687374749498794,2.087174348697405e-06,1.1227454909819673e-06,0.02004008016032064,5.489269300501761e-09
0.14789579158316593,5.39378757515034e-06,8.942885771543099e-07,3.206412825651292,9.067536824862865e-08
0.11897795591182367,1.7895791583166406e-06,1.555611222444897e-06,8.897795591182405,4.737120769556475e-08
0.24354709418837459,2.726452905811639e-06,1.092685370741486e-06,0.4408817635270542,6.321739877604301e-08
0.21759519038075983,4.798597194388812e-06,9.644288577154328e-07,9.298597194388822,6.574169400835498e-09
0.3710821643286528,4.5010020040080475e-06,9.864729458917857e-07,3.527054108216419,2.194261878760513e-07
0.3028657314629226,5.360721442885811e-06,1.0365731462925878e-06,4.889779559118229,2.0975236671744169e-07
0.22575150300601018,3.3657314629258733e-06,1.5155310621242555e-06,2.424849699398795,1.0195333991450423e-07
0.18645290581162213,5.195390781563164e-06,1.723947895791592e-06,7.85571142284572,5.89990581612285e-09
0.09821643286573148,1.458917835671347e-06,1.745991983967945e-06,0.7615230460921848,7.2597285938041026e-09
0.07152304609218438,2.2965931863727574e-06,1.6397795591182446e-06,3.9679358717434687,6.856200046703184e-08
0.10266533066132266,5.041082164328694e-06,1.116733466933871e-06,5.1302605210420795,4.737120769556475e-08
0.24503006012023829,4.578156312625283e-06,1.2089178356713469e-06,1.3426853707414839,4.027362659733698e-08
0.36737474949899357,4.346693386773577e-06,9.44388777555112e-07,3.807615230460905,7.663343465471093e-09
0.20943887775550948,3.938877755511048e-06,8.361723446893796e-07,3.0861723446893694,2.135696348629931e-07
0.3755310621242439,2.9799599198396975e-06,1.2229458917835714e-06,9.859719438877807,2.0112417689589337e-08
0.17681362725450808,4.8647294589178704e-06,7.720440881763529e-07,5.3106212424849675,1.1395575623446218e-08
0.07226452905811624,4.192384769539107e-06,1.599699398797603e-06,1.5430861723446905,1.7887603112394953e-08
0.06633266533066133,5.515030060120281e-06,1.7439879759519128e-06,8.276553106212457,5.7766152880766516e-08
0.20202404809619098,1.558116232464935e-06,1.311122244488983e-06,7.294589178356735,1.4406567770292772e-08
0.20647294589178208,3.211422845691403e-06,1.016533066132267e-06,3.56713426853706,1.709899408108259e-08
0.23539078156312424,5.779559118236516e-06,1.3211422845691435e-06,3.0460921843687285,1.67933727062623e-08
0.15086172344689333,4.655310621242518e-06,1.6097194388777633e-06,4.048096192384752,3.849808711008427e-08
0.3829458917835624,4.21442885771546e-06,1.5856713426853783e-06,4.348697394789565,2.990764772383205e-08
0.06040080160320642,4.049098196392813e-06,9.604208416833687e-07,5.951903807615236,3.89667752552722e-09
0.24947895791582939,2.671342685370757e-06,1.4694388777555176e-06,5.430861723446893,1.5624545225189744e-08
0.12416833667334672,6.322645290581161e-07,1.3872745490982022e-06,9.45891783567139,8.21126056776284e-08
0.26356713426853456,2.4949899799599336e-06,9.363727454909837e-07,8.837675350701442,1.7356581786691898e-07
0.0915430861723447,5.217434869739517e-06,1.5015030060120309e-06,5.971943887775557,3.955379003436076e-08
0.21314629258516873,5.526052104208458e-06,1.5095190380761592e-06,4.408817635270528,2.3234073677872025e-08
0.3340080160320603,3.046092184368756e-06,1.4834669338677421e-06,2.104208416833668,1.2812928334329933e-08
0.10785571142284571,1.359719438877759e-06,1.0305611222444915e-06,2.9659318637274468,4.4210244206650685e-09
0.32436873747494627,3.696392785571167e-06,1.5816633266533142e-06,1.4028056112224458,5.794452985489463e-09
0.08116232464929861,1.4148296593186412e-06,8.181362725450908e-07,5.390781563126251,7.237380178469336e-08
0.24280561122244274,5.030060120240517e-06,8.562124248497004e-07,9.118236472945934,7.52637157376031e-09
0.27098196392785306,5.991983967935871e-07,1.3011022044088226e-06,1.7034068136272558,1.2697905170594254e-08
0.39851703406813127,4.445891783567165e-06,1.6658316633266616e-06,6.8537074148296755,6.67320594089329e-08
0.03222444889779559,3.1012024048096384e-06,1.750000000000009e-06,1.2024048096192392,1.865497796254111e-07
0.3443887775551062,3.134268537074168e-06,1.1327655310621277e-06,2.5851703406813584,8.36069670472126e-08
0.31843687374749147,4.36873747494993e-06,1.3291583166332718e-06,8.877755511022084,1.3605785580442623e-07
0.27543086172344416,1.5030060120240528e-06,1.651803607214437e-06,8.637274549098233,6.097774379362245e-08
0.16346693386773478,5.757515030060163e-06,8.001002004008021e-07,4.989979959919833,8.986136480954638e-08
0.030741482965931863,5.713426853707457e-06,7.800601202404813e-07,9.218436873747539,3.658307800722014e-09
0.29470941883767227,4.644288577154341e-06,7.920841683366737e-07,3.7675350701402643,2.6123868665011513e-08
0.3770140280561076,5.250501002004046e-06,1.2489979959919885e-06,9.01803607214433,1.720076971183674e-07
0.16494989979959848,5.636272545090222e-06,1.3532064128256568e-06,6.553106212424862,1.756788641856335e-08
0.24725450901803384,3.2555110220441088e-06,1.285070140280566e-06,2.2645290581162314,2.0851127810440406e-08
0.26801603206412566,9.95991983967936e-07,1.2289579158316677e-06,1.7635270541082178,3.1954753982905597e-09
0.36589178356712987,4.6002004008016356e-06,9.844689378757536e-07,9.719438877755561,4.794792007627997e-09
0.2717234468937849,5.702404809619281e-06,1.335170340681368e-06,5.250501002004005,4.926275837701879e-09
0.16865731462925773,1.7124248496994054e-06,1.555611222444897e-06,9.879759519038128,1.1884443700484002e-07
0.2746893787575123,5e-07,1.62575150300602e-06,0.7214428857715435,5.2001591054217385e-09
0.37034068136272097,1.5360721442885822e-06,1.7279559118236562e-06,3.927855711422828,9.864502451429094e-09
0.07078156312625251,2.4178356713426984e-06,1.723947895791592e-06,6.192384769539086,2.9373089002327434e-08
0.19757515030059988,2.8807615230461094e-06,1.7079158316633354e-06,6.352705410821653,1.0013106196268845e-07
0.23464929859719239,1.4258517034068177e-06,8.301603206412833e-07,6.973947895791601,2.3584083257515229e-07
0.25763527054107976,1.6462925851703467e-06,7.860721442885775e-07,8.857715430861763,5.828942389058411e-08
0.25170340681362496,2.748496993987992e-06,8.48196392785572e-07,2.3647294589178336,5.1534766658866535e-09
0.30805611222444557,5.7685370741483395e-06,9.984969939879782e-07,7.274549098196414,1.6493213899842532e-08
0.07819639278557115,1.7344689378757583e-06,1.6317635270541162e-06,9.318637274549143,3.017856424233416e-08
0.38517034068135797,2.186372745490993e-06,7.560120240480963e-07,2.284569138276552,1.4801627807442089e-08
0.2791382765531034,3.090180360721462e-06,1.4754509018036138e-06,0.7815631262525055,4.709091590492342e-09
0.27394789579158046,4.875751503006047e-06,1.186873747494994e-06,0.1603206412825651,8.436431542325698e-08
0.19164328657314508,3.1783567134268736e-06,1.236973947895796e-06,4.4488977955911695,3.861696593350839e-09
0.08635270541082166,2.8036072144288742e-06,1.0345691382765557e-06,1.9639278557114244,2.7826059875738966e-08
0.0670741482965932,4.456913827655342e-06,8.261523046092191e-07,6.032064128256519,1.32835350999804e-08
0.24577154308617014,4.941883767535106e-06,1.7159318637274637e-06,6.072144288577161,6.28433462921735e-09
0.3903607214428809,2.5611222444889923e-06,9.223446893787591e-07,3.1863727454909716,6.321739877604301e-08
0.2539278557114205,1.7785571142284641e-06,1.431362725450908e-06,1.6232464929859731,1.372903272093915e-07
0.26653306613226196,3.894789579158343e-06,1.263026052104213e-06,0.06012024048096192,6.153010679479303e-08
0.37627254509017577,5.570140280561163e-06,1.2169338677354752e-06,9.979959919839732,2.4450304378327506e-07
0.15456913827655258,1.580160320641288e-06,1.0065130260521066e-06,8.236472945891816,1.9931866151902852e-08
0.13825651302605188,9.408817635270538e-07,7.9809619238477e-07,7.5350701402805855,1.7410177437190367e-08
0.21240480961923688,2.0100200400801696e-06,1.3151302605210472e-06,0.6813627254509022,1.493570740844531e-08
0.24058116232464719,3.861723446893813e-06,1.4894789579158384e-06,3.607214428857701,1.2928993428054696e-08
0.21611222444889613,3.971943887775578e-06,9.68436873747497e-07,9.47895791583171,2.1812786000763643e-08
0.25466933867735236,2.704408817635286e-06,1.0726452905811653e-06,7.314629258517056,2.0050503437821416e-07
0.31398797595190037,2.3186372745491103e-06,1.2069138276553148e-06,10.000000000000053,4.487624919593595e-08
0.055951903807615236,3.1232464929859913e-06,9.083166332665345e-07,7.675350701402832,9.149674528592205e-08
0.16420841683366663,1.9769539078156403e-06,8.321643286573154e-07,1.5030060120240492,1.4277238318018253e-08
0.13899799599198373,1.701402805611229e-06,1.697895791583175e-06,1.102204408817636,1.410551324449193e-07
0.3577354709418795,4.247494989979989e-06,1.6057114228456992e-06,9.138276553106255,1.3647799090803609e-08
0.19386773547094063,2.605210420841698e-06,1.1187374749499032e-06,6.633266533066146,2.2410940966275984e-08
0.3369739478957877,1.9108216432865816e-06,1.1708416833667373e-06,2.925851703406806,3.2536296238599114e-09
0.19683366733466803,3.354709418837697e-06,9.744488977955932e-07,4.509018036072132,5.247264414856532e-09
0.38665330661322167,7.755511022044086e-07,1.455410821643293e-06,3.9478957915831483,6.456665021276253e-09
0.3592184368737432,1.6132264529058173e-06,1.553607214428865e-06,4.068136272545073,3.082266652983923e-09
0.3310420841683329,4.005010020040107e-06,8.281563126252512e-07,3.7274549098196235,4.3678488185788484e-08
0.35847695390781137,5.537074148296634e-06,1.2309619238476998e-06,0.18036072144288573,2.0663944785168352e-08
0.35995991983967507,5.173346693386811e-06,1.4213426853707476e-06,1.22244488977956,4.22611514389484e-09
0.3087975951903774,2.6603206412825803e-06,7.880761523046096e-07,6.653306613226467,1.6148554660478927e-07
0.39406813627254017,2.3737474949899926e-06,7.5e-07,9.078156312625293,1.772702399668077e-08
0.0485370741482966,3.453907815631285e-06,1.6958917835671429e-06,8.937875751503046,1.2773484897791362e-07
0.28284569138276267,9.078156312625248e-07,1.1267535070140315e-06,0.220440881763527,2.2010375730879713e-08
0.09228456913827657,5.294589178356752e-06,9.403807615230478e-07,8.09619238476957,1.1360495378540841e-07
0.1100801603206413,5.6472945891783986e-06,1.4153306613226513e-06,9.23847695390786,7.920353459931748e-08
0.042605210420841685,4.55611222444893e-06,1.429358717434876e-06,4.829659318637266,4.100656341383988e-08
0.16717434869739403,1.0400801603206418e-06,1.0526052104208444e-06,1.4228456913827665,1.4233287136145672e-07
0.22797595190380573,2.583166332665345e-06,1.1748496993988015e-06,2.66533066132264,4.407414698389934e-08
0.11675350701402808,3.6853707414829904e-06,8.70240480961925e-07,9.278557114228501,6.754447705087553e-09
0.2583767535070116,4.732464929859753e-06,1.4514028056112288e-06,8.11623246492989,3.5606664308363043e-09
0.13232464929859708,5.4268537074148695e-06,1.72194388777556e-06,9.098196392785614,1.2432556623962576e-07
0.13603206412825633,4.2585170340681655e-06,1.3672344689378814e-06,4.22845691382764,1.5717544727850532e-07
0.03370741482965932,3.7625250501002256e-06,1.1528056112224486e-06,9.67935871743492,1.507100156095861e-08
0.36144288577153877,1.2274549098196415e-06,1.3411823647294643e-06,2.384769539078154,1.1191895133682282e-08
0.19090180360721323,4.467935871743518e-06,8.522044088176362e-07,4.569138276553095,5.5891681153332165e-09
0.1182364729458918,5.05210420841687e-06,1.5956913827655387e-06,5.410821643286572,1.8544597893471567e-08
0.22278557114228278,5.900801603206457e-06,1.2710420841683414e-06,3.667334669338662,1.2029128756101005e-08
0.3933266533066083,5.448897795591222e-06,1.5435871743487046e-06,3.0060120240480876,6.007277775191063e-09
0.05298597194388778,3.112224448897815e-06,1.6778557114228541e-06,5.330661322645288,1.2545176144820482e-07
0.29322645290580857,5.272545090180399e-06,8.862725450901816e-07,4.1082164328657145,4.666817521760648e-09
0.34809619238476547,5.944889779559163e-06,1.3892785571142343e-06,0.5410821643286575,2.1745637319533232e-07
0.07448897795591183,1.2494989979959944e-06,1.3712424849699455e-06,5.290581162324647,2.0415401099160175e-07
0.20054108216432728,5.492985971943928e-06,1.0826653306613257e-06,7.85571142284572,4.076393073364223e-09
0.3636673346693343,2.461923847695404e-06,9.804609218436895e-07,7.254509018036093,4.610685546920989e-08
0.11971943887775553,5.661322645290581e-07,1.5616232464929933e-06,8.57715430861727,3.747056122430022e-08
0.06929859719438879,2.7374749498998155e-06,1.261022044088181e-06,2.024048096192386,2.2544334056057853e-07
0.09080160320641284,4.0380761523046365e-06,8.061122244488983e-07,3.6272545090180213,4.8233312876938735e-08
0.35551102204408397,1.3266533066132296e-06,1.5596192384769613e-06,8.196392785571174,2.5889351625310665e-08
0.14418837675350668,2.8587174348697565e-06,1.4774549098196459e-06,9.619238476953957,3.2831024201938543e-09
0.03,5.371743486973987e-06,8.782565130260533e-07,1.0821643286573153,1.199209817539961e-07
0.3280761523046055,4.225450901803636e-06,1.1608216432865769e-06,8.416833667334704,1.0319455279982118e-08
0.20276553106212283,4.082164328657342e-06,8.642284569138287e-07,0.48096192384769554,2.4747970279903217e-08
0.23094188376753313,4.633266533066165e-06,1.7319639278557203e-06,1.0220440881763533,1.5766079171111348e-08
0.24428857715430644,3.652304609218461e-06,9.283567134268553e-07,1.2625250501002012,1.6294835312433136e-07
0.15605210420841628,1.0290581162324654e-06,1.5475951903807688e-06,7.134268537074168,6.227919418567197e-09
0.3859118236472898,2.7815631262525213e-06,1.1988977955911865e-06,6.613226452905825,2.194261878760513e-07
0.33326653306612847,4.996993987975988e-06,1.453406813627261e-06,5.851703406813631,8.386513826088315e-09
0.19609218436873618,7.424849699398796e-07,1.0806613226452936e-06,7.394789579158339,2.3871203503425444e-08
0.14492985971943853,1.8557114228456993e-06,9.103206412825666e-07,8.757515030060159,3.486259066018347e-08
0.04779559118236473,3.4649298597194614e-06,1.6598196392785654e-06,5.571142284569139,2.0478442123916343e-08
0.24799599198396569,3.6633266533066375e-06,1.5916833667334746e-06,9.839679358717486,5.000487693921524e-08
0.3117635270541048,2.9028056112224623e-06,1.1908817635270581e-06,4.929859719438871,9.775947653412929e-09
0.31250501002003667,5.2064128256513405e-06,1.48146292585171e-06,7.17434869739481,2.6279361625504535e-07
0.3265931863727418,2.021042084168346e-06,1.0626252505010049e-06,5.37074148296593,2.999999999999995e-09
0.17829659318637178,2.483967935871757e-06,8.72244488977957e-07,4.388777555110207,7.802808098728738e-09
0.23242484969939683,3.7184368737475198e-06,1.2149298597194431e-06,9.779559118236524,1.9515349282072065e-07
0.19979959919839543,4.016032064128284e-06,1.0586172344689407e-06,2.8657314629258446,3.045193484083197e-08
0.3043486973947863,5.220440881763527e-07,1.164829659318641e-06,0.36072144288577157,1.1463403701015199e-07
0.320661322645287,5.360721442885811e-06,1.575651302605218e-06,8.256513026052136,7.571169601678531e-08
0.053727454909819644,2.550100200400816e-06,8.201402805611229e-07,5.030060120240475,2.580965360693336e-07
0.2850701402805582,1.82264529058117e-06,8.602204408817645e-07,6.312625250501012,5.881743491745444e-08
0.19535070140280433,3.0350701402805797e-06,1.0866733466933898e-06,7.995991983967966,3.528701909752935e-09
0.04927855711422846,2.0541082164328754e-06,1.5255511022044159e-06,4.529058116232453,1.4492317698906792e-07
0.12342685370741485,2.16432865731464e-06,1.1928857715430902e-06,5.751503006012027,2.4671785900366934e-07
0.30509018036071817,3.5420841683366965e-06,1.6898797595190466e-06,2.344689378757513,2.2748550467552831e-07
0.24651302605210199,5.966933867735516e-06,1.6417835671342766e-06,6.112224448897803,5.6224356343255174e-08
0.07745490981963929,3.982965931863754e-06,1.0846693386773578e-06,6.372745490981974,1.871258295016051e-08
0.2598597194388753,2.528056112224463e-06,9.884769539078178e-07,8.076152304609248,4.303025907623951e-09
0.3873947895791535,5.481963927855752e-06,1.2670340681362772e-06,1.3026052104208425,2.029460474185898e-08
0.2554108216432842,4.798597194388812e-06,1.0546092184368765e-06,3.987975951903789,9.095536608490571e-09
0.09525050100200402,2.8366733466934036e-06,1.2890781563126302e-06,7.955911823647324,1.5345277627925272e-08
0.15679358717434813,4.853707414829694e-06,1.1347695390781598e-06,0.6412825651302608,2.220975531495786e-08
0.20869739478957763,4.611222444889812e-06,7.940881763527058e-07,8.056112224448928,1.304610989002486e-08
0.22204408817635093,4.7104208416834e-06,1.0506012024048124e-06,3.246492985971933,8.512852419123945e-08
0.17903807615230363,3.0791583166332855e-06,1.7359719438877845e-06,7.154308617234489,1.3771426808002863e-08
0.08931863727454911,3.949899799599225e-06,1.018537074148299e-06,9.739478957915882,8.932966202896297e-09
0.3458717434869699,2.1092184368737577e-06,1.1968937875751544e-06,0.1002004008016032,1.2889192695663145e-07
0.1019238476953908,2.142284569138287e-06,9.243486973947912e-07,4.68937875751502,4.137801875189916e-08
0.3992585170340631,7.094188376753506e-07,1.6678356713426937e-06,2.3046092184368723,3.780998591215752e-08
0.0937675350701403,5.92284569138281e-06,1.5195390781563196e-06,5.350701402805609,1.5576446481330998e-07
0.1123046092184369,1.216432865731465e-06,1.4353707414829722e-06,3.2665330661322534,1.3525281194153306e-08
0.09006012024048098,5.096192384769576e-06,1.333166332665336e-06,3.1262525050100103,8.82552145456136e-08
0.05446893787575151,2.627254509018051e-06,1.2650300601202452e-06,7.054108216432884,5.489269300501761e-09
0.3028657314629226,4.677354709418871e-06,1.6457915831663408e-06,0.8817635270541088,1.6945494401338487e-08
0.19905811623246358,2.4509018036072277e-06,1.136773547094192e-06,8.55711422845695,1.3005948625238623e-07
0.291002004008013,3.8066132264529314e-06,1.4493987975951967e-06,0.8617234468937881,5.639797238061665e-09
0.3518036072144247,2.726452905811639e-06,1.1668336673346731e-06,3.5070140280560986,1.957561102325661e-08
0.20350701402805468,4.7434869739479295e-06,1.6077154308617312e-06,0.5010020040080162,2.519835680042233e-08
0.19016032064128138,4.6222444889779885e-06,7.620240480961925e-07,6.212424849699407,7.391847869215242e-09
0.27839679358717156,1.7565130260521112e-06,1.4393787575150363e-06,4.90981963927855,7.944810838756272e-09
0.08412825651302606,3.310621242484991e-06,7.540080160320642e-07,0.9819639278557121,9.067536824862865e-08
0.30583166332665,2.0981963927855813e-06,1.2970941883767585e-06,7.034068136272563,2.430563380881668e-08
0.11452905811623248,3.3216432865731675e-06,1.7379759519038166e-06,7.615230460921869,3.4970243379325587e-09
0.3147294589178322,5.58116232464934e-06,1.6858717434869824e-06,1.743486973947897,9.601215821362486e-09
0.08709418837675352,5.349699398797634e-06,1.092685370741486e-06,5.090180360721438,1.2248045999982468e-08
0.21166332665330503,5.261523046092223e-06,1.0145290581162349e-06,9.899799599198449,2.0232129643792195e-07
0.20573146292585023,1.3927855711422883e-06,9.724448897795612e-07,5.230460921843684,9.834135476271293e-08
0.2969338677354678,3.630260521042108e-06,1.5836673346693462e-06,2.9458917835671263,8.589965549558257e-08
0.18126252505009918,3.8176352705411074e-06,1.6718436873747579e-06,9.338677354709464,4.9111107448132296e-08
0.23316633266532868,1.8116232464929935e-06,1.4934869739479025e-06,9.378757515030106,9.65836361564754e-08
0.057434869739478964,3.553106212424873e-06,1.5375751503006084e-06,9.959919839679412,5.045784292616258e-08
0.31547094188376407,2.6823647294589332e-06,1.407314629258523e-06,9.038076152304651,8.746293711079734e-08
0.03963927855711423,2.428857715430875e-06,9.92484969939882e-07,0.02004008016032064,5.935022889851916e-08
0.13677354709418818,5.933867735470986e-06,1.6137274549098275e-06,5.010020040080154,1.0507258299972768e-08
0.09895791583166334,1.1833667334669357e-06,1.3251503006012076e-06,1.9438877755511037,4.251269578850732e-08
0.08190380761523047,4.7214428857715765e-06,1.623747494989988e-06,4.649298597194378,2.4087439277141948e-08
0.09599198396793589,5.856713426853751e-06,1.4634268537074213e-06,3.426853707414817,9.013884907233523e-09
0.3488376753506973,5.008016032064164e-06,1.138777555110224e-06,8.897795591182405,8.905466877501802e-08
0.3325250501001966,4.203406813627283e-06,1.3652304609218493e-06,2.064128256513027,3.403687673693422e-09
0.21388777555110058,3.883767535070166e-06,1.4033066132264588e-06,4.9699398797595125,2.7328706719481546e-08
0.10711422845691385,4.8977955911824e-06,1.0225450901803632e-06,4.148296593186356,3.31284219397272e-09
0.33771543086171957,3.7845691382765785e-06,8.22144288577155e-07,3.026052104208408,5.98878491598638e-08
0.2895190380761493,4.390781563126283e-06,1.212925851703411e-06,4.609218436873737,3.75862671350548e-09
0.2568937875751479,5.771543086172344e-07,1.2449899799599243e-06,7.354709418837698,1.1602962879706392e-08
0.36440881763526617,2.241482965931875e-06,1.0205410821643311e-06,6.693386773547108,1.5859921103832726e-07
0.26505010020039826,2.946893787575168e-06,1.5395791583166404e-06,8.917835671342726,1.0698479133535965e-08
0.10044088176352707,5.470941883767575e-06,1.6918837675350787e-06,0.6012024048096195,2.1422911975742003e-08
0.16569138276553033,1.238476953907818e-06,9.824649298597216e-07,6.092184368737482,4.328638126321561e-08
0.08561122244488979,5.834669338677398e-06,1.747995991983977e-06,3.3266533066132147,3.373132369364782e-09
0.11527054108216435,3.4869739478958143e-06,9.383767535070158e-07,7.3747494989980185,1.8157070814572204e-07
0.3710821643286528,1.6903807615230525e-06,1.67384769539079e-06,6.4929859719439,7.108021803950241e-08
0.37182364729458467,3.288577154308638e-06,1.3692384769539134e-06,9.198396793587218,3.967592877875655e-09
0.276172344689376,4.071142284569166e-06,1.7139278557114316e-06,7.454909819639302,7.065964185911035e-09
0.31695390781562777,6.212424849699398e-07,1.1247494989979994e-06,9.498997995992031,2.3025498667447877e-08
0.39999999999999497,5.39378757515034e-06,1.114729458917839e-06,6.412825651302616,2.6840243077698728e-08
0.20721442885771393,3.2444889779559323e-06,1.6117234468937954e-06,5.931863727454915,1.7253884227880857e-08
0.16124248496993923,1.3817635270541118e-06,7.660320641282567e-07,5.81162324649299,5.953349736485778e-09
0.24354709418837459,2.043086172344699e-06,1.527555110220448e-06,7.8757515030060405,2.0786939506635984e-07
0.15827655310621183,1.2054108216432886e-06,1.0986973947895823e-06,4.00801603206411,9.571659350190533e-08
0.15382765531062073,3.960921843687401e-06,1.1067134268537107e-06,4.589178356713416,8.773301523254539e-09
0.29026052104208117,8.416833667334667e-07,1.2990981963927906e-06,2.7655310621242424,7.503202322221332e-08
0.14567134268537038,4.401803607214459e-06,9.20340681362727e-07,8.697394789579196,1.6591383841294045e-07
0.2984168336673315,3.013026052104227e-06,1.1107214428857748e-06,6.392785571142295,3.302643910066035e-08
0.14789579158316593,8.857715430861721e-07,8.542084168336683e-07,0.5611222444889782,1.8882089688766365e-08
0.15234468937875703,6.102204408817634e-07,1.2409819639278602e-06,8.537074148296629,1.5207521266919347e-08
0.038897795591182366,2.285571142284581e-06,1.2930861723446943e-06,8.016032064128286,1.1091424175530981e-08
0.25911823647294346,7.645290581162323e-07,1.1227454909819673e-06,4.288577154308602,4.113318819905044e-09
0.12639278557114228,4.512024048096224e-06,1.1848697394789619e-06,8.296593186372778,1.799407265562136e-07
0.04112224448897796,4.236472945891813e-06,7.840681362725454e-07,6.27254509018037,3.465631139397911e-09
0.14863727454909778,2.6162324649298745e-06,9.624248496994007e-07,8.99799599198401,2.452580484173361e-08
0.3962925851703357,2.770541082164345e-06,1.3491983967935926e-06,7.094188376753526,1.1921141853309708e-08
0.14641282565130223,4.952905811623282e-06,1.1548096192384806e-06,3.5470941883767395,1.0287687773848661e-07
0.14270541082164298,3.332665330661344e-06,1.1808617234468977e-06,5.4709418837675345,2.5426614507594158e-08
0.22056112224448723,5.614228456913869e-06,1.5355711422845763e-06,7.575150300601227,1.4149069871438658e-08
0.23983967935871534,1.7675350701402877e-06,1.2910821643286622e-06,9.058116232464972,4.5014823242197184e-09
0.0833867735470942,1.943887775551111e-06,1.2209418837675394e-06,7.214428857715451,8.064495399482927e-08
0.09302605210420843,5.459919839679399e-06,1.5636272545090254e-06,3.8276553106212257,3.691446348498587e-09
0.06781563126252506,2.065130260521052e-06,1.1427855711422881e-06,0.20040080160320636,7.594548730404174e-09
0.2821042084168308,4.974949899799635e-06,1.2510020040080206e-06,8.677354709418875,6.043033942004035e-08
0.23168336673346498,2.891783567134286e-06,8.4619238476954e-07,0.38076152304609223,8.311227105690022e-09
0.35106212424849287,4.093186372745519e-06,1.3512024048096247e-06,9.599198396793636,3.15704056688351e-08
0.2657915831663301,5.603206412825693e-06,1.4373747494990042e-06,6.533066132264541,2.963916325476094e-08
0.03741482965931864,3.3657314629258733e-06,7.760521042084171e-07,8.517034068136308,9.429607084301275e-09
0.11897795591182367,3.2775551102204617e-06,1.238977955911828e-06,2.885771543086165,3.128699442624505e-08
0.2643086172344664,3.0240480961924033e-06,1.5736472945891858e-06,2.1442885771543088,1.475606234013781e-07
0.14196392785571113,4.1593186372745775e-06,1.0485971943887803e-06,1.683366733466935,5.061365245982989e-09
0.2702404809619212,5.6693386773547515e-06,1.1688376753507052e-06,1.8436873747495004,8.694542564234344e-09
0.18052104208416733,8.747494989979958e-07,1.0045090180360745e-06,6.432865731462937,8.667777204364058e-08
0.0648496993987976,1.5911823647294644e-06,9.524048096192403e-07,3.6472945891783417,1.704635638029228e-07
0.3473547094188336,4.699398797595224e-06,7.780561122244492e-07,3.5871743486973804,5.742435499937533e-09
0.3295591182364692,6.543086172344688e-07,1.2570140280561168e-06,6.132264529058124,2.6043448707220176e-07
0.394809619238472,4.545090180360753e-06,9.964929859719461e-07,3.2264529058116125,6.918306497332757e-08
0.28432865731462637,1.2605210420841709e-06,1.701903807615239e-06,9.69939879759524,6.398702780440241e-09
0.3562525050100158,8.637274549098194e-07,1.479458917835678e-06,6.813627254509034,3.393209730225639e-08
0.10637274549098198,1.3156312625250531e-06,9.043086172344704e-07,9.759519038076203,8.137547116464442e-08
0.22426853707414648,5.140280561122282e-06,1.3471943887775605e-06,0.9218436873747501,5.538993496190613e-09
0.06188376753507015,3.795591182364755e-06,1.6377755511022125e-06,5.611222444889781,3.7248850796956136e-09
0.13751503006012003,8.527054108216431e-07,1.287074148296598e-06,7.434869739478981,1.0103809279812371e-07
0.21981963927855538,1.0511022044088183e-06,1.7399799599198487e-06,1.2825651302605219,1.9340157697661464e-07
0.05521042084168337,2.1973947895791693e-06,1.0245490981963953e-06,1.5631262525050111,1.0474912659293683e-07
0.33623246492985587,4.776553106212459e-06,1.505511022044095e-06,3.386773547094176,2.4013288282325376e-07
0.28136272545089897,1.5140280561122293e-06,1.4453907815631326e-06,0.04008016032064128,1.6893329235375367e-07
0.2524448897795568,3.7294589178356962e-06,1.3992985971943947e-06,9.93987975951909,1.4022052008069396e-08
0.23390781563126053,3.4208416833667556e-06,1.503507014028063e-06,2.525050100200397,4.063844267401258e-08
0.21018036072144133,6.983967935871742e-07,1.0105210420841707e-06,9.819639278557165,1.2138093851360557e-08
0.2672745490981938,4.567134268537106e-06,8.582164328657325e-07,9.158316633266576,1.3896174398989743e-08
0.3236272545090144,2.1312625250501106e-06,9.023046092184383e-07,3.206412825651292,5.7247579336311254e-08
0.10488977955911825,4.104208416833695e-06,1.3171342685370793e-06,6.833667334669355,2.5577957312742914e-07
0.32585170340680997,8.19639278557114e-07,1.0085170340681386e-06,9.539078156312673,1.0195333991450423e-07
0.13010020040080153,3.575150300601226e-06,1.042585170340684e-06,3.747494989979944,7.873489337994641e-09
0.16791583166332588,1.8887775551102287e-06,8.982965931863741e-07,2.0841683366733474,6.733654751092221e-08
0.2865531062124219,4.170340681362754e-06,1.0706412825651332e-06,3.847695390781546,9.923217364967826e-08
0.15160320641282518,1.095190380761524e-06,1.162825651302609e-06,8.176352705410853,6.574169400835498e-09
0.05076152304609219,2.990981963927874e-06,7.960921843687379e-07,5.59118236472946,1.0795390624098142e-08
0.3429058116232425,5.9118236472946334e-06,9.94488977955914e-07,7.1943887775551305,1.0135008984772664e-08
0.21092184368737318,5.559118236472987e-06,8.902805611222458e-07,8.496993987975987,4.780031675772268e-08
0.20498997995991838,1.8997995991984051e-06,1.0465931863727482e-06,1.0621242484969946,3.166789240032255e-09
0.35402805611222027,3.87274549098199e-06,8.021042084168342e-07,7.935871743487003,1.2320948101781143e-07
0.33919839679358327,4.8426853707415175e-06,8.762525050100212e-07,8.436873747495024,1.6053004905213813e-08
0.33178356713426477,1.679358717434876e-06,1.381262525050106e-06,9.398797595190427,4.2643971382578124e-09
0.27691382765530786,5.691382765531104e-06,1.6618236472945975e-06,3.4669338677354578,1.316428724399259e-08
0.12120240480961926,1.0731462925851712e-06,1.3131262525050151e-06,1.162324649298598,2.15504241772541e-07
0.30064128256512707,1.7895791583166406e-06,1.4433867735471005e-06,1.3627254509018045,8.852773915279418e-09
0.22352705410821463,5.283567134268576e-06,1.5215430861723517e-06,0.2805611222444889,1.488972918926298e-07
0.21537074148296428,1.8777555110220522e-06,1.1828657314629298e-06,0.14028056112224446,2.636051006235189e-08
0.11749498997995994,4.930861723446929e-06,8.441883767535079e-07,2.3246492985971927,7.044212256713308e-08
0.28877755511021747,2.263527054108228e-06,9.323647294589195e-07,6.472945891783579,2.0600332707312074e-07
0.22649298597194203,2.1753507014028164e-06,1.6357715430861804e-06,6.232464929859728,7.0025321948548445e-09
0.2509619238476931,4.5010020040080475e-06,1.2429859719438923e-06,5.511022044088176,5.439991484762373e-09
0.3666332665330617,2.5170340681362865e-06,8.401803607214437e-07,3.1462925851703307,6.0616943175938166e-09
0.19831663326653173,2.84769539078158e-06,1.5696392785571217e-06,5.731462925851706,1.4537068745158218e-08
0.05891783567134269,4.688376753507047e-06,1.579659318637282e-06,2.4048096192384745,2.2613949044979018e-08
0.23761523046091979,4.335671342685401e-06,1.357214428857721e-06,6.793587174348713,2.757626206545774e-08
0.36885771543085727,3.5200400801603436e-06,1.405310621242491e-06,0.24048096192384763,3.185638417408159e-08
0.3844288577154261,5.440881763527054e-07,8.502004008016041e-07,5.1503006012024,4.970900193032516e-09
0.07967935871743488,1.7234468937875819e-06,1.0285571142284595e-06,2.424849699398795,3.647046032311197e-08
0.3725651302605165,1.1062124248497005e-06,1.4954909819639346e-06,2.164328657314629,9.7458532861606e-08
0.17014028056112143,2.3406813627254632e-06,1.3031062124248547e-06,2.20440881763527,5.231111187776969e-08
0.31102204408817297,5.129258517034105e-06,7.700400801603208e-07,1.923847695390783,7.302939524999446e-08
0.08042084168336674,1.6242484969939938e-06,1.4614228456913892e-06,3.887775551102187,9.344956393115008e-09
0.23613226452905609,2.2304609218436987e-06,8.922845691382779e-07,7.595190380761548,4.3420045932324805e-09
0.32733466933867367,2.8146292585170507e-06,1.4674348697394855e-06,2.9058116232464855,2.3372366169953221e-07
0.08857715430861725,7.314629258517033e-07,1.3552104208416889e-06,9.519038076152352,3.625466741584058e-09
0.18867735470941768,4.313627254509048e-06,1.2049098196392827e-06,1.803607214428859,1.8487510032597124e-07
0.18645290581162213,2.3296593186372868e-06,1.6177354709418916e-06,2.0040080160320657,2.4895273698641046e-07
0.26208416833667086,9.298597194388775e-07,1.4994989979959988e-06,5.791583166332669,2.0975236671744169e-07
0.3918436873747446,4.2805611222445184e-06,1.088677354709422e-06,7.515030060120265,1.0665544836882487e-07
0.33030060120240107,3.3987975951904027e-06,1.1087174348697427e-06,8.136272545090211,5.184150887760377e-08
0.10933867735470944,1.0621242484969947e-06,1.4734468937875817e-06,7.234468937875772,1.21007278315068e-07
0.26060120240480716,1.1503006012024063e-06,8.802605210420854e-07,0.42084168336673355,5.107213300098497e-09
0.27246492985971676,4.809619238476988e-06,1.5495991983968009e-06,4.328657314629244,1.436221845944372e-07
0.3414228456913788,7.975951903807613e-07,9.063126252505024e-07,0.5811623246492988,1.041293340715239e-08
0.38072144288576687,2.9138276553106387e-06,1.2029058116232506e-06,8.156312625250532,1.170806757856823e-08
0.350320641282561,2.5941883767535216e-06,1.1027054108216465e-06,7.014028056112243,1.1498801718080625e-08
0.3888777555110172,1.965931863727464e-06,9.343687374749516e-07,1.6032064128256525,1.8049636823782292e-08
0.15975951903807553,4.754509018036106e-06,1.1728456913827694e-06,8.957915831663367,6.794651132981132e-08
0.12713426853707413,3.409819639278579e-06,1.5235470941883838e-06,3.4068136272544964,4.583404475339755e-09
0.35699398797594767,2.2194388777555222e-06,1.5155310621242555e-06,5.631262525050102,9.5150245783721e-09
0.2939679358717404,1.2825651302605238e-06,1.6838677354709504e-06,4.208416833667319,1.1777755652443835e-07
0.12935871743486968,3.387775551102226e-06,1.0005010020040103e-06,2.605210420841679,6.436788764236158e-08
0.22945891783566943,4.357715430861754e-06,1.5315631262525121e-06,6.012024048096198,4.8820520804543545e-09
0.39110220440881277,1.1723446893787592e-06,1.5656312625250575e-06,7.915831663326682,9.232556271469576e-08
0.12194388777555112,5.867735470941928e-06,1.4193386773547155e-06,1.863727454909821,1.4668751854777282e-08
0.08486973947895793,1.4919839679358764e-06,1.283066132264534e-06,5.450901803607214,6.877371410163831e-09
0.24132264529057904,5.881763527054108e-07,1.0265531062124274e-06,4.2685370741482815,3.592920500494241e-09
0.17533066132264438,5.118236472945929e-06,1.3051102204408868e-06,9.178356713426897,4.213105432131633e-08
0.13529058116232448,5.110220440881763e-07,1.2550100200400848e-06,1.4428857715430872,2.6517411545905547e-07
0.15901803607214368,4.489979959919871e-06,9.764529058116253e-07,1.3827655310621252,6.8156324386234326e-09
0.08783567134268538,4.02705410821646e-06,1.1287575150300636e-06,8.35671342685374,2.1616970056880242e-08
0.15308617234468888,1.9879759519038167e-06,9.564128256513045e-07,0.12024048096192383,3.1101871687808404e-09
0.10118236472945893,4.589178356713459e-06,9.584168336673366e-07,1.1422845691382773,1.7832537750302787e-07
0.29619238476953597,3.1563126252505207e-06,8.882765531062137e-07,1.0020040080160326,6.55393141723165e-08
0.39703406813626757,4.534068136272577e-06,1.2269539078156356e-06,0.26052104208416826,4.694595079589688e-08
0.11304609218436876,3.3767535070140498e-06,1.7199398797595278e-06,6.773547094188392,9.688187822227608e-09
0.07671342685370743,5.988977955911869e-06,1.3632264529058172e-06,6.95390781563128,8.4624825264393e-09
0.10563126252505012,1.2935871743487002e-06,1.0746492985971973e-06,7.795591182364757,7.45880645146543e-09
0.2835871743486945,5.415831663326693e-06,7.580160320641283e-07,1.1222444889779566,3.243613620474149e-08
0.18274549098196288,4.18136272545093e-06,7.74048096192385e-07,6.05210420841684,5.89990581612285e-09
0.17755511022043993,6.000000000000045e-06,1.43336673346694e-06,2.6452905811623197,7.435845193020915e-08
0.17162324649298513,1.1613226452905828e-06,1.5175350701402875e-06,7.41482965931866,2.9109403329733362e-08
0.16198396793587108,1.4038076152304647e-06,1.725951903807624e-06,5.490981963927855,1.1293276201596956e-08
0.34068136272544697,4.886773547094223e-06,1.4654308617234534e-06,4.809619238476945,6.495096004526122e-08
0.13158316633266523,2.649298597194404e-06,1.0385771543086199e-06,4.709418837675341,1.0044025817810384e-08
0.10340681362725453,3.674348697394814e-06,1.3391783567134322e-06,9.559118236472994,2.8078120463545054e-08
0.32140280561121887,5.5480961923848105e-06,1.5455911823647367e-06,2.1242484969939883,5.1376121558769204e-08
0.04705410821643287,9.849699398797595e-07,1.0566132264529086e-06,0.4609218436873749,7.172409365899115e-08
0.25022044088176126,3.0571142284569326e-06,7.640280561122246e-07,5.83166332665331,4.9555977281176014e-08
0.16643286573146218,2.362725450901816e-06,1.3972945891783626e-06,8.77755511022048,1.5484281846137096e-08
0.12490981963927858,2.0761523046092284e-06,1.1948897795591223e-06,3.3066132264528942,4.569294880809442e-08
0.3814629258516987,5.437875751503046e-06,1.3952905811623305e-06,8.036072144288607,1.0859646315678305e-07
0.39555110220440387,5.3056112224449285e-06,1.2329659318637318e-06,4.749498997995983,8.236616243030248e-09
0.09450901803607216,2.6382765531062274e-06,1.188877755511026e-06,2.4849699398797562,2.3797718170805274e-07
0.06559118236472947,1.3046092184368767e-06,8.96292585170342e-07,3.166332665330651,8.285641747656146e-08
0.28581162324649007,2.825651302605227e-06,1.309118236472951e-06,4.669338677354699,1.9692127828271127e-07
0.29174348697394487,1.998997995991993e-06,9.504008016032082e-07,9.799599198396844,2.1230595976808364e-08
0.21462925851703243,1.3486973947895825e-06,1.5135270541082234e-06,2.5050100200400767,6.633721094855853e-09
0.06114228456913828,8.306613226452904e-07,1.6538076152304691e-06,3.486973947895778,6.26498887564265e-08
0.05150300601202405,2.1533066132264635e-06,8.742484969939891e-07,5.6513026052104225,2.7083373706944648e-08
0.3384569138276514,3.0020040080160504e-06,1.6798597194388862e-06,6.753507014028071,6.379004954895946e-08
0.19238476953907693,6.432865731462925e-07,1.0325651302605236e-06,1.2424849699398806,7.778787862446394e-08
0.3621843687374706,5.195390781563164e-06,1.064629258517037e-06,4.088176352705394,7.639752558399709e-08
0.34513026052103807,6.763527054108215e-07,1.0966933867735503e-06,6.452905811623258,3.68008256607722e-08
0.3191783567134233,5.23947895791587e-06,1.6437875751503087e-06,4.629258517034057,6.613299786768888e-08
0.17088176352705328,2.2525050100200516e-06,8.662324649298608e-07,5.771543086172348,2.6757617826320567e-07
0.30657314629258187,5.955911823647339e-06,9.143286573146308e-07,3.066132264529049,2.565693987264129e-08
0.040380761523046094,5.625250501002046e-06,1.5576152304609292e-06,3.286573146292574,3.072778174945252e-08
0.12787575150300598,3.6082164328657553e-06,1.6818637274549183e-06,5.671342685370743,1.916653882869674e-07
0.1204609218436874,5.1843687374749876e-06,1.2189378757515073e-06,4.028056112224431,3.517839121310008e-08
0.335490981963924,8.967935871743485e-07,1.457414829659325e-06,3.9078156312625074,2.104000642120275e-08
0.036673346693386774,3.6192384769539317e-06,1.1487975951903844e-06,8.817635270541121,4.528275783572804e-08
0.10859719438877757,1.5250501002004057e-06,1.3772545090180418e-06,1.1823647294589186,1.8321545481945037e-07
0.04186372745490982,4.908817635270576e-06,8.081162324649304e-07,0.8016032064128261,2.3162549691572214e-07
0.3607014028056069,5.0851703406813995e-06,1.4273547094188438e-06,6.3326653306613325,8.539139384414858e-09
0.11156312625250503,7.204408817635269e-07,1.307114228456919e-06,1.3226452905811632,1.6198420025806942e-08
0.261342685370739,5.845691382765575e-06,1.409318637274555e-06,7.815631262525078,2.4972148189518038e-08
0.059659318637274555,5.504008016032105e-06,1.4594188376753571e-06,8.617234468937912,4.461071988274522e-09
0.18793587174348583,1.117234468937877e-06,1.1447895791583202e-06,6.593186372745504,4.150579055964678e-09
0.10414829659318639,4.412825651302636e-06,9.904809619238499e-07,1.6432865731462938,3.3428513635946814e-09
0.26949899799598936,5.746492985971987e-06,1.7099198396793674e-06,7.695390781563153,3.614306071392014e-08
0.0566933867735471,1.800601202404817e-06,8.842685370741495e-07,2.1843687374749496,2.5348340983419886e-07
0.32288577154308257,5.338677354709458e-06,9.303607214428874e-07,5.891783567134273,1.9225723472824985e-08
0.2998997995991952,5.107214428857752e-06,1.5716432865731538e-06,7.775551102204436,2.295461676038027e-07
0.365150300601198,5.404809619238517e-06,1.2469939879759564e-06,9.438877755511069,2.11652395147073e-07
0.11378757515030062,5.162324649298635e-06,1.2770541082164377e-06,4.188376753506998,2.8589112146308006e-08
0.3740480961923802,4.985971943887811e-06,1.675851703406822e-06,4.729458917835662,3.423946904046491e-08
0.3784969939879713,5.823647294589222e-06,1.2950901803607264e-06,4.488977955911811,4.18817681149507e-09
0.38813627254508537,1.1392785571142299e-06,1.5936873747495067e-06,3.4468937875751373,5.472371083354339e-08
0.17384769539078068,1.337675350701406e-06,1.5335671342685442e-06,2.464929859719436,1.5160706293452836e-07
0.13306613226452893,2.2084168336673458e-06,1.4473947895791647e-06,0.7414829659318641,3.919871101192534e-08
0.32881763527053737,2.120240480961934e-06,1.6157314629258596e-06,4.849699398797587,2.344453805171895e-08
0.34216432865731067,2.4398797595190513e-06,1.6297595190380841e-06,5.711422845691385,6.939669640238394e-09
0.20795591182364578,3.4979959919839907e-06,1.6197394789579237e-06,2.745490981963922,8.61649063364689e-09
0.12268537074148299,6.873747494989979e-07,1.4253507014028117e-06,2.6252505010019993,1.2583914583319626e-08
0.14715430861723408,3.927855711422872e-06,1.0025050100200424e-06,6.1723446893787655,1.2470947302945877e-08
0.16050100200400738,1.7454909819639348e-06,1.6578156312625333e-06,4.428857715430849,5.4232449648965807e-08
0.22130260521041908,3.3436873747495204e-06,1.112725450901807e-06,8.657314629258554,1.0602437628815896e-08
0.18422845691382658,4.148296593186401e-06,1.3311623246493039e-06,9.298597194388822,7.708956769458073e-08
0.2628256513026027,2.4729458917835806e-06,7.600200400801604e-07,4.869739478957908,1.0569798987214693e-07
0.06262525050100201,2.924849699398815e-06,1.627755511022052e-06,4.128256513026035,5.342759000284053e-09
0.30212424849699077,3.751503006012049e-06,1.6638276553106295e-06,0.08016032064128256,1.6442441038338884e-07
0.21759519038075983,4.478957915831695e-06,1.066633266533069e-06,4.949899799599192,7.849251515934662e-08
0.25318637274548866,3.7074148296593433e-06,1.4854709418837742e-06,1.7234468937875764,6.1166037887735905e-09
0.3695991983967891,4.765531062124282e-06,1.0946893787575182e-06,8.476953907815666,3.792673993752162e-09
0.17607214428857623,5.592184368737516e-06,9.483967935871762e-07,4.549098196392774,1.4623595434028893e-07
0.03593186372745491,3.9168336673346955e-06,1.3271543086172397e-06,9.579158316633315,7.99209947635152e-08
0.34957915831662917,5.977955911823692e-06,1.3371743486974001e-06,2.785571142284563,1.5024606851011685e-07
0.33474949899799217,3.2224448897795794e-06,1.2009018036072185e-06,2.244488977955911,1.8378120858382033e-08
0.13454909819639263,4.831663326653341e-06,1.2790581162324697e-06,1.9038076152304624,1.899447855672654e-07
0.04408817635270541,1.8667334669338758e-06,1.3932865731462984e-06,3.10621242484969,9.316188793326126e-08
0.3162124248496959,5.801603206412869e-06,1.3912825651302664e-06,0.8416833667334674,1.3362600579331653e-07
0.13973947895791558,4.269539078156342e-06,9.66432865731465e-07,8.376753507014062,5.278496874674728e-08
0.23835671342685164,1.0070140280561125e-06,1.7039078156312712e-06,5.911823647294594,3.815248525689125e-08
0.21685370741482798,3.773547094188402e-06,9.183366733466949e-07,6.893787575150317,5.391156041767191e-09
0.046312625250501005,1.5470941883767586e-06,1.7299599198396883e-06,7.735470941883794,6.693812234096502e-09
0.18496993987975843,4.324649298597224e-06,1.3792585170340739e-06,8.33667334669342,1.1814124361637986e-08
0.38961923847694907,1.6352705410821703e-06,1.5115230460921913e-06,7.755511022044115,9.177927946473271e-09
0.3532865731462884,3.905811623246519e-06,9.123246492985987e-07,3.787575150300585,3.3627484876271376e-08
0.052244488977955916,4.9639278557114585e-06,1.4233466933867797e-06,7.63527054108219,3.884681957561161e-08
0.13084168336673338,5.382765531062164e-06,9.544088176352724e-07,0.3406813627254509,3.21449531973696e-08
0.24206412825651089,1.018036072144289e-06,1.4173346693386834e-06,7.334669338677377,1.1258510876173535e-07
0.03148296593186373,1.6683366733466996e-06,8.161322645290587e-07,7.114228456913847,9.953859417432415e-09
0.18571142284569028,1.8446893787575228e-06,1.5676352705410896e-06,7.7154308617234735,1.0380878137091671e-07
0.17977955911823548,5.724448897795634e-06,1.2530060120240527e-06,8.396793587174383,1.543661489035564e-07
0.34364729458917437,5.878757515030104e-06,8.682364729458929e-07,9.25851703406818,1.3242642943242108e-07
0.0996993987975952,3.597194388777579e-06,9.003006012024062e-07,7.835671342685399,1.3123762180952e-07
0.04557114228456914,3.1452905811623443e-06,1.52955911823648e-06,0.4408817635270542,4.289779433057635e-08
0.2954509018036041,2.968937875751521e-06,9.784569138276574e-07,6.873747494989996,2.6999999999999233e-07
0.35254509018035657,1.5691382765531115e-06,1.210921843687379e-06,0.32064128256513025,6.341260873453308e-09
0.23687374749498794,2.7925851703406978e-06,1.1307615230460957e-06,0.6212424849699402,1.0762157994219963e-07
0.08264529058116234,7.86573146292585e-07,1.1588176352705448e-06,8.316633266533099,3.9319753302455916e-09
0.29915831663326337,2.869739478957933e-06,1.5075150300601271e-06,3.527054108216419,8.162675170854576e-09
0.2924849699398767,3.83967935871746e-06,1.140781563126256e-06,6.933867735470959,5.0914912076599136e-08
0.20128256513025913,4.1372745490982246e-06,1.234969939879764e-06,8.737474949899838,1.3403863155062434e-08
0.07597194388777556,2.50601202404811e-06,1.4974949899799667e-06,0.8216432865731468,5.67336610875196e-08
0.09673346693386775,9.188376753507012e-07,1.3612224448897851e-06,9.91983967935877,4.838225325073881e-09
0.20424849699398653,1.0841683366733476e-06,1.4113226452905872e-06,2.5450901803607175,1.115744190067163e-07
0.21833667334669168,4.060120240480989e-06,1.2730460921843735e-06,8.216432865731495,9.40057889504533e-08
0.3073146292585137,1.4809619238477e-06,1.6477955911823729e-06,5.871743486973952,3.0271753085702848e-09
0.03444889779559118,3.828657314629284e-06,1.3431863727454964e-06,0.0,4.3813363647773825e-09
0.37923847695390317,4.126252505010048e-06,1.7059118236473033e-06,0.9418837675350707,3.549705242517407e-08
0.17310621242484883,2.307615230460934e-06,1.1467935871743523e-06,3.6873747494989826,1.0991855156980727e-08
0.379979959919835,1.2715430861723473e-06,1.5896793587174425e-06,1.4629258517034078,4.17528388944357e-08
0.07374749498997997,5.33066132264529e-07,1.1788577154308656e-06,2.705410821643281,1.664261662552381e-08
0.3221442885771507,3.068136272545109e-06,1.5976953907815708e-06,2.845691382765524,4.447338983198577e-08
0.0752304609218437,4.666332665330694e-06,1.649799599198405e-06,5.551102204408818,9.261065621133671e-09
0.3013827655310589,5.7905811623246924e-06,1.0786573146292615e-06,1.6633266533066144,7.732761373255857e-09
0.04334669338677355,2.7154308617234626e-06,1.551603206412833e-06,0.6613226452905815,1.3853396287793502e-07
0.3399398797595151,2.406813627254522e-06,1.4914829659318705e-06,5.531062124248497,6.208747334096328e-08
0.16272545090180293,2.384769539078169e-06,8.381763527054116e-07,6.152304609218445,3.713418359176304e-08
0.22575150300601018,4.291583166332695e-06,1.090681362725454e-06,6.73346693386775,5.374559857378681e-08
0.06336673346693387,6.653306613226452e-07,1.5415831663326725e-06,8.977955911823688,2.2818796059408977e-08
0.38220440881763057,5.019038076152341e-06,9.70440881763529e-07,9.659318637274598,1.1057280233242822e-07
0.37478957915831207,3.2995991983968146e-06,8.942885771543099e-07,8.456913827655345,1.8823962890042413e-07
0.06410821643286574,2.9358717434869917e-06,1.0606212424849728e-06,3.346693386773535,5.326311801793594e-08
0.032965931863727455,1.4699398797595235e-06,1.4874749498998063e-06,7.895791583166361,7.19455715688248e-09
0.34661322645290177,8.086172344689377e-07,9.263527054108233e-07,1.8236472945891797,5.521942207621415e-08
0.09747494989979961,1.921843687374758e-06,9.163326653306628e-07,6.6733466933867875,1.6003587187131704e-07
0.17236472945891698,5.3276553106212814e-06,1.2690380761523093e-06,7.474949899799623,5.846941668115034e-09
0.22723446893787388,1.1943887775551121e-06,1.7119238476953995e-06,1.983967935871745,2.512078594687513e-07
0.050020040080160325,1.9549098196392874e-06,8.101202404809625e-07,2.8256513026052037,1.5908895193250815e-08
0.035190380761523046,2.6933867735471097e-06,1.4413827655310684e-06,4.889779559118229,4.6524511477403566e-08
0.21907815631262353,1.436873747494994e-06,1.3732464929859776e-06,4.46893787575149,1.0226816316947249e-08
0.31991983967935517,4.820641282565165e-06,1.068637274549101e-06,6.913827655310638,7.129970771610592e-09
0.17458917835671253,1.6022044088176409e-06,1.603707414829667e-06,6.713426853707429,1.1672025355551423e-07
0.14122244488977928,4.787575150300635e-06,1.6217434869739558e-06,4.168336673346677,2.8332464326101826e-08
0.13380761523046078,4.434869739478989e-06,7.680360721442888e-07,4.368737474949886,3.1006127399693034e-08
0.2880360721442856,5.151302605210458e-06,9.864729458917857e-07,1.042084168336674,1.2210341502422209e-07
0.04482965931863728,3.993987975951931e-06,1.6698396793587258e-06,4.769539078156304,1.9752935446592865e-08
0.0381563126252505,4.423847695390812e-06,1.7179358717434958e-06,3.707414829659303,1.5298038584008818e-07
0.18941883767534953,9.73947895791583e-07,1.6558116232465012e-06,1.4829659318637285,1.6345152379991038e-08
0.12565130260521043,5.658316633266575e-06,8.822645290581174e-07,5.050100200400796,4.624922952313024e-09
0.23020040080160128,3.53106212424852e-06,1.3752505010020097e-06,6.292585170340691,6.980975535282353e-08
0.19312625250500878,2.5721442885771687e-06,1.3191382765531114e-06,7.555110220440906,3.43451976129658e-09
0.3251102204408781,4.302605210420871e-06,1.359218436873753e-06,2.2244488977955905,1.6741675833125777e-07
0.27987975951903526,5.228456913827693e-06,8.041082164328662e-07,2.4448897795591154,1.2658815822421816e-07
0.18348697394789473,3.2665330661322852e-06,1.699899799599207e-06,2.985971943887767,7.36909273668676e-08
0.0730060120240481,3.6412825651302846e-06,1.3231462925851756e-06,9.358717434869785,1.3483644844013252e-07
0.22501002004007833,2.5390781563126394e-06,1.38527054108217e-06,5.210420841683363,1.397888639408255e-07
0.38368737474949427,3.233466933867756e-06,1.3451903807615285e-06,2.6853707414829606,1.2358994143126633e-08
0.22871743486973758,4.5230460921844e-06,1.0766533066132294e-06,9.639278557114277,1.1567244211962122e-07
0.3547695390781521,1.9328657314629345e-06,1.601703406813635e-06,3.8677354709418665,1.9399878462111943e-08
0.3977755511021994,3.5641282565130495e-06,8.622244488977966e-07,6.573146292585183,3.9912085517463496e-08
0.14937875751502963,3.167334669338697e-06,1.259018036072149e-06,7.494989979959944,4.5422587146145104e-09
0.36292585170340247,3.18937875751505e-06,1.6337675350701483e-06,2.7254509018036015,2.4230811121945124e-07
0.11082164328657317,3.5861723446894024e-06,8.121242484969946e-07,2.8056112224448833,3.272995687480531e-08
0.12861723446893783,5.0631262525050466e-06,8.421843687374758e-07,5.110220440881759,1.7513805275284806e-07
0.29767535070139967,2.087174348697405e-06,1.2810621242485018e-06,9.418837675350748,9.485733439116067e-08
0.25615230460921606,2.2745490981964045e-06,1.4133266533066193e-06,6.5130260521042205,1.0958017728875894e-07
0.37330661322644837,5.812625250501045e-06,1.040581162324652e-06,7.655310621242511,2.6599295060690013e-08
0.15753507014027998,5.074148296593223e-06,1.1568136272545127e-06,2.565130260521038,2.3656908903666733e-08
0.2806212424849671,2.3957915831663455e-06,1.57765531062125e-06,4.308617234468923,1.9870507711650675e-07
0.2732064128256486,4.115230460921872e-06,1.4714428857715496e-06,2.0440881763527066,2.2141384599736183e-07
0.23909819639278349,2.0320641282565225e-06,1.1047094188376786e-06,5.190380761523042,5.01592877523844e-09
0.06855711422845692,7.53507014028056e-07,7.900801603206417e-07,7.074148296593205,5.5719623687545346e-08
0.16939879759518958,2.7595190380761684e-06,1.2249498997996035e-06,8.7975951903808,3.054596782939205e-09
0.2776553106212397,1.8336673346693464e-06,1.1508016032064165e-06,1.7835671342685384,5.294796424731075e-09
0.39258517034067647,1.4478957915831706e-06,1.1768537074148335e-06,8.597194388777591,4.867023126387145e-08
0.07004008016032065,1.3707414829659354e-06,8.141282565130267e-07,0.9619238476953914,5.690884981467729e-09
0.30360721442885447,5.551102204408817e-07,9.463927855711441e-07,8.717434869739517,3.1383606007884984e-09
0.07893787575150302,3.850701402805637e-06,9.644288577154328e-07,0.9018036072144294,3.332560699183967e-08
0.14048096192384743,3.2004008016032265e-06,1.2750501002004056e-06,5.270541082164326,1.8213138307204877e-08
0.28729458917835377,5.73547094188381e-06,1.383266533066138e-06,0.7014028056112228,3.4549625085950754e-08
0.14344689378757483,3.7404809619238727e-06,7.520040080160321e-07,1.8837675350701417,7.325490382028496e-09
0.11601202404809621,1.6573146292585232e-06,9.423847695390799e-07,3.3667334669338556,6.172010653894298e-09
0.15012024048096148,2.9579158316633446e-06,1.0365731462925878e-06,0.4008016032064129,4.00353306478816e-09
0.3681162324649254,5.8897795591182805e-06,8.241482965931871e-07,5.691382765531064,2.8848084794416748e-08
0.15531062124248443,3.475951903807638e-06,1.0445891783567161e-06,5.9919839679358775,1.0893179981213664e-08
0.18200400801603103,3.509018036072167e-06,1.7419839679358808e-06,5.070140280561117,1.7672452962816691e-07
0.05817635270541083,4.919839679358753e-06,1.1207414829659352e-06,1.5831663326653318,1.9053131893347667e-08
0.37775551102203947,5.316633266533105e-06,1.0125250501002028e-06,5.170340681362721,8.089397876375128e-09
0.2687575150300575,2.3517034068136397e-06,1.5876753507014104e-06,7.975951903807645,3.827029689114404e-09
0.3102805611222411,3.4428857715431085e-06,1.6878757515030145e-06,0.5210420841683369,6.515152309372312e-09
0.18719438877755398,3.431863727454932e-06,1.1007014028056144e-06,1.5230460921843698,8.016778400781506e-09
0.24873747494989754,9.629258517034066e-07,1.4013026052104268e-06,0.3006012024048096,3.5818600209503895e-08
0.30953907815630927,9.519038076152302e-07,1.7339679358717524e-06,6.252505010020049,2.2341950919293244e-07
0.3132464929859685,4.3797595190381065e-06,1.6938877755511108e-06,4.7895791583166245,3.2244214082829982e-09
0.3176953907815596,5.680360721442928e-06,8.341683366733475e-07,4.248496993987961,4.039798813590485e-09
0.19460921843687248,1.1282565130260534e-06,7.820641282565133e-07,6.993987975951922,4.751748596178136e-09
0.2509619238476931,4.875751503006047e-06,1.6157314629258596e-06,6.693386773547108,2.2818796059408977e-08
0.052244488977955916,3.3987975951904027e-06,1.4233466933867797e-06,5.871743486973952,1.8157070814572204e-07
0.19460921843687248,5.6472945891783986e-06,1.2790581162324697e-06,3.486973947895778,1.6345152379991038e-08
0.3844288577154261,4.005010020040107e-06,1.6477955911823729e-06,0.9018036072144294,1.6591383841294045e-07
0.23761523046091979,4.489979959919871e-06,1.7099198396793674e-06,6.753507014028071,4.2643971382578124e-09
0.08116232464929861,1.216432865731465e-06,8.22144288577155e-07,3.346693386773535,6.043033942004035e-08
0.3725651302605165,8.967935871743485e-07,1.1748496993988015e-06,9.218436873747539,1.5766079171111348e-08
0.24206412825651089,2.704408817635286e-06,9.44388777555112e-07,8.99799599198401,3.549705242517407e-08
0.22056112224448723,2.7925851703406978e-06,1.3872745490982022e-06,2.8256513026052037,1.720076971183674e-07
0.16272545090180293,5.437875751503046e-06,1.6417835671342766e-06,9.058116232464972,1.2432556623962576e-07
0.2850701402805582,2.4949899799599336e-06,1.2229458917835714e-06,6.392785571142295,7.594548730404174e-09
0.38665330661322167,3.8066132264529314e-06,1.3491983967935926e-06,0.0,1.709899408108259e-08
0.37034068136272097,1.9549098196392874e-06,1.5576152304609292e-06,0.7414829659318641,3.884681957561161e-08
0.20943887775550948,3.0791583166332855e-06,9.94488977955914e-07,1.5430861723446905,1.170806757856823e-08
0.07226452905811624,5.261523046092223e-06,8.181362725450908e-07,2.6853707414829606,3.045193484083197e-08
0.2895190380761493,3.905811623246519e-06,8.241482965931871e-07,9.879759519038128,7.639752558399709e-08
0.08561122244488979,2.0541082164328754e-06,1.623747494989988e-06,2.3046092184368723,1.0893179981213664e-08
0.3176953907815596,1.0621242484969947e-06,1.603707414829667e-06,7.8757515030060405,4.610685546920989e-08
0.39851703406813127,3.828657314629284e-06,1.1968937875751544e-06,9.01803607214433,3.4549625085950754e-08
0.07597194388777556,3.553106212424873e-06,9.183366733466949e-07,1.3226452905811632,7.571169601678531e-08
0.14196392785571113,5.680360721442928e-06,1.357214428857721e-06,2.0841683366733474,1.9692127828271127e-07
0.38220440881763057,1.8997995991984051e-06,1.1087174348697427e-06,6.793587174348713,2.0112417689589337e-08
0.3028657314629226,5.129258517034105e-06,8.582164328657325e-07,2.1242484969939883,1.0474912659293683e-07
0.10563126252505012,4.820641282565165e-06,1.186873747494994e-06,9.91983967935877,4.666817521760648e-09
0.27839679358717156,4.434869739478989e-06,1.4273547094188438e-06,9.859719438877807,3.072778174945252e-08
0.03741482965931864,3.674348697394814e-06,9.544088176352724e-07,3.887775551102187,1.0135008984772664e-08
0.29767535070139967,5.228456913827693e-06,1.381262525050106e-06,8.877755511022084,4.694595079589688e-08
0.11675350701402808,3.134268537074168e-06,1.2449899799599243e-06,0.06012024048096192,2.963916325476094e-08
0.3147294589178322,7.314629258517033e-07,1.309118236472951e-06,3.2665330661322534,2.580965360693336e-07
0.13158316633266523,3.9168336673346955e-06,1.2730460921843735e-06,9.899799599198449,2.3025498667447877e-08
0.31547094188376407,3.938877755511048e-06,1.6317635270541162e-06,6.1723446893787655,2.2544334056057853e-07
0.38813627254508537,4.633266533066165e-06,1.0786573146292615e-06,9.759519038076203,1.397888639408255e-07
0.16643286573146218,4.18136272545093e-06,9.063126252505024e-07,8.296593186372778,4.137801875189916e-08
0.36292585170340247,9.73947895791583e-07,1.6958917835671429e-06,4.829659318637266,1.5160706293452836e-07
0.21314629258516873,4.7214428857715765e-06,1.0385771543086199e-06,5.37074148296593,1.0287687773848661e-07
0.25318637274548866,2.605210420841698e-06,1.4193386773547155e-06,7.354709418837698,2.2410940966275984e-08
0.30953907815630927,2.7374749498998155e-06,1.5596192384769613e-06,2.525050100200397,1.9340157697661464e-07
0.27987975951903526,3.861723446893813e-06,1.2570140280561168e-06,0.7815631262525055,4.303025907623951e-09
0.08412825651302606,1.8557114228456993e-06,1.3211422845691435e-06,9.278557114228501,2.2613949044979018e-08
0.3592184368737432,3.971943887775578e-06,7.780561122244492e-07,6.3326653306613325,2.7826059875738966e-08
0.16569138276553033,2.946893787575168e-06,1.0065130260521066e-06,7.394789579158339,6.980975535282353e-08
0.3429058116232425,3.7625250501002256e-06,1.7439879759519128e-06,6.873747494989996,1.3242642943242108e-07
0.06114228456913828,3.354709418837697e-06,1.0586172344689407e-06,2.745490981963922,6.918306497332757e-08
0.06336673346693387,1.5140280561122293e-06,7.520040080160321e-07,7.314629258517056,1.2545176144820482e-07
0.39999999999999497,5.702404809619281e-06,1.2750501002004056e-06,1.7034068136272558,3.792673993752162e-09
0.03370741482965932,3.4979959919839907e-06,8.542084168336683e-07,2.344689378757513,1.4801627807442089e-08
0.2835871743486945,1.943887775551111e-06,1.527555110220448e-06,9.418837675350748,3.967592877875655e-09
0.3280761523046055,3.046092184368756e-06,1.5896793587174425e-06,1.2825651302605219,3.614306071392014e-08
0.12416833667334672,5.05210420841687e-06,9.804609218436895e-07,8.09619238476957,6.67320594089329e-08
0.24577154308617014,3.211422845691403e-06,1.6938877755511108e-06,4.46893787575149,1.5298038584008818e-07
0.17607214428857623,5.481963927855752e-06,1.4674348697394855e-06,8.697394789579196,6.574169400835498e-09
0.22945891783566943,1.8336673346693464e-06,1.2950901803607264e-06,9.358717434869785,2.029460474185898e-08
0.30064128256512707,2.1973947895791693e-06,1.1207414829659352e-06,3.4669338677354578,3.017856424233416e-08
0.2924849699398767,6.983967935871742e-07,1.4954909819639346e-06,4.208416833667319,1.5345277627925272e-08
0.18571142284569028,4.269539078156342e-06,1.4033066132264588e-06,4.949899799599192,5.935022889851916e-08
0.32140280561121887,2.3186372745491103e-06,1.7299599198396883e-06,7.815631262525078,3.31284219397272e-09
0.3102805611222411,4.809619238476988e-06,1.4874749498998063e-06,2.845691382765524,1.543661489035564e-07
0.19386773547094063,3.013026052104227e-06,1.3051102204408868e-06,2.705410821643281,2.6123868665011513e-08
0.0996993987975952,4.996993987975988e-06,1.1788577154308656e-06,1.1823647294589186,1.664261662552381e-08
0.3310420841683329,1.8887775551102287e-06,1.2429859719438923e-06,7.214428857715451,3.465631139397911e-09
0.13380761523046078,5.283567134268576e-06,1.6778557114228541e-06,1.9038076152304624,7.920353459931748e-08
0.23094188376753313,2.726452905811639e-06,1.4774549098196459e-06,3.6873747494989826,6.321739877604301e-08
0.29174348697394487,3.6082164328657553e-06,7.900801603206417e-07,9.318637274549143,1.9870507711650675e-07
0.21981963927855538,3.2004008016032265e-06,1.3471943887775605e-06,3.246492985971933,1.916653882869674e-07
0.3162124248496959,4.611222444889812e-06,1.0025050100200424e-06,2.2645290581162314,1.0226816316947249e-08
0.22352705410821463,4.853707414829694e-06,1.3772545090180418e-06,8.657314629258554,3.272995687480531e-08
0.03444889779559118,2.7154308617234626e-06,1.4974949899799667e-06,5.490981963927855,2.519835680042233e-08
0.20573146292585023,5.096192384769576e-06,9.984969939879782e-07,5.971943887775557,5.231111187776969e-08
0.14122244488977928,1.458917835671347e-06,9.604208416833687e-07,8.537074148296629,5.045784292616258e-08
0.3488376753506973,3.310621242484991e-06,7.840681362725454e-07,4.569138276553095,1.1777755652443835e-07
0.29619238476953597,6.432865731462925e-07,9.003006012024062e-07,3.2264529058116125,8.285641747656146e-08
0.07448897795591183,2.869739478957933e-06,1.2289579158316677e-06,5.691382765531064,1.0665544836882487e-07
0.09006012024048098,3.4208416833667556e-06,9.20340681362727e-07,4.1082164328657145,1.316428724399259e-08
0.09599198396793589,1.9769539078156403e-06,1.7319639278557203e-06,4.288577154308602,7.172409365899115e-08
0.2746893787575123,9.298597194388775e-07,9.964929859719461e-07,9.959919839679412,2.104000642120275e-08
0.3043486973947863,2.84769539078158e-06,1.0806613226452936e-06,1.7234468937875764,5.061365245982989e-09
0.08486973947895793,4.578156312625283e-06,1.1828657314629298e-06,3.6472945891783417,1.21007278315068e-07
0.28136272545089897,2.241482965931875e-06,1.0245490981963953e-06,0.7014028056112228,6.208747334096328e-08
0.057434869739478964,2.528056112224463e-06,1.429358717434876e-06,4.589178356713416,1.67933727062623e-08
0.24280561122244274,4.974949899799635e-06,1.6538076152304691e-06,0.18036072144288573,8.436431542325698e-08
0.16124248496993923,4.478957915831695e-06,1.1948897795591223e-06,9.599198396793636,2.5889351625310665e-08
0.2969338677354678,1.9108216432865816e-06,1.2029058116232506e-06,5.731462925851706,3.592920500494241e-09
0.05521042084168337,5.9118236472946334e-06,1.2810621242485018e-06,9.659318637274598,3.827029689114404e-09
0.20424849699398653,3.7404809619238727e-06,8.782565130260533e-07,5.210420841683363,1.4668751854777282e-08
0.11897795591182367,1.6462925851703467e-06,1.4754509018036138e-06,3.807615230460905,8.905466877501802e-08
0.04557114228456914,2.2525050100200516e-06,1.0085170340681386e-06,3.9078156312625074,9.688187822227608e-09
0.3873947895791535,1.1613226452905828e-06,9.68436873747497e-07,8.136272545090211,1.0569798987214693e-07
0.07374749498997997,3.53106212424852e-06,1.1107214428857748e-06,3.56713426853706,1.5484281846137096e-08
0.07004008016032065,3.7074148296593433e-06,1.6838677354709504e-06,1.102204408817636,2.344453805171895e-08
0.37182364729458467,3.2665330661322852e-06,1.042585170340684e-06,6.993987975951922,4.751748596178136e-09
0.11378757515030062,1.3486973947895825e-06,9.463927855711441e-07,7.63527054108219,2.5348340983419886e-07
0.15012024048096148,4.919839679358753e-06,1.3952905811623305e-06,4.7895791583166245,1.2248045999982468e-08
0.16198396793587108,3.2224448897795794e-06,9.083166332665345e-07,9.338677354709464,4.4210244206650685e-09
0.04334669338677355,2.8146292585170507e-06,1.0526052104208444e-06,8.416833667334704,9.5150245783721e-09
0.17162324649298513,3.1452905811623443e-06,1.0746492985971973e-06,6.032064128256519,5.278496874674728e-08
0.3384569138276514,1.1833667334669357e-06,1.2269539078156356e-06,8.476953907815666,6.379004954895946e-08
0.2865531062124219,4.016032064128284e-06,1.016533066132267e-06,0.02004008016032064,1.0991855156980727e-08
0.365150300601198,2.9028056112224623e-06,1.4994989979959988e-06,8.216432865731495,3.861696593350839e-09
0.06262525050100201,9.188376753507012e-07,9.564128256513045e-07,9.819639278557165,1.8823962890042413e-07
0.3992585170340631,4.699398797595224e-06,8.101202404809625e-07,9.539078156312673,5.472371083354339e-08
0.0730060120240481,3.431863727454932e-06,1.72194388777556e-06,5.551102204408818,5.742435499937533e-09
0.09747494989979961,2.065130260521052e-06,1.5255511022044159e-06,4.028056112224431,2.8332464326101826e-08
0.26505010020039826,5.1843687374749876e-06,1.6578156312625333e-06,4.68937875751502,7.849251515934662e-08
0.24725450901803384,5.250501002004046e-06,8.862725450901816e-07,7.895791583166361,5.294796424731075e-09
0.19090180360721323,4.688376753507047e-06,8.70240480961925e-07,4.889779559118229,6.153010679479303e-08
0.18422845691382658,7.86573146292585e-07,1.136773547094192e-06,0.4609218436873749,5.184150887760377e-08
0.08857715430861725,4.02705410821646e-06,7.720440881763529e-07,1.0821643286573153,2.6757617826320567e-07
0.22501002004007833,5.316633266533105e-06,8.742484969939891e-07,1.4228456913827665,1.1602962879706392e-08
0.32733466933867367,6.873747494989979e-07,1.3031062124248547e-06,4.709418837675341,1.3896174398989743e-08
0.2702404809619212,2.627254509018051e-06,8.021042084168342e-07,7.955911823647324,4.838225325073881e-09
0.2598597194388753,3.3767535070140498e-06,1.1347695390781598e-06,3.9679358717434687,3.2536296238599114e-09
0.3681162324649254,3.332665330661344e-06,1.1067134268537107e-06,1.1222444889779566,9.7458532861606e-08
0.394809619238472,5.661322645290581e-07,1.7199398797595278e-06,8.55711422845695,1.9931866151902852e-08
0.3073146292585137,7.424849699398796e-07,1.3231462925851756e-06,3.0060120240480876,3.332560699183967e-08
0.20795591182364578,3.7845691382765785e-06,1.6618236472945975e-06,0.08016032064128256,1.5908895193250815e-08
0.37923847695390317,4.655310621242518e-06,1.52955911823648e-06,2.9058116232464855,1.4277238318018253e-08
0.19535070140280433,1.7344689378757583e-06,1.0626252505010049e-06,6.633266533066146,3.054596782939205e-09
0.3636673346693343,1.921843687374758e-06,1.4153306613226513e-06,5.511022044088176,2.757626206545774e-08
0.3814629258516987,1.5360721442885822e-06,1.261022044088181e-06,0.6012024048096195,1.2583914583319626e-08
0.13454909819639263,4.886773547094223e-06,1.5435871743487046e-06,4.048096192384752,1.0795390624098142e-08
0.12639278557114228,1.5470941883767586e-06,1.4634268537074213e-06,9.078156312625293,2.3584083257515229e-07
0.29026052104208117,9.408817635270538e-07,7.860721442885775e-07,2.284569138276552,1.8882089688766365e-08
0.21907815631262353,1.998997995991993e-06,9.243486973947912e-07,3.787575150300585,2.990764772383205e-08
0.320661322645287,1.0290581162324654e-06,1.3311623246493039e-06,5.110220440881759,3.0271753085702848e-09
0.24799599198396569,4.082164328657342e-06,1.0225450901803632e-06,3.0861723446893694,2.2010375730879713e-08
0.0937675350701403,2.362725450901816e-06,1.6638276553106295e-06,7.294589178356735,1.199209817539961e-07
0.10711422845691385,2.120240480961934e-06,1.6297595190380841e-06,5.571142284569139,3.1954753982905597e-09
0.030741482965931863,1.800601202404817e-06,1.4453907815631326e-06,8.817635270541121,1.0195333991450423e-07
0.38072144288576687,5.0631262525050466e-06,1.1808617234468977e-06,4.869739478957908,2.8078120463545054e-08
0.2568937875751479,1.5030060120240528e-06,1.627755511022052e-06,0.3006012024048096,7.52637157376031e-09
0.19979959919839543,2.4398797595190513e-06,1.6137274549098275e-06,4.148296593186356,1.5024606851011685e-07
0.3755310621242439,2.5390781563126394e-06,1.7279559118236562e-06,4.4488977955911695,7.391847869215242e-09
0.34513026052103807,4.952905811623282e-06,1.723947895791592e-06,7.454909819639302,7.45880645146543e-09
0.3518036072144247,2.0100200400801696e-06,8.602204408817645e-07,9.559118236472994,6.097774379362245e-08
0.3087975951903774,5.966933867735516e-06,1.3371743486974001e-06,7.074148296593205,8.539139384414858e-09
0.23242484969939683,4.7434869739479295e-06,1.068637274549101e-06,7.795591182364757,1.0044025817810384e-08
0.17310621242484883,4.5230460921844e-06,1.4654308617234534e-06,8.917835671342726,7.944810838756272e-09
0.3251102204408781,3.509018036072167e-06,1.5736472945891858e-06,4.188376753506998,6.227919418567197e-09
0.12713426853707413,5.746492985971987e-06,1.311122244488983e-06,8.436873747495024,1.1498801718080625e-08
0.19609218436873618,1.580160320641288e-06,1.3552104208416889e-06,2.3647294589178336,9.316188793326126e-08
0.33326653306612847,1.2605210420841709e-06,8.201402805611229e-07,8.256513026052136,4.970900193032516e-09
0.34957915831662917,1.337675350701406e-06,1.505511022044095e-06,0.4408817635270542,5.439991484762373e-09
0.09525050100200402,3.883767535070166e-06,1.1427855711422881e-06,2.104208416833668,7.108021803950241e-08
0.11749498997995994,2.6823647294589332e-06,1.1247494989979994e-06,9.118236472945934,1.6493213899842532e-08
0.25911823647294346,5.504008016032105e-06,9.383767535070158e-07,0.7214428857715435,5.374559857378681e-08
0.32585170340680997,4.071142284569166e-06,1.4173346693386834e-06,9.619238476953957,3.403687673693422e-09
0.2806212424849671,1.7785571142284641e-06,9.023046092184383e-07,1.5831663326653318,2.999999999999995e-09
0.3577354709418795,5.371743486973987e-06,8.96292585170342e-07,4.809619238476945,6.8156324386234326e-09
0.27394789579158046,1.6242484969939938e-06,1.6698396793587258e-06,4.629258517034057,2.1616970056880242e-08
0.30805611222444557,4.5010020040080475e-06,1.5175350701402875e-06,6.292585170340691,4.289779433057635e-08
0.26356713426853456,1.6132264529058173e-06,1.116733466933871e-06,7.17434869739481,1.1293276201596956e-08
0.0752304609218437,5.526052104208458e-06,7.680360721442888e-07,5.711422845691385,4.447338983198577e-08
0.19905811623246358,3.6853707414829904e-06,1.359218436873753e-06,5.390781563126251,1.3525281194153306e-08
0.18867735470941768,3.5641282565130495e-06,1.1928857715430902e-06,7.434869739478981,6.939669640238394e-09
0.2791382765531034,5.360721442885811e-06,9.744488977955932e-07,10.000000000000053,5.639797238061665e-09
0.10340681362725453,1.4258517034068177e-06,1.4473947895791647e-06,9.378757515030106,9.834135476271293e-08
0.16346693386773478,5.991983967935871e-07,1.6858717434869824e-06,6.973947895791601,5.881743491745444e-08
0.2776553106212397,3.4869739478958143e-06,9.123246492985987e-07,9.23847695390786,2.4450304378327506e-07
0.17977955911823548,2.087174348697405e-06,1.2510020040080206e-06,6.533066132264541,5.0914912076599136e-08
0.21018036072144133,3.927855711422872e-06,8.121242484969946e-07,1.0020040080160326,2.1230595976808364e-08
0.34216432865731067,4.445891783567165e-06,1.1227454909819673e-06,8.11623246492989,5.1534766658866535e-09
0.39110220440881277,3.83967935871746e-06,1.0265531062124274e-06,3.1863727454909716,1.4537068745158218e-08
0.21092184368737318,3.5861723446894024e-06,7.920841683366737e-07,0.6412825651302608,5.000487693921524e-08
0.36144288577153877,1.4699398797595235e-06,1.4133266533066193e-06,9.438877755511069,9.429607084301275e-09
0.25170340681362496,5.2064128256513405e-06,1.1447895791583202e-06,9.498997995992031,1.8487510032597124e-07
0.3784969939879713,4.390781563126283e-06,1.4353707414829722e-06,5.270541082164326,2.3372366169953221e-07
0.27098196392785306,3.2995991983968146e-06,7.640280561122246e-07,5.4709418837675345,5.521942207621415e-08
0.3443887775551062,1.095190380761524e-06,9.163326653306628e-07,8.717434869739517,1.6148554660478927e-07
0.10637274549098198,4.357715430861754e-06,9.724448897795612e-07,1.3827655310621252,1.7672452962816691e-07
0.18348697394789473,6.000000000000045e-06,1.1027054108216465e-06,7.915831663326682,1.9515349282072065e-07
0.35551102204408397,2.825651302605227e-06,1.1528056112224486e-06,4.989979959919833,8.016778400781506e-09
0.13232464929859708,5.515030060120281e-06,1.5696392785571217e-06,5.250501002004005,8.311227105690022e-09
0.261342685370739,5.110220440881763e-07,1.090681362725454e-06,9.45891783567139,3.3428513635946814e-09
0.26949899799598936,5.107214428857752e-06,1.7359719438877845e-06,7.555110220440906,5.4232449648965807e-08
0.22130260521041908,4.677354709418871e-06,9.764529058116253e-07,0.8016032064128261,1.3362600579331653e-07
0.33919839679358327,3.5200400801603436e-06,1.164829659318641e-06,7.114228456913847,4.624922952313024e-09
0.39258517034067647,2.3406813627254632e-06,8.942885771543099e-07,7.835671342685399,2.512078594687513e-07
0.31843687374749147,2.1753507014028164e-06,1.140781563126256e-06,1.863727454909821,9.149674528592205e-08
0.3473547094188336,2.5941883767535216e-06,1.2930861723446943e-06,7.3747494989980185,4.8820520804543545e-09
0.24503006012023829,5.944889779559163e-06,1.4714428857715496e-06,5.3106212424849675,3.393209730225639e-08
0.26208416833667086,4.8647294589178704e-06,1.2209418837675394e-06,5.83166332665331,7.325490382028496e-09
0.0833867735470942,2.8366733466934036e-06,1.5155310621242555e-06,6.813627254509034,3.128699442624505e-08
0.3013827655310589,7.975951903807613e-07,1.750000000000009e-06,4.348697394789565,7.36909273668676e-08
0.15531062124248443,5.382765531062164e-06,1.1508016032064165e-06,3.987975951903789,6.28433462921735e-09
0.25763527054107976,2.461923847695404e-06,8.081162324649304e-07,7.494989979959944,2.4087439277141948e-08
0.32288577154308257,3.7294589178356962e-06,1.0485971943887803e-06,2.20440881763527,4.583404475339755e-09
0.21462925851703243,5.801603206412869e-06,1.1307615230460957e-06,5.81162324649299,2.1745637319533232e-07
0.23020040080160128,3.288577154308638e-06,1.3451903807615285e-06,0.12024048096192383,2.0050503437821416e-07
0.14344689378757483,1.2054108216432886e-06,7.880761523046096e-07,6.653306613226467,1.2470947302945877e-08
0.10414829659318639,4.589178356713459e-06,1.2770541082164377e-06,8.076152304609248,4.00353306478816e-09
0.24947895791582939,5.771543086172344e-07,1.4113226452905872e-06,3.527054108216419,4.3420045932324805e-09
0.19831663326653173,2.6603206412825803e-06,1.553607214428865e-06,6.05210420841684,3.21449531973696e-08
0.2717234468937849,9.078156312625248e-07,8.622244488977966e-07,8.396793587174383,8.694542564234344e-09
0.11156312625250503,5.008016032064164e-06,1.4514028056112288e-06,2.1843687374749496,1.041293340715239e-08
0.12194388777555112,4.6002004008016356e-06,1.6898797595190466e-06,3.607214428857701,2.0415401099160175e-07
0.17903807615230363,5.3276553106212814e-06,1.2489979959919885e-06,3.166332665330651,9.013884907233523e-09
0.31102204408817297,5.8897795591182805e-06,1.7379759519038166e-06,0.42084168336673355,1.0013106196268845e-07
0.20202404809619098,1.7675350701402877e-06,1.2329659318637318e-06,9.178356713426897,1.899447855672654e-07
0.22204408817635093,1.0400801603206418e-06,1.3271543086172397e-06,3.707414829659303,3.2831024201938543e-09
0.08783567134268538,3.2444889779559323e-06,1.5195390781563196e-06,8.597194388777591,2.220975531495786e-08
0.05150300601202405,1.8667334669338758e-06,1.5235470941883838e-06,0.3406813627254509,4.926275837701879e-09
0.32881763527053737,5.440881763527054e-07,9.904809619238499e-07,8.7975951903808,3.849808711008427e-08
0.12120240480961926,5.7685370741483395e-06,1.2650300601202452e-06,5.430861723446893,7.435845193020915e-08
0.22649298597194203,8.747494989979958e-07,1.088677354709422e-06,7.254509018036093,5.7766152880766516e-08
0.07671342685370743,4.467935871743518e-06,1.1728456913827694e-06,6.713426853707429,5.690884981467729e-09
0.2554108216432842,4.3797595190381065e-06,9.504008016032082e-07,7.615230460921869,1.0698479133535965e-08
0.14863727454909778,2.2194388777555222e-06,1.4694388777555176e-06,8.977955911823688,3.7248850796956136e-09
0.23613226452905609,3.949899799599225e-06,1.5716432865731538e-06,2.2244488977955905,1.1395575623446218e-08
0.35106212424849287,1.3156312625250531e-06,1.0846693386773578e-06,3.9478957915831483,1.1057280233242822e-07
0.06633266533066133,1.6683366733466996e-06,1.234969939879764e-06,5.771543086172348,1.4406567770292772e-08
0.0485370741482966,4.225450901803636e-06,1.431362725450908e-06,5.791583166332669,1.1258510876173535e-07
0.39555110220440387,5.845691382765575e-06,1.4393787575150363e-06,4.22845691382764,1.8378120858382033e-08
0.15901803607214368,3.2775551102204617e-06,8.301603206412833e-07,9.579158316633315,3.9319753302455916e-09
0.032965931863727455,3.696392785571167e-06,8.361723446893796e-07,5.631262525050102,1.799407265562136e-07
0.11527054108216435,6.102204408817634e-07,1.675851703406822e-06,0.5210420841683369,2.565693987264129e-08
0.05891783567134269,1.0070140280561125e-06,8.982965931863741e-07,7.775551102204436,3.75862671350548e-09
0.16050100200400738,4.093186372745519e-06,1.6558116232465012e-06,7.85571142284572,1.2320948101781143e-07
0.30583166332665,4.412825651302636e-06,1.3712424849699455e-06,4.428857715430849,1.1463403701015199e-07
0.39406813627254017,9.629258517034066e-07,1.2089178356713469e-06,1.923847695390783,1.304610989002486e-08
0.22797595190380573,4.1372745490982246e-06,1.0946893787575182e-06,1.1422845691382773,1.1672025355551423e-07
0.3710821643286528,2.1312625250501106e-06,1.6678356713426937e-06,1.7635270541082178,3.43451976129658e-09
0.13899799599198373,4.798597194388812e-06,1.5315631262525121e-06,9.398797595190427,3.528701909752935e-09
0.18645290581162213,3.1012024048096384e-06,1.6437875751503087e-06,2.4048096192384745,2.135696348629931e-07
0.059659318637274555,7.53507014028056e-07,8.341683366733475e-07,1.2625250501002012,1.957561102325661e-08
0.22426853707414648,2.9799599198396975e-06,1.114729458917839e-06,2.565130260521038,2.0851127810440406e-08
0.3458717434869699,4.908817635270576e-06,1.4433867735471005e-06,1.4028056112224458,4.076393073364223e-09
0.11082164328657317,4.7104208416834e-06,1.5836673346693462e-06,5.230460921843684,1.9225723472824985e-08
0.15456913827655258,1.9879759519038167e-06,1.259018036072149e-06,2.464929859719436,1.6893329235375367e-07
0.3903607214428809,3.575150300601226e-06,9.624248496994007e-07,2.164328657314629,8.589965549558257e-08
0.20721442885771393,4.21442885771546e-06,1.697895791583175e-06,8.937875751503046,3.15704056688351e-08
0.08190380761523047,2.263527054108228e-06,1.2149298597194431e-06,1.683366733466935,7.503202322221332e-08
0.291002004008013,5.92284569138281e-06,1.5856713426853783e-06,8.456913827655345,4.17528388944357e-08
0.20054108216432728,4.666332665330694e-06,1.6337675350701483e-06,5.931863727454915,6.26498887564265e-08
0.13603206412825633,4.170340681362754e-06,1.6718436873747579e-06,5.290581162324647,4.8233312876938735e-08
0.3325250501001966,1.1943887775551121e-06,1.1608216432865769e-06,3.7675350701402643,1.3403863155062434e-08
0.22871743486973758,5.272545090180399e-06,1.0506012024048124e-06,9.719438877755561,9.095536608490571e-09
0.14641282565130223,3.233466933867756e-06,1.67384769539079e-06,1.0220440881763533,1.0859646315678305e-07
0.28877755511021747,1.5691382765531115e-06,1.0325651302605236e-06,2.3246492985971927,9.261065621133671e-09
0.3933266533066083,5.592184368737516e-06,1.1768537074148335e-06,1.9438877755511037,1.7513805275284806e-07
0.3977755511021994,4.732464929859753e-06,9.844689378757536e-07,8.316633266533099,9.177927946473271e-09
0.26653306613226196,2.0981963927855813e-06,1.43336673346694e-06,6.613226452905825,1.704635638029228e-07
0.37478957915831207,5.5480961923848105e-06,1.745991983967945e-06,0.20040080160320636,1.4233287136145672e-07
0.2732064128256486,1.7454909819639348e-06,9.423847695390799e-07,2.0440881763527066,9.864502451429094e-09
0.38368737474949427,4.754509018036106e-06,1.5676352705410896e-06,3.5470941883767395,3.89667752552722e-09
0.1019238476953908,5.151302605210458e-06,1.701903807615239e-06,2.5450901803607175,1.372903272093915e-07
0.05076152304609219,4.335671342685401e-06,8.441883767535079e-07,8.897795591182405,5.7247579336311254e-08
0.055951903807615236,5.041082164328694e-06,1.335170340681368e-06,1.4829659318637285,2.2748550467552831e-07
0.09673346693386775,4.55611222444893e-06,8.662324649298608e-07,1.983967935871745,1.1884443700484002e-07
0.3621843687374706,3.773547094188402e-06,1.3732464929859776e-06,4.669338677354699,1.8544597893471567e-08
0.18496993987975843,4.2805611222445184e-06,1.4854709418837742e-06,0.8617234468937881,5.5891681153332165e-09
0.3770140280561076,8.416833667334667e-07,9.143286573146308e-07,0.7615230460921848,7.302939524999446e-08
0.24058116232464719,5.140280561122282e-06,1.5475951903807688e-06,7.5350701402805855,6.172010653894298e-09
0.10859719438877757,8.857715430861721e-07,1.5816633266533142e-06,4.609218436873737,2.4230811121945124e-07
0.04408817635270541,8.527054108216431e-07,1.0966933867735503e-06,1.7835671342685384,8.667777204364058e-08
0.07078156312625251,2.9358717434869917e-06,1.5616232464929933e-06,5.090180360721438,1.6945494401338487e-08
0.3369739478957877,1.0841683366733476e-06,1.1187374749499032e-06,8.517034068136308,4.9111107448132296e-08
0.2524448897795568,5.415831663326693e-06,1.3612224448897851e-06,1.0621242484969946,8.852773915279418e-09
0.04705410821643287,7.204408817635269e-07,1.3431863727454964e-06,3.10621242484969,7.778787862446394e-08
0.12787575150300598,2.2965931863727574e-06,1.4834669338677421e-06,8.757515030060159,4.569294880809442e-08
0.25615230460921606,3.597194388777579e-06,1.57765531062125e-06,3.847695390781546,4.528275783572804e-08
0.15160320641282518,5.955911823647339e-06,1.7179358717434958e-06,6.212424849699407,7.19455715688248e-09
0.24873747494989754,3.475951903807638e-06,1.5395791583166404e-06,5.951903807615236,1.115744190067163e-07
0.06559118236472947,1.558116232464935e-06,1.307114228456919e-06,4.068136272545073,5.846941668115034e-09
0.21166332665330503,5.625250501002046e-06,1.1848697394789619e-06,8.677354709418875,2.6840243077698728e-08
0.11304609218436876,2.990981963927874e-06,9.644288577154328e-07,5.59118236472946,4.487624919593595e-08
0.27543086172344416,5.570140280561163e-06,1.3131262525050151e-06,2.5050100200400767,9.601215821362486e-09
0.3295591182364692,2.186372745490993e-06,1.6397795591182446e-06,8.056112224448928,2.0600332707312074e-07
0.17681362725450808,6.653306613226452e-07,9.343687374749516e-07,3.8677354709418665,7.2597285938041026e-09
0.30212424849699077,5.7905811623246924e-06,1.0546092184368765e-06,5.911823647294594,5.98878491598638e-08
0.16865731462925773,1.7895791583166406e-06,1.2069138276553148e-06,7.234468937875772,8.064495399482927e-08
0.36737474949899357,5.757515030060163e-06,1.2009018036072185e-06,2.66533066132264,1.5859921103832726e-07
0.15827655310621183,8.637274549098194e-07,8.842685370741495e-07,2.0040080160320657,9.775947653412929e-09
0.34661322645290177,5.3056112224449285e-06,1.2469939879759564e-06,5.450901803607214,4.063844267401258e-08
0.33030060120240107,1.8446893787575228e-06,7.820641282565133e-07,2.1442885771543088,1.0602437628815896e-08
0.2998997995991952,5.713426853707457e-06,1.3411823647294643e-06,3.3667334669338556,3.815248525689125e-08
0.0915430861723447,5.33066132264529e-07,9.263527054108233e-07,4.9699398797595125,1.4623595434028893e-07
0.32436873747494627,5.23947895791587e-06,1.2710420841683414e-06,2.4448897795591154,3.691446348498587e-09
0.21759519038075983,3.0020040080160504e-06,8.902805611222458e-07,6.95390781563128,6.007277775191063e-09
0.14789579158316593,3.387775551102226e-06,1.3512024048096247e-06,7.094188376753526,5.01592877523844e-09
0.07152304609218438,2.428857715430875e-06,1.6377755511022125e-06,9.158316633266576,7.802808098728738e-09
0.13973947895791558,3.112224448897815e-06,1.5075150300601271e-06,5.070140280561117,1.0380878137091671e-07
0.350320641282561,1.82264529058117e-06,1.6878757515030145e-06,4.388777555110207,1.8049636823782292e-08
0.20869739478957763,5.492985971943928e-06,1.4493987975951967e-06,6.012024048096198,4.3813363647773825e-09
0.17458917835671253,1.1282565130260534e-06,8.4619238476954e-07,9.639278557114277,6.55393141723165e-08
0.34809619238476547,1.6573146292585232e-06,1.210921843687379e-06,3.927855711422828,1.5624545225189744e-08
0.18274549098196288,5.217434869739517e-06,1.4734468937875817e-06,5.050100200400796,1.2928993428054696e-08
0.15753507014027998,1.1503006012024063e-06,1.551603206412833e-06,6.192384769539086,1.3123762180952e-07
0.16717434869739403,1.5250501002004057e-06,8.041082164328662e-07,2.6252505010019993,1.1921141853309708e-08
0.07745490981963929,9.849699398797595e-07,1.4894789579158384e-06,3.7274549098196235,7.708956769458073e-08
0.3695991983967891,3.0571142284569326e-06,1.599699398797603e-06,9.47895791583171,4.100656341383988e-08
0.05446893787575151,4.060120240480989e-06,1.6057114228456992e-06,0.04008016032064128,2.6279361625504535e-07
0.05298597194388778,1.2274549098196415e-06,9.70440881763529e-07,0.36072144288577157,4.3678488185788484e-08
0.31695390781562777,3.751503006012049e-06,1.2249498997996035e-06,9.69939879759524,2.3656908903666733e-08
0.14937875751502963,3.795591182364755e-06,1.6658316633266616e-06,3.6272545090180213,1.32835350999804e-08
0.22278557114228278,5.220440881763527e-07,1.4594188376753571e-06,8.33667334669342,2.6517411545905547e-07
0.30509018036071817,1.2494989979959944e-06,9.283567134268553e-07,3.747494989979944,1.9399878462111943e-08
0.34364729458917437,4.148296593186401e-06,1.5936873747495067e-06,4.749498997995983,6.1166037887735905e-09
0.2643086172344664,5.173346693386811e-06,8.141282565130267e-07,9.519038076152352,3.68008256607722e-08
0.19683366733466803,2.4509018036072277e-06,1.7139278557114316e-06,3.386773547094176,2.0975236671744169e-07
0.14048096192384743,6.763527054108215e-07,1.725951903807624e-06,8.496993987975987,8.986136480954638e-08
0.16939879759518958,4.6222444889779885e-06,1.2670340681362772e-06,4.549098196392774,1.2773484897791362e-07
0.18052104208416733,4.291583166332695e-06,1.1908817635270581e-06,4.128256513026035,1.9053131893347667e-08
0.042605210420841685,5.58116232464934e-06,1.0726452905811653e-06,7.575150300601227,5.5719623687545346e-08
0.13084168336673338,1.4038076152304647e-06,9.524048096192403e-07,7.474949899799623,1.6442441038338884e-07
0.2687575150300575,7.755511022044086e-07,1.2409819639278602e-06,0.8817635270541088,6.754447705087553e-09
0.09080160320641284,5.019038076152341e-06,9.303607214428874e-07,9.779559118236524,5.953349736485778e-09
0.20276553106212283,3.993987975951931e-06,1.0445891783567161e-06,8.236472945891816,1.1360495378540841e-07
0.1100801603206413,2.3517034068136397e-06,1.162825651302609e-06,6.933867735470959,3.9912085517463496e-08
0.3265931863727418,6.212424849699398e-07,7.560120240480963e-07,1.9639278557114244,4.213105432131633e-08
0.39703406813626757,2.583166332665345e-06,1.4614228456913892e-06,2.064128256513027,3.243613620474149e-08
0.15086172344689333,1.7124248496994054e-06,1.0205410821643311e-06,6.553106212424862,8.089397876375128e-09
0.20128256513025913,4.545090180360753e-06,1.3912825651302664e-06,6.232464929859728,2.4013288282325376e-07
0.23390781563126053,1.1392785571142299e-06,1.5375751503006084e-06,9.25851703406818,2.3162549691572214e-07
0.2821042084168308,4.313627254509048e-06,1.7399799599198487e-06,8.857715430861763,2.295461676038027e-07
0.10785571142284571,3.960921843687401e-06,1.2189378757515073e-06,7.334669338677377,8.512852419123945e-08
0.23539078156312424,1.6022044088176409e-06,1.263026052104213e-06,5.010020040080154,6.733654751092221e-08
0.36440881763526617,3.6412825651302846e-06,1.064629258517037e-06,5.531062124248497,4.5422587146145104e-09
0.13825651302605188,3.7184368737475198e-06,9.043086172344704e-07,1.042084168336674,1.772702399668077e-08
0.3532865731462884,1.0511022044088183e-06,9.66432865731465e-07,5.1503006012024,4.328638126321561e-08
0.30360721442885447,5.338677354709458e-06,1.407314629258523e-06,6.773547094188392,1.6198420025806942e-08
0.35699398797594767,5.988977955911869e-06,9.223446893787591e-07,6.432865731462937,4.22611514389484e-09
0.19238476953907693,3.2555110220441088e-06,1.3251503006012076e-06,0.9218436873747501,3.747056122430022e-08
0.03,2.6382765531062274e-06,1.066633266533069e-06,5.190380761523042,1.4022052008069396e-08
0.18941883767534953,4.765531062124282e-06,1.5095190380761592e-06,1.2024048096192392,1.488972918926298e-07
0.3562525050100158,3.167334669338697e-06,9.824649298597216e-07,0.38076152304609223,9.232556271469576e-08
0.17014028056112143,2.2745490981964045e-06,1.3171342685370793e-06,6.5130260521042205,3.1101871687808404e-09
0.06040080160320642,5.812625250501045e-06,1.3632264529058172e-06,1.743486973947897,6.693812234096502e-09
0.36589178356712987,9.519038076152302e-07,1.3391783567134322e-06,4.649298597194378,5.794452985489463e-09
0.19757515030059988,5.977955911823692e-06,1.6077154308617312e-06,9.979959919839732,2.5426614507594158e-08
0.23168336673346498,1.4148296593186412e-06,1.747995991983977e-06,0.4008016032064129,2.5577957312742914e-07
0.27246492985971676,2.483967935871757e-06,1.7419839679358808e-06,7.515030060120265,3.625466741584058e-09
0.35254509018035657,3.652304609218461e-06,1.2169338677354752e-06,0.5010020040080162,6.613299786768888e-08
0.07819639278557115,1.4919839679358764e-06,1.6357715430861804e-06,3.8276553106212257,6.794651132981132e-08
0.35847695390781137,5.856713426853751e-06,9.92484969939882e-07,6.593186372745504,2.1422911975742003e-08
0.379979959919835,8.306613226452904e-07,1.1568136272545127e-06,3.206412825651292,4.150579055964678e-09
0.27691382765530786,5.834669338677398e-06,1.555611222444897e-06,6.412825651302616,1.0319455279982118e-08
0.335490981963924,5.4268537074148695e-06,1.0986973947895823e-06,2.7254509018036015,1.2029128756101005e-08
0.19016032064128138,5.030060120240517e-06,1.1267535070140315e-06,4.168336673346677,1.7832537750302787e-07
0.18200400801603103,1.679358717434876e-06,1.4253507014028117e-06,2.785571142284563,1.9752935446592865e-08
0.2880360721442856,1.701402805611229e-06,1.333166332665336e-06,3.5070140280560986,3.166789240032255e-09
0.33474949899799217,3.1783567134268736e-06,1.479458917835678e-06,2.6452905811623197,1.3483644844013252e-07
0.04927855711422846,5.73547094188381e-06,1.3191382765531114e-06,4.2685370741482815,1.0958017728875894e-07
0.14715430861723408,2.1533066132264635e-06,1.1688376753507052e-06,7.054108216432884,8.137547116464442e-08
0.2984168336673315,4.115230460921872e-06,1.5015030060120309e-06,1.6633266533066144,1.3005948625238623e-07
0.36885771543085727,2.5170340681362865e-06,1.5956913827655387e-06,0.9819639278557121,1.3605785580442623e-07
0.3132464929859685,2.550100200400816e-06,1.0145290581162349e-06,7.274549098196414,6.633721094855853e-09
0.12342685370741485,4.2585170340681655e-06,1.2530060120240527e-06,4.368737474949886,2.6599295060690013e-08
0.06929859719438879,1.8116232464929935e-06,7.800601202404813e-07,8.036072144288607,4.6524511477403566e-08
0.10933867735470944,7.645290581162323e-07,1.4373747494990042e-06,4.308617234468923,2.6043448707220176e-07
0.21685370741482798,1.4478957915831706e-06,7.620240480961925e-07,2.8056112224448833,4.5014823242197184e-09
0.053727454909819644,6.322645290581161e-07,1.0005010020040103e-06,1.3426853707414839,1.2210341502422209e-07
0.07967935871743488,1.8777555110220522e-06,1.6918837675350787e-06,1.3627254509018045,1.7356581786691898e-07
0.03148296593186373,4.776553106212459e-06,7.74048096192385e-07,0.6813627254509022,1.1191895133682282e-08
0.3340080160320603,1.6903807615230525e-06,1.3752505010020097e-06,6.573146292585183,3.517839121310008e-08
0.13010020040080153,3.0240480961924033e-06,1.0125250501002028e-06,4.849699398797587,3.1383606007884984e-09
0.3666332665330617,3.630260521042108e-06,1.5215430861723517e-06,6.152304609218445,8.162675170854576e-09
0.11971943887775553,5.6693386773547515e-06,8.401803607214437e-07,7.7154308617234735,5.1376121558769204e-08
0.16420841683366663,3.5420841683366965e-06,1.651803607214437e-06,1.162324649298598,4.461071988274522e-09
0.31398797595190037,5.691382765531104e-06,1.4213426853707476e-06,0.5611222444889782,8.746293711079734e-08
0.18719438877755398,1.359719438877759e-06,1.5455911823647367e-06,6.252505010020049,2.4671785900366934e-07
0.17533066132264438,3.3216432865731675e-06,1.287074148296598e-06,0.6212424849699402,5.6224356343255174e-08
0.3918436873747446,3.409819639278579e-06,1.6798597194388862e-06,7.675350701402832,3.4970243379325587e-09
0.11601202404809621,1.965931863727464e-06,1.0465931863727482e-06,8.77755511022048,5.828942389058411e-08
0.22575150300601018,5.404809619238517e-06,8.882765531062137e-07,7.595190380761548,6.456665021276253e-09
0.3829458917835624,4.8977955911824e-06,8.061122244488983e-07,3.1462925851703307,1.410551324449193e-07
0.2539278557114205,3.4428857715431085e-06,1.3151302605210472e-06,0.6613226452905815,9.65836361564754e-08
0.15975951903807553,2.142284569138287e-06,1.0345691382765557e-06,4.529058116232453,4.737120769556475e-08
0.30657314629258187,1.7565130260521112e-06,7.5e-07,8.57715430861727,8.82552145456136e-08
0.08635270541082166,1.6352705410821703e-06,1.6197394789579237e-06,6.73346693386775,2.0663944785168352e-08
0.08709418837675352,5.867735470941928e-06,1.2550100200400848e-06,0.32064128256513025,1.865497796254111e-07
0.33771543086171957,4.126252505010048e-06,1.0826653306613257e-06,5.6513026052104225,1.0762157994219963e-07
0.0670741482965932,4.401803607214459e-06,1.3972945891783626e-06,8.35671342685374,5.391156041767191e-09
0.0648496993987976,2.7815631262525213e-06,1.6217434869739558e-06,4.328657314629244,4.780031675772268e-08
0.3117635270541048,4.787575150300635e-06,1.6177354709418916e-06,6.092184368737482,1.4492317698906792e-07
0.14418837675350668,2.16432865731464e-06,1.6117234468937954e-06,8.156312625250532,1.7410177437190367e-08
0.046312625250501005,3.6192384769539317e-06,9.864729458917857e-07,2.424849699398795,1.871258295016051e-08
0.28284569138276267,2.6933867735471097e-06,1.283066132264534e-06,7.995991983967966,1.6053004905213813e-08
0.13677354709418818,1.3927855711422883e-06,7.600200400801604e-07,7.975951903807645,2.194261878760513e-07
0.16791583166332588,5.881763527054108e-07,1.6097194388777633e-06,6.352705410821653,5.67336610875196e-08
0.12861723446893783,4.8426853707415175e-06,1.018537074148299e-06,9.67935871743492,3.082266652983923e-09
0.37775551102203947,1.3266533066132296e-06,9.483967935871762e-07,2.024048096192386,3.780998591215752e-08
0.24428857715430644,4.192384769539107e-06,9.363727454909837e-07,0.5811623246492988,5.89990581612285e-09
0.2672745490981938,5.614228456913869e-06,1.3792585170340739e-06,3.066132264529049,8.236616243030248e-09
0.050020040080160325,3.090180360721462e-06,1.2309619238476998e-06,1.803607214428859,5.247264414856532e-09
0.28729458917835377,2.671342685370757e-06,1.5115230460921913e-06,1.5230460921843698,6.398702780440241e-09
0.3191783567134233,4.644288577154341e-06,1.7079158316633354e-06,0.220440881763527,7.732761373255857e-09
0.3236272545090144,1.5911823647294644e-06,7.540080160320642e-07,2.4849699398797562,3.486259066018347e-08
0.23909819639278349,2.2084168336673458e-06,1.1708416833667373e-06,9.298597194388822,1.2138093851360557e-08
0.3607014028056069,4.346693386773577e-06,1.1548096192384806e-06,7.41482965931866,4.039798813590485e-09
0.3221442885771507,5.900801603206457e-06,1.5495991983968009e-06,8.637274549098233,9.953859417432415e-09
0.23316633266532868,5.074148296593223e-06,1.503507014028063e-06,6.27254509018037,1.436221845944372e-07
0.25022044088176126,4.930861723446929e-06,7.660320641282567e-07,0.8216432865731468,1.6003587187131704e-07
0.12565130260521043,5.349699398797634e-06,1.38527054108217e-06,8.957915831663367,3.2244214082829982e-09
0.28432865731462637,1.4809619238477e-06,1.3672344689378814e-06,2.7655310621242424,4.407414698389934e-08
0.1123046092184369,5.0851703406813995e-06,1.7119238476953995e-06,2.605210420841679,7.129970771610592e-09
0.20350701402805468,5.448897795591222e-06,1.457414829659325e-06,1.8436873747495004,1.0103809279812371e-07
0.15308617234468888,2.0761523046092284e-06,1.5415831663326725e-06,1.3026052104208425,1.7253884227880857e-08
0.23464929859719239,3.3436873747495204e-06,1.040581162324652e-06,5.751503006012027,1.2889192695663145e-07
0.19164328657314508,4.831663326653341e-06,1.7039078156312712e-06,7.134268537074168,2.0232129643792195e-07
0.16494989979959848,1.3707414829659354e-06,1.2970941883767585e-06,5.611222444889781,6.0616943175938166e-09
0.29322645290580857,4.1593186372745775e-06,8.48196392785572e-07,8.737474949899838,1.2658815822421816e-07
0.24132264529057904,2.5611222444889923e-06,1.5636272545090254e-06,4.00801603206411,7.663343465471093e-09
0.09450901803607216,5e-07,1.699899799599207e-06,9.038076152304651,8.386513826088315e-09
0.12268537074148299,1.018036072144289e-06,1.2049098196392827e-06,7.1943887775551305,5.2001591054217385e-09
0.35995991983967507,2.9138276553106387e-06,8.822645290581174e-07,1.5631262525050111,2.7328706719481546e-08
0.29915831663326337,2.2304609218436987e-06,8.72244488977957e-07,3.1262525050100103,8.21126056776284e-08
0.040380761523046094,1.3046092184368767e-06,8.281563126252512e-07,3.286573146292574,2.636051006235189e-08
0.26060120240480716,2.0320641282565225e-06,1.48146292585171e-06,5.330661322645288,7.873489337994641e-09
0.23687374749498794,1.117234468937877e-06,1.601703406813635e-06,4.729458917835662,1.8213138307204877e-08
0.2657915831663301,3.068136272545109e-06,8.922845691382779e-07,7.014028056112243,1.3853396287793502e-07
0.04112224448897796,2.406813627254522e-06,1.1668336673346731e-06,4.929859719438871,1.7887603112394953e-08
0.2954509018036041,4.049098196392813e-06,9.784569138276574e-07,8.016032064128286,1.1814124361637986e-08
0.21833667334669168,3.6633266533066375e-06,1.2690380761523093e-06,1.5030060120240492,7.044212256713308e-08
0.10044088176352707,5.470941883767575e-06,1.1007014028056144e-06,3.667334669338662,5.107213300098497e-09
0.12490981963927858,6.543086172344688e-07,1.0105210420841707e-06,2.885771543086165,2.9109403329733362e-08
0.33623246492985587,1.0731462925851712e-06,1.62575150300602e-06,6.4929859719439,4.113318819905044e-09
0.14492985971943853,2.968937875751521e-06,8.762525050100212e-07,2.9458917835671263,6.515152309372312e-09
0.3414228456913788,3.3657314629258733e-06,1.0566132264529086e-06,6.833667334669355,6.436788764236158e-08
0.20647294589178208,3.4649298597194614e-06,1.3932865731462984e-06,4.509018036072132,7.065964185911035e-09
0.17829659318637178,1.2935871743487002e-06,1.409318637274555e-06,2.8657314629258446,2.4895273698641046e-07
0.21537074148296428,2.3296593186372868e-06,1.1327655310621277e-06,5.350701402805609,1.756788641856335e-08
0.03593186372745491,4.0380761523046365e-06,1.188877755511026e-06,0.26052104208416826,3.5818600209503895e-08
0.09302605210420843,5.195390781563164e-06,1.0305611222444915e-06,3.426853707414817,1.3647799090803609e-08
0.036673346693386774,4.302605210420871e-06,1.1988977955911865e-06,7.034068136272563,9.923217364967826e-08
0.29470941883767227,5.603206412825693e-06,1.3011022044088226e-06,4.90981963927855,3.919871101192534e-08
0.09821643286573148,9.95991983967936e-07,8.682364729458929e-07,1.2424849699398806,6.495096004526122e-08
0.22723446893787388,2.043086172344699e-06,1.5355711422845763e-06,2.244488977955911,1.3771426808002863e-08
0.04779559118236473,5.724448897795634e-06,1.3291583166332718e-06,0.14028056112224446,2.2341950919293244e-07
0.05817635270541083,8.19639278557114e-07,1.7059118236473033e-06,6.6733466933867875,3.1006127399693034e-08
0.03222444889779559,5.779559118236516e-06,1.1588176352705448e-06,9.138276553106255,1.6294835312433136e-07
0.2628256513026027,4.203406813627283e-06,7.960921843687379e-07,9.098196392785614,2.3871203503425444e-08
0.21388777555110058,5.551102204408817e-07,1.649799599198405e-06,6.072144288577161,2.3234073677872025e-08
0.04186372745490982,3.894789579158343e-06,8.261523046092191e-07,0.24048096192384763,5.489269300501761e-09
0.18126252505009918,2.4729458917835806e-06,1.4914829659318705e-06,7.154308617234489,3.955379003436076e-08
0.06855711422845692,3.8176352705411074e-06,1.2910821643286622e-06,4.088176352705394,1.5717544727850532e-07
0.23835671342685164,2.748496993987992e-06,1.6818637274549183e-06,6.893787575150317,2.6999999999999233e-07
0.03963927855711423,1.2715430861723473e-06,1.0045090180360745e-06,6.472945891783579,1.4149069871438658e-08
0.276172344689376,1.2825651302605238e-06,1.3892785571142343e-06,9.93987975951909,1.2358994143126633e-08
0.06781563126252506,4.236472945891813e-06,1.455410821643293e-06,4.408817635270528,5.342759000284053e-09
0.3888777555110172,5.162324649298635e-06,1.453406813627261e-06,5.9919839679358775,3.713418359176304e-08
0.08264529058116234,5.658316633266575e-06,1.2990981963927906e-06,0.8416833667334674,3.423946904046491e-08
0.31250501002003667,3.87274549098199e-06,1.4934869739479025e-06,6.8537074148296755,1.507100156095861e-08
0.13529058116232448,4.941883767535106e-06,1.5335671342685442e-06,5.891783567134273,2.452580484173361e-08
0.0566933867735471,2.6162324649298745e-06,8.562124248497004e-07,1.4629258517034078,3.3627484876271376e-08
0.3399398797595151,4.534068136272577e-06,1.112725450901807e-06,3.3066132264528942,4.18817681149507e-09
0.15382765531062073,5.636272545090222e-06,1.5976953907815708e-06,5.170340681362721,2.9373089002327434e-08
0.25466933867735236,2.891783567134286e-06,8.642284569138287e-07,7.655310621242511,2.8848084794416748e-08
0.06188376753507015,3.453907815631285e-06,9.584168336673366e-07,9.839679358717486,2.0786939506635984e-07
0.23983967935871534,8.086172344689377e-07,8.321643286573154e-07,9.799599198396844,7.99209947635152e-08
0.38961923847694907,2.9579158316633446e-06,1.3652304609218493e-06,8.376753507014062,6.341260873453308e-09
0.11452905811623248,4.985971943887811e-06,1.5916833667334746e-06,0.1603206412825651,7.0025321948548445e-09
0.06410821643286574,2.3737474949899926e-06,1.5876753507014104e-06,2.985971943887767,3.647046032311197e-08
0.2939679358717404,1.7234468937875819e-06,8.161322645290587e-07,5.851703406813631,2.430563380881668e-08
0.3962925851703357,3.1232464929859913e-06,1.405310621242491e-06,1.4428857715430872,3.373132369364782e-09
0.19312625250500878,2.3957915831663455e-06,8.502004008016041e-07,8.196392785571174,8.36069670472126e-08
0.18793587174348583,1.9328657314629345e-06,7.940881763527058e-07,5.671342685370743,2.7083373706944648e-08
0.37330661322644837,2.1092184368737577e-06,1.575651302605218e-06,1.6232464929859731,9.571659350190533e-08
0.1182364729458918,2.924849699398815e-06,1.1487975951903844e-06,6.132264529058124,2.8589112146308006e-08
0.15679358717434813,2.50601202404811e-06,1.0766533066132294e-06,3.4068136272544964,1.5207521266919347e-08
0.09895791583166334,3.982965931863754e-06,9.323647294589195e-07,9.739478957915882,1.6741675833125777e-07
0.34068136272544697,1.1062124248497005e-06,1.238977955911828e-06,7.735470941883794,3.302643910066035e-08
0.28581162324649007,5.118236472945929e-06,1.3532064128256568e-06,2.384769539078154,5.538993496190613e-09
0.10266533066132266,2.8587174348697565e-06,1.1287575150300636e-06,5.030060120240475,3.5606664308363043e-09
0.10118236472945893,2.285571142284581e-06,1.0706412825651332e-06,4.248496993987961,1.8321545481945037e-07
0.33178356713426477,2.5721442885771687e-06,8.802605210420854e-07,2.5851703406813584,4.9555977281176014e-08
0.38517034068135797,5.878757515030104e-06,1.1047094188376786e-06,6.372745490981974,8.932966202896297e-09
0.04482965931863728,2.770541082164345e-06,9.403807615230478e-07,7.695390781563153,1.1091424175530981e-08
0.035190380761523046,3.18937875751505e-06,1.0866733466933898e-06,2.9659318637274468,8.61649063364689e-09
0.3547695390781521,3.850701402805637e-06,1.383266533066138e-06,5.410821643286572,8.4624825264393e-09
0.1204609218436874,5.559118236472987e-06,1.6457915831663408e-06,9.198396793587218,7.237380178469336e-08
0.09228456913827657,5.459919839679399e-06,7.700400801603208e-07,3.0460921843687285,4.251269578850732e-08
0.24651302605210199,5.39378757515034e-06,1.7159318637274637e-06,1.8236472945891797,9.067536824862865e-08
0.10488977955911825,2.384769539078169e-06,1.285070140280566e-06,6.452905811623258,5.326311801793594e-08
0.14270541082164298,3.0350701402805797e-06,8.001002004008021e-07,3.3266533066132147,2.4747970279903217e-08
0.21240480961923688,4.104208416833695e-06,1.7339679358717524e-06,1.8837675350701417,3.658307800722014e-09
0.3859118236472898,1.436873747494994e-06,1.579659318637282e-06,3.4468937875751373,1.493570740844531e-08
0.15605210420841628,2.4178356713426984e-06,9.884769539078178e-07,6.312625250501012,2.4972148189518038e-08
0.07893787575150302,4.36873747494993e-06,1.2890781563126302e-06,6.112224448897803,2.0478442123916343e-08
0.14567134268537038,4.324649298597224e-06,1.3992985971943947e-06,4.769539078156304,9.40057889504533e-08
0.0381563126252505,2.8036072144288742e-06,1.212925851703411e-06,3.5871743486973804,4.027362659733698e-08
0.17384769539078068,2.7595190380761684e-06,1.236973947895796e-06,3.026052104208408,9.485733439116067e-08
0.17088176352705328,1.3817635270541118e-06,1.6598196392785654e-06,0.48096192384769554,1.0507258299972768e-08
0.26801603206412566,4.512024048096224e-06,1.1467935871743523e-06,0.9418837675350707,2.3797718170805274e-07
0.08931863727454911,3.1563126252505207e-06,1.4013026052104268e-06,7.755511022044115,1.2697905170594254e-08
0.17755511022043993,5.933867735470986e-06,1.0606212424849728e-06,1.6032064128256525,2.11652395147073e-07
0.31991983967935517,2.021042084168346e-06,1.3692384769539134e-06,0.1002004008016032,6.877371410163831e-09
0.08042084168336674,1.1723446893787592e-06,1.4413827655310684e-06,8.276553106212457,8.773301523254539e-09
0.20498997995991838,4.423847695390812e-06,7.760521042084171e-07,1.22244488977956,3.185638417408159e-08
0.3740480961923802,4.9639278557114585e-06,8.421843687374758e-07,4.488977955911811,1.475606234013781e-07
0.35402805611222027,7.094188376753506e-07,8.381763527054116e-07,1.6432865731462938,2.1812786000763643e-08
0.17236472945891698,4.567134268537106e-06,1.138777555110224e-06,6.913827655310638,4.794792007627997e-09
0.21611222444889613,2.307615230460934e-06,1.0285571142284595e-06,0.2805611222444889,2.2141384599736183e-07
0.13306613226452893,1.238476953907818e-06,7.9809619238477e-07,0.9619238476953914,1.2812928334329933e-08
0.13751503006012003,2.8807615230461094e-06,8.522044088176362e-07,0.5410821643286575,2.15504241772541e-07
0.2583767535070116,4.456913827655342e-06,1.5656312625250575e-06,8.617234468937912,4.867023126387145e-08
0.37627254509017577,5.823647294589222e-06,1.0365731462925878e-06,8.837675350701442,1.5576446481330998e-07
0.12935871743486968,4.247494989979989e-06,1.5135270541082234e-06,8.176352705410853,9.344956393115008e-09
0.24354709418837459,5.537074148296634e-06,7.580160320641283e-07,2.925851703406806,4.709091590492342e-09
0.15234468937875703,2.649298597194404e-06,1.092685370741486e-06,5.1302605210420795,6.856200046703184e-08
0.038897795591182366,5.294589178356752e-06,9.103206412825666e-07,7.935871743487003,1.1567244211962122e-07
0.17533066132264438,9.95991983967936e-07,1.3952905811623305e-06,1.3827655310621252,1.397888639408255e-07
0.17236472945891698,3.509018036072167e-06,1.1948897795591223e-06,6.252505010020049,1.704635638029228e-07
0.20573146292585023,7.314629258517033e-07,1.6958917835671429e-06,9.198396793587218,3.4549625085950754e-08
0.22204408817635093,3.828657314629284e-06,9.824649298597216e-07,1.2625250501002012,3.9912085517463496e-08
0.08783567134268538,4.21442885771546e-06,1.6457915831663408e-06,3.486973947895778,8.61649063364689e-09
0.15753507014027998,2.2965931863727574e-06,1.407314629258523e-06,6.773547094188392,1.3242642943242108e-07
0.10488977955911825,2.142284569138287e-06,1.43336673346694e-06,7.595190380761548,5.742435499937533e-09
0.24651302605210199,6.212424849699398e-07,9.143286573146308e-07,2.7655310621242424,6.794651132981132e-08
0.21388777555110058,2.704408817635286e-06,1.5976953907815708e-06,6.292585170340691,3.185638417408159e-08
0.08561122244488979,1.4919839679358764e-06,1.287074148296598e-06,9.739478957915882,5.0914912076599136e-08
0.17384769539078068,3.233466933867756e-06,1.0265531062124274e-06,7.1943887775551305,4.9111107448132296e-08
0.24799599198396569,1.018036072144289e-06,9.163326653306628e-07,0.8216432865731468,5.7247579336311254e-08
0.08486973947895793,4.071142284569166e-06,9.383767535070158e-07,9.378757515030106,1.0013106196268845e-07
0.24725450901803384,4.688376753507047e-06,8.642284569138287e-07,8.837675350701442,3.423946904046491e-08
0.3562525050100158,1.580160320641288e-06,1.3131262525050151e-06,0.9018036072144294,9.601215821362486e-09
0.27987975951903526,3.387775551102226e-06,1.088677354709422e-06,1.5430861723446905,2.757626206545774e-08
0.18496993987975843,5.030060120240517e-06,1.0626252505010049e-06,5.511022044088176,1.0135008984772664e-08
0.21759519038075983,6.653306613226452e-07,9.864729458917857e-07,8.376753507014062,3.2244214082829982e-09
0.21092184368737318,1.9328657314629345e-06,1.1808617234468977e-06,4.4488977955911695,4.076393073364223e-09
0.13677354709418818,4.467935871743518e-06,1.1688376753507052e-06,3.4669338677354578,5.294796424731075e-09
0.20647294589178208,3.6633266533066375e-06,1.4153306613226513e-06,7.034068136272563,2.6517411545905547e-07
0.21314629258516873,1.9549098196392874e-06,8.381763527054116e-07,6.232464929859728,4.709091590492342e-09
0.26208416833667086,2.726452905811639e-06,1.725951903807624e-06,0.32064128256513025,6.939669640238394e-09
0.2984168336673315,3.938877755511048e-06,1.5696392785571217e-06,8.396793587174383,3.658307800722014e-09
0.11971943887775553,1.921843687374758e-06,1.188877755511026e-06,6.032064128256519,5.000487693921524e-08
0.05817635270541083,2.50601202404811e-06,9.804609218436895e-07,2.384769539078154,1.3483644844013252e-07
0.26505010020039826,2.043086172344699e-06,7.560120240480963e-07,7.054108216432884,1.304610989002486e-08
0.32881763527053737,1.82264529058117e-06,1.236973947895796e-06,2.3246492985971927,2.3584083257515229e-07
0.22797595190380573,8.747494989979958e-07,1.603707414829667e-06,0.4609218436873749,3.691446348498587e-09
0.27839679358717156,5.1843687374749876e-06,8.862725450901816e-07,5.250501002004005,2.220975531495786e-08
0.31398797595190037,2.946893787575168e-06,9.92484969939882e-07,4.669338677354699,1.5908895193250815e-08
0.3770140280561076,3.431863727454932e-06,1.7079158316633354e-06,8.09619238476957,1.2773484897791362e-07
0.23390781563126053,1.0731462925851712e-06,8.902805611222458e-07,4.709418837675341,2.990764772383205e-08
0.3132464929859685,5.878757515030104e-06,1.6177354709418916e-06,9.979959919839732,3.243613620474149e-08
0.03222444889779559,5.437875751503046e-06,1.67384769539079e-06,1.683366733466935,7.708956769458073e-08
0.36292585170340247,1.0621242484969947e-06,7.580160320641283e-07,3.1863727454909716,4.487624919593595e-08
0.3488376753506973,4.104208416833695e-06,1.359218436873753e-06,1.8837675350701417,5.953349736485778e-09
0.29174348697394487,4.908817635270576e-06,1.0726452905811653e-06,9.45891783567139,8.589965549558257e-08
0.20795591182364578,5.404809619238517e-06,1.479458917835678e-06,5.350701402805609,1.1057280233242822e-07
0.14715430861723408,3.354709418837697e-06,1.2249498997996035e-06,8.877755511022084,1.8544597893471567e-08
0.06114228456913828,5.283567134268576e-06,1.1487975951903844e-06,8.7975951903808,3.780998591215752e-08
0.29322645290580857,5.371743486973987e-06,7.860721442885775e-07,2.9659318637274468,9.5150245783721e-09
0.0752304609218437,3.0240480961924033e-06,1.6898797595190466e-06,8.196392785571174,9.261065621133671e-09
0.35551102204408397,5.382765531062164e-06,1.5335671342685442e-06,4.2685370741482815,1.5298038584008818e-07
0.17162324649298513,1.7124248496994054e-06,7.960921843687379e-07,1.1422845691382773,8.236616243030248e-09
0.2554108216432842,4.115230460921872e-06,1.4213426853707476e-06,4.428857715430849,3.713418359176304e-08
0.11378757515030062,2.869739478957933e-06,1.623747494989988e-06,4.248496993987961,7.391847869215242e-09
0.08190380761523047,5e-07,8.762525050100212e-07,4.609218436873737,4.926275837701879e-09
0.20498997995991838,1.943887775551111e-06,9.504008016032082e-07,7.895791583166361,1.6198420025806942e-08
0.3829458917835624,5.2064128256513405e-06,1.136773547094192e-06,1.2424849699398806,8.694542564234344e-09
0.057434869739478964,4.7104208416834e-06,9.624248496994007e-07,1.0621242484969946,6.754447705087553e-09
0.03,3.861723446893813e-06,8.021042084168342e-07,6.132264529058124,3.1383606007884984e-09
0.2806212424849671,5.551102204408817e-07,1.4594188376753571e-06,0.220440881763527,2.4671785900366934e-07
0.16643286573146218,1.1613226452905828e-06,1.0305611222444915e-06,0.7414829659318641,3.5818600209503895e-08
0.04557114228456914,2.9138276553106387e-06,1.3451903807615285e-06,0.7615230460921848,2.4450304378327506e-07
0.27543086172344416,2.7815631262525213e-06,1.1768537074148335e-06,6.573146292585183,1.115744190067163e-07
0.14196392785571113,1.6132264529058173e-06,1.2429859719438923e-06,3.1262525050100103,3.465631139397911e-09
0.1204609218436874,5.73547094188381e-06,9.303607214428874e-07,5.450901803607214,4.569294880809442e-08
0.0381563126252505,3.9168336673346955e-06,1.0946893787575182e-06,8.717434869739517,1.67933727062623e-08
0.2954509018036041,5.481963927855752e-06,1.7099198396793674e-06,8.256513026052136,1.1884443700484002e-07
0.12935871743486968,4.534068136272577e-06,8.101202404809625e-07,3.5070140280560986,1.5345277627925272e-08
0.18571142284569028,2.16432865731464e-06,1.018537074148299e-06,0.24048096192384763,1.1191895133682282e-08
0.3325250501001966,3.112224448897815e-06,1.553607214428865e-06,3.8677354709418665,5.061365245982989e-09
0.2924849699398767,1.458917835671347e-06,1.4654308617234534e-06,8.657314629258554,3.43451976129658e-09
0.3725651302605165,2.307615230460934e-06,1.6097194388777633e-06,0.6613226452905815,2.6123868665011513e-08
0.3740480961923802,4.7214428857715765e-06,7.760521042084171e-07,6.693386773547108,4.213105432131633e-08
0.27098196392785306,3.7625250501002256e-06,1.2329659318637318e-06,1.7234468937875764,1.507100156095861e-08
0.3340080160320603,4.302605210420871e-06,8.982965931863741e-07,9.67935871743492,1.410551324449193e-07
0.035190380761523046,5.834669338677398e-06,9.483967935871762e-07,1.3226452905811632,5.521942207621415e-08
0.04186372745490982,1.4478957915831706e-06,1.3211422845691435e-06,1.863727454909821,1.5484281846137096e-08
0.34809619238476547,3.0350701402805797e-06,1.5155310621242555e-06,2.705410821643281,6.918306497332757e-08
0.39258517034067647,3.53106212424852e-06,1.7339679358717524e-06,8.156312625250532,6.980975535282353e-08
0.06559118236472947,3.6082164328657553e-06,1.4453907815631326e-06,0.6813627254509022,5.5891681153332165e-09
0.16198396793587108,4.996993987975988e-06,1.551603206412833e-06,9.098196392785614,1.6003587187131704e-07
0.26356713426853456,3.2995991983968146e-06,1.3532064128256568e-06,7.214428857715451,3.815248525689125e-08
0.14344689378757483,2.087174348697405e-06,1.2089178356713469e-06,3.2665330661322534,2.8589112146308006e-08
0.3888777555110172,2.891783567134286e-06,9.123246492985987e-07,7.434869739478981,1.1814124361637986e-08
0.21833667334669168,2.825651302605227e-06,1.0445891783567161e-06,0.4408817635270542,3.272995687480531e-08
0.39555110220440387,5.316633266533105e-06,1.0125250501002028e-06,7.474949899799623,2.7826059875738966e-08
0.06633266533066133,1.4038076152304647e-06,1.6477955911823729e-06,1.9639278557114244,7.19455715688248e-09
0.038897795591182366,3.8066132264529314e-06,1.1067134268537107e-06,8.737474949899838,2.6757617826320567e-07
0.30212424849699077,1.8336673346693464e-06,1.6377755511022125e-06,1.7835671342685384,3.128699442624505e-08
0.26653306613226196,5.504008016032105e-06,1.62575150300602e-06,5.230460921843684,4.666817521760648e-09
0.25022044088176126,2.6823647294589332e-06,1.48146292585171e-06,9.298597194388822,8.932966202896297e-09
0.2524448897795568,1.6903807615230525e-06,7.520040080160321e-07,2.5050100200400767,6.495096004526122e-08
0.394809619238472,1.7675350701402877e-06,1.6337675350701483e-06,2.0440881763527066,6.0616943175938166e-09
0.2732064128256486,4.55611222444893e-06,7.920841683366737e-07,2.5450901803607175,1.957561102325661e-08
0.261342685370739,4.324649298597224e-06,1.162825651302609e-06,2.424849699398795,2.0478442123916343e-08
0.21240480961923688,5.724448897795634e-06,1.409318637274555e-06,5.030060120240475,2.2010375730879713e-08
0.07152304609218438,5.746492985971987e-06,1.6578156312625333e-06,2.0841683366733474,8.064495399482927e-08
0.3147294589178322,1.2715430861723473e-06,1.1107214428857748e-06,9.659318637274598,1.7887603112394953e-08
0.31250501002003667,2.384769539078169e-06,1.1347695390781598e-06,0.5811623246492988,1.9225723472824985e-08
0.22945891783566943,3.2775551102204617e-06,7.800601202404813e-07,6.6733466933867875,5.6224356343255174e-08
0.18645290581162213,5.58116232464934e-06,1.3732464929859776e-06,8.637274549098233,4.289779433057635e-08
0.3666332665330617,2.528056112224463e-06,1.747995991983977e-06,1.803607214428859,1.6741675833125777e-07
0.20943887775550948,5.008016032064164e-06,1.405310621242491e-06,8.35671342685374,6.856200046703184e-08
0.11675350701402808,4.754509018036106e-06,1.2810621242485018e-06,1.743486973947897,2.3797718170805274e-07
0.15605210420841628,3.971943887775578e-06,1.0986973947895823e-06,2.7254509018036015,6.398702780440241e-09
0.10563126252505012,4.886773547094223e-06,1.3932865731462984e-06,1.6432865731462938,1.2889192695663145e-07
0.04334669338677355,3.927855711422872e-06,1.1187374749499032e-06,4.549098196392774,7.044212256713308e-08
0.350320641282561,2.2194388777555222e-06,1.3792585170340739e-06,1.5631262525050111,3.625466741584058e-09
0.23909819639278349,4.545090180360753e-06,1.3672344689378814e-06,9.418837675350748,2.2544334056057853e-07
0.18793587174348583,4.5010020040080475e-06,9.94488977955914e-07,5.9919839679358775,3.054596782939205e-09
0.3087975951903774,3.630260521042108e-06,1.1908817635270581e-06,7.154308617234489,2.344453805171895e-08
0.39999999999999497,8.857715430861721e-07,1.1027054108216465e-06,4.288577154308602,4.303025907623951e-09
0.2657915831663301,8.19639278557114e-07,1.4133266533066193e-06,8.216432865731495,1.6345152379991038e-08
0.28729458917835377,2.483967935871757e-06,1.6878757515030145e-06,8.697394789579196,3.332560699183967e-08
0.13751503006012003,1.5911823647294644e-06,9.043086172344704e-07,7.575150300601227,1.664261662552381e-08
0.26801603206412566,3.795591182364755e-06,7.820641282565133e-07,4.048096192384752,3.89667752552722e-09
0.08116232464929861,2.406813627254522e-06,1.3011022044088226e-06,6.372745490981974,7.45880645146543e-09
0.14789579158316593,3.751503006012049e-06,1.3231462925851756e-06,2.344689378757513,5.89990581612285e-09
0.21981963927855538,5.955911823647339e-06,8.341683366733475e-07,5.170340681362721,3.017856424233416e-08
0.06188376753507015,4.798597194388812e-06,1.2770541082164377e-06,2.6853707414829606,2.3025498667447877e-08
0.16791583166332588,5.702404809619281e-06,8.72244488977957e-07,3.607214428857701,5.1534766658866535e-09
0.09006012024048098,1.965931863727464e-06,1.5355711422845763e-06,5.270541082164326,9.067536824862865e-08
0.28284569138276267,1.1282565130260534e-06,8.682364729458929e-07,9.358717434869785,1.0602437628815896e-08
0.28136272545089897,2.065130260521052e-06,1.5455911823647367e-06,0.02004008016032064,2.8078120463545054e-08
0.11601202404809621,3.982965931863754e-06,1.2510020040080206e-06,8.476953907815666,3.7248850796956136e-09
0.3933266533066083,5.771543086172344e-07,1.381262525050106e-06,5.1302605210420795,1.2210341502422209e-07
0.36589178356712987,3.3767535070140498e-06,1.457414829659325e-06,4.949899799599192,1.0195333991450423e-07
0.2880360721442856,4.390781563126283e-06,1.6077154308617312e-06,0.2805611222444889,8.667777204364058e-08
0.22649298597194203,2.2745490981964045e-06,8.261523046092191e-07,3.9478957915831483,1.170806757856823e-08
0.27246492985971676,4.203406813627283e-06,1.5636272545090254e-06,3.386773547094176,2.0050503437821416e-07
0.20054108216432728,1.8887775551102287e-06,1.0365731462925878e-06,1.0220440881763533,2.4895273698641046e-07
0.08709418837675352,1.7565130260521112e-06,1.0285571142284595e-06,3.927855711422828,3.3428513635946814e-09
0.21907815631262353,5.228456913827693e-06,1.2790581162324697e-06,0.8617234468937881,6.633721094855853e-09
0.3621843687374706,1.3486973947895825e-06,7.540080160320642e-07,7.755511022044115,3.919871101192534e-08
0.12713426853707413,1.3927855711422883e-06,1.116733466933871e-06,3.206412825651292,5.828942389058411e-08
0.08412825651302606,1.6462925851703467e-06,8.522044088176362e-07,1.5831663326653318,4.6524511477403566e-08
0.30657314629258187,3.7184368737475198e-06,7.5e-07,2.745490981963922,3.486259066018347e-08
0.11897795591182367,5.39378757515034e-06,1.6798597194388862e-06,7.314629258517056,1.5624545225189744e-08
0.291002004008013,4.346693386773577e-06,1.6678356713426937e-06,7.63527054108219,7.873489337994641e-09
0.3532865731462884,1.3817635270541118e-06,9.70440881763529e-07,2.9458917835671263,2.2141384599736183e-07
0.30064128256512707,5.779559118236516e-06,1.2289579158316677e-06,9.038076152304651,1.0665544836882487e-07
0.2702404809619212,5.9118236472946334e-06,1.4173346693386834e-06,1.0020040080160326,2.9109403329733362e-08
0.33326653306612847,1.0290581162324654e-06,1.357214428857721e-06,5.410821643286572,8.285641747656146e-08
0.37330661322644837,1.5030060120240528e-06,1.6437875751503087e-06,5.070140280561117,8.311227105690022e-09
0.15679358717434813,2.6382765531062274e-06,1.4013026052104268e-06,7.975951903807645,1.6893329235375367e-07
0.15531062124248443,4.677354709418871e-06,1.2449899799599243e-06,7.394789579158339,3.082266652983923e-09
0.1100801603206413,5.220440881763527e-07,1.1788577154308656e-06,3.56713426853706,1.1293276201596956e-08
0.11304609218436876,2.1973947895791693e-06,1.0465931863727482e-06,3.2264529058116125,9.177927946473271e-09
0.13010020040080153,5.658316633266575e-06,8.882765531062137e-07,2.66533066132264,1.0795390624098142e-08
0.31547094188376407,4.2805611222445184e-06,1.164829659318641e-06,8.917835671342726,1.756788641856335e-08
0.14418837675350668,3.211422845691403e-06,1.1047094188376786e-06,3.707414829659303,2.565693987264129e-08
0.20128256513025913,5.129258517034105e-06,1.5375751503006084e-06,8.316633266533099,6.733654751092221e-08
0.24354709418837459,2.3296593186372868e-06,1.1508016032064165e-06,4.529058116232453,2.0600332707312074e-07
0.09673346693386775,1.9879759519038167e-06,1.333166332665336e-06,6.472945891783579,2.295461676038027e-07
0.3280761523046055,4.578156312625283e-06,1.6397795591182446e-06,6.192384769539086,3.2536296238599114e-09
0.13084168336673338,5.92284569138281e-06,1.2530060120240527e-06,8.677354709418875,2.1812786000763643e-08
0.37478957915831207,5.118236472945929e-06,1.5215430861723517e-06,5.83166332665331,6.613299786768888e-08
0.37627254509017577,2.461923847695404e-06,1.4353707414829722e-06,1.983967935871745,6.55393141723165e-08
0.09895791583166334,3.046092184368756e-06,8.321643286573154e-07,6.452905811623258,2.11652395147073e-07
0.35995991983967507,5.8897795591182805e-06,1.0766533066132294e-06,4.649298597194378,1.7410177437190367e-08
0.3310420841683329,5.05210420841687e-06,9.20340681362727e-07,3.066132264529049,1.772702399668077e-08
0.3992585170340631,5.988977955911869e-06,1.6538076152304691e-06,2.0040080160320657,7.594548730404174e-09
0.2821042084168308,2.7374749498998155e-06,1.429358717434876e-06,0.9819639278557121,1.493570740844531e-08
0.21166332665330503,5.440881763527054e-07,1.3311623246493039e-06,2.284569138276552,1.1921141853309708e-08
0.2895190380761493,3.773547094188402e-06,1.3752505010020097e-06,6.352705410821653,1.1777755652443835e-07
0.37034068136272097,1.5470941883767586e-06,1.4473947895791647e-06,8.016032064128286,1.709899408108259e-08
0.24947895791582939,4.1372745490982246e-06,1.4514028056112288e-06,2.1242484969939883,4.4210244206650685e-09
0.09450901803607216,6.000000000000045e-06,1.042585170340684e-06,4.308617234468923,9.834135476271293e-08
0.0996993987975952,2.0541082164328754e-06,1.3692384769539134e-06,1.5230460921843698,3.31284219397272e-09
0.16050100200400738,4.016032064128284e-06,7.840681362725454e-07,3.8276553106212257,2.6999999999999233e-07
0.3636673346693343,1.6022044088176409e-06,1.6558116232465012e-06,9.839679358717486,1.0287687773848661e-07
0.23687374749498794,4.919839679358753e-06,1.5135270541082234e-06,6.933867735470959,7.237380178469336e-08
0.11156312625250503,4.611222444889812e-06,1.4373747494990042e-06,5.731462925851706,2.0415401099160175e-07
0.25170340681362496,2.021042084168346e-06,1.309118236472951e-06,9.178356713426897,2.5889351625310665e-08
0.33623246492985587,3.553106212424873e-06,8.602204408817645e-07,3.0861723446893694,9.429607084301275e-09
0.17681362725450808,5.6693386773547515e-06,1.1427855711422881e-06,6.793587174348713,8.82552145456136e-08
0.21685370741482798,3.1232464929859913e-06,1.0345691382765557e-06,6.5130260521042205,1.0380878137091671e-07
0.22426853707414648,5.492985971943928e-06,1.1267535070140315e-06,6.593186372745504,1.9931866151902852e-08
0.19312625250500878,2.241482965931875e-06,1.601703406813635e-06,4.7895791583166245,1.2928993428054696e-08
0.29767535070139967,4.269539078156342e-06,1.307114228456919e-06,2.1843687374749496,1.2320948101781143e-07
0.24058116232464719,5.074148296593223e-06,1.6598196392785654e-06,8.817635270541121,1.5207521266919347e-08
0.10266533066132266,1.3046092184368767e-06,1.2650300601202452e-06,8.977955911823688,3.861696593350839e-09
0.13454909819639263,2.3406813627254632e-06,1.3512024048096247e-06,6.633266533066146,4.5014823242197184e-09
0.320661322645287,1.9769539078156403e-06,1.5576152304609292e-06,6.873747494989996,1.4623595434028893e-07
0.34957915831662917,1.701402805611229e-06,1.3632264529058172e-06,9.759519038076203,5.374559857378681e-08
0.365150300601198,4.941883767535106e-06,1.2489979959919885e-06,7.515030060120265,1.9752935446592865e-08
0.23539078156312424,4.36873747494993e-06,1.2670340681362772e-06,3.5470941883767395,6.172010653894298e-09
0.18200400801603103,2.5721442885771687e-06,1.3031062124248547e-06,9.859719438877807,1.9053131893347667e-08
0.03370741482965932,3.5861723446894024e-06,1.114729458917839e-06,0.6212424849699402,2.3162549691572214e-07
0.19757515030059988,3.883767535070166e-06,1.5095190380761592e-06,3.847695390781546,3.68008256607722e-08
0.09302605210420843,7.53507014028056e-07,9.724448897795612e-07,6.27254509018037,4.867023126387145e-08
0.3844288577154261,8.527054108216431e-07,8.201402805611229e-07,6.973947895791601,6.26498887564265e-08
0.032965931863727455,5.107214428857752e-06,1.3892785571142343e-06,1.22244488977956,4.150579055964678e-09
0.17458917835671253,3.3987975951904027e-06,1.579659318637282e-06,0.4008016032064129,3.792673993752162e-09
0.3859118236472898,2.4178356713426984e-06,1.0566132264529086e-06,1.102204408817636,7.108021803950241e-08
0.39110220440881277,4.02705410821646e-06,9.904809619238499e-07,6.893787575150317,7.325490382028496e-09
0.16865731462925773,4.787575150300635e-06,8.421843687374758e-07,4.088176352705394,1.3896174398989743e-08
0.07597194388777556,2.428857715430875e-06,1.2690380761523093e-06,1.8236472945891797,2.8848084794416748e-08
0.04408817635270541,1.4809619238477e-06,1.6778557114228541e-06,3.3667334669338556,6.007277775191063e-09
0.07819639278557115,3.87274549098199e-06,1.4894789579158384e-06,7.8757515030060405,4.694595079589688e-08
0.25466933867735236,6.873747494989979e-07,1.0025050100200424e-06,3.7675350701402643,2.963916325476094e-08
0.10414829659318639,5.680360721442928e-06,1.2890781563126302e-06,9.779559118236524,1.2432556623962576e-07
0.2643086172344664,2.1312625250501106e-06,9.564128256513045e-07,5.190380761523042,3.827029689114404e-09
0.15382765531062073,9.298597194388775e-07,1.0786573146292615e-06,1.3426853707414839,2.1422911975742003e-08
0.18719438877755398,4.093186372745519e-06,7.600200400801604e-07,2.925851703406806,6.28433462921735e-09
0.0833867735470942,5.713426853707457e-06,1.5115230460921913e-06,5.110220440881759,3.884681957561161e-08
0.12639278557114228,5.019038076152341e-06,1.7439879759519128e-06,4.589178356713416,1.3605785580442623e-07
0.03444889779559118,6.543086172344688e-07,1.0485971943887803e-06,4.809619238476945,2.430563380881668e-08
0.16717434869739403,5.5480961923848105e-06,1.0245490981963953e-06,0.1603206412825651,5.7766152880766516e-08
0.23168336673346498,1.800601202404817e-06,1.2750501002004056e-06,7.014028056112243,1.372903272093915e-07
0.18126252505009918,5.7685370741483395e-06,9.403807615230478e-07,0.18036072144288573,1.3005948625238623e-07
0.3814629258516987,2.605210420841698e-06,1.0706412825651332e-06,9.819639278557165,1.1672025355551423e-07
0.3577354709418795,4.18136272545093e-06,1.2409819639278602e-06,2.845691382765524,5.247264414856532e-09
0.35699398797594767,2.4509018036072277e-06,1.2970941883767585e-06,0.04008016032064128,5.184150887760377e-08
0.2969338677354678,1.7454909819639348e-06,8.281563126252512e-07,5.671342685370743,1.7672452962816691e-07
0.08857715430861725,1.4699398797595235e-06,1.2189378757515073e-06,5.871743486973952,1.6442441038338884e-07
0.30360721442885447,2.924849699398815e-06,1.3872745490982022e-06,5.951903807615236,7.065964185911035e-09
0.20424849699398653,1.8777555110220522e-06,1.4413827655310684e-06,4.408817635270528,1.7356581786691898e-07
0.07448897795591183,4.335671342685401e-06,1.2049098196392827e-06,0.8416833667334674,2.6279361625504535e-07
0.34661322645290177,4.8977955911824e-06,8.441883767535079e-07,0.3006012024048096,3.75862671350548e-09
0.3028657314629226,4.357715430861754e-06,9.68436873747497e-07,4.188376753506998,2.15504241772541e-07
0.19386773547094063,1.436873747494994e-06,9.063126252505024e-07,5.711422845691385,8.162675170854576e-09
0.3013827655310589,2.4729458917835806e-06,1.6638276553106295e-06,1.6032064128256525,1.8157070814572204e-07
0.3873947895791535,4.765531062124282e-06,7.74048096192385e-07,8.857715430861763,8.137547116464442e-08
0.0485370741482966,1.2935871743487002e-06,1.0225450901803632e-06,2.2244488977955905,1.5766079171111348e-08
0.052244488977955916,3.4869739478958143e-06,1.7379759519038166e-06,4.729458917835662,2.029460474185898e-08
0.04927855711422846,5.933867735470986e-06,1.5836673346693462e-06,3.9078156312625074,1.9692127828271127e-07
0.17903807615230363,4.655310621242518e-06,1.5616232464929933e-06,6.3326653306613325,1.436221845944372e-07
0.2865531062124219,1.1392785571142299e-06,1.1207414829659352e-06,9.899799599198449,1.1395575623446218e-08
0.06336673346693387,5.636272545090222e-06,1.3972945891783626e-06,3.6472945891783417,1.2029128756101005e-08
0.22501002004007833,1.7895791583166406e-06,1.6838677354709504e-06,0.7815631262525055,7.503202322221332e-08
0.0566933867735471,5.614228456913869e-06,1.1668336673346731e-06,6.533066132264541,8.4624825264393e-09
0.05150300601202405,4.9639278557114585e-06,1.4734468937875817e-06,0.36072144288577157,1.9399878462111943e-08
0.08931863727454911,2.770541082164345e-06,9.423847695390799e-07,5.911823647294594,1.899447855672654e-07
0.3681162324649254,3.652304609218461e-06,1.7139278557114316e-06,5.430861723446893,9.7458532861606e-08
0.17829659318637178,2.968937875751521e-06,9.544088176352724e-07,5.210420841683363,4.113318819905044e-09
0.13158316633266523,2.1533066132264635e-06,9.604208416833687e-07,1.1823647294589186,5.639797238061665e-09
0.15160320641282518,3.18937875751505e-06,8.922845691382779e-07,7.254509018036093,9.344956393115008e-09
0.13899799599198373,4.820641282565165e-06,1.2069138276553148e-06,2.2645290581162314,1.8487510032597124e-07
0.34513026052103807,4.126252505010048e-06,1.4694388777555176e-06,6.432865731462937,1.1602962879706392e-08
0.17607214428857623,2.2084168336673458e-06,1.2209418837675394e-06,4.9699398797595125,4.3420045932324805e-09
0.08042084168336674,3.905811623246519e-06,9.263527054108233e-07,6.993987975951922,1.475606234013781e-07
0.19016032064128138,4.875751503006047e-06,9.323647294589195e-07,4.1082164328657145,2.452580484173361e-08
0.39703406813626757,5.966933867735516e-06,1.2710420841683414e-06,9.579158316633315,5.278496874674728e-08
0.12787575150300598,2.6933867735471097e-06,1.4393787575150363e-06,1.2024048096192392,7.639752558399709e-08
0.05076152304609219,4.699398797595224e-06,7.880761523046096e-07,3.4068136272544964,7.571169601678531e-08
0.15308617234468888,1.4148296593186412e-06,1.090681362725454e-06,7.094188376753526,7.944810838756272e-09
0.16272545090180293,5.845691382765575e-06,8.742484969939891e-07,3.346693386773535,7.36909273668676e-08
0.0670741482965932,5.349699398797634e-06,1.6938877755511108e-06,7.294589178356735,2.6840243077698728e-08
0.3962925851703357,3.409819639278579e-06,1.6137274549098275e-06,4.028056112224431,8.852773915279418e-09
0.03741482965931864,5.140280561122282e-06,1.066633266533069e-06,4.128256513026035,4.039798813590485e-09
0.036673346693386774,3.83967935871746e-06,1.6217434869739558e-06,3.987975951903789,2.3372366169953221e-07
0.053727454909819644,1.558116232464935e-06,1.6417835671342766e-06,7.7154308617234735,1.3123762180952e-07
0.36885771543085727,2.0981963927855813e-06,1.503507014028063e-06,8.537074148296629,6.67320594089329e-08
0.09080160320641284,1.5140280561122293e-06,1.2149298597194431e-06,7.815631262525078,3.9319753302455916e-09
0.0648496993987976,1.9108216432865816e-06,9.884769539078178e-07,7.955911823647324,8.512852419123945e-08
0.38665330661322167,3.4979959919839907e-06,7.780561122244492e-07,8.517034068136308,4.794792007627997e-09
0.20869739478957763,4.291583166332695e-06,1.1548096192384806e-06,9.338677354709464,2.3234073677872025e-08
0.055951903807615236,4.060120240480989e-06,9.243486973947912e-07,2.244488977955911,1.199209817539961e-07
0.15234468937875703,6.983967935871742e-07,1.238977955911828e-06,9.318637274549143,3.403687673693422e-09
0.09599198396793589,5.0631262525050466e-06,1.2910821643286622e-06,3.4468937875751373,2.7083373706944648e-08
0.17755511022043993,1.1723446893787592e-06,1.3391783567134322e-06,1.3627254509018045,1.4233287136145672e-07
0.04779559118236473,1.0400801603206418e-06,1.3471943887775605e-06,9.158316633266576,1.316428724399259e-08
0.10118236472945893,3.2444889779559323e-06,1.0806613226452936e-06,0.8016032064128261,1.4406567770292772e-08
0.2687575150300575,5.041082164328694e-06,1.3652304609218493e-06,5.891783567134273,3.302643910066035e-08
0.07226452905811624,4.6002004008016356e-06,7.700400801603208e-07,8.036072144288607,1.8823962890042413e-07
0.2509619238476931,3.7404809619238727e-06,1.1708416833667373e-06,3.0460921843687285,2.9373089002327434e-08
0.23094188376753313,2.8146292585170507e-06,1.112725450901807e-06,2.565130260521038,6.341260873453308e-09
0.21537074148296428,5.867735470941928e-06,1.2950901803607264e-06,1.2825651302605219,1.4277238318018253e-08
0.32288577154308257,2.5390781563126394e-06,9.343687374749516e-07,4.869739478957908,7.302939524999446e-08
0.06929859719438879,5.977955911823692e-06,1.6858717434869824e-06,6.072144288577161,2.1616970056880242e-08
0.19683366733466803,7.975951903807613e-07,8.401803607214437e-07,7.354709418837698,6.097774379362245e-08
0.10711422845691385,5.6472945891783986e-06,1.2169338677354752e-06,6.95390781563128,3.2831024201938543e-09
0.22723446893787388,3.4428857715431085e-06,1.283066132264534e-06,4.22845691382764,2.4972148189518038e-08
0.22278557114228278,4.732464929859753e-06,8.241482965931871e-07,2.4048096192384745,1.0474912659293683e-07
0.08264529058116234,5.448897795591222e-06,7.940881763527058e-07,4.509018036072132,4.100656341383988e-08
0.14492985971943853,5.096192384769576e-06,1.7319639278557203e-06,5.751503006012027,7.849251515934662e-08
0.19460921843687248,2.8366733466934036e-06,1.1007014028056144e-06,9.398797595190427,9.40057889504533e-08
0.16124248496993923,2.9358717434869917e-06,9.103206412825666e-07,9.278557114228501,2.2748550467552831e-07
0.12565130260521043,7.424849699398796e-07,1.4714428857715496e-06,7.675350701402832,3.1101871687808404e-09
0.15827655310621183,1.8446893787575228e-06,9.183366733466949e-07,7.494989979959944,1.7513805275284806e-07
0.16494989979959848,2.186372745490993e-06,1.4934869739479025e-06,5.4709418837675345,1.9870507711650675e-07
0.19979959919839543,4.512024048096224e-06,1.1447895791583202e-06,0.14028056112224446,3.393209730225639e-08
0.09525050100200402,5.272545090180399e-06,1.5816633266533142e-06,8.136272545090211,2.0786939506635984e-07
0.21018036072144133,4.8647294589178704e-06,1.335170340681368e-06,0.42084168336673355,5.538993496190613e-09
0.08635270541082166,3.6412825651302846e-06,1.1287575150300636e-06,8.617234468937912,5.690884981467729e-09
0.12416833667334672,5.459919839679399e-06,1.5415831663326725e-06,2.605210420841679,1.2358994143126633e-08
0.12120240480961926,4.401803607214459e-06,1.5175350701402875e-06,6.412825651302616,3.045193484083197e-08
0.2850701402805582,5.559118236472987e-06,1.5736472945891858e-06,9.498997995992031,4.18817681149507e-09
0.31991983967935517,3.6853707414829904e-06,1.1988977955911865e-06,7.454909819639302,2.2410940966275984e-08
0.24503006012023829,4.478957915831695e-06,1.4854709418837742e-06,2.3647294589178336,1.0319455279982118e-08
0.06262525050100201,2.8036072144288742e-06,9.083166332665345e-07,3.286573146292574,1.5859921103832726e-07
0.18052104208416733,8.637274549098194e-07,1.016533066132267e-06,6.05210420841684,4.624922952313024e-09
0.11082164328657317,2.748496993987992e-06,1.7059118236473033e-06,6.212424849699407,1.5024606851011685e-07
0.13306613226452893,2.627254509018051e-06,1.6698396793587258e-06,5.010020040080154,5.439991484762373e-09
0.24132264529057904,2.3517034068136397e-06,1.3912825651302664e-06,3.747494989979944,4.8820520804543545e-09
0.13529058116232448,4.809619238476988e-06,1.3291583166332718e-06,9.879759519038128,1.2697905170594254e-08
0.25318637274548866,2.5170340681362865e-06,1.6357715430861804e-06,0.0,7.920353459931748e-08
0.3043486973947863,3.5200400801603436e-06,8.22144288577155e-07,4.068136272545073,8.746293711079734e-08
0.19164328657314508,5.3276553106212814e-06,1.5475951903807688e-06,5.3106212424849675,1.0958017728875894e-07
0.10785571142284571,4.831663326653341e-06,1.505511022044095e-06,4.849699398797587,1.0103809279812371e-07
0.22056112224448723,4.8426853707415175e-06,8.562124248497004e-07,8.99799599198401,1.6053004905213813e-08
0.07671342685370743,4.489979959919871e-06,8.141282565130267e-07,9.599198396793636,4.328638126321561e-08
0.3191783567134233,4.412825651302636e-06,1.675851703406822e-06,7.555110220440906,8.773301523254539e-09
0.10044088176352707,2.0761523046092284e-06,1.0746492985971973e-06,4.488977955911811,4.447338983198577e-08
0.33771543086171957,1.359719438877759e-06,1.5936873747495067e-06,7.835671342685399,1.8882089688766365e-08
0.30509018036071817,4.974949899799635e-06,1.5435871743487046e-06,1.0821643286573153,4.3813363647773825e-09
0.3607014028056069,4.434869739478989e-06,8.582164328657325e-07,4.328657314629244,2.135696348629931e-07
0.07745490981963929,5.625250501002046e-06,1.4233466933867797e-06,4.90981963927855,6.877371410163831e-09
0.21462925851703243,4.247494989979989e-06,1.0606212424849728e-06,6.4929859719439,3.166789240032255e-09
0.12194388777555112,4.082164328657342e-06,7.620240480961925e-07,0.5410821643286575,5.67336610875196e-08
0.14937875751502963,2.8587174348697565e-06,1.2730460921843735e-06,8.57715430861727,5.231111187776969e-08
0.38072144288576687,3.0571142284569326e-06,1.3371743486974001e-06,3.10621242484969,4.528275783572804e-08
0.34216432865731067,8.306613226452904e-07,1.745991983967945e-06,2.1442885771543088,7.52637157376031e-09
0.25615230460921606,3.453907815631285e-06,1.5495991983968009e-06,8.176352705410853,3.647046032311197e-08
0.046312625250501005,4.423847695390812e-06,1.7179358717434958e-06,2.20440881763527,9.864502451429094e-09
0.09747494989979961,8.416833667334667e-07,1.1608216432865769e-06,8.296593186372778,2.2613949044979018e-08
0.04705410821643287,3.332665330661344e-06,9.66432865731465e-07,7.915831663326682,3.747056122430022e-08
0.3176953907815596,3.288577154308638e-06,1.3491983967935926e-06,5.37074148296593,5.2001591054217385e-09
0.10859719438877757,2.990981963927874e-06,9.984969939879782e-07,0.8817635270541088,3.373132369364782e-09
0.19090180360721323,3.310621242484991e-06,1.697895791583175e-06,6.553106212424862,1.4537068745158218e-08
0.3977755511021994,2.649298597194404e-06,1.4774549098196459e-06,1.4228456913827665,2.4087439277141948e-08
0.33178356713426477,3.1012024048096384e-06,1.259018036072149e-06,5.290581162324647,9.923217364967826e-08
0.18274549098196288,1.4258517034068177e-06,1.5235470941883838e-06,0.38076152304609223,1.3362600579331653e-07
0.14048096192384743,4.666332665330694e-06,1.1728456913827694e-06,2.8056112224448833,4.583404475339755e-09
0.28877755511021747,2.1753507014028164e-06,1.6157314629258596e-06,0.08016032064128256,1.2545176144820482e-07
0.37775551102203947,1.998997995991993e-06,1.4493987975951967e-06,7.795591182364757,7.0025321948548445e-09
0.03148296593186373,2.4398797595190513e-06,8.782565130260533e-07,6.713426853707429,2.3656908903666733e-08
0.13603206412825633,3.3436873747495204e-06,1.0966933867735503e-06,4.889779559118229,5.4232449648965807e-08
0.1182364729458918,2.3186372745491103e-06,1.7199398797595278e-06,7.655310621242511,1.6945494401338487e-08
0.07004008016032065,1.117234468937877e-06,1.455410821643293e-06,8.55711422845695,3.528701909752935e-09
0.07374749498997997,2.0320641282565225e-06,8.081162324649304e-07,7.615230460921869,1.1258510876173535e-07
0.12342685370741485,5.294589178356752e-06,1.4033066132264588e-06,7.5350701402805855,1.799407265562136e-07
0.18867735470941768,1.0511022044088183e-06,1.3251503006012076e-06,3.0060120240480876,4.063844267401258e-08
0.3518036072144247,5.757515030060163e-06,1.7119238476953995e-06,2.8657314629258446,1.2812928334329933e-08
0.31695390781562777,1.7785571142284641e-06,8.942885771543099e-07,6.913827655310638,9.953859417432415e-09
0.335490981963924,1.337675350701406e-06,1.7299599198396883e-06,3.3066132264528942,4.17528388944357e-08
0.32436873747494627,2.3957915831663455e-06,1.1968937875751544e-06,8.236472945891816,1.2470947302945877e-08
0.28581162324649007,1.3156312625250531e-06,1.5916833667334746e-06,1.042084168336674,1.4668751854777282e-08
0.19535070140280433,1.6683366733466996e-06,1.0506012024048124e-06,4.769539078156304,5.935022889851916e-08
0.2598597194388753,4.2585170340681655e-06,1.2009018036072185e-06,2.8256513026052037,1.9340157697661464e-07
0.379979959919835,5.217434869739517e-06,1.7359719438877845e-06,0.9418837675350707,2.5348340983419886e-07
0.30583166332665,5.415831663326693e-06,1.5676352705410896e-06,8.757515030060159,3.3627484876271376e-08
0.38517034068135797,4.644288577154341e-06,9.744488977955932e-07,8.597194388777591,7.172409365899115e-08
0.23316633266532868,9.519038076152302e-07,1.1568136272545127e-06,4.368737474949886,1.0044025817810384e-08
0.27691382765530786,2.9028056112224623e-06,7.9809619238477e-07,7.17434869739481,8.21126056776284e-08
0.3073146292585137,4.6222444889779885e-06,1.1848697394789619e-06,8.076152304609248,4.780031675772268e-08
0.050020040080160325,1.2494989979959944e-06,1.6057114228456992e-06,6.753507014028071,1.5717544727850532e-07
0.2628256513026027,5.0851703406813995e-06,1.140781563126256e-06,1.6232464929859731,2.636051006235189e-08
0.35402805611222027,3.2555110220441088e-06,1.2990981963927906e-06,4.68937875751502,1.4022052008069396e-08
0.16346693386773478,2.8807615230461094e-06,1.555611222444897e-06,1.162324649298598,2.519835680042233e-08
0.06781563126252506,6.322645290581161e-07,1.5596192384769613e-06,1.9438877755511037,5.98878491598638e-08
0.24873747494989754,1.0070140280561125e-06,8.502004008016041e-07,3.887775551102187,4.251269578850732e-08
0.0915430861723447,4.445891783567165e-06,1.3191382765531114e-06,4.148296593186356,1.041293340715239e-08
0.32140280561121887,5.603206412825693e-06,1.72194388777556e-06,6.653306613226467,4.461071988274522e-09
0.14863727454909778,7.645290581162323e-07,1.0586172344689407e-06,4.929859719438871,5.5719623687545346e-08
0.3162124248496959,4.1593186372745775e-06,9.524048096192403e-07,9.118236472945934,6.436788764236158e-08
0.3918436873747446,4.225450901803636e-06,1.068637274549101e-06,4.829659318637266,8.436431542325698e-08
0.15086172344689333,2.3737474949899926e-06,8.361723446893796e-07,7.274549098196414,1.8378120858382033e-08
0.2835871743486945,3.167334669338697e-06,1.4634268537074213e-06,3.9679358717434687,2.4230811121945124e-07
0.276172344689376,3.068136272545109e-06,1.2570140280561168e-06,9.47895791583171,9.65836361564754e-08
0.24577154308617014,5.360721442885811e-06,1.38527054108217e-06,9.719438877755561,9.149674528592205e-08
0.15901803607214368,8.086172344689377e-07,8.70240480961925e-07,2.9058116232464855,9.688187822227608e-09
0.15456913827655258,5.900801603206457e-06,8.842685370741495e-07,1.7635270541082178,6.574169400835498e-09
0.3399398797595151,4.313627254509048e-06,1.4253507014028117e-06,6.392785571142295,2.7328706719481546e-08
0.3695991983967891,7.755511022044086e-07,1.6297595190380841e-06,1.4629258517034078,8.089397876375128e-09
0.03593186372745491,3.0791583166332855e-06,1.6718436873747579e-06,2.525050100200397,6.321739877604301e-08
0.12861723446893783,1.3707414829659354e-06,1.1828657314629298e-06,9.438877755511069,8.386513826088315e-09
0.04482965931863728,2.263527054108228e-06,1.4974949899799667e-06,3.5871743486973804,1.5160706293452836e-07
0.3295591182364692,4.930861723446929e-06,1.1307615230460957e-06,3.6873747494989826,1.1091424175530981e-08
0.13232464929859708,5.173346693386811e-06,8.802605210420854e-07,9.058116232464972,4.970900193032516e-09
0.35254509018035657,7.86573146292585e-07,1.3411823647294643e-06,9.93987975951909,4.2643971382578124e-09
0.10340681362725453,5.661322645290581e-07,1.0546092184368765e-06,0.26052104208416826,9.013884907233523e-09
0.14270541082164298,5.4268537074148695e-06,8.622244488977966e-07,4.388777555110207,2.1745637319533232e-07
0.0937675350701403,5.338677354709458e-06,8.161322645290587e-07,5.050100200400796,7.435845193020915e-08
0.29026052104208117,9.73947895791583e-07,9.964929859719461e-07,8.056112224448928,6.208747334096328e-08
0.22352705410821463,4.0380761523046365e-06,1.3431863727454964e-06,5.691382765531064,3.21449531973696e-08
0.11452905811623248,5.250501002004046e-06,1.5956913827655387e-06,0.9619238476953914,7.802808098728738e-09
0.3117635270541048,5.526052104208458e-06,1.1247494989979994e-06,5.090180360721438,4.407414698389934e-08
0.09228456913827657,5.3056112224449285e-06,7.660320641282567e-07,3.807615230460905,4.9555977281176014e-08
0.05298597194388778,1.2605210420841709e-06,1.040581162324652e-06,6.012024048096198,3.1006127399693034e-08
0.20721442885771393,2.84769539078158e-06,1.1227454909819673e-06,3.246492985971933,3.517839121310008e-08
0.24280561122244274,1.095190380761524e-06,1.2269539078156356e-06,2.4849699398797562,2.2818796059408977e-08
0.11527054108216435,1.8667334669338758e-06,1.1528056112224486e-06,0.5611222444889782,2.194261878760513e-07
0.05446893787575151,5.33066132264529e-07,7.720440881763529e-07,5.551102204408818,5.489269300501761e-09
0.33919839679358327,1.5360721442885822e-06,8.4619238476954e-07,6.613226452905825,6.456665021276253e-09
0.27394789579158046,5.592184368737516e-06,1.5075150300601271e-06,10.000000000000053,3.549705242517407e-08
0.17088176352705328,4.456913827655342e-06,1.6618236472945975e-06,2.104208416833668,3.592920500494241e-09
0.23835671342685164,4.236472945891813e-06,9.44388777555112e-07,8.496993987975987,1.0893179981213664e-08
0.3265931863727418,2.120240480961934e-06,1.0866733466933898e-06,2.6452905811623197,8.016778400781506e-09
0.18941883767534953,2.6162324649298745e-06,1.7039078156312712e-06,8.11623246492989,1.21007278315068e-07
0.3384569138276514,4.567134268537106e-06,1.5656312625250575e-06,5.330661322645288,7.129970771610592e-09
0.38813627254508537,4.049098196392813e-06,9.223446893787591e-07,3.7274549098196235,5.045784292616258e-08
0.19905811623246358,3.1452905811623443e-06,1.651803607214437e-06,8.957915831663367,1.6493213899842532e-08
0.38220440881763057,3.475951903807638e-06,9.584168336673366e-07,7.114228456913847,1.3647799090803609e-08
0.23464929859719239,2.550100200400816e-06,1.1748496993988015e-06,9.619238476953957,9.775947653412929e-09
0.37923847695390317,1.5691382765531115e-06,1.092685370741486e-06,7.995991983967966,1.1498801718080625e-08
0.15975951903807553,3.1563126252505207e-06,1.52955911823648e-06,2.785571142284563,2.2341950919293244e-07
0.39406813627254017,2.5941883767535216e-06,1.57765531062125e-06,6.813627254509034,1.488972918926298e-07
0.37182364729458467,1.679358717434876e-06,8.041082164328662e-07,0.6012024048096195,1.9515349282072065e-07
0.04112224448897796,1.1503006012024063e-06,1.0205410821643311e-06,4.348697394789565,7.2597285938041026e-09
0.1019238476953908,1.8997995991984051e-06,1.212925851703411e-06,7.775551102204436,1.4149069871438658e-08
0.2746893787575123,1.1062124248497005e-06,1.1928857715430902e-06,5.931863727454915,9.095536608490571e-09
0.030741482965931863,9.629258517034066e-07,1.6317635270541162e-06,0.7014028056112228,1.32835350999804e-08
0.10933867735470944,4.7434869739479295e-06,1.0526052104208444e-06,1.3026052104208425,9.316188793326126e-08
0.18422845691382658,5.801603206412869e-06,8.121242484969946e-07,3.3266533066132147,4.00353306478816e-09
0.3369739478957877,1.1943887775551121e-06,1.4113226452905872e-06,3.026052104208408,1.0226816316947249e-08
0.22130260521041908,4.170340681362754e-06,1.3992985971943947e-06,4.46893787575149,1.1360495378540841e-07
0.17977955911823548,3.0020040080160504e-06,1.4914829659318705e-06,5.390781563126251,4.22611514389484e-09
0.28432865731462637,1.2054108216432886e-06,1.234969939879764e-06,0.7214428857715435,4.838225325073881e-09
0.07893787575150302,3.850701402805637e-06,1.6918837675350787e-06,3.1462925851703307,3.955379003436076e-08
0.18348697394789473,3.949899799599225e-06,8.181362725450908e-07,8.897795591182405,1.4492317698906792e-07
0.24206412825651089,4.5230460921844e-06,1.2029058116232506e-06,9.218436873747539,1.6294835312433136e-07
0.29470941883767227,3.5420841683366965e-06,9.644288577154328e-07,9.559118236472994,1.3853396287793502e-07
0.03963927855711423,1.6352705410821703e-06,1.3612224448897851e-06,5.611222444889781,8.539139384414858e-09
0.29915831663326337,3.7074148296593433e-06,1.4994989979959988e-06,7.234468937875772,5.342759000284053e-09
0.34068136272544697,5.261523046092223e-06,1.1327655310621277e-06,6.112224448897803,2.0232129643792195e-07
0.26060120240480716,3.2004008016032265e-06,1.723947895791592e-06,5.851703406813631,1.1463403701015199e-07
0.19609218436873618,3.4649298597194614e-06,1.5255511022044159e-06,1.4428857715430872,1.0859646315678305e-07
0.042605210420841685,2.0100200400801696e-06,1.3151302605210472e-06,1.4028056112224458,7.663343465471093e-09
0.3458717434869699,2.2304609218436987e-06,8.542084168336683e-07,7.735470941883794,7.778787862446394e-08
0.3102805611222411,1.5250501002004057e-06,1.2229458917835714e-06,5.971943887775557,1.0991855156980727e-08
0.2939679358717404,5.570140280561163e-06,1.4193386773547155e-06,6.152304609218445,7.99209947635152e-08
0.35847695390781137,9.188376753507012e-07,1.5856713426853783e-06,2.5851703406813584,6.043033942004035e-08
0.11749498997995994,2.9799599198396975e-06,1.138777555110224e-06,8.33667334669342,2.5577957312742914e-07
0.14122244488977928,2.7925851703406978e-06,1.699899799599207e-06,0.48096192384769554,8.36069670472126e-08
0.20276553106212283,2.7154308617234626e-06,1.5716432865731538e-06,9.539078156312673,5.107213300098497e-09
0.23613226452905609,2.9579158316633446e-06,1.5395791583166404e-06,9.25851703406818,6.227919418567197e-09
0.06410821643286574,3.7845691382765785e-06,1.263026052104213e-06,7.3747494989980185,6.1166037887735905e-09
0.3414228456913788,1.6573146292585232e-06,1.431362725450908e-06,5.81162324649299,2.999999999999995e-09
0.2717234468937849,5.944889779559163e-06,9.023046092184383e-07,2.464929859719436,1.2248045999982468e-08
0.24428857715430644,3.013026052104227e-06,1.3051102204408868e-06,2.6252505010019993,3.15704056688351e-08
0.17310621242484883,3.4208416833667556e-06,7.640280561122246e-07,2.4448897795591154,9.571659350190533e-08
0.31843687374749147,1.3266533066132296e-06,9.784569138276574e-07,0.20040080160320636,4.027362659733698e-08
0.13380761523046078,1.216432865731465e-06,8.301603206412833e-07,7.935871743487003,4.737120769556475e-08
0.16569138276553033,7.094188376753506e-07,1.4834669338677421e-06,9.519038076152352,4.610685546920989e-08
0.3710821643286528,1.238476953907818e-06,1.5896793587174425e-06,5.1503006012024,1.3525281194153306e-08
0.14567134268537038,4.192384769539107e-06,1.4614228456913892e-06,9.078156312625293,1.1567244211962122e-07
0.14641282565130223,2.7595190380761684e-06,1.7159318637274637e-06,0.5010020040080162,1.8321545481945037e-07
0.22575150300601018,5.151302605210458e-06,9.003006012024062e-07,9.69939879759524,1.6591383841294045e-07
0.3236272545090144,2.671342685370757e-06,1.7419839679358808e-06,7.334669338677377,4.5422587146145104e-09
0.33474949899799217,1.7234468937875819e-06,7.900801603206417e-07,2.164328657314629,1.2138093851360557e-08
0.39851703406813127,3.5641282565130495e-06,1.3171342685370793e-06,6.092184368737482,2.0112417689589337e-08
0.3592184368737432,9.078156312625248e-07,9.463927855711441e-07,8.436873747495024,2.0663944785168352e-08
0.0730060120240481,3.2224448897795794e-06,1.453406813627261e-06,9.959919839679412,9.232556271469576e-08
0.33030060120240107,3.3657314629258733e-06,1.0105210420841707e-06,2.985971943887767,5.881743491745444e-08
0.3784969939879713,9.849699398797595e-07,1.6117234468937954e-06,1.923847695390783,4.137801875189916e-08
0.19238476953907693,3.696392785571167e-06,1.0005010020040103e-06,5.6513026052104225,1.0698479133535965e-08
0.059659318637274555,5.823647294589222e-06,1.186873747494994e-06,9.91983967935877,4.8233312876938735e-08
0.23020040080160128,5.812625250501045e-06,1.0145290581162349e-06,3.426853707414817,1.0762157994219963e-07
0.38961923847694907,3.575150300601226e-06,7.680360721442888e-07,7.85571142284572,6.8156324386234326e-09
0.30805611222444557,5.991983967935871e-07,1.599699398797603e-06,1.6633266533066144,6.153010679479303e-08
0.05521042084168337,2.4949899799599336e-06,1.527555110220448e-06,4.208416833667319,1.7253884227880857e-08
0.16939879759518958,5.881763527054108e-07,1.6658316633266616e-06,3.527054108216419,6.379004954895946e-08
0.2776553106212397,5.515030060120281e-06,1.0826653306613257e-06,8.416833667334704,2.4747970279903217e-08
0.2539278557114205,6.102204408817634e-07,1.3271543086172397e-06,5.791583166332669,1.916653882869674e-07
0.32733466933867367,5.195390781563164e-06,8.061122244488983e-07,3.166332665330651,1.5576446481330998e-07
0.3755310621242439,3.894789579158343e-06,1.1087174348697427e-06,5.571142284569139,1.8213138307204877e-08
0.35106212424849287,2.1092184368737577e-06,1.5015030060120309e-06,5.531062124248497,2.0851127810440406e-08
0.06855711422845692,4.589178356713459e-06,1.3712424849699455e-06,8.276553106212457,2.512078594687513e-07
0.25911823647294346,5.110220440881763e-07,1.2309619238476998e-06,9.138276553106255,6.693812234096502e-09
0.07967935871743488,3.2665330661322852e-06,1.3552104208416889e-06,6.312625250501012,5.326311801793594e-08
0.13825651302605188,4.148296593186401e-06,1.4433867735471005e-06,4.749498997995983,1.865497796254111e-07
0.29619238476953597,6.763527054108215e-07,8.48196392785572e-07,1.7034068136272558,1.720076971183674e-07
0.23761523046091979,4.985971943887811e-06,1.210921843687379e-06,0.5210420841683369,2.6043448707220176e-07
0.30953907815630927,7.204408817635269e-07,9.844689378757536e-07,0.6412825651302608,2.580965360693336e-07
0.3429058116232425,3.1783567134268736e-06,9.764529058116253e-07,9.23847695390786,1.6148554660478927e-07
0.3473547094188336,3.960921843687401e-06,1.7279559118236562e-06,1.4829659318637285,2.104000642120275e-08
0.2672745490981938,5.162324649298635e-06,1.5195390781563196e-06,6.73346693386775,3.072778174945252e-08
0.32585170340680997,8.967935871743485e-07,8.662324649298608e-07,4.00801603206411,4.751748596178136e-09
0.36737474949899357,5.856713426853751e-06,1.1467935871743523e-06,0.06012024048096192,2.8332464326101826e-08
0.13973947895791558,1.8557114228456993e-06,9.363727454909837e-07,5.771543086172348,1.8049636823782292e-08
0.36144288577153877,1.7344689378757583e-06,1.5315631262525121e-06,6.1723446893787655,5.846941668115034e-09
0.38368737474949427,4.633266533066165e-06,1.2550100200400848e-06,3.667334669338662,3.967592877875655e-09
0.2998997995991952,3.134268537074168e-06,1.627755511022052e-06,7.074148296593205,7.732761373255857e-09
0.07078156312625251,5.23947895791587e-06,1.5876753507014104e-06,0.12024048096192383,9.485733439116067e-08
0.15012024048096148,2.5611222444889923e-06,1.383266533066138e-06,0.9218436873747501,1.543661489035564e-07
0.2568937875751479,2.583166332665345e-06,1.750000000000009e-06,4.989979959919833,2.3871203503425444e-08
0.31102204408817297,2.285571142284581e-06,8.822645290581174e-07,7.695390781563153,5.472371083354339e-08
0.12490981963927858,4.3797595190381065e-06,1.4754509018036138e-06,0.3406813627254509,2.5426614507594158e-08
0.25763527054107976,3.674348697394814e-06,1.0085170340681386e-06,9.639278557114277,3.849808711008427e-08
0.05891783567134269,1.6242484969939938e-06,1.261022044088181e-06,2.064128256513027,1.4801627807442089e-08
0.3221442885771507,5.7905811623246924e-06,9.283567134268553e-07,2.3046092184368723,5.01592877523844e-09
0.040380761523046094,2.362725450901816e-06,1.4674348697394855e-06,6.833667334669355,1.2658815822421816e-07
0.23983967935871534,6.432865731462925e-07,1.1588176352705448e-06,4.569138276553095,5.391156041767191e-09
0.3443887775551062,5.470941883767575e-06,1.2930861723446943e-06,1.5030060120240492,1.7832537750302787e-07
0.3251102204408781,3.6192384769539317e-06,1.701903807615239e-06,4.168336673346677,3.4970243379325587e-09
0.12268537074148299,2.2525050100200516e-06,1.575651302605218e-06,2.885771543086165,2.1230595976808364e-08
0.1123046092184369,4.005010020040107e-06,1.4273547094188438e-06,1.8436873747495004,1.0507258299972768e-08
0.36440881763526617,4.776553106212459e-06,1.4874749498998063e-06,1.1222444889779566,1.3771426808002863e-08
0.3547695390781521,4.853707414829694e-06,1.4954909819639346e-06,9.01803607214433,2.4013288282325376e-07
0.22871743486973758,4.952905811623282e-06,1.6818637274549183e-06,7.134268537074168,6.515152309372312e-09
0.26949899799598936,2.6603206412825803e-06,1.3772545090180418e-06,5.490981963927855,8.986136480954638e-08
0.09821643286573148,5.537074148296634e-06,8.001002004008021e-07,5.631262525050102,1.0569798987214693e-07
0.19831663326653173,3.090180360721462e-06,1.649799599198405e-06,9.799599198396844,3.5606664308363043e-09
0.34364729458917437,1.2825651302605238e-06,1.0325651302605236e-06,8.937875751503046,2.6599295060690013e-08
0.16420841683366663,3.3216432865731675e-06,1.7399799599198487e-06,3.787575150300585,3.0271753085702848e-09
0.2791382765531034,3.597194388777579e-06,1.0045090180360745e-06,7.41482965931866,2.0975236671744169e-07
0.2583767535070116,3.993987975951931e-06,1.0385771543086199e-06,4.629258517034057,5.794452985489463e-09
0.21611222444889613,1.1833667334669357e-06,1.311122244488983e-06,6.8537074148296755,3.614306071392014e-08
0.17014028056112143,1.0841683366733476e-06,8.96292585170342e-07,0.1002004008016032,1.871258295016051e-08
0.10637274549098198,1.2274549098196415e-06,1.285070140280566e-06,1.9038076152304624,5.1376121558769204e-08
0.3903607214428809,5.691382765531104e-06,1.064629258517037e-06,8.77755511022048,1.3403863155062434e-08
0.06040080160320642,3.8176352705411074e-06,1.2469939879759564e-06,8.456913827655345,1.2583914583319626e-08
0.20202404809619098,1.8116232464929935e-06,1.6197394789579237e-06,5.59118236472946,4.3678488185788484e-08
0.23242484969939683,3.7294589178356962e-06,1.0846693386773578e-06,2.024048096192386,3.1954753982905597e-09
0.20350701402805468,9.408817635270538e-07,1.0065130260521066e-06,3.6272545090180213,8.905466877501802e-08
0.36737474949899357,5.151302605210458e-06,1.2770541082164377e-06,8.396793587174383,2.757626206545774e-08
0.17014028056112143,3.87274549098199e-06,1.503507014028063e-06,4.929859719438871,1.9053131893347667e-08
0.050020040080160325,1.2825651302605238e-06,1.7439879759519128e-06,7.494989979959944,5.521942207621415e-08
0.3977755511021994,5.195390781563164e-06,1.1467935871743523e-06,9.559118236472994,3.713418359176304e-08
0.35551102204408397,4.776553106212459e-06,1.6177354709418916e-06,2.4448897795591154,6.398702780440241e-09
0.2880360721442856,2.770541082164345e-06,7.74048096192385e-07,8.897795591182405,3.75862671350548e-09
0.30583166332665,3.795591182364755e-06,1.138777555110224e-06,4.769539078156304,2.3584083257515229e-07
0.04927855711422846,3.6192384769539317e-06,8.542084168336683e-07,4.2685370741482815,2.8589112146308006e-08
0.39258517034067647,2.627254509018051e-06,1.603707414829667e-06,3.7274549098196235,1.0602437628815896e-08
0.13603206412825633,4.126252505010048e-06,1.1487975951903844e-06,1.102204408817636,1.1395575623446218e-08
0.15605210420841628,3.652304609218461e-06,1.6117234468937954e-06,3.847695390781546,4.4210244206650685e-09
0.20424849699398653,1.5360721442885822e-06,8.762525050100212e-07,5.190380761523042,3.9319753302455916e-09
0.11156312625250503,5.7905811623246924e-06,8.201402805611229e-07,7.895791583166361,1.3362600579331653e-07
0.17162324649298513,1.1613226452905828e-06,1.5435871743487046e-06,6.993987975951922,1.772702399668077e-08
0.04408817635270541,5.5480961923848105e-06,1.6137274549098275e-06,8.276553106212457,7.732761373255857e-09
0.2717234468937849,1.3266533066132296e-06,1.263026052104213e-06,0.6613226452905815,4.303025907623951e-09
0.17829659318637178,7.755511022044086e-07,1.5696392785571217e-06,8.35671342685374,1.1191895133682282e-08
0.26356713426853456,4.512024048096224e-06,1.0826653306613257e-06,3.1462925851703307,2.5348340983419886e-07
0.11971943887775553,4.093186372745519e-06,1.136773547094192e-06,1.6232464929859731,1.6345152379991038e-08
0.29322645290580857,2.0100200400801696e-06,1.1247494989979994e-06,4.549098196392774,6.754447705087553e-09
0.13899799599198373,3.971943887775578e-06,1.555611222444897e-06,8.7975951903808,3.4549625085950754e-08
0.15679358717434813,1.4478957915831706e-06,9.183366733466949e-07,4.729458917835662,3.2831024201938543e-09
0.22352705410821463,3.7184368737475198e-06,1.4393787575150363e-06,6.73346693386775,1.199209817539961e-07
0.09302605210420843,3.409819639278579e-06,7.860721442885775e-07,2.424849699398795,4.528275783572804e-08
0.27543086172344416,5.661322645290581e-07,8.381763527054116e-07,6.032064128256519,8.386513826088315e-09
0.07967935871743488,2.8146292585170507e-06,8.261523046092191e-07,9.318637274549143,1.3896174398989743e-08
0.23761523046091979,2.2084168336673458e-06,1.1187374749499032e-06,0.4609218436873749,3.9912085517463496e-08
0.3562525050100158,1.2274549098196415e-06,1.0385771543086199e-06,1.162324649298598,1.1884443700484002e-07
0.379979959919835,4.578156312625283e-06,1.6638276553106295e-06,1.3426853707414839,2.1422911975742003e-08
0.3280761523046055,2.671342685370757e-06,1.6457915831663408e-06,5.951903807615236,4.289779433057635e-08
0.29767535070139967,2.087174348697405e-06,9.263527054108233e-07,1.803607214428859,1.2889192695663145e-07
0.3592184368737432,1.6132264529058173e-06,1.090681362725454e-06,5.110220440881759,4.150579055964678e-09
0.19164328657314508,3.2224448897795794e-06,1.2570140280561168e-06,1.8436873747495004,1.0195333991450423e-07
0.2554108216432842,3.1012024048096384e-06,9.423847695390799e-07,2.3246492985971927,1.5160706293452836e-07
0.06188376753507015,5.440881763527054e-07,1.1728456913827694e-06,2.525050100200397,1.6198420025806942e-08
0.11749498997995994,1.6242484969939938e-06,1.3912825651302664e-06,1.7635270541082178,3.31284219397272e-09
0.33030060120240107,4.291583166332695e-06,1.7199398797595278e-06,9.759519038076203,1.5908895193250815e-08
0.24651302605210199,3.938877755511048e-06,1.3231462925851756e-06,6.813627254509034,4.407414698389934e-08
0.25615230460921606,6.000000000000045e-06,1.4654308617234534e-06,7.354709418837698,2.3162549691572214e-07
0.0833867735470942,2.5390781563126394e-06,9.483967935871762e-07,6.553106212424862,1.0795390624098142e-08
0.11897795591182367,1.3486973947895825e-06,1.2750501002004056e-06,6.573146292585183,4.666817521760648e-09
0.23539078156312424,3.332665330661344e-06,9.083166332665345e-07,7.014028056112243,1.6053004905213813e-08
0.06040080160320642,2.406813627254522e-06,1.3051102204408868e-06,5.210420841683363,1.6591383841294045e-07
0.25911823647294346,3.387775551102226e-06,1.1508016032064165e-06,8.857715430861763,4.113318819905044e-09
0.39851703406813127,4.456913827655342e-06,9.884769539078178e-07,1.1823647294589186,2.15504241772541e-07
0.08412825651302606,3.090180360721462e-06,9.343687374749516e-07,5.030060120240475,5.538993496190613e-09
0.3829458917835624,3.2555110220441088e-06,1.1588176352705448e-06,2.464929859719436,7.435845193020915e-08
0.07745490981963929,2.021042084168346e-06,1.3311623246493039e-06,2.4048096192384745,3.423946904046491e-08
0.18496993987975843,2.1092184368737577e-06,9.624248496994007e-07,3.386773547094176,3.082266652983923e-09
0.10711422845691385,5.933867735470986e-06,8.642284569138287e-07,4.709418837675341,3.625466741584058e-09
0.39703406813626757,4.247494989979989e-06,1.5415831663326725e-06,6.292585170340691,8.36069670472126e-08
0.04186372745490982,5.691382765531104e-06,1.1568136272545127e-06,3.0060120240480876,8.064495399482927e-08
0.2702404809619212,3.828657314629284e-06,9.804609218436895e-07,4.509018036072132,5.881743491745444e-08
0.07597194388777556,4.974949899799635e-06,1.697895791583175e-06,4.068136272545073,1.2320948101781143e-07
0.05891783567134269,2.2965931863727574e-06,1.6658316633266616e-06,4.428857715430849,5.846941668115034e-09
0.14715430861723408,3.3657314629258733e-06,1.0586172344689407e-06,4.629258517034057,2.4087439277141948e-08
0.3962925851703357,5.448897795591222e-06,1.1908817635270581e-06,8.136272545090211,9.923217364967826e-08
0.30805611222444557,2.3737474949899926e-06,1.2149298597194431e-06,2.1442885771543088,1.9870507711650675e-07
0.06781563126252506,5.107214428857752e-06,1.0145290581162349e-06,1.5831663326653318,5.7766152880766516e-08
0.3251102204408781,2.7154308617234626e-06,1.3752505010020097e-06,7.975951903807645,2.2010375730879713e-08
0.16420841683366663,2.2525050100200516e-06,1.2890781563126302e-06,2.9458917835671263,3.884681957561161e-08
0.14789579158316593,4.324649298597224e-06,1.5015030060120309e-06,2.705410821643281,1.3771426808002863e-08
0.03444889779559118,4.346693386773577e-06,1.1828657314629298e-06,8.476953907815666,3.1954753982905597e-09
0.2998997995991952,2.065130260521052e-06,1.5315631262525121e-06,4.048096192384752,9.177927946473271e-09
0.33771543086171957,2.7374749498998155e-06,1.6818637274549183e-06,5.971943887775557,6.28433462921735e-09
0.2791382765531034,5.7685370741483395e-06,1.1668336673346731e-06,1.743486973947897,1.4149069871438658e-08
0.3740480961923802,3.4428857715431085e-06,7.620240480961925e-07,5.511022044088176,1.8487510032597124e-07
0.2865531062124219,3.3767535070140498e-06,1.601703406813635e-06,9.619238476953957,7.99209947635152e-08
0.21388777555110058,5.1843687374749876e-06,7.960921843687379e-07,3.6272545090180213,1.5859921103832726e-07
0.25318637274548866,5.3056112224449285e-06,1.0485971943887803e-06,1.1222444889779566,3.827029689114404e-09
0.23613226452905609,5.404809619238517e-06,1.5816633266533142e-06,4.529058116232453,5.6224356343255174e-08
0.21092184368737318,2.50601202404811e-06,1.723947895791592e-06,0.7414829659318641,3.792673993752162e-09
0.38961923847694907,3.013026052104227e-06,1.2309619238476998e-06,3.787575150300585,8.667777204364058e-08
0.16643286573146218,1.1943887775551121e-06,1.4413827655310684e-06,7.114228456913847,8.285641747656146e-08
0.29915831663326337,3.18937875751505e-06,1.7419839679358808e-06,7.474949899799623,8.852773915279418e-09
0.1123046092184369,3.211422845691403e-06,1.0526052104208444e-06,8.196392785571174,2.1230595976808364e-08
0.06559118236472947,4.875751503006047e-06,1.2690380761523093e-06,5.050100200400796,9.864502451429094e-09
0.17533066132264438,4.1593186372745775e-06,1.551603206412833e-06,3.607214428857701,5.231111187776969e-08
0.30953907815630927,3.883767535070166e-06,1.48146292585171e-06,7.094188376753526,1.304610989002486e-08
0.14270541082164298,2.142284569138287e-06,1.285070140280566e-06,0.32064128256513025,1.2545176144820482e-07
0.0937675350701403,1.7675350701402877e-06,1.7279559118236562e-06,9.398797595190427,1.1360495378540841e-07
0.21759519038075983,4.016032064128284e-06,1.381262525050106e-06,9.579158316633315,8.137547116464442e-08
0.39406813627254017,5.592184368737516e-06,1.4614228456913892e-06,7.154308617234489,2.344453805171895e-08
0.2657915831663301,5.658316633266575e-06,1.3251503006012076e-06,5.070140280561117,3.465631139397911e-09
0.19386773547094063,1.1503006012024063e-06,1.453406813627261e-06,9.45891783567139,3.861696593350839e-09
0.3340080160320603,5.845691382765575e-06,1.0546092184368765e-06,6.192384769539086,1.0665544836882487e-07
0.20276553106212283,5.58116232464934e-06,8.121242484969946e-07,7.5350701402805855,3.849808711008427e-08
0.34661322645290177,4.401803607214459e-06,1.112725450901807e-06,4.609218436873737,2.963916325476094e-08
0.21240480961923688,5.614228456913869e-06,1.2790581162324697e-06,4.9699398797595125,3.5818600209503895e-08
0.29619238476953597,1.7895791583166406e-06,1.2209418837675394e-06,1.7234468937875764,2.1616970056880242e-08
0.27246492985971676,8.527054108216431e-07,1.6157314629258596e-06,7.675350701402832,1.8213138307204877e-08
0.3784969939879713,3.7404809619238727e-06,1.3451903807615285e-06,8.016032064128286,2.2410940966275984e-08
0.23020040080160128,4.7434869739479295e-06,1.2249498997996035e-06,0.42084168336673355,1.493570740844531e-08
0.06855711422845692,3.7074148296593433e-06,1.162825651302609e-06,6.072144288577161,2.7826059875738966e-08
0.07374749498997997,2.241482965931875e-06,8.822645290581174e-07,3.3266533066132147,8.089397876375128e-09
0.23983967935871534,3.3216432865731675e-06,1.6798597194388862e-06,9.338677354709464,3.780998591215752e-08
0.10785571142284571,7.975951903807613e-07,1.4854709418837742e-06,7.1943887775551305,4.8820520804543545e-09
0.18422845691382658,5.856713426853751e-06,1.0866733466933898e-06,1.042084168336674,1.0380878137091671e-07
0.22204408817635093,1.5250501002004057e-06,1.1748496993988015e-06,6.3326653306613325,4.137801875189916e-08
0.10118236472945893,7.53507014028056e-07,1.623747494989988e-06,7.41482965931866,4.039798813590485e-09
0.16272545090180293,1.5911823647294644e-06,1.7319639278557203e-06,1.4829659318637285,3.1101871687808404e-09
0.13158316633266523,3.83967935871746e-06,1.699899799599207e-06,5.731462925851706,1.9931866151902852e-08
0.37330661322644837,5.382765531062164e-06,1.0345691382765557e-06,3.1863727454909716,3.243613620474149e-08
0.38517034068135797,2.1533066132264635e-06,1.3652304609218493e-06,1.5631262525050111,2.565693987264129e-08
0.11675350701402808,3.0240480961924033e-06,9.68436873747497e-07,7.454909819639302,4.8233312876938735e-08
0.26653306613226196,3.354709418837697e-06,1.7299599198396883e-06,3.7675350701402643,8.746293711079734e-08
0.1182364729458918,3.0020040080160504e-06,9.363727454909837e-07,4.829659318637266,6.321739877604301e-08
0.14567134268537038,3.4208416833667556e-06,9.864729458917857e-07,3.887775551102187,4.22611514389484e-09
0.3162124248496959,2.825651302605227e-06,8.441883767535079e-07,6.533066132264541,1.3005948625238623e-07
0.15086172344689333,1.9108216432865816e-06,1.52955911823648e-06,6.252505010020049,7.36909273668676e-08
0.33623246492985587,5.812625250501045e-06,1.2469939879759564e-06,2.845691382765524,4.9111107448132296e-08
0.14641282565130223,1.6462925851703467e-06,1.092685370741486e-06,8.77755511022048,3.815248525689125e-08
0.0670741482965932,5.2064128256513405e-06,1.7039078156312712e-06,9.198396793587218,1.957561102325661e-08
0.32881763527053737,2.263527054108228e-06,9.94488977955914e-07,0.1002004008016032,5.1534766658866535e-09
0.3458717434869699,3.112224448897815e-06,1.5656312625250575e-06,5.230460921843684,1.9340157697661464e-07
0.20054108216432728,1.7344689378757583e-06,1.1027054108216465e-06,4.368737474949886,1.1814124361637986e-08
0.3310420841683329,2.4178356713426984e-06,1.67384769539079e-06,9.67935871743492,4.17528388944357e-08
0.11082164328657317,3.2665330661322852e-06,7.580160320641283e-07,7.555110220440906,1.871258295016051e-08
0.2954509018036041,4.611222444889812e-06,1.234969939879764e-06,9.959919839679412,5.391156041767191e-09
0.04705410821643287,3.575150300601226e-06,1.5175350701402875e-06,6.653306613226467,9.65836361564754e-08
0.3725651302605165,3.509018036072167e-06,9.964929859719461e-07,2.0841683366733474,6.613299786768888e-08
0.21833667334669168,5.272545090180399e-06,1.4033066132264588e-06,8.316633266533099,1.9225723472824985e-08
0.07004008016032065,8.747494989979958e-07,7.720440881763529e-07,2.7254509018036015,6.939669640238394e-09
0.38072144288576687,5.481963927855752e-06,1.1968937875751544e-06,1.9038076152304624,2.0851127810440406e-08
0.10044088176352707,2.4398797595190513e-06,1.4353707414829722e-06,3.0460921843687285,1.4233287136145672e-07
0.10266533066132266,1.436873747494994e-06,1.1047094188376786e-06,0.24048096192384763,6.693812234096502e-09
0.08486973947895793,6.983967935871742e-07,1.3211422845691435e-06,1.3026052104208425,1.0698479133535965e-08
0.31398797595190037,3.6633266533066375e-06,1.7159318637274637e-06,1.4428857715430872,3.955379003436076e-08
0.15827655310621183,2.605210420841698e-06,8.401803607214437e-07,7.615230460921869,1.3853396287793502e-07
0.2939679358717404,2.2304609218436987e-06,1.72194388777556e-06,0.7214428857715435,4.6524511477403566e-08
0.21018036072144133,5.504008016032105e-06,1.6958917835671429e-06,9.418837675350748,5.67336610875196e-08
0.29470941883767227,7.86573146292585e-07,1.2169338677354752e-06,1.7835671342685384,3.747056122430022e-08
0.2568937875751479,4.21442885771546e-06,9.043086172344704e-07,9.158316633266576,3.967592877875655e-09
0.07152304609218438,4.754509018036106e-06,1.2429859719438923e-06,0.9018036072144294,2.430563380881668e-08
0.38665330661322167,2.1312625250501106e-06,9.784569138276574e-07,8.09619238476957,1.6741675833125777e-07
0.23835671342685164,2.6933867735471097e-06,1.4514028056112288e-06,1.3627254509018045,2.135696348629931e-07
0.19757515030059988,2.6603206412825803e-06,1.38527054108217e-06,8.376753507014062,1.4668751854777282e-08
0.2672745490981938,4.1372745490982246e-06,1.5255511022044159e-06,2.1843687374749496,1.507100156095861e-08
0.38220440881763057,5.019038076152341e-06,1.6417835671342766e-06,8.697394789579196,2.999999999999995e-09
0.3681162324649254,5.6693386773547515e-06,1.6918837675350787e-06,7.054108216432884,2.3025498667447877e-08
0.13751503006012003,1.2715430861723473e-06,1.3131262525050151e-06,2.2244488977955905,3.43451976129658e-09
0.15012024048096148,5.515030060120281e-06,1.2409819639278602e-06,7.995991983967966,1.2248045999982468e-08
0.16569138276553033,3.905811623246519e-06,1.479458917835678e-06,8.236472945891816,7.45880645146543e-09
0.18645290581162213,3.861723446893813e-06,1.1227454909819673e-06,9.218436873747539,1.720076971183674e-07
0.19016032064128138,4.985971943887811e-06,7.700400801603208e-07,6.793587174348713,1.2470947302945877e-08
0.09599198396793589,5.173346693386811e-06,7.680360721442888e-07,9.799599198396844,2.1812786000763643e-08
0.36144288577153877,2.186372745490993e-06,1.0846693386773578e-06,3.9078156312625074,2.104000642120275e-08
0.3577354709418795,5.900801603206457e-06,1.5155310621242555e-06,9.69939879759524,1.1672025355551423e-07
0.24428857715430644,3.6082164328657553e-06,7.900801603206417e-07,0.5210420841683369,5.794452985489463e-09
0.15901803607214368,1.921843687374758e-06,1.164829659318641e-06,4.669338677354699,2.4013288282325376e-07
0.23687374749498794,3.982965931863754e-06,1.4233466933867797e-06,9.358717434869785,1.5207521266919347e-08
0.38813627254508537,3.4869739478958143e-06,1.0726452905811653e-06,3.527054108216419,3.21449531973696e-08
0.2509619238476931,3.8066132264529314e-06,1.2510020040080206e-06,4.68937875751502,6.007277775191063e-09
0.3992585170340631,1.6903807615230525e-06,1.6938877755511108e-06,9.378757515030106,4.838225325073881e-09
0.394809619238472,1.7565130260521112e-06,1.4754509018036138e-06,7.755511022044115,9.261065621133671e-09
0.13973947895791558,5.492985971943928e-06,1.5876753507014104e-06,4.128256513026035,4.867023126387145e-08
0.16124248496993923,2.9358717434869917e-06,1.261022044088181e-06,6.432865731462937,8.694542564234344e-09
0.34809619238476547,4.071142284569166e-06,1.4994989979959988e-06,7.334669338677377,1.1057280233242822e-07
0.059659318637274555,4.3797595190381065e-06,1.575651302605218e-06,8.637274549098233,8.986136480954638e-08
0.3132464929859685,4.36873747494993e-06,1.409318637274555e-06,8.156312625250532,4.076393073364223e-09
0.18793587174348583,1.117234468937877e-06,1.2730460921843735e-06,5.81162324649299,2.7083373706944648e-08
0.21685370741482798,5.261523046092223e-06,1.0085170340681386e-06,2.0040080160320657,1.7513805275284806e-07
0.24577154308617014,4.148296593186401e-06,8.061122244488983e-07,4.028056112224431,3.592920500494241e-09
0.3933266533066083,2.3186372745491103e-06,9.003006012024062e-07,3.6472945891783417,1.0287687773848661e-07
0.06262525050100201,1.0621242484969947e-06,9.584168336673366e-07,2.8056112224448833,1.799407265562136e-07
0.09821643286573148,5.526052104208458e-06,1.0946893787575182e-06,5.611222444889781,6.153010679479303e-08
0.34957915831662917,1.8116232464929935e-06,1.6217434869739558e-06,9.839679358717486,6.733654751092221e-08
0.25763527054107976,4.732464929859753e-06,9.20340681362727e-07,3.10621242484969,7.944810838756272e-09
0.23168336673346498,4.5010020040080475e-06,1.4173346693386834e-06,7.955911823647324,1.865497796254111e-07
0.10933867735470944,5.713426853707457e-06,1.6618236472945975e-06,3.9679358717434687,4.970900193032516e-09
0.12935871743486968,3.8176352705411074e-06,1.407314629258523e-06,3.066132264529049,6.097774379362245e-08
0.15753507014027998,3.630260521042108e-06,7.920841683366737e-07,3.206412825651292,1.9752935446592865e-08
0.12787575150300598,3.288577154308638e-06,1.4634268537074213e-06,1.923847695390783,1.8157070814572204e-07
0.12416833667334672,1.0290581162324654e-06,1.5115230460921913e-06,0.36072144288577157,1.1567244211962122e-07
0.18941883767534953,2.7815631262525213e-06,1.4694388777555176e-06,1.4629258517034078,3.072778174945252e-08
0.1100801603206413,4.996993987975988e-06,1.3411823647294643e-06,0.6813627254509022,3.2536296238599114e-09
0.3844288577154261,4.545090180360753e-06,7.760521042084171e-07,8.496993987975987,1.899447855672654e-07
0.055951903807615236,3.1232464929859913e-06,1.0966933867735503e-06,0.08016032064128256,1.6945494401338487e-08
0.39999999999999497,1.0070140280561125e-06,1.3632264529058172e-06,2.3046092184368723,5.061365245982989e-09
0.06410821643286574,5.23947895791587e-06,1.0606212424849728e-06,8.597194388777591,1.0991855156980727e-08
0.24206412825651089,4.2805611222445184e-06,1.0045090180360745e-06,4.649298597194378,1.8882089688766365e-08
0.08190380761523047,4.5230460921844e-06,9.463927855711441e-07,6.5130260521042205,4.213105432131633e-08
0.29174348697394487,1.9879759519038167e-06,1.1528056112224486e-06,4.989979959919833,1.0859646315678305e-07
0.19609218436873618,2.285571142284581e-06,1.745991983967945e-06,8.737474949899838,8.236616243030248e-09
0.365150300601198,5.349699398797634e-06,1.5596192384769613e-06,3.5470941883767395,1.2358994143126633e-08
0.20128256513025913,2.649298597194404e-06,9.283567134268553e-07,2.565130260521038,2.3871203503425444e-08
0.03741482965931864,4.633266533066165e-06,1.4113226452905872e-06,3.486973947895778,2.580965360693336e-07
0.31547094188376407,4.269539078156342e-06,1.5095190380761592e-06,0.5010020040080162,3.054596782939205e-09
0.2524448897795568,5.823647294589222e-06,1.4473947895791647e-06,7.85571142284572,1.6493213899842532e-08
0.32288577154308257,2.5170340681362865e-06,1.3952905811623305e-06,3.4468937875751373,3.166789240032255e-09
0.03148296593186373,4.534068136272577e-06,1.2970941883767585e-06,1.3827655310621252,6.918306497332757e-08
0.14344689378757483,1.701402805611229e-06,1.457414829659325e-06,2.1242484969939883,7.065964185911035e-09
0.08561122244488979,4.357715430861754e-06,1.2910821643286622e-06,7.434869739478981,1.3483644844013252e-07
0.22871743486973758,3.5420841683366965e-06,1.2530060120240527e-06,2.605210420841679,3.128699442624505e-08
0.39110220440881277,4.798597194388812e-06,1.114729458917839e-06,5.83166332665331,2.0232129643792195e-07
0.19831663326653173,9.408817635270538e-07,1.1788577154308656e-06,2.164328657314629,2.3234073677872025e-08
0.3518036072144247,5.702404809619281e-06,1.1447895791583202e-06,7.254509018036093,9.601215821362486e-09
0.21907815631262353,4.765531062124282e-06,1.5956913827655387e-06,1.2825651302605219,7.708956769458073e-08
0.24280561122244274,1.943887775551111e-06,1.5235470941883838e-06,0.14028056112224446,2.2141384599736183e-07
0.23316633266532868,3.927855711422872e-06,7.820641282565133e-07,4.589178356713416,1.3525281194153306e-08
0.22575150300601018,3.310621242484991e-06,9.123246492985987e-07,6.412825651302616,4.5014823242197184e-09
0.3918436873747446,4.8426853707415175e-06,1.0245490981963953e-06,1.683366733466935,1.709899408108259e-08
0.2821042084168308,6.763527054108215e-07,1.066633266533069e-06,3.246492985971933,8.016778400781506e-09
0.23909819639278349,3.0791583166332855e-06,1.7399799599198487e-06,9.118236472945934,2.0478442123916343e-08
0.13529058116232448,5.559118236472987e-06,9.764529058116253e-07,1.2625250501002012,4.100656341383988e-08
0.3147294589178322,1.018036072144289e-06,1.7079158316633354e-06,8.33667334669342,7.302939524999446e-08
0.12342685370741485,3.5200400801603436e-06,1.5475951903807688e-06,7.695390781563153,2.2818796059408977e-08
0.22130260521041908,5.250501002004046e-06,1.527555110220448e-06,5.490981963927855,2.0663944785168352e-08
0.0752304609218437,1.8777555110220522e-06,1.018537074148299e-06,3.286573146292574,9.232556271469576e-08
0.24132264529057904,5.977955911823692e-06,8.421843687374758e-07,2.2645290581162314,1.1777755652443835e-07
0.11304609218436876,4.589178356713459e-06,1.0806613226452936e-06,7.8757515030060405,2.5577957312742914e-07
0.14937875751502963,1.9769539078156403e-06,1.6397795591182446e-06,6.6733466933867875,4.3813363647773825e-09
0.3399398797595151,1.2935871743487002e-06,1.4153306613226513e-06,4.148296593186356,3.272995687480531e-08
0.05521042084168337,2.5941883767535216e-06,9.844689378757536e-07,5.3106212424849675,6.8156324386234326e-09
0.13380761523046078,2.4949899799599336e-06,1.188877755511026e-06,9.178356713426897,1.1091424175530981e-08
0.0915430861723447,1.7234468937875819e-06,1.3532064128256568e-06,7.394789579158339,7.802808098728738e-09
0.3384569138276514,9.188376753507012e-07,1.0986973947895823e-06,9.038076152304651,2.2544334056057853e-07
0.17236472945891698,8.19639278557114e-07,1.6678356713426937e-06,8.917835671342726,5.107213300098497e-09
0.22723446893787388,1.0400801603206418e-06,1.6538076152304691e-06,4.869739478957908,1.115744190067163e-07
0.18274549098196288,2.9799599198396975e-06,1.6337675350701483e-06,0.9218436873747501,4.328638126321561e-08
0.0485370741482966,5.459919839679399e-06,1.2449899799599243e-06,4.208416833667319,1.2773484897791362e-07
0.30657314629258187,2.704408817635286e-06,1.4774549098196459e-06,9.639278557114277,1.4277238318018253e-08
0.18867735470941768,4.941883767535106e-06,7.880761523046096e-07,8.176352705410853,2.8848084794416748e-08
0.08857715430861725,1.4919839679358764e-06,1.4433867735471005e-06,8.837675350701442,1.1463403701015199e-07
0.25022044088176126,5.360721442885811e-06,1.0265531062124274e-06,8.677354709418875,2.452580484173361e-08
0.17977955911823548,4.677354709418871e-06,1.6698396793587258e-06,0.5811623246492988,3.045193484083197e-08
0.23464929859719239,1.0731462925851712e-06,1.040581162324652e-06,2.024048096192386,3.302643910066035e-08
0.3710821643286528,5.625250501002046e-06,1.6878757515030145e-06,6.372745490981974,5.489269300501761e-09
0.16050100200400738,1.3156312625250531e-06,1.627755511022052e-06,0.6012024048096195,8.932966202896297e-09
0.2628256513026027,5.867735470941928e-06,1.1548096192384806e-06,2.885771543086165,1.3123762180952e-07
0.31695390781562777,3.674348697394814e-06,1.5736472945891858e-06,6.472945891783579,6.980975535282353e-08
0.37478957915831207,2.3517034068136397e-06,1.3552104208416889e-06,0.9418837675350707,2.029460474185898e-08
0.09673346693386775,2.1973947895791693e-06,1.649799599198405e-06,5.791583166332669,1.0569798987214693e-07
0.32140280561121887,2.583166332665345e-06,1.7379759519038166e-06,4.168336673346677,6.172010653894298e-09
0.05150300601202405,2.428857715430875e-06,9.644288577154328e-07,0.220440881763527,1.2928993428054696e-08
0.3473547094188336,2.968937875751521e-06,8.081162324649304e-07,8.296593186372778,1.5345277627925272e-08
0.04482965931863728,1.1282565130260534e-06,1.2329659318637318e-06,6.132264529058124,2.3797718170805274e-07
0.057434869739478964,4.908817635270576e-06,1.3772545090180418e-06,0.7615230460921848,8.589965549558257e-08
0.31250501002003667,4.7104208416834e-06,1.0005010020040103e-06,9.739478957915882,7.044212256713308e-08
0.3043486973947863,4.390781563126283e-06,7.600200400801604e-07,7.074148296593205,1.67933727062623e-08
0.28432865731462637,4.6002004008016356e-06,8.522044088176362e-07,3.987975951903789,5.5719623687545346e-08
0.09895791583166334,7.094188376753506e-07,1.4714428857715496e-06,8.056112224448928,5.7247579336311254e-08
0.15382765531062073,1.558116232464935e-06,1.0506012024048124e-06,0.26052104208416826,1.756788641856335e-08
0.23242484969939683,6.543086172344688e-07,1.1267535070140315e-06,3.707414829659303,2.5426614507594158e-08
0.13306613226452893,3.4649298597194614e-06,9.904809619238499e-07,1.2024048096192392,9.485733439116067e-08
0.2583767535070116,3.3987975951904027e-06,1.3612224448897851e-06,1.5230460921843698,4.9555977281176014e-08
0.2984168336673315,2.8366733466934036e-06,1.6578156312625333e-06,3.6873747494989826,1.9399878462111943e-08
0.08709418837675352,2.0541082164328754e-06,1.259018036072149e-06,6.012024048096198,7.594548730404174e-09
0.36440881763526617,5.041082164328694e-06,1.5616232464929933e-06,3.3667334669338556,3.528701909752935e-09
0.20943887775550948,4.313627254509048e-06,1.2810621242485018e-06,5.430861723446893,5.639797238061665e-09
0.19683366733466803,1.3817635270541118e-06,1.5455911823647367e-06,9.859719438877807,1.2812928334329933e-08
0.12639278557114228,9.73947895791583e-07,7.780561122244492e-07,1.6633266533066144,1.6294835312433136e-07
0.33326653306612847,5.3276553106212814e-06,9.143286573146308e-07,8.256513026052136,5.98878491598638e-08
0.19535070140280433,2.891783567134286e-06,1.2930861723446943e-06,8.977955911823688,1.170806757856823e-08
0.18052104208416733,2.9138276553106387e-06,1.359218436873753e-06,0.8016032064128261,2.6599295060690013e-08
0.21981963927855538,3.53106212424852e-06,1.068637274549101e-06,0.8216432865731468,1.3647799090803609e-08
0.19090180360721323,5.074148296593223e-06,1.2009018036072185e-06,5.450901803607214,1.8823962890042413e-07
0.035190380761523046,1.359719438877759e-06,1.6598196392785654e-06,9.979959919839732,6.1166037887735905e-09
0.24947895791582939,1.998997995991993e-06,1.2950901803607264e-06,2.6252505010019993,9.775947653412929e-09
0.06633266533066133,4.423847695390812e-06,1.4493987975951967e-06,6.092184368737482,5.690884981467729e-09
0.09006012024048098,1.458917835671347e-06,8.101202404809625e-07,5.851703406813631,2.9373089002327434e-08
0.2850701402805582,7.645290581162323e-07,1.140781563126256e-06,2.3647294589178336,1.3242642943242108e-07
0.22501002004007833,5.757515030060163e-06,1.1107214428857748e-06,7.795591182364757,5.294796424731075e-09
0.33178356713426477,4.8977955911824e-06,8.922845691382779e-07,9.498997995992031,1.0762157994219963e-07
0.17088176352705328,4.489979959919871e-06,1.6838677354709504e-06,7.935871743487003,7.663343465471093e-09
0.16346693386773478,1.9328657314629345e-06,1.7139278557114316e-06,4.949899799599192,2.4747970279903217e-08
0.2776553106212397,3.2995991983968146e-06,1.0626252505010049e-06,6.693386773547108,5.4232449648965807e-08
0.3873947895791535,3.068136272545109e-06,9.744488977955932e-07,5.891783567134273,9.149674528592205e-08
0.27394789579158046,5.008016032064164e-06,7.800601202404813e-07,3.807615230460905,1.5624545225189744e-08
0.34364729458917437,5.680360721442928e-06,1.5936873747495067e-06,7.815631262525078,9.344956393115008e-09
0.14492985971943853,4.666332665330694e-06,1.599699398797603e-06,6.95390781563128,6.043033942004035e-08
0.04334669338677355,2.1753507014028164e-06,8.48196392785572e-07,0.4408817635270542,1.6148554660478927e-07
0.07078156312625251,1.0511022044088183e-06,1.4013026052104268e-06,3.9478957915831483,7.325490382028496e-09
0.15975951903807553,1.2494989979959944e-06,1.5916833667334746e-06,4.90981963927855,4.780031675772268e-08
0.28284569138276267,3.0571142284569326e-06,1.064629258517037e-06,6.933867735470959,1.7832537750302787e-07
0.12565130260521043,6.212424849699398e-07,1.1427855711422881e-06,1.4228456913827665,4.2643971382578124e-09
0.05817635270541083,3.6853707414829904e-06,1.6898797595190466e-06,5.59118236472946,3.185638417408159e-08
0.3488376753506973,8.416833667334667e-07,1.4974949899799667e-06,2.9058116232464855,8.773301523254539e-09
0.08635270541082166,4.170340681362754e-06,7.640280561122246e-07,7.034068136272563,2.8078120463545054e-08
0.25466933867735236,5.801603206412869e-06,8.682364729458929e-07,8.57715430861727,6.456665021276253e-09
0.38368737474949427,2.9028056112224623e-06,9.824649298597216e-07,9.519038076152352,1.4537068745158218e-08
0.06336673346693387,2.362725450901816e-06,1.2049098196392827e-06,3.8276553106212257,1.7410177437190367e-08
0.05446893787575151,8.086172344689377e-07,1.1307615230460957e-06,5.751503006012027,9.095536608490571e-09
0.15531062124248443,4.699398797595224e-06,9.023046092184383e-07,2.7655310621242424,1.664261662552381e-08
0.03593186372745491,4.115230460921872e-06,1.1948897795591223e-06,3.667334669338662,3.68008256607722e-08
0.12268537074148299,4.787575150300635e-06,1.2029058116232506e-06,4.889779559118229,1.397888639408255e-07
0.16717434869739403,5.294589178356752e-06,1.5355711422845763e-06,3.927855711422828,7.237380178469336e-08
0.3028657314629226,1.1062124248497005e-06,1.333166332665336e-06,5.771543086172348,9.7458532861606e-08
0.11452905811623248,3.2444889779559323e-06,1.1287575150300636e-06,1.7034068136272558,2.0050503437821416e-07
0.28729458917835377,5.437875751503046e-06,1.2289579158316677e-06,0.7014028056112228,2.4671785900366934e-07
0.28136272545089897,3.4979959919839907e-06,1.2269539078156356e-06,6.452905811623258,1.488972918926298e-07
0.20573146292585023,4.952905811623282e-06,8.021042084168342e-07,2.925851703406806,1.5024606851011685e-07
0.26801603206412566,9.849699398797595e-07,1.7359719438877845e-06,5.1503006012024,5.247264414856532e-09
0.26060120240480716,5.129258517034105e-06,1.2489979959919885e-06,1.863727454909821,7.391847869215242e-09
0.08264529058116234,4.005010020040107e-06,1.5215430861723517e-06,6.27254509018037,5.374559857378681e-08
0.14196392785571113,3.773547094188402e-06,8.321643286573154e-07,6.4929859719439,1.0226816316947249e-08
0.036673346693386774,8.637274549098194e-07,1.3271543086172397e-06,0.8416833667334674,2.194261878760513e-07
0.17607214428857623,2.748496993987992e-06,9.564128256513045e-07,9.719438877755561,7.129970771610592e-09
0.052244488977955916,5.140280561122282e-06,1.651803607214437e-06,3.8677354709418665,7.19455715688248e-09
0.12120240480961926,4.082164328657342e-06,9.383767535070158e-07,9.599198396793636,5.439991484762373e-09
0.3770140280561076,9.95991983967936e-07,1.0465931863727482e-06,9.25851703406818,3.1006127399693034e-08
0.07448897795591183,6.873747494989979e-07,1.3792585170340739e-06,6.753507014028071,7.52637157376031e-09
0.17903807615230363,3.7294589178356962e-06,1.579659318637282e-06,7.294589178356735,1.5766079171111348e-08
0.0730060120240481,9.629258517034066e-07,7.540080160320642e-07,1.0621242484969946,1.9515349282072065e-07
0.3755310621242439,7.314629258517033e-07,1.1808617234468977e-06,1.6032064128256525,4.694595079589688e-08
0.3295591182364692,5.537074148296634e-06,1.7179358717434958e-06,1.9438877755511037,6.379004954895946e-08
0.34216432865731067,3.1452905811623443e-06,9.163326653306628e-07,1.3226452905811632,6.633721094855853e-09
0.23390781563126053,1.1723446893787592e-06,1.4373747494990042e-06,9.819639278557165,1.1602962879706392e-08
0.19979959919839543,4.335671342685401e-06,1.1347695390781598e-06,8.076152304609248,2.512078594687513e-07
0.30064128256512707,5.0851703406813995e-06,9.544088176352724e-07,0.6212424849699402,4.569294880809442e-08
0.0648496993987976,2.3957915831663455e-06,9.223446893787591e-07,8.937875751503046,1.5484281846137096e-08
0.09525050100200402,4.0380761523046365e-06,1.116733466933871e-06,7.214428857715451,4.794792007627997e-09
0.2835871743486945,5.415831663326693e-06,1.1988977955911865e-06,3.4669338677354578,8.4624825264393e-09
0.032965931863727455,5.470941883767575e-06,1.3471943887775605e-06,6.893787575150317,4.18817681149507e-09
0.15308617234468888,2.946893787575168e-06,1.5896793587174425e-06,5.290581162324647,3.373132369364782e-09
0.33474949899799217,5.096192384769576e-06,1.042585170340684e-06,3.5871743486973804,2.6840243077698728e-08
0.35699398797594767,3.233466933867756e-06,9.504008016032082e-07,1.1422845691382773,1.316428724399259e-08
0.0996993987975952,5.39378757515034e-06,1.2069138276553148e-06,5.551102204408818,1.3403863155062434e-08
0.0566933867735471,2.869739478957933e-06,1.088677354709422e-06,7.735470941883794,1.4623595434028893e-07
0.3087975951903774,5.724448897795634e-06,9.243486973947912e-07,6.1723446893787655,6.436788764236158e-08
0.08931863727454911,1.5140280561122293e-06,1.4213426853707476e-06,5.330661322645288,6.877371410163831e-09
0.276172344689376,2.8587174348697565e-06,1.5716432865731538e-06,5.631262525050102,3.7248850796956136e-09
0.2539278557114205,2.5611222444889923e-06,1.3151302605210472e-06,7.134268537074168,2.1745637319533232e-07
0.35254509018035657,2.6382765531062274e-06,1.287074148296598e-06,10.000000000000053,1.2210341502422209e-07
0.21462925851703243,9.078156312625248e-07,8.241482965931871e-07,7.3747494989980185,9.571659350190533e-08
0.24503006012023829,3.431863727454932e-06,9.66432865731465e-07,6.392785571142295,4.3420045932324805e-09
0.2746893787575123,1.2605210420841709e-06,1.309118236472951e-06,8.817635270541121,2.0975236671744169e-07
0.2732064128256486,5e-07,7.520040080160321e-07,3.2665330661322534,5.000487693921524e-08
0.3666332665330617,4.853707414829694e-06,8.181362725450908e-07,8.517034068136308,7.503202322221332e-08
0.18571142284569028,1.9549098196392874e-06,1.6057114228456992e-06,4.1082164328657145,4.709091590492342e-09
0.35995991983967507,1.1833667334669357e-06,8.622244488977966e-07,2.9659318637274468,2.295461676038027e-07
0.08042084168336674,3.553106212424873e-06,1.357214428857721e-06,4.488977955911811,2.7328706719481546e-08
0.27839679358717156,1.6683366733466996e-06,8.301603206412833e-07,4.388777555110207,2.11652395147073e-07
0.038897795591182366,1.3927855711422883e-06,8.161322645290587e-07,1.0220440881763533,2.990764772383205e-08
0.040380761523046094,5.955911823647339e-06,9.403807615230478e-07,4.348697394789565,2.6517411545905547e-07
0.03963927855711423,4.655310621242518e-06,1.4193386773547155e-06,0.5611222444889782,1.32835350999804e-08
0.24873747494989754,4.434869739478989e-06,1.0285571142284595e-06,6.05210420841684,3.393209730225639e-08
0.39555110220440387,4.6222444889779885e-06,8.001002004008021e-07,0.02004008016032064,2.0112417689589337e-08
0.18200400801603103,3.0350701402805797e-06,1.429358717434876e-06,1.6432865731462938,9.5150245783721e-09
0.25170340681362496,2.528056112224463e-06,1.5335671342685442e-06,4.4488977955911695,3.0271753085702848e-09
0.3532865731462884,5.9118236472946334e-06,1.6558116232465012e-06,6.312625250501012,8.311227105690022e-09
0.27987975951903526,4.18136272545093e-06,1.236973947895796e-06,8.537074148296629,1.2138093851360557e-08
0.07226452905811624,1.238476953907818e-06,1.2550100200400848e-06,5.270541082164326,3.658307800722014e-09
0.14863727454909778,4.55611222444893e-06,1.5976953907815708e-06,4.749498997995983,1.0474912659293683e-07
0.06929859719438879,5.746492985971987e-06,8.802605210420854e-07,0.12024048096192383,2.6123868665011513e-08
0.030741482965931863,5.371743486973987e-06,8.341683366733475e-07,8.036072144288607,1.0044025817810384e-08
0.27691382765530786,1.0841683366733476e-06,8.582164328657325e-07,6.973947895791601,3.486259066018347e-08
0.37034068136272097,4.886773547094223e-06,8.70240480961925e-07,0.8817635270541088,1.543661489035564e-07
0.291002004008013,4.567134268537106e-06,1.0125250501002028e-06,9.278557114228501,3.4970243379325587e-09
0.22056112224448723,2.9579158316633446e-06,1.3291583166332718e-06,1.2424849699398806,9.953859417432415e-09
0.16791583166332588,2.550100200400816e-06,1.3732464929859776e-06,5.010020040080154,6.794651132981132e-08
0.3325250501001966,2.461923847695404e-06,8.041082164328662e-07,6.713426853707429,4.487624919593595e-08
0.17458917835671253,3.6412825651302846e-06,1.186873747494994e-06,0.20040080160320636,6.208747334096328e-08
0.3414228456913788,1.3707414829659354e-06,1.747995991983977e-06,8.757515030060159,4.251269578850732e-08
0.20350701402805468,5.316633266533105e-06,8.742484969939891e-07,4.809619238476945,3.5606664308363043e-09
0.046312625250501005,1.4258517034068177e-06,8.862725450901816e-07,2.104208416833668,4.461071988274522e-09
0.35402805611222027,3.046092184368756e-06,1.2650300601202452e-06,6.773547094188392,1.2658815822421816e-07
0.08783567134268538,1.2054108216432886e-06,1.307114228456919e-06,9.879759519038128,8.21126056776284e-08
0.04112224448897796,2.8036072144288742e-06,1.1928857715430902e-06,6.8537074148296755,1.0319455279982118e-08
0.3369739478957877,2.4509018036072277e-06,1.5395791583166404e-06,8.877755511022084,7.0025321948548445e-09
0.17681362725450808,2.7595190380761684e-06,1.335170340681368e-06,1.4028056112224458,6.574169400835498e-09
0.3621843687374706,5.834669338677398e-06,1.0706412825651332e-06,4.248496993987961,9.013884907233523e-09
0.32585170340680997,3.993987975951931e-06,7.9809619238477e-07,0.7815631262525055,5.1376121558769204e-08
0.29026052104208117,1.4148296593186412e-06,1.3491983967935926e-06,7.515030060120265,1.21007278315068e-07
0.28581162324649007,5.0631262525050466e-06,1.4834669338677421e-06,5.531062124248497,1.7672452962816691e-07
0.3117635270541048,2.0981963927855813e-06,1.238977955911828e-06,0.5410821643286575,1.5576446481330998e-07
0.19460921843687248,5.944889779559163e-06,1.7339679358717524e-06,6.593186372745504,3.614306071392014e-08
0.22426853707414648,1.8887775551102287e-06,9.524048096192403e-07,1.5030060120240492,9.688187822227608e-09
0.24725450901803384,2.726452905811639e-06,1.1848697394789619e-06,0.04008016032064128,7.873489337994641e-09
0.261342685370739,1.82264529058117e-06,1.4133266533066193e-06,6.212424849699407,1.9692127828271127e-07
0.07819639278557115,5.636272545090222e-06,9.604208416833687e-07,3.3066132264528942,2.0600332707312074e-07
0.20498997995991838,1.6573146292585232e-06,1.4874749498998063e-06,2.064128256513027,5.89990581612285e-09
0.23094188376753313,6.653306613226452e-07,8.902805611222458e-07,5.390781563126251,7.108021803950241e-08
0.16494989979959848,3.597194388777579e-06,1.5856713426853783e-06,0.9819639278557121,1.1921141853309708e-08
0.21537074148296428,1.216432865731465e-06,9.063126252505024e-07,4.288577154308602,3.919871101192534e-08
0.17310621242484883,5.338677354709458e-06,1.4594188376753571e-06,0.3006012024048096,3.332560699183967e-08
0.06114228456913828,3.751503006012049e-06,1.5135270541082234e-06,4.088176352705394,6.55393141723165e-08
0.3429058116232425,1.3046092184368767e-06,1.6437875751503087e-06,2.0440881763527066,2.519835680042233e-08
0.04779559118236473,3.1563126252505207e-06,1.1688376753507052e-06,5.671342685370743,2.6279361625504535e-07
0.15234468937875703,2.924849699398815e-06,1.3011022044088226e-06,2.244488977955911,4.737120769556475e-08
0.34513026052103807,7.424849699398796e-07,1.3031062124248547e-06,5.911823647294594,1.4801627807442089e-08
0.3636673346693343,2.7925851703406978e-06,9.303607214428874e-07,9.098196392785614,6.227919418567197e-09
0.20795591182364578,5.551102204408817e-07,1.2670340681362772e-06,4.22845691382764,1.4406567770292772e-08
0.17384769539078068,3.9168336673346955e-06,1.4954909819639346e-06,5.571142284569139,1.916653882869674e-07
0.10563126252505012,1.5470941883767586e-06,1.5375751503006084e-06,9.438877755511069,1.8049636823782292e-08
0.2598597194388753,3.696392785571167e-06,1.3431863727454964e-06,2.985971943887767,6.0616943175938166e-09
0.07671342685370743,4.412825651302636e-06,1.4253507014028117e-06,3.2264529058116125,4.063844267401258e-08
0.24058116232464719,5.217434869739517e-06,8.982965931863741e-07,7.234468937875772,3.549705242517407e-08
0.33919839679358327,1.7454909819639348e-06,1.0746492985971973e-06,3.56713426853706,1.5717544727850532e-07
0.10414829659318639,5.4268537074148695e-06,1.3932865731462984e-06,4.328657314629244,1.8321545481945037e-07
0.13677354709418818,1.5030060120240528e-06,1.1087174348697427e-06,9.01803607214433,2.4450304378327506e-07
0.05076152304609219,1.8446893787575228e-06,1.1007014028056144e-06,4.7895791583166245,3.517839121310008e-08
0.2643086172344664,4.192384769539107e-06,1.3672344689378814e-06,9.23847695390786,1.704635638029228e-07
0.2924849699398767,2.483967935871757e-06,8.72244488977957e-07,4.188376753506998,1.4492317698906792e-07
0.03,4.049098196392813e-06,1.0205410821643311e-06,5.170340681362721,3.3627484876271376e-08
0.3236272545090144,3.5641282565130495e-06,1.0305611222444915e-06,0.3406813627254509,5.326311801793594e-08
0.3547695390781521,5.8897795591182805e-06,9.103206412825666e-07,3.346693386773535,4.3678488185788484e-08
0.36589178356712987,4.203406813627283e-06,1.43336673346694e-06,8.55711422845695,3.1383606007884984e-09
0.17755511022043993,5.603206412825693e-06,1.0025050100200424e-06,9.93987975951909,3.2244214082829982e-09
0.2969338677354678,5.33066132264529e-07,1.2990981963927906e-06,6.352705410821653,1.0103809279812371e-07
0.20721442885771393,8.857715430861721e-07,7.940881763527058e-07,6.633266533066146,6.341260873453308e-09
0.30212424849699077,5.779559118236516e-06,1.62575150300602e-06,1.8837675350701417,1.475606234013781e-07
0.2687575150300575,2.120240480961934e-06,1.5576152304609292e-06,7.7154308617234735,2.4972148189518038e-08
0.11378757515030062,4.2585170340681655e-06,1.6718436873747579e-06,8.99799599198401,5.742435499937533e-09
0.08116232464929861,2.2745490981964045e-06,1.0065130260521066e-06,6.232464929859728,9.067536824862865e-08
0.31102204408817297,2.6823647294589332e-06,8.4619238476954e-07,2.66533066132264,1.6893329235375367e-07
0.3443887775551062,5.283567134268576e-06,1.57765531062125e-06,2.4849699398797562,5.935022889851916e-08
0.19905811623246358,1.965931863727464e-06,1.6297595190380841e-06,3.166332665330651,4.583404475339755e-09
0.22649298597194203,5.771543086172344e-07,1.7059118236473033e-06,9.91983967935877,7.2597285938041026e-09
0.36292585170340247,1.095190380761524e-06,1.6477955911823729e-06,1.983967935871745,1.8544597893471567e-08
0.30360721442885447,3.453907815631285e-06,1.3191382765531114e-06,2.6452905811623197,6.495096004526122e-08
0.11527054108216435,4.820641282565165e-06,1.7119238476953995e-06,5.4709418837675345,4.00353306478816e-09
0.31843687374749147,2.5721442885771687e-06,1.431362725450908e-06,1.0020040080160326,2.2748550467552831e-07
0.13454909819639263,5.030060120240517e-06,1.3391783567134322e-06,2.5450901803607175,7.571169601678531e-08
0.15160320641282518,4.930861723446929e-06,1.0225450901803632e-06,3.0861723446893694,2.4895273698641046e-07
0.18126252505009918,4.467935871743518e-06,8.602204408817645e-07,5.37074148296593,2.2613949044979018e-08
0.16865731462925773,3.2004008016032265e-06,1.3371743486974001e-06,7.835671342685399,1.0958017728875894e-07
0.37627254509017577,2.0320641282565225e-06,1.210921843687379e-06,5.691382765531064,1.0013106196268845e-07
0.22945891783566943,5.881763527054108e-07,7.840681362725454e-07,9.298597194388822,1.7356581786691898e-07
0.15456913827655258,3.7845691382765785e-06,1.3712424849699455e-06,2.6853707414829606,5.045784292616258e-08
0.16198396793587108,4.7214428857715765e-06,1.2189378757515073e-06,6.873747494989996,8.512852419123945e-08
0.3607014028056069,4.060120240480989e-06,1.5495991983968009e-06,3.026052104208408,1.6003587187131704e-07
0.3013827655310589,6.432865731462925e-07,1.0105210420841707e-06,9.779559118236524,8.162675170854576e-09
0.03222444889779559,2.384769539078169e-06,7.660320641282567e-07,6.833667334669355,5.5891681153332165e-09
0.20869739478957763,1.8997995991984051e-06,1.2710420841683414e-06,2.8256513026052037,5.278496874674728e-08
0.20647294589178208,2.4729458917835806e-06,1.311122244488983e-06,2.344689378757513,1.8378120858382033e-08
0.09228456913827657,5.162324649298635e-06,1.553607214428865e-06,2.745490981963922,2.6999999999999233e-07
0.22278557114228278,4.919839679358753e-06,9.92484969939882e-07,2.384769539078154,1.041293340715239e-08
0.3859118236472898,3.5861723446894024e-06,1.6097194388777633e-06,8.416833667334704,2.3372366169953221e-07
0.320661322645287,3.949899799599225e-06,1.283066132264534e-06,2.20440881763527,6.26498887564265e-08
0.09080160320641284,1.7124248496994054e-06,1.4453907815631326e-06,4.849699398797587,1.1258510876173535e-07
0.3814629258516987,4.644288577154341e-06,7.560120240480963e-07,5.350701402805609,7.778787862446394e-08
0.19312625250500878,1.800601202404817e-06,8.502004008016041e-07,1.9639278557114244,3.017856424233416e-08
0.07893787575150302,4.225450901803636e-06,1.725951903807624e-06,2.785571142284563,3.89667752552722e-09
0.11601202404809621,2.84769539078158e-06,1.3512024048096247e-06,7.655310621242511,1.410551324449193e-07
0.19238476953907693,4.831663326653341e-06,8.361723446893796e-07,0.0,8.61649063364689e-09
0.37923847695390317,3.134268537074168e-06,1.6778557114228541e-06,9.47895791583171,8.539139384414858e-09
0.3265931863727418,2.8807615230461094e-06,1.2229458917835714e-06,0.38076152304609223,1.2583914583319626e-08
0.09747494989979961,1.4809619238477e-06,8.662324649298608e-07,9.899799599198449,7.920353459931748e-08
0.24799599198396569,5.988977955911869e-06,1.4934869739479025e-06,4.569138276553095,2.6757617826320567e-07
0.3176953907815596,1.679358717434876e-06,1.6357715430861804e-06,0.6412825651302608,1.1293276201596956e-08
0.31991983967935517,1.6022044088176409e-06,1.383266533066138e-06,8.11623246492989,4.624922952313024e-09
0.12713426853707413,1.7785571142284641e-06,1.1327655310621277e-06,4.46893787575149,5.472371083354339e-08
0.3903607214428809,3.475951903807638e-06,1.1608216432865769e-06,0.8617234468937881,4.027362659733698e-08
0.3695991983967891,1.580160320641288e-06,1.3171342685370793e-06,9.138276553106255,3.403687673693422e-09
0.26505010020039826,2.307615230460934e-06,1.016533066132267e-06,0.4008016032064129,1.5298038584008818e-07
0.3191783567134233,4.302605210420871e-06,9.323647294589195e-07,9.659318637274598,6.67320594089329e-08
0.21166332665330503,4.445891783567165e-06,7.5e-07,4.308617234468923,1.7253884227880857e-08
0.10340681362725453,1.5691382765531115e-06,1.7099198396793674e-06,7.63527054108219,3.647046032311197e-08
0.14048096192384743,2.16432865731464e-06,1.1207414829659352e-06,8.717434869739517,8.905466877501802e-08
0.32436873747494627,5.92284569138281e-06,1.0786573146292615e-06,5.9919839679358775,2.3656908903666733e-08
0.18719438877755398,4.8647294589178704e-06,1.3992985971943947e-06,8.657314629258554,1.372903272093915e-07
0.26208416833667086,2.990981963927874e-06,1.1708416833667373e-06,3.426853707414817,5.828942389058411e-08
0.05298597194388778,5.966933867735516e-06,8.842685370741495e-07,3.1262525050100103,1.2029128756101005e-08
0.32733466933867367,5.878757515030104e-06,1.6197394789579237e-06,7.274549098196414,2.5889351625310665e-08
0.350320641282561,5.110220440881763e-07,1.3972945891783626e-06,8.456913827655345,1.7887603112394953e-08
0.10488977955911825,4.236472945891813e-06,8.782565130260533e-07,9.539078156312673,5.0914912076599136e-08
0.03370741482965932,9.298597194388775e-07,9.44388777555112e-07,0.2805611222444889,7.172409365899115e-08
0.30509018036071817,3.3436873747495204e-06,1.0766533066132294e-06,4.408817635270528,9.40057889504533e-08
0.3102805611222411,1.8667334669338758e-06,8.942885771543099e-07,1.0821643286573153,7.639752558399709e-08
0.09450901803607216,4.9639278557114585e-06,1.1067134268537107e-06,0.48096192384769554,2.636051006235189e-08
0.3888777555110172,5.570140280561163e-06,1.5636272545090254e-06,5.1302605210420795,1.1498801718080625e-08
0.16939879759518958,3.894789579158343e-06,1.6858717434869824e-06,8.216432865731495,4.926275837701879e-09
0.14122244488977928,3.2775551102204617e-06,1.5075150300601271e-06,5.931863727454915,9.316188793326126e-08
0.335490981963924,1.1392785571142299e-06,1.1768537074148335e-06,9.078156312625293,5.184150887760377e-08
0.0381563126252505,5.05210420841687e-06,8.281563126252512e-07,0.1603206412825651,3.691446348498587e-09
0.3073146292585137,2.043086172344699e-06,1.4674348697394855e-06,7.17434869739481,4.5422587146145104e-09
0.26949899799598936,1.337675350701406e-06,1.6077154308617312e-06,8.617234468937912,5.342759000284053e-09
0.18348697394789473,8.967935871743485e-07,8.562124248497004e-07,0.18036072144288573,1.6442441038338884e-07
0.35847695390781137,3.167334669338697e-06,1.0325651302605236e-06,5.090180360721438,6.856200046703184e-08
0.20202404809619098,8.306613226452904e-07,8.141282565130267e-07,5.250501002004005,5.2001591054217385e-09
0.12490981963927858,4.478957915831695e-06,1.0445891783567161e-06,1.22244488977956,9.834135476271293e-08
0.04557114228456914,5.6472945891783986e-06,1.3872745490982022e-06,0.06012024048096192,7.849251515934662e-08
0.37182364729458467,2.0761523046092284e-06,9.70440881763529e-07,5.6513026052104225,1.436221845944372e-07
0.10637274549098198,2.2194388777555222e-06,1.5195390781563196e-06,5.410821643286572,2.4230811121945124e-07
0.13084168336673338,6.322645290581161e-07,1.4914829659318705e-06,6.152304609218445,1.2697905170594254e-08
0.12194388777555112,3.1783567134268736e-06,1.455410821643293e-06,4.00801603206411,1.0893179981213664e-08
0.21611222444889613,1.4699398797595235e-06,8.96292585170342e-07,2.5851703406813584,2.0415401099160175e-07
0.2806212424849671,5.220440881763527e-07,1.675851703406822e-06,9.058116232464972,6.515152309372312e-09
0.14418837675350668,2.3406813627254632e-06,9.984969939879782e-07,6.613226452905825,1.0507258299972768e-08
0.28877755511021747,1.6352705410821703e-06,1.2089178356713469e-06,6.913827655310638,1.4022052008069396e-08
0.24354709418837459,3.7625250501002256e-06,9.724448897795612e-07,1.8236472945891797,2.220975531495786e-08
0.22797595190380573,1.4038076152304647e-06,1.505511022044095e-06,2.284569138276552,1.0135008984772664e-08
0.27098196392785306,2.3296593186372868e-06,1.3692384769539134e-06,2.5050100200400767,9.429607084301275e-09
0.042605210420841685,4.02705410821646e-06,1.4734468937875817e-06,7.314629258517056,2.6043448707220176e-07
0.13825651302605188,1.8557114228456993e-06,1.4273547094188438e-06,7.595190380761548,1.2432556623962576e-07
0.053727454909819644,6.102204408817634e-07,8.882765531062137e-07,5.711422845691385,4.610685546920989e-08
0.13232464929859708,5.991983967935871e-07,1.5676352705410896e-06,1.5430861723446905,2.0786939506635984e-07
0.3221442885771507,4.104208416833695e-06,1.5836673346693462e-06,0.9619238476953914,8.436431542325698e-08
0.35106212424849287,4.688376753507047e-06,1.212925851703411e-06,7.775551102204436,2.8332464326101826e-08
0.1204609218436874,4.809619238476988e-06,1.0566132264529086e-06,3.4068136272544964,4.447338983198577e-08
0.34068136272544697,1.8336673346693464e-06,1.750000000000009e-06,8.957915831663367,5.953349736485778e-09
0.36885771543085727,2.6162324649298745e-06,1.4894789579158384e-06,6.112224448897803,1.3605785580442623e-07
0.10859719438877757,9.519038076152302e-07,1.6377755511022125e-06,8.436873747495024,3.15704056688351e-08
0.37775551102203947,5.228456913827693e-06,8.22144288577155e-07,7.915831663326682,3.3428513635946814e-09
0.1019238476953908,7.204408817635269e-07,1.6317635270541162e-06,2.8657314629258446,2.9109403329733362e-08
0.21314629258516873,5.73547094188381e-06,1.701903807615239e-06,3.5070140280560986,4.751748596178136e-09
0.12861723446893783,3.960921843687401e-06,1.405310621242491e-06,5.871743486973952,5.01592877523844e-09
0.13010020040080153,3.850701402805637e-06,1.0365731462925878e-06,7.575150300601227,8.82552145456136e-08
0.2895190380761493,5.118236472945929e-06,1.3892785571142343e-06,3.747494989979944,2.2341950919293244e-07
