0.07663326653306633 8.41142284569138e-06 3.7186372745490643e-06 9.070140280561183 6.51378757515034e-07 6.51378757515034e-07 6.51378757515034e-08
0.1761923847695391 2.436472945891783e-06 4.2044088176352735e-07 10.513026052104287 5.86513026052104e-08 5.86513026052104e-08 5.86513026052104e-09
0.15490981963927902 1.5446893787575145e-06 6.314629258517039e-07 10.993987975951988 4.4599599198396976e-07 4.4599599198396976e-07 4.459959919839698e-08
0.15743486973947937 7.091583166332663e-06 1.3348697394789539e-06 13.699398797595308 8.801823647294652e-07 8.801823647294652e-07 8.801823647294652e-08
0.05571142284569134 2.7040080160320633e-06 1.2098196392785547e-06 5.963927855711447 7.270460921843735e-07 7.270460921843735e-07 7.270460921843734e-08
0.15094188376753562 7.1629258517034045e-06 3.960921843687338e-06 12.216432865731562 1.8656513026052092e-07 1.8656513026052092e-07 1.8656513026052093e-08
0.15563126252505055 3.0963927855711413e-06 1.5068136272545028e-06 9.150300601202467 9.648496993987986e-08 9.648496993987986e-08 9.648496993987986e-09
0.18701402805611203 6.253306613226451e-06 1.2410821643286545e-06 4.120240480961925 3.7213026052104313e-07 3.7213026052104313e-07 3.721302605210431e-08
0.17078156312625264 5.932264529058114e-06 1.6787575150300517e-06 4.561122244488985 3.541142284569147e-07 3.541142284569147e-07 3.5411422845691466e-08
0.11595190380761614 5.575551102204407e-06 1.9444889779559003e-06 10.11222444889787 3.865430861723459e-07 3.865430861723459e-07 3.865430861723459e-08
0.1693386773547096 8.661122244488975e-06 1.631863727454902e-06 13.29859719438889 3.378997995991991e-07 3.378997995991991e-07 3.378997995991991e-08
0.09214428857715479 5.076152304609217e-06 7.643286573146299e-07 11.074148296593272 4.189719438877771e-07 4.189719438877771e-07 4.189719438877771e-08
0.03515030060120239 4.648096192384768e-06 3.579158316633269e-07 13.639278557114345 1.343186372745492e-07 1.343186372745492e-07 1.3431863727454919e-08
0.11306613226452991 4.2200400801603196e-06 1.8975951903807504e-06 4.440881763527059 1.8296192384769528e-07 1.8296192384769528e-07 1.829619238476953e-08
0.10729458917835746 7.894188376753504e-06 1.6553106212424769e-06 5.883767535070163 4.6221042084168536e-07 4.6221042084168536e-07 4.622104208416853e-08
0.06184368737474945 6.645691382765529e-06 3.7030060120240144e-06 5.342685370741499 8.117214428857771e-07 8.117214428857771e-07 8.117214428857772e-08
0.02649298597194388 3.2925851703406803e-06 1.2488977955911794e-06 5.2825651302605365 8.333406813627313e-07 8.333406813627313e-07 8.333406813627313e-08
0.024328657314629253 3.3995991983967925e-06 2.2180360721442736e-06 6.545090180360752 6.207515030060156e-07 6.207515030060156e-07 6.207515030060156e-08
0.02288577154308617 5.415030060120239e-06 4.282565130260524e-07 6.885771543086207 6.657915831663367e-07 6.657915831663367e-07 6.657915831663367e-08
0.03262525050100199 4.006012024048095e-06 7.330661322645296e-07 5.102204408817649 7.666733466933871e-08 7.666733466933871e-08 7.666733466933871e-09
0.08096192384769567 8.1438877755511e-06 4.907815631262529e-07 5.6232464929859916 5.198617234468963e-07 5.198617234468963e-07 5.198617234468963e-08
0.047054108216432834 3.1498997995991974e-06 2.647895791583146e-06 9.290581162324713 8.819839679358781e-07 8.819839679358781e-07 8.81983967935878e-08
0.1862925851703405 7.323446893787573e-06 3.8358717434869386e-06 11.515030060120331 4.243767535070156e-07 4.243767535070156e-07 4.243767535070156e-08
0.0672545090180361 8.928657314629255e-06 3.788977955911789e-06 13.779559118236591 2.658356713426853e-07 2.658356713426853e-07 2.6583567134268532e-08
0.03587174348697393 6.610020040080158e-06 3.6561122244488647e-06 8.689378757515087 4.514008016032083e-07 4.514008016032083e-07 4.514008016032083e-08
0.14877755511022103 4.041683366733466e-06 5.454909819639283e-07 6.084168336673372 4.784168336673345e-08 4.784168336673345e-08 4.784168336673345e-09
0.11739478957915925 5.468537074148295e-06 2.484969939879761e-07 4.701402805611231 8.495551102204469e-07 8.495551102204469e-07 8.495551102204469e-08
0.14156312625250575 1.2593186372745487e-06 1.811623246492976e-06 4.521042084168343 5.829178356713459e-07 5.829178356713459e-07 5.8291783567134586e-08
0.11631262525050191 4.077354709418837e-06 2.2571142284568984e-06 6.464929859719469 2.3881162324649264e-07 2.3881162324649264e-07 2.3881162324649265e-08
0.06328657314629255 2.2224448897795585e-06 3.101202404809593e-06 6.72545090180364 3.595190380761532e-07 3.595190380761532e-07 3.5951903807615325e-08
0.08925851703406856 2.9002004008016023e-06 3.859318637274513e-06 5.4629258517034245 6.045370741483e-07 6.045370741483e-07 6.045370741483001e-08
0.05859719438877751 3.809819639278556e-06 3.937474949899763e-06 12.496993987976055 6.495771543086211e-07 6.495771543086211e-07 6.495771543086212e-08
0.08601202404809656 8.892985971943885e-06 2.616633266533046e-06 7.0060120240481325 7.504669338677404e-07 7.504669338677404e-07 7.504669338677405e-08
0.029018036072144277 2.6148296593186365e-06 7.955911823647301e-07 4.801603206412835 8.909919839679423e-07 8.909919839679423e-07 8.909919839679422e-08
0.030821643286573133 2.3829659318637268e-06 1.6709418837675268e-06 4.040080160320642 1.3972344689378765e-07 1.3972344689378765e-07 1.3972344689378764e-08
0.19855711422845648 4.826452905811622e-06 2.3665330661322477e-06 4.46092184368738 1.8116032064128246e-07 1.8116032064128246e-07 1.8116032064128248e-08
0.15851703406813666 4.398396793587173e-06 2.7260521042083955e-06 12.476953907815734 8.063166332665386e-07 8.063166332665386e-07 8.063166332665386e-08
0.14228456913827728 5.111823647294588e-06 9.98797595190381e-07 10.8136272545091 1.451282565130261e-07 1.451282565130261e-07 1.451282565130261e-08
0.1902605210420839 2.240280561122244e-06 2.78076152304607e-06 4.240480961923851 8.081182364729515e-07 8.081182364729515e-07 8.081182364729514e-08
0.021803607214428856 5.254509018036071e-06 3.2665330661322666e-07 11.535070140280652 6.531803607214468e-07 6.531803607214468e-07 6.531803607214468e-08
0.12677354709418942 2.0701402805611217e-07 3.867134268537038e-06 7.466933867735513 8.873887775551166e-07 8.873887775551166e-07 8.873887775551166e-08
0.0705010020040081 7.430460921843685e-06 2.6869739478957707e-06 9.01002004008022 3.27090180360722e-07 3.27090180360722e-07 3.27090180360722e-08
0.10152304609218502 2.828857715430861e-06 1.2344689378757517e-07 10.953907815631347 3.7753507014028167e-07 3.7753507014028167e-07 3.775350701402817e-08
0.061122244488977906 2.846693386773546e-06 2.2505010020040091e-07 5.402805611222462 8.459519038076212e-07 8.459519038076212e-07 8.459519038076211e-08
0.17438877755511029 8.286573146292582e-06 1e-07 6.8256513026052446 8.837855711422909e-07 8.837855711422909e-07 8.83785571142291e-08
0.14372745490982033 1.0452905811623243e-06 6.549098196392791e-07 4.300601202404813 4.7302004008016243e-07 4.7302004008016243e-07 4.7302004008016244e-08
0.14444889779559186 8.821643286573143e-06 1.0781563126252505e-07 10.933867735471026 8.027134268537129e-07 8.027134268537129e-07 8.02713426853713e-08
0.13651302605210505 1.891783567134268e-07 1.13947895791583e-06 4.721442885771552 5.649018036072174e-07 5.649018036072174e-07 5.649018036072174e-08
0.047775551102204376 4.113026052104207e-06 3.344689378757517e-07 9.45090180360728 1.1269939879759534e-07 1.1269939879759534e-07 1.1269939879759534e-08
0.1083767535070148 3.863326653306612e-06 3.032064128256515e-07 5.322645290581178 6.567835671342725e-07 6.567835671342725e-07 6.567835671342725e-08
0.03839679358717433 1.1344689378757512e-06 9.597194388777562e-07 6.3246492985972225 6.315611222444927e-07 6.315611222444927e-07 6.315611222444927e-08
0.09430861723446946 5.280561122244487e-07 2.671342685370721e-06 4.9418837675350815 4.820280561122266e-07 4.820280561122266e-07 4.820280561122266e-08
0.085290581162325 4.630260521042083e-06 3.8436873747494635e-06 8.048096192384818 4.2077354709418994e-07 4.2077354709418994e-07 4.207735470941899e-08
0.03442885771543085 3.6753507014028044e-07 3.61703406813624e-06 12.116232464929958 1.5412825651302606e-08 1.5412825651302606e-08 1.5412825651302607e-09
0.15238476953907867 4.130861723446893e-06 3.0621242484969684e-06 13.659318637274666 7.162364729458964e-07 7.162364729458964e-07 7.162364729458964e-08
0.06761523046092188 6.164128256513024e-06 3.1102204408817654e-07 13.899799599198516 1.1450100200400817e-07 1.1450100200400817e-07 1.1450100200400817e-08
0.027214428857715422 6.707414829659316e-07 2.79639278557112e-06 7.266533066132304 7.919038076152359e-07 7.919038076152359e-07 7.919038076152358e-08
0.11919839679358814 2.739679358717434e-06 3.5010020040080183e-07 11.595190380761615 2.2079559118236446e-07 2.2079559118236446e-07 2.2079559118236447e-08
0.08384769539078189 1.1166332665330658e-06 1.1004008016032053e-06 10.032064128256586 3.415030060120248e-07 3.415030060120248e-07 3.415030060120248e-08
0.10224448897795657 7.955911823647291e-07 1.2957915831663291e-06 12.797595190380868 5.23464929859722e-07 5.23464929859722e-07 5.23464929859722e-08
0.08024048096192411 5.379358717434868e-06 3.2028056112224175e-06 11.675350701402898 2.1899398797595164e-07 2.1899398797595164e-07 2.1899398797595165e-08
0.10116232464929924 1.616032064128256e-06 2.335270541082148e-06 11.775551102204503 2.622324649298596e-07 2.622324649298596e-07 2.6223246492985962e-08
0.1480561122244495 7.376953907815629e-06 2.491583166332647e-06 13.038076152304718 3.2889178356713487e-07 3.2889178356713487e-07 3.288917835671349e-08
0.12533066132264636 1.419839679358717e-06 3.609218436873715e-06 5.543086172344708 9.828657314629269e-08 9.828657314629269e-08 9.828657314629268e-09
0.18376753507014015 1.5625250501001999e-06 9.12825651302606e-07 12.737474949899905 3.5231262525050184e-07 3.5231262525050184e-07 3.5231262525050184e-08
0.13326653306613317 7.858517034068134e-06 2.4056112224448724e-06 10.072144288577228 8.567615230460983e-07 8.567615230460983e-07 8.567615230460983e-08
0.14841683366733527 5.700400801603205e-06 3.0699398797594933e-06 7.727454909819684 6.441723446893826e-07 6.441723446893826e-07 6.441723446893826e-08
0.05535070140280557 7.733667334669336e-06 2.9058116232464693e-06 13.218436873747606 7.144348697394835e-07 7.144348697394835e-07 7.144348697394836e-08
0.047414829659318605 3.613627254509017e-06 3.6873747494989645e-06 10.633266533066212 5.46885771543089e-07 5.46885771543089e-07 5.46885771543089e-08
0.19675350701402766 4.327054108216432e-06 3.1793587174348426e-06 12.436873747495092 7.234428857715478e-07 7.234428857715478e-07 7.234428857715478e-08
0.1051302605210428 8.94649298597194e-06 3.3903807615230163e-06 9.971943887775623 2.496212424849697e-07 2.496212424849697e-07 2.496212424849697e-08
0.06256513026052099 8.8751503006012e-06 3.4060120240480662e-06 8.74949899799605 5.685050100200431e-07 5.685050100200431e-07 5.685050100200431e-08
0.13831663326653387 1.0987975951903804e-06 1.483366733466928e-06 8.869739478957975 7.720861723446946e-07 7.720861723446946e-07 7.720861723446945e-08
0.07482965931863744 3.4887775551102193e-06 2.5697394789578964e-06 7.647294589178401 8.027054108216437e-08 8.027054108216437e-08 8.027054108216437e-09
0.14264529058116304 8.490981963927852e-07 2.1723446893787586e-07 13.859719438877875 8.513567134268597e-07 8.513567134268597e-07 8.513567134268597e-08
0.10044088176352768 5.0048096192384755e-06 3.2184368737474674e-06 10.052104208416907 4.5320240480962114e-07 4.5320240480962114e-07 4.532024048096211e-08
0.14120240480961999 5.753907815631261e-06 2.3743486973947726e-06 13.9799599198398 2.7124048096192384e-07 2.7124048096192384e-07 2.7124048096192384e-08
0.18160320641282557 5.1474949899799584e-06 2.483767535070122e-06 10.853707414829742 5.216633266533092e-07 5.216633266533092e-07 5.216633266533092e-08
0.06869739478957922 1.8478957915831657e-06 1.788176352705401e-06 13.458917835671457 2.820501002004009e-07 2.820501002004009e-07 2.820501002004009e-08
0.06617234468937877 8.464929859719436e-06 7.174348697394795e-07 11.294589178356802 3.991543086172358e-07 3.991543086172358e-07 3.991543086172358e-08
0.1430060120240488 1.277154308617234e-06 2.147695390781549e-06 8.448897795591236 8.657695390781625e-07 8.657695390781625e-07 8.657695390781625e-08
0.17294589178356723 1.473346693386773e-06 3.6717434869739146e-06 6.845691382765565 8.729759519038139e-07 8.729759519038139e-07 8.729759519038138e-08
0.13362725450901894 5.7895791583166315e-06 3.874949899799563e-06 13.398797595190494 3.4510621242485047e-07 3.4510621242485047e-07 3.4510621242485044e-08
0.11955911823647392 6.021442885771541e-06 2.1086172344689243e-06 6.785571142284603 4.225751503006028e-07 4.225751503006028e-07 4.225751503006028e-08
0.15599198396793632 8.357915831663324e-06 7.565130260521048e-07 6.424849699398827 5.522905811623275e-07 5.522905811623275e-07 5.5229058116232756e-08
0.11126252505010102 6.806212424849697e-06 3.8515030060119885e-06 8.188376753507065 8.675711422845753e-07 8.675711422845753e-07 8.675711422845753e-08
0.14769539078156374 3.952505010020039e-06 2.3977955911823475e-06 9.190380761523109 5.14448897795591e-08 5.14448897795591e-08 5.14448897795591e-09
0.0968336673346699 5.637274549098194e-07 1.96012024048095e-06 4.68136272545091 5.504809619238475e-08 5.504809619238475e-08 5.504809619238475e-09
0.0903406813627259 5.611222444889778e-06 3.796793587174314e-06 12.897795591182472 8.36943887775557e-07 8.36943887775557e-07 8.369438877755569e-08
0.15454909819639326 2.686172344689378e-06 1.99138276553105e-06 13.378757515030173 3.1628056112224495e-07 3.1628056112224495e-07 3.1628056112224495e-08
0.09827655310621301 5.361523046092183e-06 1.7022044088176266e-06 8.9899799599199 2.262004008016029e-07 2.262004008016029e-07 2.2620040080160293e-08
0.1581563126252509 2.4543086172344682e-06 2.2492985971943734e-06 9.811623246493056 3.667254509018046e-07 3.667254509018046e-07 3.667254509018046e-08
0.03190380761523045 4.98697394789579e-06 2.929258517034044e-06 4.380761523046097 4.1356713426853856e-07 4.1356713426853856e-07 4.135671342685386e-08
0.021082164328657314 1.7943887775551096e-06 3.0152304609218187e-06 8.809619238477012 7.684829659318689e-07 7.684829659318689e-07 7.684829659318689e-08
0.11198396793587258 8.714629258517031e-06 2.499398797595172e-06 12.817635270541189 6.063386773547129e-07 6.063386773547129e-07 6.063386773547129e-08
0.11523046092184458 8.072545090180358e-06 1.9210420841683254e-06 11.094188376753593 5.612985971943918e-07 5.612985971943918e-07 5.612985971943918e-08
0.03046092184368736 1.9727454909819634e-06 5.14228456913828e-07 10.753507014028138 1.9737474949899782e-07 1.9737474949899782e-07 1.9737474949899784e-08
0.10621242484970013 2.1867735470941878e-06 2.8511022044087947e-06 10.873747494990063 2.46018036072144e-07 2.46018036072144e-07 2.4601803607214402e-08
0.1260521042084179 1.5803607214428852e-06 8.737474949899807e-07 9.270541082164392 6.369659318637312e-07 6.369659318637312e-07 6.369659318637312e-08
0.060400801603206364 4.388777555110219e-07 1.2254509018036046e-06 13.258517034068248 6.135450901803642e-07 6.135450901803642e-07 6.135450901803643e-08
0.12424849699398903 6.734869739478956e-06 2.7026052104208206e-06 11.69539078156322 2.4241482965931833e-07 2.4241482965931833e-07 2.4241482965931832e-08
0.16573146292585195 4.023847695390781e-06 1.8507014028056007e-06 11.655310621242577 4.946392785571165e-07 4.946392785571165e-07 4.946392785571165e-08
0.10404809619238546 4.683767535070139e-06 4.985971943887779e-07 8.08817635270546 5.991322645290615e-07 5.991322645290615e-07 5.991322645290615e-08
0.18557114228456897 3.631462925851702e-06 1.1316633266533051e-06 13.559118236473061 1.2170741482965947e-07 1.2170741482965947e-07 1.2170741482965946e-08
0.1491382765531068 3.3639278557114217e-06 2.178957915831649e-06 12.917835671342793 6.045290581162323e-08 6.045290581162323e-08 6.045290581162323e-09
0.19206412825651273 5.878757515030058e-06 1.7490981963927763e-06 9.43086172344696 8.423486973947955e-07 8.423486973947955e-07 8.423486973947955e-08
0.10476953907815702 6.092785571142283e-06 2.1945891783566988e-06 6.985971943887812 1.0369138276553118e-07 1.0369138276553118e-07 1.0369138276553118e-08
0.033346693386773534 7.145090180360719e-06 3.6404809619238148e-06 12.757515030060226 1.1990581162324665e-07 1.1990581162324665e-07 1.1990581162324665e-08
0.10549098196392857 2.8645290581162316e-06 8.971943887775558e-07 4.400801603206418 5.288697394789606e-07 5.288697394789606e-07 5.288697394789605e-08
0.022164328657314627 4.434068136272544e-06 2.3286573146292597e-07 6.645290581162357 4.604088176352725e-07 4.604088176352725e-07 4.604088176352725e-08
0.08997995991984012 5.165330661322644e-06 2.2102204408817487e-06 5.062124248497007 4.2617835671342847e-07 4.2617835671342847e-07 4.2617835671342844e-08
0.07014028056112233 4.237875751503005e-06 1.1160320641282552e-06 6.184368737474976 2.8385170340681375e-07 2.8385170340681375e-07 2.8385170340681377e-08
0.05679358717434865 2.7753507014028048e-06 4.126252505010023e-07 7.146292585170379 3.018677354709422e-07 3.018677354709422e-07 3.018677354709422e-08
0.1552705410821648 1.812224448897795e-06 2.5462925851703216e-06 13.018036072144398 8.009118236473001e-07 8.009118236473001e-07 8.009118236473e-08
0.16248496993988007 3.6849699398797583e-06 8.190380761523053e-07 7.927855711422893 5.576953907815661e-07 5.576953907815661e-07 5.576953907815661e-08
0.0549899799599198 3.2034068136272535e-06 3.132464929859693e-06 7.306613226452946 5.973306613226486e-07 5.973306613226486e-07 5.973306613226487e-08
0.13146292585170435 7.697995991983965e-06 3.58577154308614e-06 5.8036072144288795 5.072505010020064e-07 5.072505010020064e-07 5.0725050100200645e-08
0.053907815631262485 8.669338677354706e-07 1.6943887775551016e-06 6.1442885771543345 3.1267735470941926e-07 3.1267735470941926e-07 3.1267735470941925e-08
0.021442885771543085 2.7218436873747487e-06 6.080160320641287e-07 6.444889779559148 5.270681362725477e-07 5.270681362725477e-07 5.270681362725477e-08
0.02685370741482965 2.2937875751503e-06 2.444689378757497e-06 8.649298597194445 2.1719238476953882e-07 2.1719238476953882e-07 2.1719238476953884e-08
0.1632064128256516 7.965531062124246e-06 3.0308617234468686e-06 6.224448897795618 2.9646292585170366e-07 2.9646292585170366e-07 2.9646292585170366e-08
0.1953106212424846 5.914428857715429e-06 2.4134268537073974e-06 11.414829659318727 8.206412825651303e-09 8.206412825651303e-09 8.206412825651303e-10
0.19458917835671308 8.536272545090177e-06 3.5545090180360403e-06 8.288577154308669 8.855871743487038e-07 8.855871743487038e-07 8.855871743487038e-08
0.11883767535070236 2.044088176352705e-06 1.8272545090180258e-06 11.27454909819648 4.982424849699422e-07 4.982424849699422e-07 4.982424849699422e-08
0.18448897795591168 8.607615230460919e-06 2.8432865731462697e-06 11.03406813627263 9.288176352705419e-08 9.288176352705419e-08 9.28817635270542e-09
0.050300601202404774 3.7384769539078144e-06 1.2879759519038042e-06 11.054108216432951 8.387454909819698e-07 8.387454909819698e-07 8.387454909819699e-08
0.1300200400801613 3.3460921843687364e-06 7.87775551102205e-07 11.174348697394876 3.6492384769539176e-07 3.6492384769539176e-07 3.649238476953918e-08
0.17150300601202417 5.48637274549098e-06 1.475551102204403e-06 12.717434869739584 2.6222444889779554e-08 2.6222444889779554e-08 2.6222444889779553e-09
0.17042084168336688 6.21763527054108e-06 1.5224448897795527e-06 9.631262525050168 1.5053306613226456e-07 1.5053306613226456e-07 1.5053306613226457e-08
0.19963927855711378 8.019038076152302e-06 1.467735470941878e-06 9.23046092184375 7.738877755511074e-07 7.738877755511074e-07 7.738877755511074e-08
0.049939879759519 6.074949899799597e-06 3.577955911823615e-06 4.0801603206412835 4.6040080160320626e-08 4.6040080160320626e-08 4.6040080160320626e-09
0.08817635270541123 1.0631262525050097e-06 5.611222444889784e-07 11.194388777555197 5.108537074148321e-07 5.108537074148321e-07 5.108537074148321e-08
0.05643286573146288 6.395991983967934e-06 3.624849699398765e-06 12.557114228457017 5.342745490981991e-07 5.342745490981991e-07 5.342745490981991e-08
0.19891783567134225 4.4875751503006e-06 2.8745490981963695e-06 10.412825651302683 7.09030060120245e-07 7.09030060120245e-07 7.09030060120245e-08
0.04236472945891781 4.5671342685370725e-07 2.4212424849699223e-06 9.651302605210489 5.378777555110248e-07 5.378777555110248e-07 5.3787775551102475e-08
0.037675350701402786 4.665931863727454e-06 2.9136272545089943e-06 13.438877755511136 4.766232464929881e-07 4.766232464929881e-07 4.7662324649298814e-08
0.04597194388777552 4.9513026052104195e-06 3.0464929859719185e-06 9.591182364729526 7.883006012024102e-07 7.883006012024102e-07 7.883006012024102e-08
0.14553106212424916 3.132064128256512e-06 3.2106212424849424e-06 12.85771543086183 5.594969939879789e-07 5.594969939879789e-07 5.594969939879789e-08
0.09539078156312679 4.844288577154307e-06 2.641282565130262e-07 9.89178356713434 8.567535070140287e-08 8.567535070140287e-08 8.567535070140287e-09
0.14625250501002068 3.52444889779559e-06 3.898396793587138e-06 6.384769539078185 1.6674749498997992e-07 1.6674749498997992e-07 1.6674749498997993e-08
0.07735470941883789 8.268737474949897e-06 1.2645290581162293e-06 12.957915831663435 1.9917635270541064e-07 1.9917635270541064e-07 1.9917635270541066e-08
0.1884569138276551 2.4721442885771536e-06 1.5927855711422773e-06 5.563126252505029 1.6854909819639274e-07 1.6854909819639274e-07 1.6854909819639275e-08
0.12857715430861824 8.036873747494987e-06 1.319238476953904e-06 5.382765531062141 8.207294589178414e-07 8.207294589178414e-07 8.207294589178414e-08
0.08889779559118278 3.0250501002004e-06 3.773346693386739e-06 4.661322645290589 8.927935871743551e-07 8.927935871743551e-07 8.927935871743552e-08
0.023967935871743482 6.271142284569136e-06 1.0378757515030057e-06 10.212424849699474 4.063527054108215e-08 4.063527054108215e-08 4.0635270541082155e-09
0.09791583166332724 7.769338677354707e-06 3.7264529058115892e-06 9.21042084168343 2.2619238476953905e-08 2.2619238476953905e-08 2.2619238476953904e-09
0.06148296593186368 5.646893787575149e-06 1.0925851703406804e-06 7.3466933867735875 2.69438877755511e-07 2.69438877755511e-07 2.69438877755511e-08
0.19711422845691343 5.5398797595190364e-06 1.3817635270541036e-06 9.771543086172414 2.856533066132266e-07 2.856533066132266e-07 2.856533066132266e-08
0.12028056112224547 6.199799599198395e-06 3.468537074148266e-06 10.452905811623324 1.36120240480962e-07 1.36120240480962e-07 1.36120240480962e-08
0.17655310621242487 6.529058116232462e-07 2.5631262525050114e-07 11.234468937875839 3.631222444889789e-07 3.631222444889789e-07 3.631222444889789e-08
0.15887775551102243 7.519639278557112e-06 1.624048096192377e-06 11.154308617234555 7.306412825651305e-08 7.306412825651305e-08 7.3064128256513045e-09
0.19603206412825613 8.91082164328657e-06 1.147294589178355e-06 4.861723446893798 2.9825651302605204e-08 2.9825651302605204e-08 2.9825651302605205e-09
0.1531062124248502 1.9905811623246488e-06 1.1563126252505011e-07 4.581162324649306 1.9016032064128256e-08 1.9016032064128256e-08 1.9016032064128256e-09
0.04452905811623244 4.309218436873746e-06 2.0382765531061997e-06 11.615230460921936 7.846893787575154e-08 7.846893787575154e-08 7.846893787575155e-09
0.13867735470941964 8.001202404809617e-06 1.9378757515030068e-07 4.480961923847701 2.8024849699398806e-07 2.8024849699398806e-07 2.8024849699398806e-08
0.16356713426853736 7.002404809619236e-06 3.437274549098166e-06 8.108216432865781 2.2980360721442855e-07 2.2980360721442855e-07 2.2980360721442856e-08
0.18088176352705404 2.1154308617234463e-06 1.1082164328657303e-06 5.643286573146312 4.405911823647312e-07 4.405911823647312e-07 4.4059118236473125e-08
0.09647294589178412 5.967935871743485e-06 2.8354709418837448e-06 7.5270541082164755 2.5862925851703393e-07 2.5862925851703393e-07 2.586292585170339e-08
0.18881763527054085 5.022645290581161e-06 2.186773547094174e-06 10.713426853707496 4.856312625250523e-07 4.856312625250523e-07 4.856312625250523e-08
0.036953907815631244 3.6492985971943875e-06 3.304408817635242e-06 6.344689378757543 8.405470941883827e-07 8.405470941883827e-07 8.405470941883827e-08
0.031182364729458904 3.0607214428857706e-06 1.3426853707414788e-06 6.204408817635297 7.32450901803612e-07 7.32450901803612e-07 7.32450901803612e-08
0.19386773547094155 6.538677354709417e-06 3.093386773547068e-06 12.416833667334771 3.6132064128256607e-07 3.6132064128256607e-07 3.6132064128256607e-08
0.025771543086172338 8.982164328657311e-06 1.8585170340681256e-06 12.356713426853808 2.5142284569138255e-07 2.5142284569138255e-07 2.5142284569138254e-08
0.13182364729459012 3.435270541082163e-06 1.7334669338677264e-06 11.314629258517122 3.0366933867735504e-07 3.0366933867735504e-07 3.03669338677355e-08
0.18052104208416828 7.420841683366731e-07 1.3583166332665287e-06 4.541082164328664 8.765791583166395e-07 8.765791583166395e-07 8.765791583166396e-08
0.06292585170340677 4.737274549098195e-06 5.06412825651303e-07 9.110220440881825 8.927855711422853e-08 8.927855711422853e-08 8.927855711422852e-09
0.1722244488977957 1.7230460921843681e-06 1.975751503006e-06 10.553106212424929 1.16302605210421e-07 1.16302605210421e-07 1.16302605210421e-08
0.11378757515030147 4.4162324649298586e-06 2.163326653306599e-06 5.683366733466954 1.0188977955911835e-07 1.0188977955911835e-07 1.0188977955911835e-08
0.1592384769539082 4.862124248496993e-06 2.6947895791582956e-06 12.196392785571241 8.1352304609219e-07 8.1352304609219e-07 8.1352304609219e-08
0.09142284569138323 8.233066132264526e-06 2.5384769539077966e-06 9.91182364729466 1.937715430861722e-07 1.937715430861722e-07 1.937715430861722e-08
0.02360721442885771 5.9501002004008e-06 8.034068136272552e-07 11.915831663326749 6.729979959919881e-07 6.729979959919881e-07 6.729979959919881e-08
0.034068136272545076 5.629058116232463e-06 3.0386773547093935e-06 8.488977955911878 6.982204408817679e-07 6.982204408817679e-07 6.98220440881768e-08
0.1148697394789588 5.993987975951902e-07 3.452905811623216e-06 7.206412825651341 1.8836673346693373e-07 1.8836673346693373e-07 1.8836673346693375e-08
0.06004008016032059 1.4376753507014023e-06 3.6639278557113896e-06 8.32865731462931 4.964408817635294e-07 4.964408817635294e-07 4.9644088176352934e-08
0.14949899799599256 2.596993987975951e-06 3.4919839679358407e-06 6.04408817635273 3.0727254509018073e-07 3.0727254509018073e-07 3.072725450901807e-08
0.05210420841683363 8.785971943887772e-06 2.3587174348697227e-06 7.607214428857759 2.946613226452908e-07 2.946613226452908e-07 2.946613226452908e-08
0.17979959919839675 7.787174348697392e-06 1.8597194388777563e-07 12.777555110220547 5.775130260521074e-07 5.775130260521074e-07 5.7751302605210734e-08
0.18196392785571133 1.5350701402805608e-07 1.7412825651302514e-06 12.076152304609316 3.883366733466933e-08 3.883366733466933e-08 3.883366733466933e-09
0.11270541082164413 6.9667334669338655e-06 2.155511022044074e-06 8.228456913827706 8.71174348697401e-07 8.71174348697401e-07 8.71174348697401e-08
0.04272545090180358 6.1819639278557095e-06 3.945290581162288e-06 4.360721442885776 5.018456913827679e-07 5.018456913827679e-07 5.0184569138276786e-08
0.1823246492985971 1.3841683366733462e-06 3.914028056112188e-06 7.486973947895834 1.4152505010020047e-07 1.4152505010020047e-07 1.4152505010020046e-08
0.08132264529058145 1.9014028056112218e-06 2.82765531062122e-06 8.168336673346744 7.702845691382817e-07 7.702845691382817e-07 7.702845691382817e-08
0.10585170340681435 9.561122244488975e-07 1.8663326653306506e-06 13.238476953907927 4.640120240480982e-07 4.640120240480982e-07 4.640120240480982e-08
0.0362324649298597 3.185571142284568e-06 3.116833667334643e-06 7.827655310621289 1.1810420841683383e-07 1.1810420841683383e-07 1.1810420841683383e-08
0.16681362725450924 6.984569138276551e-06 1.1707414829659299e-06 8.789579158316691 1.3792184368737483e-07 1.3792184368737483e-07 1.3792184368737483e-08
0.18268537074148286 5.040480961923846e-06 2.2258517034067986e-06 8.30861723446899 5.036472945891807e-07 5.036472945891807e-07 5.0364729458918074e-08
0.03947895791583164 6.8240480961923826e-06 3.60140280561119e-06 6.284569138276581 6.784028056112266e-07 6.784028056112266e-07 6.784028056112267e-08
0.1379559118236481 5.3436873747494974e-06 1.327054108216429e-06 12.697394789579263 2.0097795591182346e-07 2.0097795591182346e-07 2.0097795591182347e-08
0.03911823647294587 4.879959919839678e-06 1.4521042084168281e-06 10.012024048096265 7.810941883767588e-07 7.810941883767588e-07 7.810941883767588e-08
0.12965931863727553 6.94889779559118e-06 1.9366733466933754e-06 5.743486973947917 6.74799599198401e-07 6.74799599198401e-07 6.747995991984009e-08
0.12641282565130366 8.126052104208414e-06 9.440881763527062e-07 13.178356713426965 8.693727454909882e-07 8.693727454909882e-07 8.693727454909882e-08
0.11775551102204503 5.664729458917834e-06 3.3513026052103916e-06 5.422845691382783 2.35208416833667e-07 2.35208416833667e-07 2.3520841683366702e-08
0.1181162324649308 2.2484969939879754e-07 3.429458917835641e-06 4.160320641282567 3.3609819639278624e-07 3.3609819639278624e-07 3.360981963927862e-08
0.15058116232464985 8.090380761523043e-06 2.960521042084144e-06 8.54909819639284 2.766452905811624e-07 2.766452905811624e-07 2.7664529058116236e-08
0.029378757515030048 7.68016032064128e-06 1.0691382765531055e-06 10.673346693386854 7.540701402805661e-07 7.540701402805661e-07 7.540701402805661e-08
0.08565130260521078 3.774148296593185e-06 1.547094188376754e-07 7.326653306613267 2.15390781563126e-07 2.15390781563126e-07 2.1539078156312602e-08
0.17691382765531063 6.592184368737473e-06 5.298597194388782e-07 4.501002004008022 8.621663326653368e-07 8.621663326653368e-07 8.621663326653368e-08
0.03010020040080159 4.3627254509018025e-06 2.5775551102204214e-06 11.354709418837764 8.045150300601258e-07 8.045150300601258e-07 8.045150300601258e-08
0.1502204408817641 6.306813627254507e-06 8.659318637274556e-07 5.763527054108238 2.5502605210420824e-07 2.5502605210420824e-07 2.5502605210420825e-08
0.028296593186372735 8.999999999999997e-06 1.5693386773547024e-06 9.130260521042146 1.55937875751503e-07 1.55937875751503e-07 1.5593787575150302e-08
0.17402805611222452 3.042885771543085e-06 9.284569138276561e-07 13.75951903807627 7.396573146292634e-07 7.396573146292634e-07 7.396573146292634e-08
0.09935871743487035 5.843086172344688e-06 1.3907815631262528e-07 7.667334669338722 6.189498997996028e-07 6.189498997996028e-07 6.189498997996028e-08
0.03226452905811622 7.109418837675348e-06 6.783567134268542e-07 8.949899799599258 4.477975951903826e-07 4.477975951903826e-07 4.477975951903826e-08
0.03803607214428856 7.573146292585168e-06 3.7108216432865393e-06 10.973947895791667 4.6581362725451105e-07 4.6581362725451105e-07 4.6581362725451104e-08
0.1682565130260523 7.599198396793584e-07 3.3278557114228167e-06 11.214428857715518 3.433046092184376e-07 3.433046092184376e-07 3.433046092184376e-08
0.04308617234468935 7.840681362725448e-06 4.438877755511025e-07 9.731462925851773 7.90102204408823e-07 7.90102204408823e-07 7.90102204408823e-08
0.18989979959919814 2.5791583166332658e-06 2.5306613226452717e-06 10.312625250501078 3.793366733466945e-07 3.793366733466945e-07 3.793366733466945e-08
0.08312625250501034 2.9180360721442877e-06 9.050100200400809e-07 10.192384769539153 6.243547094188413e-07 6.243547094188413e-07 6.243547094188413e-08
0.04525050100200398 3.0072144288577145e-06 3.0230460921843436e-06 4.741482965931873 6.946172344689422e-07 6.946172344689422e-07 6.946172344689423e-08
0.072304609218437 3.898997995991983e-06 2.0695390781562995e-06 5.182364729458932 2.2259719438877728e-07 2.2259719438877728e-07 2.225971943887773e-08
0.07519038076152322 2.632665330661322e-06 1.0144288577154309e-06 13.939879759519158 7.43260521042089e-07 7.43260521042089e-07 7.43260521042089e-08
0.19314629258517002 8.67895791583166e-06 2.788577154308595e-06 9.611222444889847 5.919258517034101e-07 5.919258517034101e-07 5.919258517034101e-08
0.08276553106212456 3.470941883767534e-06 5.923847695390786e-07 5.843687374749521 2.3701002004007982e-07 2.3701002004007982e-07 2.3701002004007983e-08
0.18665330661322627 5.102204408817633e-07 1.2176352705410796e-06 5.022044088176365 3.703286573146303e-07 3.703286573146303e-07 3.703286573146303e-08
0.11018036072144369 3.5422845691382754e-06 1.0847695390781554e-06 4.90180360721444 9.000000000000065e-07 9.000000000000065e-07 9.000000000000065e-08
0.12244488977956014 8.250901803607212e-06 3.445090180360691e-06 4.621242484969947 6.423707414829698e-07 6.423707414829698e-07 6.423707414829698e-08
0.18953907815631238 7.6088176352705385e-06 1.6252505010020045e-07 7.226452905811662 1.4692985971943892e-07 1.4692985971943892e-07 1.4692985971943892e-08
0.14336673346693457 8.482765531062121e-06 2.804208416833645e-06 12.61723446893798 8.603647294589239e-07 8.603647294589239e-07 8.60364729458924e-08
0.07915831663326678 3.667134268537073e-06 2.132064128256499e-06 6.244488977955939 4.568056112224468e-07 4.568056112224468e-07 4.568056112224468e-08
0.12388777555110325 3.318637274549097e-07 2.3899799599198225e-06 4.340681362725455 2.982645290581165e-07 2.982645290581165e-07 2.982645290581165e-08
0.08240480961923878 3.1402805611222435e-07 5.689378757515034e-07 7.807615230460968 4.89234468937878e-07 4.89234468937878e-07 4.89234468937878e-08
0.13759519038076234 9.382765531062121e-07 9.675350701402812e-07 10.79358717434878 7.486573146292588e-08 7.486573146292588e-08 7.486573146292588e-09
0.027935871743486964 4.790781563126251e-06 3.3747494989979664e-06 12.236472945891883 6.585771543086172e-08 6.585771543086172e-08 6.585771543086172e-09
0.04813627254509015 6.503006012024046e-06 1.7178356713426765e-06 4.4208416833667386 3.70320641282565e-08 3.70320641282565e-08 3.7032064128256502e-09
0.17547094188376758 5.860921843687373e-06 2.2649298597194233e-06 6.26452905811626 1.7755711422845683e-07 1.7755711422845683e-07 1.7755711422845684e-08
0.06472945891783566 6.324649298597192e-06 3.8046092184368388e-06 5.482965931863745 1.0909619238476967e-07 1.0909619238476967e-07 1.0909619238476967e-08
0.040561122244488955 1.3484969939879755e-06 6.47094188376754e-07 10.232464929859795 1.541362725450902e-07 1.541362725450902e-07 1.541362725450902e-08
0.053547094188376713 6.556513026052102e-06 2.343086172344673e-06 11.855711422845786 4.3338476953907985e-07 4.3338476953907985e-07 4.3338476953907985e-08
0.17258517034068147 4.0320641282565117e-07 1.9054108216432753e-06 13.31863727454921 3.3249498997996055e-07 3.3249498997996055e-07 3.324949899799606e-08
0.19999999999999954 5.458917835671341e-07 2.319639278557098e-06 7.386773547094229 3.9735270541082296e-07 3.9735270541082296e-07 3.9735270541082296e-08
0.06797595190380766 8.500601202404807e-06 1.2801603206412792e-06 10.472945891783645 4.838296593186394e-07 4.838296593186394e-07 4.838296593186394e-08
0.15779559118236514 1.1523046092184365e-06 1.1941883767535047e-06 11.815631262525145 7.000220440881808e-07 7.000220440881808e-07 7.000220440881808e-08
0.16392785571142313 1.9192384769539073e-06 3.921843687374713e-06 5.903807615230484 6.297595190380798e-07 6.297595190380798e-07 6.297595190380798e-08
0.167174348697395 5.896593186372744e-06 2.311823647294573e-06 10.773547094188459 4.063607214428872e-07 4.063607214428872e-07 4.063607214428872e-08
0.135070140280562 9.026052104208413e-07 1.8741482965931755e-06 10.252505010020116 5.540921843687404e-07 5.540921843687404e-07 5.540921843687404e-08
0.07302605210420855 6.71703406813627e-06 2.952705410821619e-06 5.523046092184387 1.7935871743486964e-07 1.7935871743486964e-07 1.7935871743486966e-08
0.08492985971943923 5.71823647294589e-06 5.220440881763531e-07 6.745490981963961 1.95573146292585e-07 1.95573146292585e-07 1.9557314629258502e-08
0.10981963927855791 2.882364729458917e-06 2.0851703406813494e-06 12.677354709418942 8.153246492986028e-07 8.153246492986028e-07 8.153246492986028e-08
0.1469739478957922 2.204609218436873e-06 3.422845691382768e-07 12.577154308617338 8.189278557114285e-07 8.189278557114285e-07 8.189278557114285e-08
0.0870941883767539 7.876352705410819e-06 3.5310621242484655e-06 9.751503006012094 6.225450901803606e-08 6.225450901803606e-08 6.225450901803606e-09
0.10801603206412902 1.1783567134268536e-07 3.5232464929859405e-06 6.164328657314655 3.8834468937875873e-07 3.8834468937875873e-07 3.8834468937875873e-08
0.1642885771543089 6.467334669338675e-06 2.171142284569124e-06 8.348697394789632 4.712184368737496e-07 4.712184368737496e-07 4.7121843687374956e-08
0.05282565130260517 8.134268537074145e-07 3.593587174348665e-06 5.783567134268559 3.306933867735477e-07 3.306933867735477e-07 3.306933867735477e-08
0.10945891783567213 8.518436873747492e-06 3.265330661322617e-06 5.8236472945892 8.441503006012083e-07 8.441503006012083e-07 8.441503006012083e-08
0.13975951903807693 4.202204408817634e-06 1.0456913827655307e-06 10.693386773547175 1.4873146292585174e-07 1.4873146292585174e-07 1.4873146292585173e-08
0.17583166332665334 3.577955911823646e-06 3.476352705410791e-06 4.821643286573156 4.784248496994009e-07 4.784248496994009e-07 4.784248496994009e-08
0.06941883767535077 2.9715430861723437e-06 4.3607214428857746e-07 8.569138276553161 4.1717034068136425e-07 4.1717034068136425e-07 4.171703406813642e-08
0.18304609218436863 3.5957915831663314e-06 1.8428857715430757e-06 12.37675350701413 6.639899799599239e-07 6.639899799599239e-07 6.639899799599239e-08
0.05823647294589174 4.344889779559117e-06 6.627254509018041e-07 10.272545090180436 6.027354709418872e-07 6.027354709418872e-07 6.027354709418871e-08
0.10873747494990058 6.485170340681361e-06 2.976152304609194e-06 8.408817635270594 6.820060120240523e-07 6.820060120240523e-07 6.820060120240523e-08
0.16140280561122278 1.5981963927855706e-06 3.63266533066129e-06 11.575150300601294 1.5954108216432865e-07 1.5954108216432865e-07 1.5954108216432866e-08
0.14192384769539151 3.3104208416833656e-06 1.3505010020040038e-06 7.567134268537117 7.955070140280615e-07 7.955070140280615e-07 7.955070140280616e-08
0.1963927855711419 8.304408817635268e-06 6.861723446893793e-07 4.0 1.0008817635270552e-07 1.0008817635270552e-07 1.0008817635270551e-08
0.1390380761523054 1.4555110220440877e-06 1.459919839679353e-06 4.641282565130268 8.351422845691441e-07 8.351422845691441e-07 8.351422845691441e-08
0.09106212424849745 7.822845691382763e-06 3.1637274549097927e-06 9.511022044088243 3.252885771543092e-07 3.252885771543092e-07 3.252885771543092e-08
0.09503006012024101 8.161723446893785e-06 3.992184368737438e-06 10.152304609218511 8.747775551102267e-07 8.747775551102267e-07 8.747775551102268e-08
0.12749498997996095 8.750300601202402e-06 2.139879759519024e-06 5.302605210420857 2.0277955911823628e-07 2.0277955911823628e-07 2.027795591182363e-08
0.17907815631262522 3.5601202404809607e-06 3.73547094188377e-07 8.368737474949953 3.144789579158321e-07 3.144789579158321e-07 3.1447895791583214e-08
0.16969939879759535 2.989378757515029e-06 2.81202404809617e-06 12.17635270541092 3.342885771543085e-08 3.342885771543085e-08 3.3428857715430854e-09
0.11090180360721524 5.771743486973946e-06 7.7995991983968e-07 10.432865731463004 3.342965931863734e-07 3.342965931863734e-07 3.342965931863734e-08
0.18593186372745474 2.0619238476953902e-06 3.0777555110220183e-06 12.316633266533167 7.342525050100248e-07 7.342525050100248e-07 7.342525050100248e-08
0.08168336673346722 1.0096192384769536e-06 3.273146292585142e-06 6.104208416833693 6.62188376753511e-07 6.62188376753511e-07 6.62188376753511e-08
0.07591182364729478 4.594589178356712e-06 2.6010020040079962e-06 5.14228456913829 5.324729458917862e-07 5.324729458917862e-07 5.324729458917862e-08
0.19350701402805578 6.413827655310619e-06 2.7338677354709204e-06 8.52905811623252 1.5773947895791583e-07 1.5773947895791583e-07 1.5773947895791584e-08
0.11342685370741569 7.269939879759517e-06 2.0773547094188245e-06 6.404809619238506 6.117434869739514e-07 6.117434869739514e-07 6.117434869739513e-08
0.1116232464929868 2.2581162324649292e-06 1.5380761523046026e-06 11.975951903807712 3.2348697394789633e-07 3.2348697394789633e-07 3.2348697394789636e-08
0.09250501002004057 2.5613226452905804e-06 8.346693386773554e-07 7.84769539078161 6.153466933867771e-07 6.153466933867771e-07 6.153466933867771e-08
0.15635270541082208 5.093987975951902e-06 2.2414829659318485e-06 7.967935871743535 1.1809619238476955e-08 1.1809619238476955e-08 1.1809619238476954e-09
0.19278557114228426 2.96192384769539e-07 3.6482965931863397e-06 9.991983967935944 7.792925851703459e-07 7.792925851703459e-07 7.79292585170346e-08
0.07374749498998011 7.242484969939877e-07 2.02264529058115e-06 9.571142284569206 4.928376753507037e-07 4.928376753507037e-07 4.9283767535070364e-08
0.1440881763527061 7.751503006012021e-06 2.468136272545072e-06 5.002004008016044 4.7482164328657527e-07 4.7482164328657527e-07 4.7482164328657526e-08
0.03478957915831662 6.877555110220439e-06 1.0535070140280556e-06 7.8677354709419305 6.585851703406854e-07 6.585851703406854e-07 6.585851703406854e-08
0.07951903807615256 7.341282565130258e-06 2.2805611222444732e-06 12.877755511022151 4.910360721442908e-07 4.910360721442908e-07 4.910360721442908e-08
0.03551102204408816 3.916833667334668e-06 9.75350701402806e-07 7.1863727454910205 4.153687374749514e-07 4.153687374749514e-07 4.153687374749514e-08
0.05318637274549094 7.252104208416831e-06 3.984368737474913e-06 9.851703406813698 1.0008016032064129e-08 1.0008016032064129e-08 1.0008016032064128e-09
0.10260521042084235 6.752705410821641e-06 3.460721442885741e-06 8.709418837675408 6.549819639278597e-07 6.549819639278597e-07 6.549819639278596e-08
0.09899799599198457 7.94769539078156e-06 6.002004008016037e-07 5.262525050100216 3.5591583166332753e-07 3.5591583166332753e-07 3.5591583166332755e-08
0.11234468937875836 6.431663326653305e-06 2.8823647294588945e-06 12.096192384769637 5.93727454909823e-07 5.93727454909823e-07 5.93727454909823e-08
0.08060120240480989 4.25571142284569e-06 3.781162324649264e-06 9.050100200400863 5.144569138276578e-07 5.144569138276578e-07 5.144569138276578e-08
0.020721442885771543 7.483967935871741e-06 2.507214428857697e-06 4.881763527054119 6.711963927855753e-07 6.711963927855753e-07 6.711963927855753e-08
0.037314629258517015 7.287775551102202e-06 5.376753507014032e-07 13.619238476954024 5.12655310621245e-07 5.12655310621245e-07 5.1265531062124497e-08
0.1924248496993985 6.88577154308617e-07 1.9132264529058005e-06 12.336673346693487 3.3970140280561193e-07 3.3970140280561193e-07 3.397014028056119e-08
0.0524649298597194 5.3971943887775535e-06 3.6573146292585195e-07 13.599198396793703 7.973086172344744e-07 7.973086172344744e-07 7.973086172344744e-08
0.024689378757515024 7.64448897795591e-06 9.83166332665331e-07 7.446893787575192 2.604308617234468e-07 2.604308617234468e-07 2.6043086172344677e-08
0.06977955911823655 2.543486973947895e-06 2.5228456913827467e-06 11.454909819639369 7.180380761523092e-07 7.180380761523092e-07 7.180380761523092e-08
0.1520240480961929 3.845490981963927e-06 3.953106212424813e-06 8.669338677354766 6.964188376753551e-07 6.964188376753551e-07 6.964188376753551e-08
0.07266533066132277 6.520841683366731e-06 3.2340681362725173e-06 4.180360721442888 7.468637274549147e-07 7.468637274549147e-07 7.468637274549147e-08
0.043807615230460895 1.223647294589178e-06 1.6084168336673272e-06 8.428857715430915 6.27957915831667e-07 6.27957915831667e-07 6.27957915831667e-08
0.03659318637274547 8.571943887775548e-06 4.673346693386777e-07 4.200400801603209 5.414809619238505e-07 5.414809619238505e-07 5.4148096192385045e-08
0.022525050100200398 3.1677354709418827e-06 2.5619238476953715e-06 5.222444889779574 1.3251703406813637e-07 1.3251703406813637e-07 1.3251703406813637e-08
0.161042084168337 1.954909819639278e-06 3.5388777555109904e-06 13.719438877755628 7.864989979959973e-07 7.864989979959973e-07 7.864989979959973e-08
0.17186372745490994 3.7028056112224436e-06 2.772945891783545e-06 13.158316633266644 2.442084168336673e-08 2.442084168336673e-08 2.442084168336673e-09
0.10693386773547169 8.732464929859716e-06 4.517034068136276e-07 11.895791583166428 6.675931863727496e-07 6.675931863727496e-07 6.675931863727496e-08
0.08420841683366767 6.350701402805609e-07 8.424849699398804e-07 10.613226452905892 5.396793587174376e-07 5.396793587174376e-07 5.3967935871743763e-08
0.057154308617234424 1.3567134268537072e-07 3.0074148296592937e-06 13.919839679358837 4.874328657314651e-07 4.874328657314651e-07 4.874328657314651e-08
0.02 7.127254509018034e-06 2.9995991983967688e-06 5.58316633266535 6.802044088176395e-07 6.802044088176395e-07 6.802044088176395e-08
0.11054108216432947 4.184368737474949e-06 3.891783567134271e-07 8.629258517034124 5.450841683366762e-07 5.450841683366762e-07 5.4508416833667615e-08
0.1000801603206419 6.342484969939878e-06 4.5951903807615264e-07 12.39679358717445 4.0455911823647433e-07 4.0455911823647433e-07 4.0455911823647436e-08
0.13038076152304706 1.2058116232464926e-06 7.018036072144294e-07 10.3326653306614 6.766012024048138e-07 6.766012024048138e-07 6.766012024048139e-08
0.08961923847695434 4.92384769539078e-07 2.0160320641282574e-07 6.525050100200431 5.3246492985971924e-08 5.3246492985971924e-08 5.324649298597192e-09
0.15274549098196444 8.44709418837675e-06 1.5302605210420777e-06 7.366733466933908 5.432825651302633e-07 5.432825651302633e-07 5.4328256513026334e-08
0.12352705410821747 6.841883767535068e-06 1.803807615230451e-06 13.839679358717554 5.81116232464933e-07 5.81116232464933e-07 5.8111623246493304e-08
0.1199198396793597 7.626653306613224e-06 1.3739478957915786e-06 8.609218436873803 7.630781563126303e-07 7.630781563126303e-07 7.630781563126303e-08
0.1361523046092193 3.239078156312624e-06 2.452505010020022e-06 9.410821643286639 7.486653306613276e-07 7.486653306613276e-07 7.486653306613276e-08
0.05462925851703403 7.5553106212424824e-06 1.8350701402805508e-06 7.747494989980005 7.198396793587221e-07 7.198396793587221e-07 7.19839679358722e-08
0.13543086172344776 4.701603206412824e-06 1.1863727454909798e-06 10.092184368737549 4.676152304609239e-07 4.676152304609239e-07 4.676152304609239e-08
0.12100200400801703 8.84769539078156e-07 1.7815631262525057e-07 7.587174348697438 6.910140280561166e-07 6.910140280561166e-07 6.910140280561165e-08
0.12064128256513125 5.058316633266532e-06 3.5701402805610902e-06 10.653306613226533 2.532244488977954e-07 2.532244488977954e-07 2.532244488977954e-08
0.1339879759519047 7.662324649298595e-06 2.0539078156312496e-06 13.278557114228569 2.081763527054108e-08 2.081763527054108e-08 2.081763527054108e-09
0.1621242484969943 4.933466933867734e-06 3.1559118236472678e-06 6.705410821643319 7.450621242485019e-07 7.450621242485019e-07 7.450621242485019e-08
0.15995991983967972 3.2569138276553096e-06 8.581162324649306e-07 10.292585170340757 4.2978156312625416e-07 4.2978156312625416e-07 4.2978156312625414e-08
0.044168336673346666 6.128456913827653e-06 2.797595190380763e-07 5.042084168336686 5.6849699398797574e-08 5.6849699398797574e-08 5.6849699398797575e-09
0.17006012024048112 5.557715430861722e-06 2.7194388777555126e-07 8.509018036072199 7.937054108216487e-07 7.937054108216487e-07 7.937054108216488e-08
0.08637274549098234 7.44829659318637e-06 2.6791583166332457e-06 12.136272545090279 4.9643286573146275e-08 4.9643286573146275e-08 4.964328657314628e-09
0.12280561122244592 1.8300601202404803e-06 1.0222444889779558e-06 12.296593186372846 5.721082164328688e-07 5.721082164328688e-07 5.721082164328688e-08
0.1913426853707412 7.198597194388775e-06 3.4997995991983657e-06 7.887775551102251 5.486873747495018e-07 5.486873747495018e-07 5.4868737474950186e-08
0.09971943887775613 4.059519038076151e-06 7.408817635270547e-07 10.913827655310705 1.108977955911825e-07 1.108977955911825e-07 1.108977955911825e-08
0.12929859719438977 4.273547094188376e-06 1.3895791583166285e-06 10.533066132264608 4.5860721442885967e-07 4.5860721442885967e-07 4.586072144288597e-08
0.04921843687374746 8.215230460921841e-06 2.3509018036071978e-06 13.73947895791595 8.94595190380768e-07 8.94595190380768e-07 8.94595190380768e-08
0.06689378757515033 5.325851703406812e-06 1.2332665330661295e-06 12.937875751503114 6.404809619238477e-09 6.404809619238477e-09 6.404809619238478e-10
0.15346693386773597 3.1142284569138266e-06 2.5853707414829463e-06 12.657314629258622 7.306492985971991e-07 7.306492985971991e-07 7.306492985971992e-08
0.05931863727454905 6.895390781563124e-06 3.249699398797567e-06 5.703406813627275 4.351863727454927e-07 4.351863727454927e-07 4.3518637274549267e-08
0.07446893787575166 7.305611222444887e-06 3.5154308617234156e-06 6.685370741482998 5.162585170340706e-07 5.162585170340706e-07 5.162585170340707e-08
0.051022044088176316 7.590981963927853e-06 3.8136272545090206e-07 6.905811623246528 2.3160521042084137e-07 2.3160521042084137e-07 2.3160521042084138e-08
0.1329058116232474 4.772945891783566e-06 2.0460921843687247e-06 5.1222444889779695 6.225531062124285e-07 6.225531062124285e-07 6.225531062124285e-08
0.09322645290581212 2.2759519038076146e-06 2.2727454909819483e-06 11.134268537074234 6.171482965931899e-07 6.171482965931899e-07 6.1714829659319e-08
0.1812424849699398 7.71583166332665e-06 2.0929859719438744e-06 9.67134268537081 9.468336673346702e-08 9.468336673346702e-08 9.468336673346703e-09
0.05607214428857711 2.5256513026052097e-06 3.765531062124214e-06 13.819639278557233 3.4870941883767615e-07 3.4870941883767615e-07 3.4870941883767614e-08
0.043446893787575123 4.541082164328656e-06 2.655711422845671e-06 4.100200400801604 7.522685370741533e-07 7.522685370741533e-07 7.522685370741533e-08
0.15959919839679396 6.6278557114228436e-06 1.8897795591182254e-06 7.086172344689416 1.6134268537074146e-07 1.6134268537074146e-07 1.6134268537074148e-08
0.13687374749499082 3.381763527054107e-06 9.519038076152313e-07 10.833667334669421 4.4959919839679545e-07 4.4959919839679545e-07 4.495991983967955e-08
0.09611222444889835 5.308016032064127e-06 3.421643286573116e-06 13.799599198396912 6.459739478957954e-07 6.459739478957954e-07 6.459739478957954e-08
0.04633266533066129 2.1689378757515024e-06 6.939879759519044e-07 6.605210420841715 5.70306613226456e-07 5.70306613226456e-07 5.70306613226456e-08
0.19494989979959884 3.827655310621242e-06 3.188376753507016e-07 13.05811623246504 2.406132264529055e-07 2.406132264529055e-07 2.4061322645290547e-08
0.1801603206412825 2.008416833667334e-06 2.968336673346669e-06 8.128256513026102 4.4239278557114407e-07 4.4239278557114407e-07 4.423927855711441e-08
0.025050100200400795 5.129659318637273e-06 2.4290581162324473e-06 6.364729458917864 3.919478957915844e-07 3.919478957915844e-07 3.9194789579158444e-08
0.08673346693386812 1.7052104208416828e-06 7.721442885771549e-07 12.256513026052204 2.6403406813627246e-07 2.6403406813627246e-07 2.6403406813627247e-08
0.13434869739479047 3.417434869739478e-06 2.8667334669338446e-06 6.004008016032088 3.901462925851716e-07 3.901462925851716e-07 3.9014629258517155e-08
0.082044088176353 8.64328657314629e-06 1.967935871743475e-06 6.805611222444924 7.612765531062175e-07 7.612765531062175e-07 7.612765531062175e-08
0.06364729458917832 7.929859719438875e-06 2.8901803607214194e-06 11.434869739479048 2.7484368737474953e-07 2.7484368737474953e-07 2.7484368737474954e-08
0.09466933867735523 1.3128256513026048e-06 1.2567134268537044e-06 6.94589178356717 8.279358717434927e-07 8.279358717434927e-07 8.279358717434927e-08
0.13074148296593283 4.745490981963926e-07 1.1238476953907802e-06 11.555110220440973 7.991102204408872e-07 7.991102204408872e-07 7.991102204408872e-08
0.069058116232465 3.7563126252504997e-06 2.4368737474949722e-06 4.921843687374761 5.054488977955936e-07 5.054488977955936e-07 5.0544889779559356e-08
0.1834068136272544 7.18076152304609e-06 6.158316633266538e-07 5.36272545090182 8.963967935871808e-07 8.963967935871808e-07 8.963967935871808e-08
0.11559118236473036 1.7408817635270535e-06 1.7100200400801515e-06 7.026052104208453 4.802264529058138e-07 4.802264529058138e-07 4.802264529058138e-08
0.16284569138276583 2.0262525050100195e-06 3.413827655310591e-06 9.871743486974019 7.018236472945936e-07 7.018236472945936e-07 7.018236472945936e-08
0.15671342685370784 3.853707414829658e-07 1.3973947895791535e-06 11.394789579158406 6.874108216432909e-07 6.874108216432909e-07 6.874108216432909e-08
0.14048096192384846 2.935871743486973e-06 1.5458917835671276e-06 11.95591182364739 2.802404809619238e-08 2.802404809619238e-08 2.802404809619238e-09
0.1018837675350708 8.964328657314626e-06 8.112224448897802e-07 12.517034068136375 4.55004008016034e-07 4.55004008016034e-07 4.55004008016034e-08
0.07338677354709433 6.7705410821643265e-06 1.4364729458917782e-06 6.565130260521073 1.649458917835671e-07 1.649458917835671e-07 1.649458917835671e-08
0.18773547094188356 5.5933867735470925e-06 2.0617234468937746e-06 11.755511022044182 7.072284569138322e-07 7.072284569138322e-07 7.072284569138322e-08
0.19062124248496967 5.9857715430861705e-06 2.5931863727454713e-06 9.531062124248564 1.6314428857715428e-07 1.6314428857715428e-07 1.631442885771543e-08
0.04488977955911821 1.4020040080160316e-06 3.749899799599164e-06 7.6873747494990425 3.829398797595202e-07 3.829398797595202e-07 3.829398797595202e-08
0.17511022044088181 5.682565130260519e-06 3.969939879759522e-07 11.835671342685465 1.253106212424851e-07 1.253106212424851e-07 1.253106212424851e-08
0.09394789579158368 2.4186372745490975e-06 1.4052104208416784e-06 12.83767535070151 5.739098196392817e-07 5.739098196392817e-07 5.7390981963928164e-08
0.14661322645290645 1e-07 2.8589178356713196e-06 14.00000000000012 3.469078156312633e-07 3.469078156312633e-07 3.469078156312633e-08
0.07158316633266544 8.803807615230458e-06 1.9288577154308504e-06 6.6653306613226775 9.108016032064136e-08 9.108016032064136e-08 9.108016032064136e-09
0.07987975951903833 4.897795591182363e-06 1.6162324649298521e-06 8.76953907815637 3.955511022044101e-07 3.955511022044101e-07 3.9555110220441014e-08
0.09070140280561168 2.426853707414829e-07 1.0769539078156305e-06 6.765531062124282 6.693947895791624e-07 6.693947895791624e-07 6.693947895791625e-08
0.1541883767535075 5.825250501002002e-06 6.236472945891788e-07 8.388777555110273 3.523046092184368e-08 3.523046092184368e-08 3.5230460921843676e-09
0.18917835671342662 6.913226452905809e-06 3.976553106212388e-06 5.863727454909842 6.261563126252542e-07 6.261563126252542e-07 6.261563126252542e-08
0.13218436873747588 7.055911823647292e-06 1.303607214428854e-06 9.931863727454981 4.6941683366733674e-07 4.6941683366733674e-07 4.6941683366733674e-08
0.08456913827655345 2.3294589178356707e-06 1.9523046092184253e-06 8.969939879759579 8.20721442885772e-08 8.20721442885772e-08 8.20721442885772e-09
0.03298597194388776 7.064128256513023e-07 1.5771543086172274e-06 9.310621242485034 5.793146292585202e-07 5.793146292585202e-07 5.793146292585202e-08
0.07122244488977966 2.151102204408817e-06 2.9214428857715192e-06 5.162324649298611 3.8113827655310736e-07 3.8113827655310736e-07 3.811382765531073e-08
0.12496993987976059 2.8110220440881755e-06 3.0855711422845432e-06 11.93587174348707 8.243326653306671e-07 8.243326653306671e-07 8.24332665330667e-08
0.11450901803607302 1.1701402805611219e-06 9.362725450901811e-07 7.947895791583214 6.405691382765569e-07 6.405691382765569e-07 6.40569138276557e-08
0.04200400801603204 3.9703406813627245e-06 1.6631262525050018e-06 10.372745490982041 8.225310621242542e-07 8.225310621242542e-07 8.225310621242542e-08
0.07843687374749522 2.6683366733466926e-06 4.0480961923847723e-07 11.25450901803616 5.504889779559147e-07 5.504889779559147e-07 5.504889779559147e-08
0.10909819639278635 4.469739478957915e-06 3.3981963927855413e-06 11.49498997996001 8.585631262525111e-07 8.585631262525111e-07 8.585631262525111e-08
0.06581162324649299 4.095190380761522e-06 2.7182364729458705e-06 11.114228456913914 1.2711222444889792e-07 1.2711222444889792e-07 1.2711222444889792e-08
0.13939879759519117 2.3116232464929853e-06 2.632264529058096e-06 11.374749498998085 2.568276553106211e-07 2.568276553106211e-07 2.568276553106211e-08
0.16537074148296618 5.236673346693385e-06 2.2024048096192237e-06 8.06813627254514 6.603867735470982e-07 6.603867735470982e-07 6.603867735470982e-08
0.04164328657314627 1.6517034068136267e-06 1.0300601202404808e-06 5.723446893787596 8.549599198396854e-07 8.549599198396854e-07 8.549599198396854e-08
0.09755511022044146 3.328256513026051e-06 1.983567134268525e-06 7.1663326653307 5.883226452905844e-07 5.883226452905844e-07 5.8832264529058445e-08
0.02973947895791582 7.777555110220438e-07 2.640080160320621e-06 5.9839679358717675 4.3698797595190554e-07 4.3698797595190554e-07 4.3698797595190555e-08
0.16501002004008042 3.934669338677354e-06 1.6865731462925767e-06 7.507014028056155 5.901242484969973e-07 5.901242484969973e-07 5.901242484969973e-08
0.199278557114228 1.7134268537074145e-07 3.124649298597168e-06 5.923847695390805 4.0996392785571287e-07 4.0996392785571287e-07 4.099639278557129e-08
0.16645290581162347 5.736072144288575e-06 9.20641282565131e-07 13.478957915831778 1.847635270541081e-07 1.847635270541081e-07 1.847635270541081e-08
0.06509018036072144 8.340080160320638e-06 1.7803607214428761e-06 6.585170340681394 8.74769539078157e-08 8.74769539078157e-08 8.74769539078157e-09
0.054268537074148256 8.054709418837673e-06 3.929659318637238e-06 9.551102204408885 4.081623246493e-07 4.081623246493e-07 4.081623246493e-08
0.06833667334669344 8.857314629258514e-06 3.3591182364729165e-06 10.59318637274557 7.594749498998047e-07 7.594749498998047e-07 7.594749498998047e-08
0.14084168336673422 7.234268537074146e-06 8.268537074148303e-07 8.909819639278616 7.360541082164377e-07 7.360541082164377e-07 7.360541082164376e-08
0.10657314629258591 4.505410821643285e-06 2.7573146292584953e-06 4.6012024048096265 7.648797595190432e-07 7.648797595190432e-07 7.648797595190431e-08
0.13723446893787658 6.699198396793585e-06 2.7416833667334454e-06 6.865731462925886 3.108757515030064e-07 3.108757515030064e-07 3.1087575150300643e-08
0.17763527054108216 8.429258517034065e-06 2.0304609218436748e-06 12.456913827655413 6.333627254509055e-07 6.333627254509055e-07 6.333627254509056e-08
0.13470941883767623 1.6873747494989974e-06 8.503006012024055e-07 11.735470941883861 3.577174348697404e-07 3.577174348697404e-07 3.5771743486974036e-08
0.09178356713426901 3.274749498997995e-06 2.944889779559094e-06 6.4849699398797895 2.4781963927855686e-07 2.4781963927855686e-07 2.4781963927855688e-08
0.09863727454909879 6.663527054108214e-06 2.124248496993974e-06 13.098196392785681 1.9196993987975937e-07 1.9196993987975937e-07 1.919699398797594e-08
0.10765531062124324 2.0797595190380756e-06 1.311422845691379e-06 12.276553106212525 6.892124248497037e-07 6.892124248497037e-07 6.892124248497037e-08
0.05895791583166328 7.501803607214426e-06 1.7725450901803512e-06 10.172344689378832 2.243987975951901e-07 2.243987975951901e-07 2.243987975951901e-08
0.050661322645290545 6.172344689378755e-07 1.647494989979952e-06 8.468937875751557 3.090741482965936e-07 3.090741482965936e-07 3.0907414829659355e-08
0.1231663326653317 6.360320641282563e-06 2.014829659318625e-06 6.024048096192409 4.117655310621257e-07 4.117655310621257e-07 4.117655310621257e-08
0.0640080160320641 2.6052104208416826e-07 3.3356713426853417e-06 9.330661322645355 8.387374749499004e-08 8.387374749499004e-08 8.387374749499004e-09
0.11703406813627347 7.466132264529056e-06 3.882765531062088e-06 8.589178356713482 6.946092184368739e-08 6.946092184368739e-08 6.9460921843687384e-09
0.12713426853707518 1.8835671342685364e-06 3.0543086172344434e-06 10.893787575150384 6.387675350701441e-07 6.387675350701441e-07 6.38767535070144e-08
0.060761523046092135 8.768136272545087e-06 3.757715430861689e-06 12.056112224448995 1.7035070140280555e-07 1.7035070140280555e-07 1.7035070140280557e-08
0.02324649298597194 4.6124248496993976e-06 5.533066132264533e-07 4.981963927855723 4.603206412825652e-09 4.603206412825652e-09 4.603206412825652e-10
0.10080160320641346 4.2104208416833653e-07 3.6951903807614894e-06 12.6372745490983 7.288476953907863e-07 7.288476953907863e-07 7.288476953907862e-08
0.16032064128256548 4.148697394789578e-06 2.8979959919839444e-06 5.442885771543104 3.216853707414835e-07 3.216853707414835e-07 3.216853707414835e-08
0.02036072144288577 4.5589178356713415e-06 2.991783567134244e-06 13.679358717434987 2.4421643286573117e-07 2.4421643286573117e-07 2.4421643286573117e-08
0.17871743486973946 8.322244488977953e-06 3.296593186372717e-06 4.2605210420841715 8.891903807615295e-07 8.891903807615295e-07 8.891903807615294e-08
0.07627254509018055 6.057114228456912e-06 3.890581162324613e-06 9.831663326653377 1.3611222444889782e-08 1.3611222444889782e-08 1.361122244488978e-09
0.16789579158316653 3.7919839679358704e-06 1.2020040080160297e-06 11.795591182364824 7.846973947895845e-07 7.846973947895845e-07 7.846973947895845e-08
0.06653306613226455 8.839478957915829e-06 1.1785571142284548e-06 11.635270541082257 7.576733466933918e-07 7.576733466933918e-07 7.576733466933919e-08
0.14985971943887832 5.2010020040080145e-06 7.252505010020046e-07 4.280561122244492 3.1988376753507064e-07 3.1988376753507064e-07 3.1988376753507066e-08
0.128937875751504 9.917835671342682e-07 1.703406813627255e-07 10.57314629258525 5.360761523046119e-07 5.360761523046119e-07 5.360761523046119e-08
0.17943887775551098 1.7587174348697389e-06 2.460320641282547e-06 12.537074148296696 8.531583166332726e-07 8.531583166332726e-07 8.531583166332725e-08
0.19170340681362696 7.537474949899797e-06 2.2336673346693235e-06 5.503006012024066 2.784468937875752e-07 2.784468937875752e-07 2.784468937875752e-08
0.13579158316633352 1.669539078156312e-06 2.4068136272545103e-07 12.997995991984077 2.730420841683367e-07 2.730420841683367e-07 2.730420841683367e-08
0.057515030060120195 3.221242484969939e-06 2.0070140280561e-06 9.030060120240542 6.081402805611257e-07 6.081402805611257e-07 6.081402805611257e-08
0.1974749498997992 6.039278557114227e-06 3.257515030060092e-06 11.995991983968032 8.099198396793643e-07 8.099198396793643e-07 8.099198396793642e-08
0.08745490981963967 5.522044088176351e-06 2.608817635270521e-06 10.392785571142362 7.108316633266578e-07 7.108316633266578e-07 7.108316633266578e-08
0.07807615230460944 3.078557114228456e-06 2.8757515030060137e-07 13.118236472946002 4.279799599198413e-07 4.279799599198413e-07 4.279799599198413e-08
0.1278557114228467 4.523246492985971e-06 8.893787575150308e-07 13.959919839679479 5.252665330661349e-07 5.252665330661349e-07 5.252665330661349e-08
0.033707414829659305 1.2414829659318633e-06 3.906212424849663e-06 6.064128256513051 4.027575150300615e-07 4.027575150300615e-07 4.027575150300615e-08
0.06436873747494988 6.44949899799599e-06 1.2723446893787543e-06 7.787575150300647 7.126332665330707e-07 7.126332665330707e-07 7.126332665330707e-08
0.03154308617234468 1.027454909819639e-06 6.39278557114229e-07 9.791583166332735 2.045811623246491e-07 2.045811623246491e-07 2.045811623246491e-08
0.19819639278557072 4.8086172344689366e-06 3.312224448897767e-06 12.1563126252506 4.42384769539078e-08 4.42384769539078e-08 4.42384769539078e-09
0.173306613226453 4.451903807615229e-06 1.5146292585170278e-06 12.016032064128353 2.6763727454909815e-07 2.6763727454909815e-07 2.6763727454909814e-08
0.12569138276553213 2.5078156312625243e-06 2.296192384769523e-06 4.961923847695402 1.3071543086172356e-07 1.3071543086172356e-07 1.3071543086172355e-08
0.18809619238476932 2.489979959919839e-06 1.6006012024048022e-06 13.358717434869853 7.756893787575203e-07 7.756893787575203e-07 7.756893787575203e-08
0.16753507014028077 2.400801603206412e-06 1.3661322645290537e-06 11.47494989979969 5.847194388777587e-07 5.847194388777587e-07 5.8471943887775875e-08
0.0387575150300601 1.5090180360721438e-06 2.937074148296569e-06 4.020040080160321 8.171262525050157e-07 8.171262525050157e-07 8.171262525050156e-08
0.1852104208416832 1.1879759519038072e-06 2.475951903807597e-06 4.140280561122246 8.981983967935937e-07 8.981983967935937e-07 8.981983967935937e-08
0.16861723446893806 5.45070140280561e-06 3.3200400801602918e-06 7.987975951903856 3.50511022044089e-07 3.50511022044089e-07 3.50511022044089e-08
0.12460921843687481 8.197394789579156e-06 5.767535070140285e-07 12.977955911823756 1.739539078156312e-07 1.739539078156312e-07 1.739539078156312e-08
0.1772745490981964 2.3651302605210414e-06 3.1949899799598925e-06 8.248496993988027 1.9016833667334655e-07 1.9016833667334655e-07 1.9016833667334657e-08
0.19783567134268495 3.5066132264529046e-06 5.845691382765536e-07 12.597194388777659 5.090521042084193e-07 5.090521042084193e-07 5.0905210420841926e-08
0.16176352705410854 7.073747494989978e-06 1.4286573146292533e-06 8.829659318637333 5.865210420841716e-07 5.865210420841716e-07 5.8652104208417156e-08
0.08781563126252545 2.347294589178356e-06 7.486973947895798e-07 5.603206412825671 4.441943887775569e-07 4.441943887775569e-07 4.441943887775569e-08
0.040921843687374726 5.183166332665329e-06 3.828056112224414e-06 5.943887775551126 7.378557114228505e-07 7.378557114228505e-07 7.378557114228505e-08
0.17474949899799605 2.79318637274549e-06 3.734268537074114e-06 4.841683366733477 2.8745490981963944e-07 2.8745490981963944e-07 2.8745490981963943e-08
0.10296593186372813 6.235470941883766e-06 4.829659318637278e-07 7.066132264529095 2.9105811623246513e-07 2.9105811623246513e-07 2.9105811623246514e-08
0.07699398797595211 9.204408817635267e-07 1.491182364729453e-06 5.202404809619253 7.216412825651349e-07 7.216412825651349e-07 7.21641282565135e-08
0.14589178356713492 4.380561122244488e-06 3.9999999999999625e-06 4.7815631262525145 7.252444889779606e-07 7.252444889779606e-07 7.252444889779606e-08
0.17366733466933876 6.6813627254509e-06 7.096192384769545e-07 10.492985971943966 5.558937875751532e-07 5.558937875751532e-07 5.558937875751532e-08
0.05138276553106209 2.7575150300601194e-06 8.815631262525057e-07 10.13226452905819 6.928156312625294e-07 6.928156312625294e-07 6.928156312625294e-08
0.05967935871743482 6.288977955911822e-06 9.90981963927856e-07 8.929859719438937 5.757114228456945e-07 5.757114228456945e-07 5.757114228456945e-08
0.1711422845691384 3.496993987975951e-07 3.3434869739478666e-06 7.907815631262572 3.757334669338688e-07 3.757334669338688e-07 3.757334669338688e-08
0.04849699398797592 1.865731462925851e-06 1.795991983967926e-06 13.879759519038195 3.9374949899799727e-07 3.9374949899799727e-07 3.9374949899799725e-08
0.07771543086172367 1.9370741482965927e-06 1.5615230460921775e-06 9.69138276553113 5.667034068136303e-07 5.667034068136303e-07 5.667034068136303e-08
0.09575150300601257 1.080961923847695e-06 3.5466933867735154e-06 6.925851703406849 7.414589178356762e-07 7.414589178356762e-07 7.414589178356762e-08
0.04669338677354706 4.291382765531061e-06 3.742084168336639e-06 9.170340681362788 2.1178757515030037e-07 2.1178757515030037e-07 2.1178757515030038e-08
0.15166332665330715 5.2188376753507e-06 1.4130260521042034e-06 7.40681362725455 5.955290581162358e-07 5.955290581162358e-07 5.955290581162358e-08
0.14733466933867798 6.146292585170339e-06 2.094188376753508e-07 4.22044088176353 2.892565130260523e-07 2.892565130260523e-07 2.892565130260523e-08
0.15382765531062173 5.290180360721441e-06 2.5541082164328465e-06 5.663326653306633 1.2891382765531074e-07 1.2891382765531074e-07 1.2891382765531074e-08
0.09286573146292634 8.375751503006009e-06 1.0613226452905806e-06 11.334669338677443 2.0638276553106191e-07 2.0638276553106191e-07 2.0638276553106193e-08
0.1783567134268537 2.6505010020040072e-06 1.639679358717427e-06 8.889779559118296 1e-09 1e-09 1e-10
0.16068136272545125 7.2164328657314605e-06 1.5537074148296525e-06 4.060120240480963 4.2436873747494976e-08 4.2436873747494976e-08 4.243687374749497e-09
0.075551102204409 4.915631262525049e-06 1.8194388777555009e-06 10.35270541082172 7.054268537074193e-07 7.054268537074193e-07 7.054268537074193e-08
0.16897795591182382 7.038076152304607e-06 1.999198396793575e-06 7.046092184368774 3.180821643286578e-07 3.180821643286578e-07 3.180821643286578e-08
0.11667334669338769 4.7551102204408805e-06 3.3669338677354415e-06 13.198396793587285 1.721442885771543e-08 1.721442885771543e-08 1.7214428857715431e-09
0.07194388777555122 8.696793587174346e-06 2.5150300601202218e-06 7.286573146292625 2.0998597194388755e-07 2.0998597194388755e-07 2.0998597194388756e-08
0.19098196392785544 7.805010020040078e-06 3.148096192384743e-06 6.965931863727491 5.00044088176355e-07 5.00044088176355e-07 5.0004408817635504e-08
0.1311022044088186 8.108216432865729e-06 3.288777555110192e-06 9.711422845691452 7.774909819639331e-07 7.774909819639331e-07 7.774909819639331e-08
0.17799599198396793 6.5743486973947875e-06 2.9539078156312643e-07 12.036072144288674 6.765931863727455e-08 6.765931863727455e-08 6.765931863727456e-09
0.078797595190381 6.931062124248495e-06 3.8124248496993637e-06 13.07815631262536 3.8474148296593305e-07 3.8474148296593305e-07 3.84741482965933e-08
0.07086172344689388 4.576753507014027e-06 2.76513026052102e-06 13.418837675350815 4.387895791583184e-07 4.387895791583184e-07 4.387895791583184e-08
0.11414829659318725 7.3591182364729435e-06 3.5076152304608906e-06 13.338677354709532 8.639679358717496e-07 8.639679358717496e-07 8.639679358717496e-08
0.04561122244488975 7.4126252505009995e-06 2.327454909819623e-06 9.090180360721504 7.55871743486979e-07 7.55871743486979e-07 7.558717434869789e-08
0.1033266533066139 3.720641282565129e-06 2.7494989979959703e-06 8.268537074148348 1.75755511022044e-07 1.75755511022044e-07 1.7575551102204402e-08
0.1873747494989978 2.783567134268536e-07 1.8819639278557005e-06 8.729458917835728 5.631002004008046e-07 5.631002004008046e-07 5.631002004008046e-08
0.12208416833667436 1.4911823647294584e-06 2.819839679358695e-06 13.579158316633382 3.6852705410821744e-07 3.6852705410821744e-07 3.685270541082175e-08
0.1570741482965936 5.504208416833666e-06 1.7569138276553013e-06 9.370741482965997 3.054709418837679e-07 3.054709418837679e-07 3.054709418837679e-08
0.11847695390781658 4.969138276553105e-06 4.7515030060120275e-07 7.62725450901808 1.2350901803607228e-07 1.2350901803607228e-07 1.2350901803607228e-08
0.12821643286573248 8.625450901803604e-06 3.2262525050099924e-06 4.320641282565134 2.8016032064128258e-09 2.8016032064128258e-09 2.801603206412826e-10
0.06545090180360721 8.554108216432863e-06 1.3126252505010023e-07 8.148296593186423 6.838076152304652e-07 6.838076152304652e-07 6.838076152304651e-08
0.1401202404809627 2.1332665330661317e-06 2.304008016032048e-06 6.124248496994014 1.0549298597194401e-07 1.0549298597194401e-07 1.0549298597194402e-08
0.1451703406813634 5.815631262525048e-07 2.3821643286572976e-06 4.761523046092194 2.3340681362725419e-07 2.3340681362725419e-07 2.334068136272542e-08
0.040200400801603184 5.272344689378756e-06 2.7104208416833456e-06 9.350701402805676 8.315390781563184e-07 8.315390781563184e-07 8.315390781563185e-08
0.1213627254509028 3.4531062124248485e-06 1.15511022044088e-06 9.470941883767601 1.0729458917835684e-07 1.0729458917835684e-07 1.0729458917835684e-08
0.05174348697394786 9.739478957915829e-07 3.1715430861723177e-06 13.138276553106323 8.261342685370799e-07 8.261342685370799e-07 8.261342685370799e-08
0.0935871743486979 3.98817635270541e-06 1.4208416833667283e-06 7.246492985971983 7.036252505010065e-07 7.036252505010065e-07 7.036252505010065e-08
0.10368737474949968 6.3781563126252485e-06 1.4689378757515034e-07 6.625250501002036 5.180601202404835e-07 5.180601202404835e-07 5.180601202404835e-08
0.08853707414829701 4.1665330661322635e-06 3.280961923847667e-06 5.242484969939895 7.126252505010022e-08 7.126252505010022e-08 7.126252505010022e-09
0.12172344689378858 1.3663326653306609e-06 3.820240480961889e-06 9.490981963927922 8.297374749499056e-07 8.297374749499056e-07 8.297374749499056e-08
0.16464929859719465 4.71943887775551e-06 1.4442885771543032e-06 8.849699398797654 7.828957915831716e-07 7.828957915831716e-07 7.828957915831716e-08
0.06220440881763522 2.9537074148296584e-06 1.5849699398797523e-06 8.028056112224498 6.009338677354743e-07 6.009338677354743e-07 6.009338677354743e-08
0.19567134268537037 6.859719438877753e-06 3.968737474949863e-06 11.71543086172354 2.2800200400801573e-07 2.2800200400801573e-07 2.2800200400801574e-08
0.04957915831663323 7.91202404809619e-06 2.663527054108196e-06 13.53907815631274 4.31583166332667e-07 4.31583166332667e-07 4.31583166332667e-08
0.14480961923847763 6.003607214428856e-06 2.624448897795571e-06 7.106212424849737 1.5233466933867737e-07 1.5233466933867737e-07 1.523346693386774e-08
0.10440881763527124 1.2949899799599194e-06 3.5623246492985653e-06 6.304609218436902 6.351643286573184e-07 6.351643286573184e-07 6.351643286573184e-08
0.13254509018036165 1.7765531062124242e-06 3.4841683366733158e-06 13.498997995992099 2.92859719438878e-07 2.92859719438878e-07 2.92859719438878e-08
0.027575150300601193 5.807414829659317e-06 2.1164328657314492e-06 11.875751503006107 8.47753507014034e-07 8.47753507014034e-07 8.477535070140341e-08
0.028657314629258506 1.5268537074148291e-06 1.162925851703405e-06 8.208416833667386 1.4332665330661328e-07 1.4332665330661328e-07 1.4332665330661328e-08
0.09719438877755568 8.393587174348695e-06 1.7256513026052014e-06 9.951903807615302 1.7215230460921837e-07 1.7215230460921837e-07 1.721523046092184e-08
0.04885771543086169 8.17955911823647e-06 1.4989979959919779e-06 7.126252505010058 2.135891783567132e-07 2.135891783567132e-07 2.135891783567132e-08
0.0412825651302605 7.983366733466931e-06 3.2418837675350423e-06 9.390781563126318 2.0818436873747473e-07 2.0818436873747473e-07 2.0818436873747475e-08
0.03983967935871741 2.097595190380761e-06 3.140280561122218e-06 7.547094188376796 8.783807615230524e-07 8.783807615230524e-07 8.783807615230524e-08
0.18412825651302592 8.589779559118233e-06 3.1871743486973676e-06 9.250501002004071 6.405611222444889e-08 6.405611222444889e-08 6.405611222444889e-09
0.1660921843687377 6.788376753507012e-06 3.3825651302604914e-06 7.426853707414871 7.66681362725456e-07 7.66681362725456e-07 7.666813627254561e-08
0.08348697394789611 1.3306613226452901e-06 6.705410821643292e-07 10.733466933867817 4.0095591182364865e-07 4.0095591182364865e-07 4.0095591182364866e-08
0.18484969939879745 8.312625250500999e-07 3.6795591182364395e-06 7.767535070140326 3.162725450901803e-08 3.162725450901803e-08 3.1627254509018027e-09
0.15130260521042138 5.432865731462924e-06 1.006613226452906e-06 8.008016032064177 5.306713426853734e-07 5.306713426853734e-07 5.306713426853734e-08
0.025410821643286566 6.110621242484968e-06 1.7647294589178262e-06 6.50501002004011 6.099418837675386e-07 6.099418837675386e-07 6.099418837675385e-08
0.02613226452905811 3.881162324649298e-06 3.109018036072118e-06 5.082164328657328 3.0006613226452935e-07 3.0006613226452935e-07 3.000661322645293e-08
0.1942284569138273 1.6338677354709413e-06 2.288376753506998e-06 11.01402805611231 6.477755511022083e-07 6.477755511022083e-07 6.477755511022082e-08
0.07410821643286589 7.394789579158314e-06 2.1008016032063993e-06 7.707414829659363 6.85609218436878e-07 6.85609218436878e-07 6.856092184368781e-08
0.057875751503005966 7.0202404809619216e-06 2.983967935871719e-06 13.51903807615242 3.73931863727456e-07 3.73931863727456e-07 3.73931863727456e-08
0.16176352705410854 6.431663326653305e-06 2.4134268537073974e-06 5.843687374749521 4.2617835671342847e-07 4.2617835671342847e-07 4.2617835671342844e-08
0.10296593186372813 3.631462925851702e-06 1.4989979959919779e-06 9.270541082164392 4.7482164328657527e-07 4.7482164328657527e-07 4.7482164328657526e-08
0.07699398797595211 4.113026052104207e-06 2.1723446893787586e-07 7.206412825651341 2.0998597194388755e-07 2.0998597194388755e-07 2.0998597194388756e-08
0.022525050100200398 3.2569138276553096e-06 2.444689378757497e-06 11.975951903807712 3.378997995991991e-07 3.378997995991991e-07 3.378997995991991e-08
0.19999999999999954 1.4376753507014023e-06 3.5076152304608906e-06 12.937875751503114 2.730420841683367e-07 2.730420841683367e-07 2.730420841683367e-08
0.14048096192384846 5.575551102204407e-06 2.804208416833645e-06 10.312625250501078 5.144569138276578e-07 5.144569138276578e-07 5.144569138276578e-08
0.13759519038076234 4.933466933867734e-06 1.0691382765531055e-06 13.959919839679479 8.333406813627313e-07 8.333406813627313e-07 8.333406813627313e-08
0.09286573146292634 8.892985971943885e-06 2.0851703406813494e-06 12.83767535070151 6.585771543086172e-08 6.585771543086172e-08 6.585771543086172e-09
0.069058116232465 3.3995991983967925e-06 3.796793587174314e-06 8.288577154308669 1.6314428857715428e-07 1.6314428857715428e-07 1.631442885771543e-08
0.08492985971943923 4.71943887775551e-06 1.006613226452906e-06 8.849699398797654 3.2889178356713487e-07 3.2889178356713487e-07 3.288917835671349e-08
0.07122244488977966 3.720641282565129e-06 3.8136272545090206e-07 6.284569138276581 3.667254509018046e-07 3.667254509018046e-07 3.667254509018046e-08
0.14264529058116304 8.286573146292582e-06 1.7256513026052014e-06 7.927855711422893 1.7035070140280555e-07 1.7035070140280555e-07 1.7035070140280557e-08
0.06833667334669344 6.503006012024046e-06 2.1945891783566988e-06 11.214428857715518 7.576733466933918e-07 7.576733466933918e-07 7.576733466933919e-08
0.10549098196392857 4.388777555110219e-07 3.960921843687338e-06 12.39679358717445 7.468637274549147e-07 7.468637274549147e-07 7.468637274549147e-08
0.0968336673346699 2.4186372745490975e-06 2.2258517034067986e-06 4.480961923847701 5.631002004008046e-07 5.631002004008046e-07 5.631002004008046e-08
0.14553106212424916 2.5791583166332658e-06 4.3607214428857746e-07 9.631262525050168 4.928376753507037e-07 4.928376753507037e-07 4.9283767535070364e-08
0.12713426853707518 4.077354709418837e-06 1.9210420841683254e-06 4.020040080160321 3.991543086172358e-07 3.991543086172358e-07 3.991543086172358e-08
0.17042084168336688 2.9537074148296584e-06 7.486973947895798e-07 5.022044088176365 4.712184368737496e-07 4.712184368737496e-07 4.7121843687374956e-08
0.18268537074148286 9.382765531062121e-07 3.742084168336639e-06 8.789579158316691 7.828957915831716e-07 7.828957915831716e-07 7.828957915831716e-08
0.19711422845691343 2.436472945891783e-06 3.093386773547068e-06 11.515030060120331 1.2891382765531074e-07 1.2891382765531074e-07 1.2891382765531074e-08
0.18088176352705404 8.8751503006012e-06 2.319639278557098e-06 4.2605210420841715 3.577174348697404e-07 3.577174348697404e-07 3.5771743486974036e-08
0.1181162324649308 8.340080160320638e-06 7.7995991983968e-07 6.364729458917864 8.765791583166395e-07 8.765791583166395e-07 8.765791583166396e-08
0.06941883767535077 9.204408817635267e-07 2.76513026052102e-06 11.775551102204503 4.063527054108215e-08 4.063527054108215e-08 4.0635270541082155e-09
0.04452905811623244 4.737274549098195e-06 9.90981963927856e-07 8.208416833667386 3.541142284569147e-07 3.541142284569147e-07 3.5411422845691466e-08
0.08925851703406856 4.059519038076151e-06 1.4130260521042034e-06 9.45090180360728 4.0455911823647433e-07 4.0455911823647433e-07 4.0455911823647436e-08
0.15599198396793632 4.92384769539078e-07 2.788577154308595e-06 10.472945891783645 2.604308617234468e-07 2.604308617234468e-07 2.6043086172344677e-08
0.1963927855711419 4.5671342685370725e-07 2.7416833667334454e-06 11.25450901803616 3.4870941883767615e-07 3.4870941883767615e-07 3.4870941883767614e-08
0.10585170340681435 8.91082164328657e-06 1.1785571142284548e-06 8.108216432865781 5.558937875751532e-07 5.558937875751532e-07 5.558937875751532e-08
0.036953907815631244 8.019038076152302e-06 6.627254509018041e-07 12.877755511022151 3.5231262525050184e-07 3.5231262525050184e-07 3.5231262525050184e-08
0.03947895791583164 4.380561122244488e-06 2.1086172344689243e-06 10.032064128256586 3.6132064128256607e-07 3.6132064128256607e-07 3.6132064128256607e-08
0.13651302605210505 7.91202404809619e-06 1.2879759519038042e-06 4.120240480961925 3.865430861723459e-07 3.865430861723459e-07 3.865430861723459e-08
0.05967935871743482 8.1438877755511e-06 2.5462925851703216e-06 11.575150300601294 4.4959919839679545e-07 4.4959919839679545e-07 4.495991983967955e-08
0.12533066132264636 2.8110220440881755e-06 2.0460921843687247e-06 5.1222444889779695 5.775130260521074e-07 5.775130260521074e-07 5.7751302605210734e-08
0.1541883767535075 3.827655310621242e-06 1e-07 7.787575150300647 5.324729458917862e-07 5.324729458917862e-07 5.324729458917862e-08
0.17871743486973946 4.897795591182363e-06 3.6639278557113896e-06 11.875751503006107 5.036472945891807e-07 5.036472945891807e-07 5.0364729458918074e-08
0.08312625250501034 2.2937875751503e-06 1.3895791583166285e-06 11.194388777555197 7.955070140280615e-07 7.955070140280615e-07 7.955070140280616e-08
0.08745490981963967 2.9002004008016023e-06 1.788176352705401e-06 7.767535070140326 3.27090180360722e-07 3.27090180360722e-07 3.27090180360722e-08
0.14877755511022103 5.896593186372744e-06 4.5951903807615264e-07 13.29859719438889 4.6221042084168536e-07 4.6221042084168536e-07 4.622104208416853e-08
0.15995991983967972 6.707414829659316e-07 2.163326653306599e-06 6.244488977955939 6.51378757515034e-07 6.51378757515034e-07 6.51378757515034e-08
0.05643286573146288 1.5350701402805608e-07 2.78076152304607e-06 8.54909819639284 3.469078156312633e-07 3.469078156312633e-07 3.469078156312633e-08
0.199278557114228 7.064128256513023e-07 1.3583166332665287e-06 5.2825651302605365 4.027575150300615e-07 4.027575150300615e-07 4.027575150300615e-08
0.06581162324649299 1.891783567134268e-07 2.2805611222444732e-06 10.933867735471026 8.027134268537129e-07 8.027134268537129e-07 8.02713426853713e-08
0.12100200400801703 8.126052104208414e-06 1.5458917835671276e-06 11.735470941883861 6.315611222444927e-07 6.315611222444927e-07 6.315611222444927e-08
0.1834068136272544 8.036873747494987e-06 1.3739478957915786e-06 9.951903807615302 4.9643286573146275e-08 4.9643286573146275e-08 4.964328657314628e-09
0.09430861723446946 2.1867735470941878e-06 1.9366733466933754e-06 11.01402805611231 6.639899799599239e-07 6.639899799599239e-07 6.639899799599239e-08
0.05859719438877751 5.736072144288575e-06 1.8585170340681256e-06 11.755511022044182 3.090741482965936e-07 3.090741482965936e-07 3.0907414829659355e-08
0.08889779559118278 2.828857715430861e-06 1.983567134268525e-06 7.807615230460968 7.036252505010065e-07 7.036252505010065e-07 7.036252505010065e-08
0.12857715430861824 4.683767535070139e-06 1.6943887775551016e-06 12.717434869739584 6.333627254509055e-07 6.333627254509055e-07 6.333627254509056e-08
0.08637274549098234 3.6849699398797583e-06 1.2645290581162293e-06 7.366733466933908 3.919478957915844e-07 3.919478957915844e-07 3.9194789579158444e-08
0.1300200400801613 5.993987975951902e-07 1.3126252505010023e-07 9.310621242485034 3.180821643286578e-07 3.180821643286578e-07 3.180821643286578e-08
0.19675350701402766 5.076152304609217e-06 3.2262525050099924e-06 12.216432865731562 6.85609218436878e-07 6.85609218436878e-07 6.856092184368781e-08
0.06220440881763522 3.667134268537073e-06 1.7569138276553013e-06 11.675350701402898 7.180380761523092e-07 7.180380761523092e-07 7.180380761523092e-08
0.07158316633266544 2.0619238476953902e-06 1.5693386773547024e-06 5.062124248497007 8.063166332665386e-07 8.063166332665386e-07 8.063166332665386e-08
0.05282565130260517 1.812224448897795e-06 2.014829659318625e-06 5.402805611222462 6.405611222444889e-08 6.405611222444889e-08 6.405611222444889e-09
0.1278557114228467 4.7551102204408805e-06 3.2028056112224175e-06 10.292585170340757 2.9825651302605204e-08 2.9825651302605204e-08 2.9825651302605205e-09
0.128937875751504 3.898997995991983e-06 2.991783567134244e-06 6.464929859719469 3.1267735470941926e-07 3.1267735470941926e-07 3.1267735470941925e-08
0.05462925851703403 8.750300601202402e-06 7.018036072144294e-07 10.172344689378832 8.567535070140287e-08 8.567535070140287e-08 8.567535070140287e-09
0.1116232464929868 5.914428857715429e-06 5.689378757515034e-07 9.01002004008022 8.47753507014034e-07 8.47753507014034e-07 8.477535070140341e-08
0.06256513026052099 2.6052104208416826e-07 7.096192384769545e-07 10.713426853707496 7.864989979959973e-07 7.864989979959973e-07 7.864989979959973e-08
0.10080160320641346 8.41142284569138e-06 3.288777555110192e-06 6.785571142284603 7.306412825651305e-08 7.306412825651305e-08 7.3064128256513045e-09
0.15887775551102243 6.88577154308617e-07 2.663527054108196e-06 13.338677354709532 4.405911823647312e-07 4.405911823647312e-07 4.4059118236473125e-08
0.03046092184368736 4.434068136272544e-06 4.673346693386777e-07 12.677354709418942 4.838296593186394e-07 4.838296593186394e-07 4.838296593186394e-08
0.06797595190380766 4.309218436873746e-06 3.280961923847667e-06 5.563126252505029 2.1178757515030037e-07 2.1178757515030037e-07 2.1178757515030038e-08
0.1213627254509028 1.3484969939879755e-06 8.190380761523053e-07 4.440881763527059 7.792925851703459e-07 7.792925851703459e-07 7.79292585170346e-08
0.057154308617234424 7.805010020040078e-06 3.5388777555109904e-06 13.398797595190494 2.6222444889779554e-08 2.6222444889779554e-08 2.6222444889779553e-09
0.04561122244488975 7.697995991983965e-06 1.3505010020040038e-06 8.869739478957975 3.6852705410821744e-07 3.6852705410821744e-07 3.685270541082175e-08
0.07987975951903833 8.44709418837675e-06 3.882765531062088e-06 6.625250501002036 4.2077354709418994e-07 4.2077354709418994e-07 4.207735470941899e-08
0.11414829659318725 7.483967935871741e-06 1.5224448897795527e-06 5.8236472945892 1.7215230460921837e-07 1.7215230460921837e-07 1.721523046092184e-08
0.1311022044088186 1.473346693386773e-06 3.6573146292585195e-07 5.082164328657328 3.7213026052104313e-07 3.7213026052104313e-07 3.721302605210431e-08
0.18953907815631238 7.091583166332663e-06 3.0777555110220183e-06 12.917835671342793 7.937054108216487e-07 7.937054108216487e-07 7.937054108216488e-08
0.033346693386773534 4.844288577154307e-06 4.2044088176352735e-07 10.553106212424929 7.306492985971991e-07 7.306492985971991e-07 7.306492985971992e-08
0.027575150300601193 5.111823647294588e-06 1.5771543086172274e-06 4.46092184368738 4.640120240480982e-07 4.640120240480982e-07 4.640120240480982e-08
0.16501002004008042 2.543486973947895e-06 2.2414829659318485e-06 11.454909819639369 6.171482965931899e-07 6.171482965931899e-07 6.1714829659319e-08
0.12496993987976059 3.078557114228456e-06 2.3743486973947726e-06 7.446893787575192 3.631222444889789e-07 3.631222444889789e-07 3.631222444889789e-08
0.13470941883767623 1.7230460921843681e-06 3.1715430861723177e-06 13.719438877755628 8.747775551102267e-07 8.747775551102267e-07 8.747775551102268e-08
0.1942284569138273 7.287775551102202e-06 1.1941883767535047e-06 5.182364729458932 1.0008016032064129e-08 1.0008016032064129e-08 1.0008016032064128e-09
0.021442885771543085 5.040480961923846e-06 3.867134268537038e-06 10.773547094188459 6.009338677354743e-07 6.009338677354743e-07 6.009338677354743e-08
0.11198396793587258 6.895390781563124e-06 2.507214428857697e-06 9.771543086172414 4.6581362725451105e-07 4.6581362725451105e-07 4.6581362725451104e-08
0.1083767535070148 5.843086172344688e-06 3.5154308617234156e-06 4.9418837675350815 5.86513026052104e-08 5.86513026052104e-08 5.86513026052104e-09
0.06364729458917832 8.464929859719436e-06 2.6791583166332457e-06 11.895791583166428 7.018236472945936e-07 7.018236472945936e-07 7.018236472945936e-08
0.15238476953907867 3.435270541082163e-06 1.327054108216429e-06 5.222444889779574 8.027054108216437e-08 8.027054108216437e-08 8.027054108216437e-09
0.021082164328657314 8.589779559118233e-06 1.647494989979952e-06 4.68136272545091 8.585631262525111e-07 8.585631262525111e-07 8.585631262525111e-08
0.09827655310621301 1.2593186372745487e-06 3.0230460921843436e-06 5.783567134268559 5.00044088176355e-07 5.00044088176355e-07 5.0004408817635504e-08
0.1440881763527061 1.4020040080160316e-06 3.3903807615230163e-06 8.689378757515087 1.6674749498997992e-07 1.6674749498997992e-07 1.6674749498997993e-08
0.14228456913827728 7.5553106212424824e-06 1.9054108216432753e-06 12.236472945891883 1.739539078156312e-07 1.739539078156312e-07 1.739539078156312e-08
0.06472945891783566 1.3663326653306609e-06 1.2567134268537044e-06 7.727454909819684 6.585851703406854e-07 6.585851703406854e-07 6.585851703406854e-08
0.1552705410821648 3.613627254509017e-06 3.249699398797567e-06 14.00000000000012 1.5233466933867737e-07 1.5233466933867737e-07 1.523346693386774e-08
0.05571142284569134 8.108216432865729e-06 3.945290581162288e-06 13.679358717434987 8.009118236473001e-07 8.009118236473001e-07 8.009118236473e-08
0.1401202404809627 4.594589178356712e-06 2.02264529058115e-06 8.468937875751557 7.774909819639331e-07 7.774909819639331e-07 7.774909819639331e-08
0.17474949899799605 9.739478957915829e-07 3.4919839679358407e-06 9.290581162324713 2.658356713426853e-07 2.658356713426853e-07 2.6583567134268532e-08
0.06689378757515033 6.467334669338675e-06 9.284569138276561e-07 7.266533066132304 5.504809619238475e-08 5.504809619238475e-08 5.504809619238475e-09
0.18593186372745474 7.341282565130258e-06 1.2723446893787543e-06 10.012024048096265 3.6492384769539176e-07 3.6492384769539176e-07 3.649238476953918e-08
0.17186372745490994 7.323446893787573e-06 4.829659318637278e-07 9.611222444889847 6.982204408817679e-07 6.982204408817679e-07 6.98220440881768e-08
0.07374749498998011 2.2484969939879754e-07 5.298597194388782e-07 4.400801603206418 6.045370741483e-07 6.045370741483e-07 6.045370741483001e-08
0.09647294589178412 3.7384769539078144e-06 4.126252505010023e-07 4.921843687374761 4.243767535070156e-07 4.243767535070156e-07 4.243767535070156e-08
0.14769539078156374 8.714629258517031e-06 3.968737474949863e-06 6.885771543086207 7.684829659318689e-07 7.684829659318689e-07 7.684829659318689e-08
0.028296593186372735 5.682565130260519e-06 2.124248496993974e-06 5.002004008016044 7.198396793587221e-07 7.198396793587221e-07 7.19839679358722e-08
0.025410821643286566 1.4555110220440877e-06 9.675350701402812e-07 4.7815631262525145 7.883006012024102e-07 7.883006012024102e-07 7.883006012024102e-08
0.02 1.954909819639278e-06 1.8597194388777563e-07 7.507014028056155 5.46885771543089e-07 5.46885771543089e-07 5.46885771543089e-08
0.11306613226452991 7.769338677354707e-06 1.4208416833667283e-06 10.3326653306614 1.3611222444889782e-08 1.3611222444889782e-08 1.361122244488978e-09
0.022164328657314627 5.129659318637273e-06 2.5775551102204214e-06 9.651302605210489 5.23464929859722e-07 5.23464929859722e-07 5.23464929859722e-08
0.02685370741482965 4.862124248496993e-06 3.0699398797594933e-06 13.218436873747606 1.3972344689378765e-07 1.3972344689378765e-07 1.3972344689378764e-08
0.19386773547094155 5.700400801603205e-06 1.2020040080160297e-06 4.561122244488985 4.0996392785571287e-07 4.0996392785571287e-07 4.099639278557129e-08
0.13723446893787658 7.822845691382763e-06 1.6006012024048022e-06 6.685370741482998 7.108316633266578e-07 7.108316633266578e-07 7.108316633266578e-08
0.08240480961923878 3.0250501002004e-06 3.1949899799598925e-06 4.200400801603209 5.721082164328688e-07 5.721082164328688e-07 5.721082164328688e-08
0.14372745490982033 5.48637274549098e-06 6.549098196392791e-07 11.074148296593272 7.973086172344744e-07 7.973086172344744e-07 7.973086172344744e-08
0.04921843687374746 8.84769539078156e-07 1.0456913827655307e-06 8.629258517034124 4.351863727454927e-07 4.351863727454927e-07 4.3518637274549267e-08
0.1801603206412825 6.324649298597192e-06 5.611222444889784e-07 6.965931863727491 2.46018036072144e-07 2.46018036072144e-07 2.4601803607214402e-08
0.04597194388777552 1.3567134268537072e-07 2.2727454909819483e-06 10.993987975951988 3.162725450901803e-08 3.162725450901803e-08 3.1627254509018027e-09
0.19567134268537037 3.3460921843687364e-06 2.2649298597194233e-06 8.06813627254514 6.027354709418872e-07 6.027354709418872e-07 6.027354709418871e-08
0.18989979959919814 7.198597194388775e-06 2.335270541082148e-06 12.957915831663435 2.1899398797595164e-07 2.1899398797595164e-07 2.1899398797595165e-08
0.04669338677354706 2.240280561122244e-06 3.765531062124214e-06 11.635270541082257 3.793366733466945e-07 3.793366733466945e-07 3.793366733466945e-08
0.03478957915831662 3.221242484969939e-06 2.976152304609194e-06 4.320641282565134 2.9646292585170366e-07 2.9646292585170366e-07 2.9646292585170366e-08
0.043446893787575123 1.223647294589178e-06 3.891783567134271e-07 7.226452905811662 3.2348697394789633e-07 3.2348697394789633e-07 3.2348697394789636e-08
0.16537074148296618 5.2010020040080145e-06 3.3825651302604914e-06 10.072144288577228 1.9016032064128256e-08 1.9016032064128256e-08 1.9016032064128256e-09
0.09466933867735523 1.865731462925851e-06 3.929659318637238e-06 6.745490981963961 8.927935871743551e-07 8.927935871743551e-07 8.927935871743552e-08
0.09106212424849745 4.576753507014027e-06 1.4286573146292533e-06 5.663326653306633 4.063607214428872e-07 4.063607214428872e-07 4.063607214428872e-08
0.18160320641282557 8.268737474949897e-06 1.631863727454902e-06 8.048096192384818 3.883366733466933e-08 3.883366733466933e-08 3.883366733466933e-09
0.05535070140280557 4.327054108216432e-06 3.413827655310591e-06 13.258517034068248 3.9374949899799727e-07 3.9374949899799727e-07 3.9374949899799725e-08
0.17402805611222452 6.841883767535068e-06 2.491583166332647e-06 12.296593186372846 7.666733466933871e-08 7.666733466933871e-08 7.666733466933871e-09
0.1390380761523054 2.0797595190380756e-06 1.4521042084168281e-06 10.833667334669421 6.495771543086211e-07 6.495771543086211e-07 6.495771543086212e-08
0.04200400801603204 3.3104208416833656e-06 3.0074148296592937e-06 7.5270541082164755 8.71174348697401e-07 8.71174348697401e-07 8.71174348697401e-08
0.14949899799599256 8.785971943887772e-06 2.2492985971943734e-06 8.08817635270546 9.108016032064136e-08 9.108016032064136e-08 9.108016032064136e-09
0.072304609218437 1.6338677354709413e-06 3.579158316633269e-07 5.643286573146312 2.9105811623246513e-07 2.9105811623246513e-07 2.9105811623246514e-08
0.1913426853707412 8.001202404809617e-06 1.703406813627255e-07 11.93587174348707 3.955511022044101e-07 3.955511022044101e-07 3.9555110220441014e-08
0.18917835671342662 3.845490981963927e-06 8.581162324649306e-07 11.294589178356802 8.405470941883827e-07 8.405470941883827e-07 8.405470941883827e-08
0.16789579158316653 1.8300601202404803e-06 8.737474949899807e-07 7.907815631262572 6.153466933867771e-07 6.153466933867771e-07 6.153466933867771e-08
0.18412825651302592 1.9370741482965927e-06 3.0386773547093935e-06 9.511022044088243 4.153687374749514e-07 4.153687374749514e-07 4.153687374749514e-08
0.07771543086172367 6.538677354709417e-06 1.4052104208416784e-06 7.246492985971983 7.594749498998047e-07 7.594749498998047e-07 7.594749498998047e-08
0.14480961923847763 8.821643286573143e-06 1.7022044088176266e-06 6.845691382765565 5.667034068136303e-07 5.667034068136303e-07 5.667034068136303e-08
0.1570741482965936 1.7587174348697389e-06 2.6869739478957707e-06 9.21042084168343 1.3251703406813637e-07 1.3251703406813637e-07 1.3251703406813637e-08
0.12569138276553213 2.7575150300601194e-06 3.2184368737474674e-06 9.170340681362788 7.126332665330707e-07 7.126332665330707e-07 7.126332665330707e-08
0.04885771543086169 9.917835671342682e-07 2.460320641282547e-06 7.3466933867735875 5.090521042084193e-07 5.090521042084193e-07 5.0905210420841926e-08
0.1260521042084179 8.490981963927852e-07 3.734268537074114e-06 9.931863727454981 5.180601202404835e-07 5.180601202404835e-07 5.180601202404835e-08
0.060400801603206364 1.5446893787575145e-06 1.0222444889779558e-06 13.559118236473061 3.018677354709422e-07 3.018677354709422e-07 3.018677354709422e-08
0.03442885771543085 4.273547094188376e-06 2.8901803607214194e-06 9.370741482965997 8.495551102204469e-07 8.495551102204469e-07 8.495551102204469e-08
0.17943887775551098 3.132064128256512e-06 3.0152304609218187e-06 7.647294589178401 4.6941683366733674e-07 4.6941683366733674e-07 4.6941683366733674e-08
0.07915831663326678 5.557715430861722e-06 2.7260521042083955e-06 12.096192384769637 4.820280561122266e-07 4.820280561122266e-07 4.820280561122266e-08
0.14985971943887832 1.5090180360721438e-06 3.445090180360691e-06 10.372745490982041 4.477975951903826e-07 4.477975951903826e-07 4.477975951903826e-08
0.19819639278557072 6.360320641282563e-06 2.468136272545072e-06 11.71543086172354 2.2980360721442855e-07 2.2980360721442855e-07 2.2980360721442856e-08
0.09250501002004057 3.1142284569138266e-06 1.0847695390781554e-06 12.577154308617338 5.649018036072174e-07 5.649018036072174e-07 5.649018036072174e-08
0.024328657314629253 5.308016032064127e-06 3.296593186372717e-06 13.018036072144398 8.225310621242542e-07 8.225310621242542e-07 8.225310621242542e-08
0.049939879759519 8.429258517034065e-06 8.346693386773554e-07 10.092184368737549 8.693727454909882e-07 8.693727454909882e-07 8.693727454909882e-08
0.1852104208416832 5.458917835671341e-07 1.8350701402805508e-06 13.278557114228569 7.252444889779606e-07 7.252444889779606e-07 7.252444889779606e-08
0.12677354709418942 2.7753507014028048e-06 3.73547094188377e-07 8.248496993988027 2.5862925851703393e-07 2.5862925851703393e-07 2.586292585170339e-08
0.11595190380761614 1.5625250501001999e-06 3.3747494989979664e-06 7.326653306613267 7.414589178356762e-07 7.414589178356762e-07 7.414589178356762e-08
0.051022044088176316 1.2949899799599194e-06 2.5853707414829463e-06 10.79358717434878 1.451282565130261e-07 1.451282565130261e-07 1.451282565130261e-08
0.16573146292585195 8.134268537074145e-07 2.81202404809617e-06 4.861723446893798 5.829178356713459e-07 5.829178356713459e-07 5.8291783567134586e-08
0.07014028056112233 8.322244488977953e-06 2.3977955911823475e-06 8.488977955911878 2.0818436873747473e-07 2.0818436873747473e-07 2.0818436873747475e-08
0.1199198396793597 7.305611222444887e-06 3.8358717434869386e-06 6.525050100200431 2.15390781563126e-07 2.15390781563126e-07 2.1539078156312602e-08
0.15166332665330715 2.008416833667334e-06 2.8589178356713196e-06 5.482965931863745 5.450841683366762e-07 5.450841683366762e-07 5.4508416833667615e-08
0.13434869739479047 4.505410821643285e-06 2.0695390781562995e-06 4.981963927855723 1.8296192384769528e-07 1.8296192384769528e-07 1.829619238476953e-08
0.09575150300601257 4.4875751503006e-06 3.7108216432865393e-06 6.04408817635273 1.2711222444889792e-07 1.2711222444889792e-07 1.2711222444889792e-08
0.057875751503005966 3.2925851703406803e-06 7.330661322645296e-07 8.709418837675408 9.000000000000065e-07 9.000000000000065e-07 9.000000000000065e-08
0.12965931863727553 6.71703406813627e-06 3.773346693386739e-06 7.547094188376796 2.4421643286573117e-07 2.4421643286573117e-07 2.4421643286573117e-08
0.09899799599198457 3.98817635270541e-06 3.0543086172344434e-06 12.37675350701413 7.144348697394835e-07 7.144348697394835e-07 7.144348697394836e-08
0.075551102204409 7.002404809619236e-06 3.1871743486973676e-06 9.090180360721504 8.36943887775557e-07 8.36943887775557e-07 8.369438877755569e-08
0.15671342685370784 4.291382765531061e-06 2.452505010020022e-06 6.024048096192409 6.261563126252542e-07 6.261563126252542e-07 6.261563126252542e-08
0.11775551102204503 1.027454909819639e-06 4.7515030060120275e-07 13.358717434869853 2.946613226452908e-07 2.946613226452908e-07 2.946613226452908e-08
0.06436873747494988 7.787174348697392e-06 4.282565130260524e-07 13.07815631262536 5.81116232464933e-07 5.81116232464933e-07 5.8111623246493304e-08
0.02360721442885771 8.393587174348695e-06 3.8046092184368388e-06 11.03406813627263 6.423707414829698e-07 6.423707414829698e-07 6.423707414829698e-08
0.08817635270541123 4.2104208416833653e-07 2.132064128256499e-06 12.456913827655413 2.3701002004007982e-07 2.3701002004007982e-07 2.3701002004007983e-08
0.037675350701402786 1.6873747494989974e-06 3.5701402805610902e-06 6.164328657314655 8.297374749499056e-07 8.297374749499056e-07 8.297374749499056e-08
0.06328657314629255 4.237875751503005e-06 2.2180360721442736e-06 4.701402805611231 1.4692985971943892e-07 1.4692985971943892e-07 1.4692985971943892e-08
0.04272545090180358 4.202204408817634e-06 3.874949899799563e-06 5.503006012024066 4.802264529058138e-07 4.802264529058138e-07 4.802264529058138e-08
0.08601202404809656 7.501803607214426e-06 1.2488977955911794e-06 7.386773547094229 7.396573146292634e-07 7.396573146292634e-07 7.396573146292634e-08
0.16897795591182382 8.607615230460919e-06 2.9995991983967688e-06 9.551102204408885 5.360761523046119e-07 5.360761523046119e-07 5.360761523046119e-08
0.1531062124248502 7.109418837675348e-06 1.4442885771543032e-06 5.58316633266535 6.099418837675386e-07 6.099418837675386e-07 6.099418837675385e-08
0.037314629258517015 5.5398797595190364e-06 1.1316633266533051e-06 8.569138276553161 5.378777555110248e-07 5.378777555110248e-07 5.3787775551102475e-08
0.03190380761523045 4.969138276553105e-06 9.050100200400809e-07 10.913827655310705 1.0369138276553118e-07 1.0369138276553118e-07 1.0369138276553118e-08
0.13038076152304706 4.6124248496993976e-06 2.1008016032063993e-06 4.801603206412835 6.225450901803606e-08 6.225450901803606e-08 6.225450901803606e-09
0.1491382765531068 6.94889779559118e-06 1.147294589178355e-06 5.102204408817649 7.702845691382817e-07 7.702845691382817e-07 7.702845691382817e-08
0.07302605210420855 3.4531062124248485e-06 1.8272545090180258e-06 5.523046092184387 7.43260521042089e-07 7.43260521042089e-07 7.43260521042089e-08
0.04813627254509015 2.097595190380761e-06 3.0308617234468686e-06 12.697394789579263 6.477755511022083e-07 6.477755511022083e-07 6.477755511022082e-08
0.08024048096192411 7.573146292585168e-06 7.643286573146299e-07 7.286573146292625 8.909919839679423e-07 8.909919839679423e-07 8.909919839679422e-08
0.15094188376753562 7.64448897795591e-06 2.7104208416833456e-06 13.73947895791595 2.0638276553106191e-07 2.0638276553106191e-07 2.0638276553106193e-08
0.1722244488977957 8.375751503006009e-06 3.3981963927855413e-06 8.368737474949953 2.081763527054108e-08 2.081763527054108e-08 2.081763527054108e-09
0.1329058116232474 1.9014028056112218e-06 2.8511022044087947e-06 13.879759519038195 8.459519038076212e-07 8.459519038076212e-07 8.459519038076211e-08
0.12280561122244592 6.199799599198395e-06 1.8428857715430757e-06 12.517034068136375 6.693947895791624e-07 6.693947895791624e-07 6.693947895791625e-08
0.18304609218436863 6.350701402805609e-07 9.362725450901811e-07 13.378757515030173 8.261342685370799e-07 8.261342685370799e-07 8.261342685370799e-08
0.09935871743487035 7.1629258517034045e-06 1.9288577154308504e-06 7.026052104208453 7.216412825651349e-07 7.216412825651349e-07 7.21641282565135e-08
0.05931863727454905 7.252104208416831e-06 9.12825651302606e-07 10.392785571142362 2.406132264529055e-07 2.406132264529055e-07 2.4061322645290547e-08
0.09394789579158368 5.45070140280561e-06 8.268537074148303e-07 9.190380761523109 8.387454909819698e-07 8.387454909819698e-07 8.387454909819699e-08
0.1520240480961929 3.5601202404809607e-06 1.7647294589178262e-06 4.841683366733477 6.531803607214468e-07 6.531803607214468e-07 6.531803607214468e-08
0.07086172344689388 3.1402805611222435e-07 3.3513026052103916e-06 5.382765531062141 2.1719238476953882e-07 2.1719238476953882e-07 2.1719238476953884e-08
0.02973947895791582 8.215230460921841e-06 8.503006012024055e-07 13.458917835671457 5.991322645290615e-07 5.991322645290615e-07 5.991322645290615e-08
0.19278557114228426 1.9905811623246488e-06 3.3591182364729165e-06 11.995991983968032 4.279799599198413e-07 4.279799599198413e-07 4.279799599198413e-08
0.19098196392785544 3.0963927855711413e-06 3.265330661322617e-06 6.304609218436902 2.135891783567132e-07 2.135891783567132e-07 2.135891783567132e-08
0.12821643286573248 3.863326653306612e-06 3.421643286573116e-06 12.196392785571241 6.063386773547129e-07 6.063386773547129e-07 6.063386773547129e-08
0.11631262525050191 8.482765531062121e-06 3.5466933867735154e-06 10.513026052104287 7.612765531062175e-07 7.612765531062175e-07 7.612765531062175e-08
0.12460921843687481 8.090380761523043e-06 2.7194388777555126e-07 4.340681362725455 8.873887775551166e-07 8.873887775551166e-07 8.873887775551166e-08
0.19350701402805578 7.4126252505009995e-06 8.659318637274556e-07 10.492985971943966 7.810941883767588e-07 7.810941883767588e-07 7.810941883767588e-08
0.11523046092184458 7.18076152304609e-06 8.971943887775558e-07 7.486973947895834 1.1990581162324665e-07 1.1990581162324665e-07 1.1990581162324665e-08
0.18665330661322627 5.3436873747494974e-06 2.0773547094188245e-06 5.422845691382783 3.703286573146303e-07 3.703286573146303e-07 3.703286573146303e-08
0.040561122244488955 2.9715430861723437e-06 3.468537074148266e-06 9.43086172344696 1.3792184368737483e-07 1.3792184368737483e-07 1.3792184368737483e-08
0.14084168336673422 4.148697394789578e-06 6.158316633266538e-07 11.414829659318727 2.3160521042084137e-07 2.3160521042084137e-07 2.3160521042084138e-08
0.08348697394789611 7.983366733466931e-06 3.937474949899763e-06 9.971943887775623 1.9016833667334655e-07 1.9016833667334655e-07 1.9016833667334657e-08
0.15851703406813666 6.5743486973947875e-06 3.304408817635242e-06 10.13226452905819 9.648496993987986e-08 9.648496993987986e-08 9.648496993987986e-09
0.0935871743486979 5.361523046092183e-06 2.6947895791582956e-06 9.110220440881825 6.387675350701441e-07 6.387675350701441e-07 6.38767535070144e-08
0.03515030060120239 1.1879759519038072e-06 1.967935871743475e-06 12.336673346693487 2.6763727454909815e-07 2.6763727454909815e-07 2.6763727454909814e-08
0.053907815631262485 5.254509018036071e-06 1.303607214428854e-06 11.555110220440973 5.054488977955936e-07 5.054488977955936e-07 5.0544889779559356e-08
0.12352705410821747 5.629058116232463e-06 2.8432865731462697e-06 6.605210420841715 1.253106212424851e-07 1.253106212424851e-07 1.253106212424851e-08
0.06869739478957922 5.102204408817633e-07 6.314629258517039e-07 12.036072144288674 1.7935871743486964e-07 1.7935871743486964e-07 1.7935871743486966e-08
0.10981963927855791 2.044088176352705e-06 2.5931863727454713e-06 7.306613226452946 8.927855711422853e-08 8.927855711422853e-08 8.927855711422852e-09
0.08961923847695434 2.3829659318637268e-06 3.577955911823615e-06 13.9799599198398 3.5591583166332753e-07 3.5591583166332753e-07 3.5591583166332755e-08
0.13975951903807693 6.806212424849697e-06 2.094188376753508e-07 10.973947895791667 6.045290581162323e-08 6.045290581162323e-08 6.045290581162323e-09
0.08168336673346722 2.686172344689378e-06 2.641282565130262e-07 6.905811623246528 2.892565130260523e-07 2.892565130260523e-07 2.892565130260523e-08
0.0524649298597194 1.1166332665330658e-06 6.861723446893793e-07 8.30861723446899 1.1269939879759534e-07 1.1269939879759534e-07 1.1269939879759534e-08
0.17799599198396793 7.894188376753504e-06 2.483767535070122e-06 12.757515030060226 2.045811623246491e-07 2.045811623246491e-07 2.045811623246491e-08
0.03262525050100199 7.269939879759517e-06 1.483366733466928e-06 9.851703406813698 2.2259719438877728e-07 2.2259719438877728e-07 2.225971943887773e-08
0.06761523046092188 4.541082164328656e-06 1.0781563126252505e-07 8.889779559118296 4.856312625250523e-07 4.856312625250523e-07 4.856312625250523e-08
0.15274549098196444 1.080961923847695e-06 2.3899799599198225e-06 8.168336673346744 5.973306613226486e-07 5.973306613226486e-07 5.973306613226487e-08
0.07410821643286589 4.826452905811622e-06 3.6873747494989645e-06 5.042084168336686 8.531583166332726e-07 8.531583166332726e-07 8.531583166332725e-08
0.09719438877755568 3.6753507014028044e-07 3.749899799599164e-06 10.653306613226533 4.1356713426853856e-07 4.1356713426853856e-07 4.135671342685386e-08
0.1581563126252509 5.771743486973946e-06 2.7338677354709204e-06 4.881763527054119 1.541362725450902e-07 1.541362725450902e-07 1.541362725450902e-08
0.12641282565130366 6.734869739478956e-06 8.815631262525057e-07 12.737474949899905 4.3338476953907985e-07 4.3338476953907985e-07 4.3338476953907985e-08
0.08781563126252545 5.522044088176351e-06 3.953106212424813e-06 6.444889779559148 1.5412825651302606e-08 1.5412825651302606e-08 1.5412825651302607e-09
0.060761523046092135 1.616032064128256e-06 1.624048096192377e-06 7.967935871743535 3.252885771543092e-07 3.252885771543092e-07 3.252885771543092e-08
0.11342685370741569 5.325851703406812e-06 2.797595190380763e-07 4.160320641282567 8.94595190380768e-07 8.94595190380768e-07 8.94595190380768e-08
0.13687374749499082 5.1474949899799584e-06 1.7490981963927763e-06 6.224448897795618 6.351643286573184e-07 6.351643286573184e-07 6.351643286573184e-08
0.14625250501002068 7.751503006012021e-06 2.343086172344673e-06 5.4629258517034245 5.70306613226456e-07 5.70306613226456e-07 5.70306613226456e-08
0.07843687374749522 2.2224448897795585e-06 1.7803607214428761e-06 5.162324649298611 7.234428857715478e-07 7.234428857715478e-07 7.234428857715478e-08
0.1000801603206419 2.3116232464929853e-06 1.3817635270541036e-06 8.228456913827706 1.6134268537074146e-07 1.6134268537074146e-07 1.6134268537074148e-08
0.04308617234468935 8.197394789579156e-06 3.3200400801602918e-06 12.777555110220547 1.5053306613226456e-07 1.5053306613226456e-07 1.5053306613226457e-08
0.15563126252505055 6.110621242484968e-06 1.9378757515030068e-07 12.256513026052204 3.8834468937875873e-07 3.8834468937875873e-07 3.8834468937875873e-08
0.05174348697394786 4.745490981963926e-07 2.0539078156312496e-06 4.961923847695402 2.5502605210420824e-07 2.5502605210420824e-07 2.5502605210420825e-08
0.17006012024048112 3.7919839679358704e-06 2.7182364729458705e-06 7.667334669338722 1.108977955911825e-07 1.108977955911825e-07 1.108977955911825e-08
0.04164328657314627 3.496993987975951e-07 1.7412825651302514e-06 6.585170340681394 8.20721442885772e-08 8.20721442885772e-08 8.20721442885772e-09
0.0870941883767539 7.858517034068134e-06 3.6795591182364395e-06 11.154308617234555 2.8745490981963944e-07 2.8745490981963944e-07 2.8745490981963943e-08
0.09755511022044146 7.127254509018034e-06 2.4056112224448724e-06 7.827655310621289 1.1450100200400817e-07 1.1450100200400817e-07 1.1450100200400817e-08
0.08673346693386812 8.928657314629255e-06 5.533066132264533e-07 8.028056112224498 3.0727254509018073e-07 3.0727254509018073e-07 3.072725450901807e-08
0.1884569138276551 4.8086172344689366e-06 6.236472945891788e-07 8.649298597194445 6.207515030060156e-07 6.207515030060156e-07 6.207515030060156e-08
0.1783567134268537 2.935871743486973e-06 8.112224448897802e-07 4.100200400801604 2.3881162324649264e-07 2.3881162324649264e-07 2.3881162324649265e-08
0.10260521042084235 1.5803607214428852e-06 2.960521042084144e-06 9.490981963927922 3.50511022044089e-07 3.50511022044089e-07 3.50511022044089e-08
0.07951903807615256 3.042885771543085e-06 2.475951903807597e-06 6.865731462925886 3.1988376753507064e-07 3.1988376753507064e-07 3.1988376753507066e-08
0.082044088176353 6.235470941883766e-06 3.890581162324613e-06 4.661322645290589 6.549819639278597e-07 6.549819639278597e-07 6.549819639278596e-08
0.08384769539078189 5.878757515030058e-06 3.2665330661322666e-07 11.134268537074234 1.0729458917835684e-07 1.0729458917835684e-07 1.0729458917835684e-08
0.04488977955911821 1.3128256513026048e-06 5.376753507014032e-07 11.27454909819648 6.946172344689422e-07 6.946172344689422e-07 6.946172344689423e-08
0.08420841683366767 3.5957915831663314e-06 1.7100200400801515e-06 4.240480961923851 8.1352304609219e-07 8.1352304609219e-07 8.1352304609219e-08
0.03659318637274547 6.271142284569136e-06 4.907815631262529e-07 8.428857715430915 8.675711422845753e-07 8.675711422845753e-07 8.675711422845753e-08
0.1051302605210428 7.519639278557112e-06 9.20641282565131e-07 8.448897795591236 3.4510621242485047e-07 3.4510621242485047e-07 3.4510621242485044e-08
0.1862925851703405 5.815631262525048e-07 7.721442885771549e-07 12.436873747495092 7.288476953907863e-07 7.288476953907863e-07 7.288476953907862e-08
0.19314629258517002 6.342484969939878e-06 3.344689378757517e-07 12.316633266533167 4.946392785571165e-07 4.946392785571165e-07 4.946392785571165e-08
0.11234468937875836 6.128456913827653e-06 4.517034068136276e-07 8.729458917835728 8.837855711422909e-07 8.837855711422909e-07 8.83785571142291e-08
0.03839679358717433 5.646893787575149e-06 5.454909819639283e-07 10.633266533066212 3.1628056112224495e-07 3.1628056112224495e-07 3.1628056112224495e-08
0.07519038076152322 5.5933867735470925e-06 3.101202404809593e-06 5.342685370741499 1.0188977955911835e-07 1.0188977955911835e-07 1.0188977955911835e-08
0.09791583166332724 4.130861723446893e-06 1.5146292585170278e-06 8.9899799599199 3.7753507014028167e-07 3.7753507014028167e-07 3.775350701402817e-08
0.12244488977956014 7.929859719438875e-06 3.0621242484969684e-06 11.815631262525145 8.153246492986028e-07 8.153246492986028e-07 8.153246492986028e-08
0.19891783567134225 8.839478957915829e-06 1.319238476953904e-06 4.741482965931873 4.2436873747494976e-08 4.2436873747494976e-08 4.243687374749497e-09
0.10765531062124324 2.6148296593186365e-06 2.8354709418837448e-06 13.158316633266644 2.766452905811624e-07 2.766452905811624e-07 2.7664529058116236e-08
0.173306613226453 7.876352705410819e-06 1.6084168336673272e-06 8.829659318637333 4.441943887775569e-07 4.441943887775569e-07 4.441943887775569e-08
0.19170340681362696 5.3971943887775535e-06 3.7030060120240144e-06 12.356713426853808 6.820060120240523e-07 6.820060120240523e-07 6.820060120240523e-08
0.02613226452905811 6.663527054108214e-06 3.788977955911789e-06 8.52905811623252 4.7302004008016243e-07 4.7302004008016243e-07 4.7302004008016244e-08
0.10044088176352768 4.790781563126251e-06 1.6162324649298521e-06 7.0060120240481325 3.3249498997996055e-07 3.3249498997996055e-07 3.324949899799606e-08
0.06509018036072144 5.637274549098194e-07 3.3278557114228167e-06 6.064128256513051 6.784028056112266e-07 6.784028056112266e-07 6.784028056112267e-08
0.13867735470941964 7.590981963927853e-06 1.3973947895791535e-06 12.977955911823756 1.5954108216432865e-07 1.5954108216432865e-07 1.5954108216432866e-08
0.031182364729458904 1.0987975951903804e-06 6.47094188376754e-07 8.969939879759579 7.90102204408823e-07 7.90102204408823e-07 7.90102204408823e-08
0.1502204408817641 3.934669338677354e-06 3.3434869739478666e-06 13.919839679358837 2.2079559118236446e-07 2.2079559118236446e-07 2.2079559118236447e-08
0.14733466933867798 2.204609218436873e-06 3.1102204408817654e-07 11.47494989979969 4.964408817635294e-07 4.964408817635294e-07 4.9644088176352934e-08
0.1772745490981964 7.733667334669336e-06 9.519038076152313e-07 13.138276553106323 1.55937875751503e-07 1.55937875751503e-07 1.5593787575150302e-08
0.03983967935871741 2.739679358717434e-06 2.632264529058096e-06 5.863727454909842 1.16302605210421e-07 1.16302605210421e-07 1.16302605210421e-08
0.17078156312625264 1.2058116232464926e-06 2.640080160320621e-06 6.72545090180364 8.441503006012083e-07 8.441503006012083e-07 8.441503006012083e-08
0.09971943887775613 3.274749498997995e-06 2.2102204408817487e-06 13.418837675350815 7.540701402805661e-07 7.540701402805661e-07 7.540701402805661e-08
0.02036072144288577 2.9180360721442877e-06 1.3426853707414788e-06 4.541082164328664 8.171262525050157e-07 8.171262525050157e-07 8.171262525050156e-08
0.04525050100200398 2.3294589178356707e-06 1.162925851703405e-06 11.615230460921936 6.946092184368739e-08 6.946092184368739e-08 6.9460921843687384e-09
0.040200400801603184 3.1498997995991974e-06 2.8823647294588945e-06 7.987975951903856 1.36120240480962e-07 1.36120240480962e-07 1.36120240480962e-08
0.050300601202404774 6.752705410821641e-06 1.2332665330661295e-06 5.883767535070163 4.117655310621257e-07 4.117655310621257e-07 4.117655310621257e-08
0.18701402805611203 1.8478957915831657e-06 3.3356713426853417e-06 7.84769539078161 7.630781563126303e-07 7.630781563126303e-07 7.630781563126303e-08
0.06977955911823655 5.280561122244487e-07 5.06412825651303e-07 13.498997995992099 1.721442885771543e-08 1.721442885771543e-08 1.7214428857715431e-09
0.05138276553106209 6.395991983967934e-06 4.438877755511025e-07 8.268537074148348 7.126252505010022e-08 7.126252505010022e-08 7.126252505010022e-09
0.029018036072144277 5.432865731462924e-06 1.8741482965931755e-06 8.509018036072199 4.603206412825652e-09 4.603206412825652e-09 4.603206412825652e-10
0.19206412825651273 2.6505010020040072e-06 1.5849699398797523e-06 12.276553106212525 7.522685370741533e-07 7.522685370741533e-07 7.522685370741533e-08
0.06292585170340677 6.074949899799597e-06 3.257515030060092e-06 10.252505010020116 1.0549298597194401e-07 1.0549298597194401e-07 1.0549298597194402e-08
0.09322645290581212 5.165330661322644e-06 2.772945891783545e-06 5.8036072144288795 2.69438877755511e-07 2.69438877755511e-07 2.69438877755511e-08
0.10909819639278635 3.328256513026051e-06 2.499398797595172e-06 11.595190380761615 5.540921843687404e-07 5.540921843687404e-07 5.540921843687404e-08
0.161042084168337 7.242484969939877e-07 1.5927855711422773e-06 7.1663326653307 6.404809619238477e-09 6.404809619238477e-09 6.404809619238478e-10
0.1823246492985971 4.184368737474949e-06 2.4212424849699223e-06 5.963927855711447 8.315390781563184e-07 8.315390781563184e-07 8.315390781563185e-08
0.07446893787575166 4.772945891783566e-06 1.2254509018036046e-06 9.591182364729526 7.991102204408872e-07 7.991102204408872e-07 7.991102204408872e-08
0.10368737474949968 4.523246492985971e-06 3.6561122244488647e-06 9.470941883767601 5.504889779559147e-07 5.504889779559147e-07 5.504889779559147e-08
0.12424849699398903 6.003607214428856e-06 2.5697394789578964e-06 4.0 5.396793587174376e-07 5.396793587174376e-07 5.3967935871743763e-08
0.0705010020040081 3.52444889779559e-06 2.171142284569124e-06 12.016032064128353 8.891903807615295e-07 8.891903807615295e-07 8.891903807615294e-08
0.020721442885771543 2.2581162324649292e-06 2.968336673346669e-06 4.360721442885776 5.757114228456945e-07 5.757114228456945e-07 5.757114228456945e-08
0.19458917835671308 1.1701402805611219e-06 1.0925851703406804e-06 10.533066132264608 8.206412825651303e-09 8.206412825651303e-09 8.206412825651303e-10
0.12064128256513125 2.400801603206412e-06 2.2024048096192237e-06 6.985971943887812 5.522905811623275e-07 5.522905811623275e-07 5.5229058116232756e-08
0.16140280561122278 7.777555110220438e-07 7.252505010020046e-07 6.925851703406849 5.793146292585202e-07 5.793146292585202e-07 5.793146292585202e-08
0.06653306613226455 8.999999999999997e-06 2.3587174348697227e-06 7.426853707414871 4.189719438877771e-07 4.189719438877771e-07 4.189719438877771e-08
0.057515030060120195 8.732464929859716e-06 3.8515030060119885e-06 6.645290581162357 3.3609819639278624e-07 3.3609819639278624e-07 3.360981963927862e-08
0.18773547094188356 2.5078156312625243e-06 6.002004008016037e-07 6.6653306613226775 6.910140280561166e-07 6.910140280561166e-07 6.910140280561165e-08
0.16068136272545125 6.7705410821643265e-06 2.5619238476953715e-06 7.947895791583214 1.9737474949899782e-07 1.9737474949899782e-07 1.9737474949899784e-08
0.07735470941883789 2.1154308617234463e-06 2.5631262525050114e-07 13.238476953907927 2.820501002004009e-07 2.820501002004009e-07 2.820501002004009e-08
0.06617234468937877 6.788376753507012e-06 2.5306613226452717e-06 12.17635270541092 8.639679358717496e-07 8.639679358717496e-07 8.639679358717496e-08
0.1632064128256516 2.882364729458917e-06 1.0378757515030057e-06 4.6012024048096265 4.766232464929881e-07 4.766232464929881e-07 4.7662324649298814e-08
0.14661322645290645 5.2188376753507e-06 3.429458917835641e-06 10.893787575150384 1.9917635270541064e-07 1.9917635270541064e-07 1.9917635270541066e-08
0.02324649298597194 6.859719438877753e-06 7.87775551102205e-07 11.374749498998085 6.62188376753511e-07 6.62188376753511e-07 6.62188376753511e-08
0.11450901803607302 2.5256513026052097e-06 2.9539078156312643e-07 12.6372745490983 6.405691382765569e-07 6.405691382765569e-07 6.40569138276557e-08
0.11090180360721524 4.879959919839678e-06 1.475551102204403e-06 4.581162324649306 8.549599198396854e-07 8.549599198396854e-07 8.549599198396854e-08
0.023967935871743482 5.022645290581161e-06 3.5232464929859405e-06 13.599198396793703 8.513567134268597e-07 8.513567134268597e-07 8.513567134268597e-08
0.028657314629258506 3.881162324649298e-06 1.9444889779559003e-06 13.438877755511136 8.74769539078157e-08 8.74769539078157e-08 8.74769539078157e-09
0.12208416833667436 6.877555110220439e-06 1.2344689378757517e-07 6.765531062124282 2.92859719438878e-07 2.92859719438878e-07 2.92859719438878e-08
0.05318637274549094 1.5268537074148291e-06 3.3669338677354415e-06 12.1563126252506 3.9735270541082296e-07 3.9735270541082296e-07 3.9735270541082296e-08
0.10440881763527124 2.489979959919839e-06 2.3821643286572976e-06 9.751503006012094 1.95573146292585e-07 1.95573146292585e-07 1.9557314629258502e-08
0.1621242484969943 3.809819639278556e-06 2.0382765531061997e-06 12.597194388777659 2.2619238476953905e-08 2.2619238476953905e-08 2.2619238476953904e-09
0.19855711422845648 6.699198396793585e-06 7.408817635270547e-07 4.140280561122246 5.270681362725477e-07 5.270681362725477e-07 5.270681362725477e-08
0.10476953907815702 8.857314629258514e-06 1.1082164328657303e-06 9.250501002004071 8.567615230460983e-07 8.567615230460983e-07 8.567615230460983e-08
0.12388777555110325 7.0202404809619216e-06 3.460721442885741e-06 6.004008016032088 5.198617234468963e-07 5.198617234468963e-07 5.198617234468963e-08
0.13326653306613317 8.669338677354706e-07 1.1238476953907802e-06 6.344689378757543 8.423486973947955e-07 8.423486973947955e-07 8.423486973947955e-08
0.06545090180360721 8.803807615230458e-06 2.3286573146292597e-07 13.699398797595308 7.450621242485019e-07 7.450621242485019e-07 7.450621242485019e-08
0.19062124248496967 2.4543086172344682e-06 3.5623246492985653e-06 4.0801603206412835 2.622324649298596e-07 2.622324649298596e-07 2.6223246492985962e-08
0.08456913827655345 7.6088176352705385e-06 3.7264529058115892e-06 8.128256513026102 1.937715430861722e-07 1.937715430861722e-07 1.937715430861722e-08
0.16284569138276583 8.64328657314629e-06 1.96012024048095e-06 7.1863727454910205 5.414809619238505e-07 5.414809619238505e-07 5.4148096192385045e-08
0.09503006012024101 8.571943887775548e-06 1.1004008016032053e-06 8.32865731462931 4.5320240480962114e-07 4.5320240480962114e-07 4.532024048096211e-08
0.08060120240480989 7.038076152304607e-06 3.859318637274513e-06 10.212424849699474 8.099198396793643e-07 8.099198396793643e-07 8.099198396793642e-08
0.15779559118236514 4.3627254509018025e-06 1.975751503006e-06 10.673346693386854 3.8474148296593305e-07 3.8474148296593305e-07 3.84741482965933e-08
0.16753507014028077 3.381763527054107e-06 2.484969939879761e-07 12.416833667334771 7.072284569138322e-07 7.072284569138322e-07 7.072284569138322e-08
0.07591182364729478 6.556513026052102e-06 2.4368737474949722e-06 11.535070140280652 5.216633266533092e-07 5.216633266533092e-07 5.216633266533092e-08
0.18484969939879745 5.058316633266532e-06 2.311823647294573e-06 12.076152304609316 6.74799599198401e-07 6.74799599198401e-07 6.747995991984009e-08
0.10801603206412902 5.807414829659317e-06 2.9214428857715192e-06 4.521042084168343 6.928156312625294e-07 6.928156312625294e-07 6.928156312625294e-08
0.03587174348697393 7.073747494989978e-06 1.803807615230451e-06 6.124248496994014 4.4599599198396976e-07 4.4599599198396976e-07 4.459959919839698e-08
0.09611222444889835 8.054709418837673e-06 2.4068136272545103e-07 7.707414829659363 5.865210420841716e-07 5.865210420841716e-07 5.8652104208417156e-08
0.17691382765531063 1.1523046092184365e-06 1.8507014028056007e-06 5.242484969939895 7.000220440881808e-07 7.000220440881808e-07 7.000220440881808e-08
0.14336673346693457 5.290180360721441e-06 7.174348697394795e-07 10.8136272545091 6.729979959919881e-07 6.729979959919881e-07 6.729979959919881e-08
0.024689378757515024 5.664729458917834e-06 1.0769539078156305e-06 9.390781563126318 1.6854909819639274e-07 1.6854909819639274e-07 1.6854909819639275e-08
0.10657314629258591 7.2164328657314605e-06 2.0617234468937746e-06 10.59318637274557 2.35208416833667e-07 2.35208416833667e-07 2.3520841683366702e-08
0.11378757515030147 7.662324649298595e-06 3.8124248496993637e-06 4.040080160320642 6.892124248497037e-07 6.892124248497037e-07 6.892124248497037e-08
0.11559118236473036 2.96192384769539e-07 3.437274549098166e-06 5.923847695390805 6.369659318637312e-07 6.369659318637312e-07 6.369659318637312e-08
0.14444889779559186 8.312625250500999e-07 1.7334669338677264e-06 10.192384769539153 3.144789579158321e-07 3.144789579158321e-07 3.1447895791583214e-08
0.04633266533066129 6.057114228456912e-06 3.188376753507016e-07 6.384769539078185 9.468336673346702e-08 9.468336673346702e-08 9.468336673346703e-09
0.1660921843687377 4.25571142284569e-06 9.75350701402806e-07 13.659318637274666 3.0006613226452935e-07 3.0006613226452935e-07 3.000661322645293e-08
0.047054108216432834 1.1783567134268536e-07 2.655711422845671e-06 10.753507014028138 1.0008817635270552e-07 1.0008817635270552e-07 1.0008817635270551e-08
0.0640080160320641 2.989378757515029e-06 1.0144288577154309e-06 9.791583166332735 3.901462925851716e-07 3.901462925851716e-07 3.9014629258517155e-08
0.1231663326653317 7.3591182364729435e-06 3.132464929859693e-06 13.05811623246504 4.784248496994009e-07 4.784248496994009e-07 4.784248496994009e-08
0.10873747494990058 1.669539078156312e-06 2.296192384769523e-06 12.496993987976055 4.874328657314651e-07 4.874328657314651e-07 4.874328657314651e-08
0.1812424849699398 6.44949899799599e-06 3.984368737474913e-06 6.404809619238506 9.828657314629269e-08 9.828657314629269e-08 9.828657314629268e-09
0.14589178356713492 6.253306613226451e-06 3.1559118236472678e-06 13.178356713426965 7.504669338677404e-07 7.504669338677404e-07 7.504669338677405e-08
0.050661322645290545 6.931062124248495e-06 1.3907815631262528e-07 7.607214428857759 4.6040080160320626e-08 4.6040080160320626e-08 4.6040080160320626e-09
0.03551102204408816 7.055911823647292e-06 2.5384769539077966e-06 8.148296593186423 5.342745490981991e-07 5.342745490981991e-07 5.342745490981991e-08
0.15058116232464985 2.632665330661322e-06 1.4689378757515034e-07 8.388777555110273 1.847635270541081e-07 1.847635270541081e-07 1.847635270541081e-08
0.15635270541082208 3.853707414829658e-07 2.952705410821619e-06 4.821643286573156 3.829398797595202e-07 3.829398797595202e-07 3.829398797595202e-08
0.053547094188376713 6.21763527054108e-06 1.15511022044088e-06 13.779559118236591 3.70320641282565e-08 3.70320641282565e-08 3.7032064128256502e-09
0.19963927855711378 3.952505010020039e-06 2.0929859719438744e-06 6.705410821643319 8.387374749499004e-08 8.387374749499004e-08 8.387374749499004e-09
0.05823647294589174 1.0631262525050097e-06 1.4364729458917782e-06 9.050100200400863 5.901242484969973e-07 5.901242484969973e-07 5.901242484969973e-08
0.15130260521042138 5.183166332665329e-06 3.5310621242484655e-06 8.809619238477012 2.496212424849697e-07 2.496212424849697e-07 2.496212424849697e-08
0.025050100200400795 4.5589178356713415e-06 1.467735470941878e-06 12.476953907815734 6.27957915831667e-07 6.27957915831667e-07 6.27957915831667e-08
0.07807615230460944 2.3651302605210414e-06 1.491182364729453e-06 13.51903807615242 8.963967935871808e-07 8.963967935871808e-07 8.963967935871808e-08
0.04236472945891781 1.2414829659318633e-06 1.8663326653306506e-06 5.9839679358717675 5.6849699398797574e-08 5.6849699398797574e-08 5.6849699398797575e-09
0.09863727454909879 4.2200400801603196e-06 3.476352705410791e-06 6.565130260521073 4.5860721442885967e-07 4.5860721442885967e-07 4.586072144288597e-08
0.10152304609218502 8.982164328657311e-06 3.109018036072118e-06 11.915831663326749 8.621663326653368e-07 8.621663326653368e-07 8.621663326653368e-08
0.18809619238476932 6.413827655310619e-06 2.7573146292584953e-06 12.537074148296696 2.2800200400801573e-07 2.2800200400801573e-07 2.2800200400801574e-08
0.0672545090180361 1.7765531062124242e-06 2.4290581162324473e-06 13.899799599198516 3.306933867735477e-07 3.306933867735477e-07 3.306933867735477e-08
0.16969939879759535 1.3841683366733462e-06 3.116833667334643e-06 11.354709418837764 8.207294589178414e-07 8.207294589178414e-07 8.207294589178414e-08
0.17150300601202417 5.0048096192384755e-06 1.6709418837675268e-06 10.693386773547175 5.018456913827679e-07 5.018456913827679e-07 5.0184569138276786e-08
0.04957915831663323 8.518436873747492e-06 7.955911823647301e-07 12.61723446893798 4.4239278557114407e-07 4.4239278557114407e-07 4.423927855711441e-08
0.085290581162325 4.398396793587173e-06 1.9523046092184253e-06 10.272545090180436 3.8113827655310736e-07 3.8113827655310736e-07 3.811382765531073e-08
0.043807615230460895 7.430460921843685e-06 2.186773547094174e-06 11.394789579158406 4.568056112224468e-07 4.568056112224468e-07 4.568056112224468e-08
0.027214428857715422 1.5981963927855706e-06 3.969939879759522e-07 11.855711422845786 5.685050100200431e-07 5.685050100200431e-07 5.685050100200431e-08
0.15454909819639326 1.419839679358717e-06 3.1637274549097927e-06 11.795591182364824 4.982424849699422e-07 4.982424849699422e-07 4.982424849699422e-08
0.08997995991984012 1.7943887775551096e-06 3.2106212424849424e-06 6.4849699398797895 5.739098196392817e-07 5.739098196392817e-07 5.7390981963928164e-08
0.0412825651302605 5.415030060120239e-06 8.424849699398804e-07 9.89178356713434 5.612985971943918e-07 5.612985971943918e-07 5.612985971943918e-08
0.16356713426853736 8.250901803607212e-06 1.9132264529058005e-06 6.26452905811626 8.243326653306671e-07 8.243326653306671e-07 8.24332665330667e-08
0.14841683366733527 2.0701402805611217e-07 1.99138276553105e-06 13.619238476954024 4.604088176352725e-07 4.604088176352725e-07 4.604088176352725e-08
0.05895791583166328 4.095190380761522e-06 2.1164328657314492e-06 13.75951903807627 2.3340681362725419e-07 2.3340681362725419e-07 2.334068136272542e-08
0.11883767535070236 2.1332665330661317e-06 1.6252505010020045e-07 13.198396793587285 4.1717034068136425e-07 4.1717034068136425e-07 4.171703406813642e-08
0.10404809619238546 8.625450901803604e-06 3.4060120240480662e-06 6.8256513026052446 1.0909619238476967e-07 1.0909619238476967e-07 1.0909619238476967e-08
0.10729458917835746 7.599198396793584e-07 1.811623246492976e-06 7.146292585170379 6.603867735470982e-07 6.603867735470982e-07 6.603867735470982e-08
0.12172344689378858 8.67895791583166e-06 3.7186372745490643e-06 9.831663326653377 2.982645290581165e-07 2.982645290581165e-07 2.982645290581165e-08
0.1469739478957922 2.5613226452905804e-06 3.4997995991983657e-06 13.098196392785681 4.676152304609239e-07 4.676152304609239e-07 4.676152304609239e-08
0.03298597194388776 6.039278557114227e-06 2.5150300601202218e-06 5.763527054108238 5.432825651302633e-07 5.432825651302633e-07 5.4328256513026334e-08
0.10116232464929924 2.7040080160320633e-06 2.178957915831649e-06 5.543086172344708 1.2350901803607228e-07 1.2350901803607228e-07 1.2350901803607228e-08
0.034068136272545076 8.357915831663324e-06 2.3665330661322477e-06 4.501002004008022 3.342885771543085e-08 3.342885771543085e-08 3.3428857715430854e-09
0.13182364729459012 7.71583166332665e-06 5.767535070140285e-07 7.62725450901808 3.433046092184376e-07 3.433046092184376e-07 3.433046092184376e-08
0.17294589178356723 3.5066132264529046e-06 2.937074148296569e-06 9.571142284569206 8.603647294589239e-07 8.603647294589239e-07 8.60364729458924e-08
0.17511022044088181 6.592184368737473e-06 2.304008016032048e-06 5.943887775551126 8.801823647294652e-07 8.801823647294652e-07 8.801823647294652e-08
0.12929859719438977 2.4721442885771536e-06 3.124649298597168e-06 11.314629258517122 7.486573146292588e-08 7.486573146292588e-08 7.486573146292588e-09
0.18557114228456897 4.9513026052104195e-06 1.5302605210420777e-06 10.052104208416907 3.757334669338688e-07 3.757334669338688e-07 3.757334669338688e-08
0.11955911823647392 3.916833667334668e-06 5.220440881763531e-07 8.589178356713482 1e-09 1e-09 1e-10
0.19603206412825613 8.554108216432863e-06 2.608817635270521e-06 13.639278557114345 4.2978156312625416e-07 4.2978156312625416e-07 4.2978156312625414e-08
0.17979959919839675 6.529058116232462e-07 3.976553106212388e-06 5.903807615230484 1.8116032064128246e-07 1.8116032064128246e-07 1.8116032064128248e-08
0.17547094188376758 8.768136272545087e-06 1.8819639278557005e-06 11.835671342685465 2.6403406813627246e-07 2.6403406813627246e-07 2.6403406813627247e-08
0.17438877755511029 7.840681362725448e-06 3.914028056112188e-06 10.432865731463004 6.675931863727496e-07 6.675931863727496e-07 6.675931863727496e-08
0.025771543086172338 3.4887775551102193e-06 3.422845691382768e-07 11.95591182364739 6.964188376753551e-07 6.964188376753551e-07 6.964188376753551e-08
0.09214428857715479 5.504208416833666e-06 2.9058116232464693e-06 5.683366733466954 6.802044088176395e-07 6.802044088176395e-07 6.802044088176395e-08
0.033707414829659305 6.164128256513024e-06 3.148096192384743e-06 7.8677354709419305 2.262004008016029e-07 2.262004008016029e-07 2.2620040080160293e-08
0.17583166332665334 4.701603206412824e-06 2.139879759519024e-06 12.797595190380868 6.135450901803642e-07 6.135450901803642e-07 6.135450901803643e-08
0.1361523046092193 7.145090180360719e-06 1.7178356713426765e-06 12.056112224448995 8.783807615230524e-07 8.783807615230524e-07 8.783807615230524e-08
0.16032064128256548 3.0607214428857706e-06 2.929258517034044e-06 12.997995991984077 2.0277955911823628e-07 2.0277955911823628e-07 2.027795591182363e-08
0.1761923847695391 4.665931863727454e-06 1.0613226452905806e-06 6.805611222444924 2.442084168336673e-08 2.442084168336673e-08 2.442084168336673e-09
0.1711422845691384 3.577955911823646e-06 3.58577154308614e-06 11.094188376753593 7.919038076152359e-07 7.919038076152359e-07 7.919038076152358e-08
0.02649298597194388 7.44829659318637e-06 1.1160320641282552e-06 9.91182364729466 7.66681362725456e-07 7.66681362725456e-07 7.666813627254561e-08
0.07194388777555122 5.9501002004008e-06 9.83166332665331e-07 5.743486973947917 2.8016032064128258e-09 2.8016032064128258e-09 2.801603206412826e-10
0.0549899799599198 3.2034068136272535e-06 3.60140280561119e-06 9.150300601202467 8.117214428857771e-07 8.117214428857771e-07 8.117214428857772e-08
0.1953106212424846 1.9727454909819634e-06 3.820240480961889e-06 8.669338677354766 1.4332665330661328e-07 1.4332665330661328e-07 1.4332665330661328e-08
0.1339879759519047 1.0452905811623243e-06 1.5537074148296525e-06 9.67134268537081 6.243547094188413e-07 6.243547094188413e-07 6.243547094188413e-08
0.15743486973947937 3.185571142284568e-06 3.452905811623216e-06 8.188376753507065 5.93727454909823e-07 5.93727454909823e-07 5.93727454909823e-08
0.18376753507014015 2.8645290581162316e-06 9.440881763527062e-07 7.6873747494990425 2.4781963927855686e-07 2.4781963927855686e-07 2.4781963927855688e-08
0.18881763527054085 7.466132264529056e-06 2.9136272545089943e-06 6.424849699398827 5.919258517034101e-07 5.919258517034101e-07 5.919258517034101e-08
0.16645290581162347 1.7052104208416828e-06 6.705410821643292e-07 13.31863727454921 4.081623246493e-07 4.081623246493e-07 4.081623246493e-08
0.19783567134268495 4.98697394789579e-06 9.597194388777562e-07 9.871743486974019 1.649458917835671e-07 1.649458917835671e-07 1.649458917835671e-08
0.11739478957915925 6.288977955911822e-06 3.828056112224414e-06 6.084168336673372 1.8656513026052092e-07 1.8656513026052092e-07 1.8656513026052093e-08
0.07266533066132277 1.3306613226452901e-06 2.7026052104208206e-06 5.723446893787596 4.387895791583184e-07 4.387895791583184e-07 4.387895791583184e-08
0.1974749498997992 1.0096192384769536e-06 2.155511022044074e-06 7.40681362725455 6.657915831663367e-07 6.657915831663367e-07 6.657915831663367e-08
0.167174348697395 6.092785571142283e-06 1.999198396793575e-06 5.262525050100216 5.576953907815661e-07 5.576953907815661e-07 5.576953907815661e-08
0.02288577154308617 6.9667334669338655e-06 2.2336673346693235e-06 10.412825651302683 8.819839679358781e-07 8.819839679358781e-07 8.81983967935878e-08
0.09142284569138323 5.093987975951902e-06 1.2176352705410796e-06 13.478957915831778 6.459739478957954e-07 6.459739478957954e-07 6.459739478957954e-08
0.13579158316633352 4.4162324649298586e-06 6.939879759519044e-07 6.545090180360752 1.9196993987975937e-07 1.9196993987975937e-07 1.919699398797594e-08
0.029378757515030048 6.6813627254509e-06 5.14228456913828e-07 8.348697394789632 3.216853707414835e-07 3.216853707414835e-07 3.216853707414835e-08
0.0903406813627259 5.860921843687373e-06 1.7725450901803512e-06 11.434869739479048 3.73931863727456e-07 3.73931863727456e-07 3.73931863727456e-08
0.15959919839679396 5.7895791583166315e-06 3.0855711422845432e-06 5.603206412825671 2.802404809619238e-08 2.802404809619238e-08 2.802404809619238e-09
0.05607214428857711 2.0262525050100195e-06 3.5010020040080183e-07 13.939879759519158 4.31583166332667e-07 4.31583166332667e-07 4.31583166332667e-08
0.19494989979959884 8.94649298597194e-06 1.0535070140280556e-06 12.85771543086183 7.342525050100248e-07 7.342525050100248e-07 7.342525050100248e-08
0.05679358717434865 3.774148296593185e-06 1.8194388777555009e-06 5.6232464929859916 7.270460921843735e-07 7.270460921843735e-07 7.270460921843734e-08
0.04849699398797592 5.611222444889778e-06 2.288376753506998e-06 8.008016032064177 1.75755511022044e-07 1.75755511022044e-07 1.7575551102204402e-08
0.054268537074148256 7.626653306613224e-06 3.5545090180360403e-06 13.038076152304718 4.784168336673345e-08 4.784168336673345e-08 4.784168336673345e-09
0.18196392785571133 3.6492985971943875e-06 1.1707414829659299e-06 11.054108216432951 6.189498997996028e-07 6.189498997996028e-07 6.189498997996028e-08
0.17655310621242487 3.7028056112224436e-06 2.671342685370721e-06 9.991983967935944 2.7484368737474953e-07 2.7484368737474953e-07 2.7484368737474954e-08
0.07482965931863744 7.537474949899797e-06 7.565130260521048e-07 11.234468937875839 5.162585170340706e-07 5.162585170340706e-07 5.162585170340707e-08
0.17366733466933876 3.318637274549097e-07 1.2801603206412792e-06 10.57314629258525 7.32450901803612e-07 7.32450901803612e-07 7.32450901803612e-08
0.16392785571142313 8.17955911823647e-06 1.3348697394789539e-06 7.046092184368774 1.5773947895791583e-07 1.5773947895791583e-07 1.5773947895791584e-08
0.1033266533066139 4.451903807615229e-06 2.5228456913827467e-06 10.873747494990063 6.874108216432909e-07 6.874108216432909e-07 6.874108216432909e-08
0.14120240480961999 7.376953907815629e-06 3.898396793587138e-06 7.126252505010058 5.486873747495018e-07 5.486873747495018e-07 5.4868737474950186e-08
0.12028056112224547 4.1665330661322635e-06 1.7815631262525057e-07 6.3246492985972225 7.756893787575203e-07 7.756893787575203e-07 7.756893787575203e-08
0.11270541082164413 8.661122244488975e-06 2.616633266533046e-06 9.731462925851773 5.14448897795591e-08 5.14448897795591e-08 5.14448897795591e-09
0.08132264529058145 2.846693386773546e-06 3.2340681362725173e-06 5.36272545090182 7.360541082164377e-07 7.360541082164377e-07 7.360541082164376e-08
0.0362324649298597 4.006012024048095e-06 2.8979959919839444e-06 7.106212424849737 7.720861723446946e-07 7.720861723446946e-07 7.720861723446945e-08
0.15382765531062173 8.964328657314626e-06 3.609218436873715e-06 7.086172344689416 7.846973947895845e-07 7.846973947895845e-07 7.846973947895845e-08
0.06148296593186368 7.68016032064128e-06 1.547094188376754e-07 13.859719438877875 1.4152505010020047e-07 1.4152505010020047e-07 1.4152505010020046e-08
0.14192384769539151 2.1689378757515024e-06 3.61703406813624e-06 11.174348697394876 7.162364729458964e-07 7.162364729458964e-07 7.162364729458964e-08
0.05210420841683363 3.0072144288577145e-06 1.1863727454909798e-06 10.613226452905892 6.297595190380798e-07 6.297595190380798e-07 6.297595190380798e-08
0.08276553106212456 1.6517034068136267e-06 3.1793587174348426e-06 13.579158316633382 7.738877755511074e-07 7.738877755511074e-07 7.738877755511074e-08
0.1379559118236481 8.304408817635268e-06 1.6787575150300517e-06 4.641282565130268 7.846893787575154e-08 7.846893787575154e-08 7.846893787575155e-09
0.1018837675350708 2.7218436873747487e-06 4.0480961923847723e-07 10.232464929859795 5.252665330661349e-07 5.252665330661349e-07 5.252665330661349e-08
0.13254509018036165 1.8835671342685364e-06 3.781162324649264e-06 7.747494989980005 2.568276553106211e-07 2.568276553106211e-07 2.568276553106211e-08
0.03911823647294587 6.645691382765529e-06 2.0304609218436748e-06 9.330661322645355 8.657695390781625e-07 8.657695390781625e-07 8.657695390781625e-08
0.16681362725450924 5.967935871743485e-06 3.63266533066129e-06 7.066132264529095 1.3071543086172356e-07 1.3071543086172356e-07 1.3071543086172355e-08
0.044168336673346666 6.306813627254507e-06 1.13947895791583e-06 11.114228456913914 7.648797595190432e-07 7.648797595190432e-07 7.648797595190431e-08
0.06004008016032059 9.561122244488975e-07 3.312224448897767e-06 7.887775551102251 5.883226452905844e-07 5.883226452905844e-07 5.8832264529058445e-08
0.10693386773547169 7.394789579158314e-06 5.845691382765536e-07 10.953907815631347 6.567835671342725e-07 6.567835671342725e-07 6.567835671342725e-08
0.07663326653306633 5.71823647294589e-06 3.9999999999999625e-06 8.929859719438937 8.855871743487038e-07 8.855871743487038e-07 8.855871743487038e-08
0.078797595190381 3.7563126252504997e-06 2.8757515030060137e-07 10.853707414829742 8.729759519038139e-07 8.729759519038139e-07 8.729759519038138e-08
0.18052104208416828 2.596993987975951e-06 3.921843687374713e-06 4.280561122244492 2.5142284569138255e-07 2.5142284569138255e-07 2.5142284569138254e-08
0.17258517034068147 9.026052104208413e-07 1.5068136272545028e-06 12.557114228457017 7.09030060120245e-07 7.09030060120245e-07 7.09030060120245e-08
0.13543086172344776 4.469739478957915e-06 1.5615230460921775e-06 11.655310621242577 5.108537074148321e-07 5.108537074148321e-07 5.108537074148321e-08
0.13074148296593283 5.468537074148295e-06 3.4841683366733158e-06 9.130260521042146 5.847194388777587e-07 5.847194388777587e-07 5.8471943887775875e-08
0.1148697394789588 1.9192384769539073e-06 3.6404809619238148e-06 12.657314629258622 3.523046092184368e-08 3.523046092184368e-08 3.5230460921843676e-09
0.0387575150300601 4.630260521042083e-06 1.6553106212424769e-06 6.50501002004011 4.42384769539078e-08 4.42384769539078e-08 4.42384769539078e-09
0.16861723446893806 3.1677354709418827e-06 8.893787575150308e-07 10.11222444889787 5.3246492985971924e-08 5.3246492985971924e-08 5.324649298597192e-09
0.061122244488977906 1.277154308617234e-06 1.459919839679353e-06 4.22044088176353 1.8836673346693373e-07 1.8836673346693373e-07 1.8836673346693375e-08
0.10621242484970013 8.161723446893785e-06 2.8745490981963695e-06 10.733466933867817 4.89234468937878e-07 4.89234468937878e-07 4.89234468937878e-08
0.07338677354709433 2.347294589178356e-06 2.82765531062122e-06 7.567134268537117 2.8024849699398806e-07 2.8024849699398806e-07 2.8024849699398806e-08
0.09539078156312679 1.1344689378757512e-06 3.624849699398765e-06 13.53907815631274 6.441723446893826e-07 6.441723446893826e-07 6.441723446893826e-08
0.18448897795591168 5.272344689378756e-06 2.7494989979959703e-06 6.1442885771543345 3.108757515030064e-07 3.108757515030064e-07 3.1087575150300643e-08
0.1902605210420839 2.783567134268536e-07 3.6482965931863397e-06 8.609218436873803 2.532244488977954e-07 2.532244488977954e-07 2.532244488977954e-08
0.13218436873747588 7.965531062124246e-06 2.0070140280561e-06 9.69138276553113 6.225531062124285e-07 6.225531062124285e-07 6.225531062124285e-08
0.03226452905811622 2.6683366733466926e-06 3.593587174348665e-06 11.49498997996001 2.243987975951901e-07 2.243987975951901e-07 2.243987975951901e-08
0.1924248496993985 6.172344689378755e-07 2.0160320641282574e-07 10.452905811623324 4.0095591182364865e-07 4.0095591182364865e-07 4.0095591182364866e-08
0.13146292585170435 3.239078156312624e-06 3.2418837675350423e-06 5.202404809619253 2.8385170340681375e-07 2.8385170340681375e-07 2.8385170340681377e-08
0.03154308617234468 5.236673346693385e-06 1.795991983967926e-06 9.23046092184375 8.081182364729515e-07 8.081182364729515e-07 8.081182364729514e-08
0.16464929859719465 1e-07 1.311422845691379e-06 9.070140280561183 2.0097795591182346e-07 2.0097795591182346e-07 2.0097795591182347e-08
0.047775551102204376 5.753907815631261e-06 2.3509018036071978e-06 9.711422845691452 1.343186372745492e-07 1.343186372745492e-07 1.3431863727454919e-08
0.047414829659318605 4.041683366733466e-06 1.5380761523046026e-06 9.410821643286639 6.711963927855753e-07 6.711963927855753e-07 6.711963927855753e-08
0.11847695390781658 6.610020040080158e-06 6.39278557114229e-07 9.030060120240542 8.981983967935937e-07 8.981983967935937e-07 8.981983967935937e-08
0.1873747494989978 5.9857715430861705e-06 1.8897795591182254e-06 13.819639278557233 3.415030060120248e-07 3.415030060120248e-07 3.415030060120248e-08
0.1682565130260523 5.379358717434868e-06 3.6951903807614894e-06 4.721442885771552 1.2170741482965947e-07 1.2170741482965947e-07 1.2170741482965946e-08
0.10224448897795657 6.913226452905809e-06 2.8667334669338446e-06 5.703406813627275 5.594969939879789e-07 5.594969939879789e-07 5.594969939879789e-08
0.135070140280562 8.536272545090177e-06 3.906212424849663e-06 6.104208416833693 5.306713426853734e-07 5.306713426853734e-07 5.306713426853734e-08
0.15346693386773597 8.696793587174346e-06 2.819839679358695e-06 6.94589178356717 7.486653306613276e-07 7.486653306613276e-07 7.486653306613276e-08
0.027935871743486964 2.2759519038076146e-06 2.6010020040079962e-06 12.116232464929958 7.55871743486979e-07 7.55871743486979e-07 7.558717434869789e-08
0.1480561122244495 6.1819639278557095e-06 2.944889779559094e-06 4.621242484969947 1.7755711422845683e-07 1.7755711422845683e-07 1.7755711422845684e-08
0.13831663326653387 7.234268537074146e-06 2.5541082164328465e-06 6.184368737474976 8.279358717434927e-07 8.279358717434927e-07 8.279358717434927e-08
0.06184368737474945 2.426853707414829e-07 2.983967935871719e-06 6.204408817635297 3.342965931863734e-07 3.342965931863734e-07 3.342965931863734e-08
0.14156312625250575 6.485170340681361e-06 1.8975951903807504e-06 9.531062124248564 3.0366933867735504e-07 3.0366933867735504e-07 3.03669338677355e-08
0.17763527054108216 6.520841683366731e-06 1.0300601202404808e-06 9.350701402805676 6.838076152304652e-07 6.838076152304652e-07 6.838076152304651e-08
0.16248496993988007 3.9703406813627245e-06 2.327454909819623e-06 5.302605210420857 5.12655310621245e-07 5.12655310621245e-07 5.1265531062124497e-08
0.1693386773547096 3.417434869739478e-06 3.992184368737438e-06 12.897795591182472 6.766012024048138e-07 6.766012024048138e-07 6.766012024048139e-08
0.08565130260521078 8.233066132264526e-06 1.2957915831663291e-06 7.587174348697438 8.189278557114285e-07 8.189278557114285e-07 8.189278557114285e-08
0.11667334669338769 5.825250501002002e-06 4.985971943887779e-07 5.322645290581178 2.856533066132266e-07 2.856533066132266e-07 2.856533066132266e-08
0.10945891783567213 4.023847695390781e-06 3.032064128256515e-07 4.300601202404813 3.054709418837679e-07 3.054709418837679e-07 3.054709418837679e-08
0.030821643286573133 1.4911823647294584e-06 2.147695390781549e-06 5.14228456913829 4.514008016032083e-07 4.514008016032083e-07 4.514008016032083e-08
0.08853707414829701 3.5422845691382754e-06 1.639679358717427e-06 7.466933867735513 4.225751503006028e-07 4.225751503006028e-07 4.225751503006028e-08
0.09070140280561168 3.470941883767534e-06 1.6631262525050018e-06 11.69539078156322 7.378557114228505e-07 7.378557114228505e-07 7.378557114228505e-08
0.03010020040080159 8.500601202404807e-06 1.1563126252505011e-07 4.060120240480963 1.4873146292585174e-07 1.4873146292585174e-07 1.4873146292585173e-08
0.11018036072144369 6.021442885771541e-06 8.034068136272552e-07 12.817635270541189 3.3970140280561193e-07 3.3970140280561193e-07 3.397014028056119e-08
0.11054108216432947 3.3639278557114217e-06 3.6717434869739146e-06 10.152304609218511 1.1809619238476955e-08 1.1809619238476955e-08 1.1809619238476954e-09
0.021803607214428856 6.6278557114228436e-06 2.647895791583146e-06 8.76953907815637 8.351422845691441e-07 8.351422845691441e-07 8.351422845691441e-08
0.1642885771543089 6.984569138276551e-06 3.0464929859719185e-06 4.761523046092194 5.072505010020064e-07 5.072505010020064e-07 5.0725050100200645e-08
0.08096192384769567 4.915631262525049e-06 5.923847695390786e-07 13.839679358717554 1.1810420841683383e-07 1.1810420841683383e-07 1.1810420841683383e-08
0.13362725450901894 6.3781563126252485e-06 3.8436873747494635e-06 13.118236472946002 6.117434869739514e-07 6.117434869739514e-07 6.117434869739513e-08
0.07627254509018055 5.932264529058114e-06 2.79639278557112e-06 4.4208416833667386 2.784468937875752e-07 2.784468937875752e-07 2.784468937875752e-08
0.13939879759519117 6.146292585170339e-06 6.080160320641287e-07 12.136272545090279 5.288697394789606e-07 5.288697394789606e-07 5.288697394789605e-08
0.1430060120240488 7.420841683366731e-07 2.624448897795571e-06 8.949899799599258 4.3698797595190554e-07 4.3698797595190554e-07 4.3698797595190555e-08
0.040921843687374726 2.151102204408817e-06 2.2505010020040091e-07 4.90180360721444 3.595190380761532e-07 3.595190380761532e-07 3.5951903807615325e-08
0.09178356713426901 6.8240480961923826e-06 6.783567134268542e-07 4.380761523046097 6.081402805611257e-07 6.081402805611257e-07 6.081402805611257e-08
0.15490981963927902 4.0320641282565117e-07 3.273146292585142e-06 5.442885771543104 2.4241482965931833e-07 2.4241482965931833e-07 2.4241482965931832e-08
0.11919839679358814 8.072545090180358e-06 3.757715430861689e-06 8.408817635270594 2.7124048096192384e-07 2.7124048096192384e-07 2.7124048096192384e-08
0.11126252505010102 7.955911823647291e-07 3.140280561122218e-06 8.74949899799605 4.910360721442908e-07 4.910360721442908e-07 4.910360721442908e-08
0.1451703406813634 2.79318637274549e-06 9.98797595190381e-07 13.799599198396912 4.55004008016034e-07 4.55004008016034e-07 4.55004008016034e-08
0.12749498997996095 7.94769539078156e-06 1.2098196392785547e-06 9.811623246493056 5.955290581162358e-07 5.955290581162358e-07 5.955290581162358e-08
0.11703406813627347 4.344889779559117e-06 1.3661322645290537e-06 10.35270541082172 8.045150300601258e-07 8.045150300601258e-07 8.045150300601258e-08
0.17907815631262522 4.648096192384768e-06 2.2571142284568984e-06 4.180360721442888 9.288176352705419e-08 9.288176352705419e-08 9.28817635270542e-09
0.03803607214428856 1.7408817635270535e-06 1.6865731462925767e-06 8.909819639278616 6.765931863727455e-08 6.765931863727455e-08 6.765931863727456e-09
0.1592384769539082 1.7134268537074145e-07 1.2410821643286545e-06 11.334669338677443 7.054268537074193e-07 7.054268537074193e-07 7.054268537074193e-08
0.12172344689378858 3.185571142284568e-06 2.944889779559094e-06 5.102204408817649 8.927855711422853e-08 8.927855711422853e-08 8.927855711422852e-09
0.12460921843687481 5.637274549098194e-07 3.5623246492985653e-06 8.448897795591236 7.55871743486979e-07 7.55871743486979e-07 7.558717434869789e-08
0.13038076152304706 8.090380761523043e-06 1.3661322645290537e-06 12.537074148296696 1.4692985971943892e-07 1.4692985971943892e-07 1.4692985971943892e-08
0.04849699398797592 7.751503006012021e-06 6.705410821643292e-07 12.717434869739584 5.558937875751532e-07 5.558937875751532e-07 5.558937875751532e-08
0.09070140280561168 8.892985971943885e-06 4.829659318637278e-07 8.268537074148348 6.153466933867771e-07 6.153466933867771e-07 6.153466933867771e-08
0.02685370741482965 4.25571142284569e-06 3.6795591182364395e-06 4.280561122244492 4.189719438877771e-07 4.189719438877771e-07 4.189719438877771e-08
0.03587174348697393 7.626653306613224e-06 9.20641282565131e-07 9.190380761523109 7.216412825651349e-07 7.216412825651349e-07 7.21641282565135e-08
0.1642885771543089 1.1166332665330658e-06 7.721442885771549e-07 9.130260521042146 1.5954108216432865e-07 1.5954108216432865e-07 1.5954108216432866e-08
0.19458917835671308 2.935871743486973e-06 2.7182364729458705e-06 6.525050100200431 6.802044088176395e-07 6.802044088176395e-07 6.802044088176395e-08
0.13579158316633352 2.4721442885771536e-06 3.5232464929859405e-06 7.62725450901808 7.414589178356762e-07 7.414589178356762e-07 7.414589178356762e-08
0.1502204408817641 2.3651302605210414e-06 3.593587174348665e-06 7.987975951903856 8.927935871743551e-07 8.927935871743551e-07 8.927935871743552e-08
0.14841683366733527 5.629058116232463e-06 3.577955911823615e-06 13.458917835671457 3.0366933867735504e-07 3.0366933867735504e-07 3.03669338677355e-08
0.14372745490982033 7.252104208416831e-06 1.327054108216429e-06 13.398797595190494 8.603647294589239e-07 8.603647294589239e-07 8.60364729458924e-08
0.12280561122244592 4.879959919839678e-06 2.991783567134244e-06 11.675350701402898 7.180380761523092e-07 7.180380761523092e-07 7.180380761523092e-08
0.16681362725450924 2.7218436873747487e-06 1.6006012024048022e-06 10.35270541082172 7.486653306613276e-07 7.486653306613276e-07 7.486653306613276e-08
0.13182364729459012 3.1677354709418827e-06 1.7178356713426765e-06 10.052104208416907 4.820280561122266e-07 4.820280561122266e-07 4.820280561122266e-08
0.15563126252505055 2.0262525050100195e-06 3.429458917835641e-06 4.060120240480963 4.7302004008016243e-07 4.7302004008016243e-07 4.7302004008016244e-08
0.09647294589178412 3.0963927855711413e-06 1.8350701402805508e-06 12.116232464929958 9.468336673346702e-08 9.468336673346702e-08 9.468336673346703e-09
0.12677354709418942 4.5589178356713415e-06 1.8663326653306506e-06 9.851703406813698 4.784168336673345e-08 4.784168336673345e-08 4.784168336673345e-09
0.19206412825651273 8.072545090180358e-06 2.5541082164328465e-06 10.492985971943966 1.5053306613226456e-07 1.5053306613226456e-07 1.5053306613226457e-08
0.09466933867735523 7.038076152304607e-06 1.5302605210420777e-06 7.386773547094229 3.1267735470941926e-07 3.1267735470941926e-07 3.1267735470941925e-08
0.03010020040080159 8.999999999999997e-06 1.6162324649298521e-06 8.589178356713482 5.757114228456945e-07 5.757114228456945e-07 5.757114228456945e-08
0.057515030060120195 4.5671342685370725e-07 3.422845691382768e-07 13.799599198396912 8.47753507014034e-07 8.47753507014034e-07 8.477535070140341e-08
0.1430060120240488 1.5090180360721438e-06 2.7494989979959703e-06 12.61723446893798 5.14448897795591e-08 5.14448897795591e-08 5.14448897795591e-09
0.19494989979959884 1.7587174348697389e-06 2.7104208416833456e-06 9.751503006012094 8.765791583166395e-07 8.765791583166395e-07 8.765791583166396e-08
0.13867735470941964 8.322244488977953e-06 1.1563126252505011e-07 11.615230460921936 6.243547094188413e-07 6.243547094188413e-07 6.243547094188413e-08
0.07807615230460944 1.6517034068136267e-06 2.9136272545089943e-06 13.779559118236591 3.829398797595202e-07 3.829398797595202e-07 3.829398797595202e-08
0.06256513026052099 5.111823647294588e-06 1.3348697394789539e-06 8.028056112224498 8.045150300601258e-07 8.045150300601258e-07 8.045150300601258e-08
0.06689378757515033 6.074949899799597e-06 2.2180360721442736e-06 11.074148296593272 8.206412825651303e-09 8.206412825651303e-09 8.206412825651303e-10
0.1823246492985971 1.1701402805611219e-06 1.975751503006e-06 12.236472945891883 5.739098196392817e-07 5.739098196392817e-07 5.7390981963928164e-08
0.06617234468937877 4.077354709418837e-06 4.282565130260524e-07 13.939879759519158 4.279799599198413e-07 4.279799599198413e-07 4.279799599198413e-08
0.03154308617234468 3.6753507014028044e-07 8.034068136272552e-07 8.9899799599199 3.4870941883767615e-07 3.4870941883767615e-07 3.4870941883767614e-08
0.08565130260521078 7.242484969939877e-07 1.3817635270541036e-06 6.785571142284603 7.468637274549147e-07 7.468637274549147e-07 7.468637274549147e-08
0.054268537074148256 2.7753507014028048e-06 8.190380761523053e-07 11.01402805611231 3.0727254509018073e-07 3.0727254509018073e-07 3.072725450901807e-08
0.10080160320641346 1.6873747494989974e-06 2.163326653306599e-06 11.434869739479048 6.784028056112266e-07 6.784028056112266e-07 6.784028056112267e-08
0.07302605210420855 5.807414829659317e-06 9.284569138276561e-07 6.545090180360752 6.063386773547129e-07 6.063386773547129e-07 6.063386773547129e-08
0.07086172344689388 5.967935871743485e-06 1.5224448897795527e-06 9.43086172344696 4.0996392785571287e-07 4.0996392785571287e-07 4.099639278557129e-08
0.034068136272545076 1.3484969939879755e-06 1.13947895791583e-06 6.444889779559148 8.783807615230524e-07 8.783807615230524e-07 8.783807615230524e-08
0.10224448897795657 7.420841683366731e-07 2.788577154308595e-06 11.795591182364824 5.793146292585202e-07 5.793146292585202e-07 5.793146292585202e-08
0.09142284569138323 5.102204408817633e-07 1.7100200400801515e-06 10.993987975951988 3.865430861723459e-07 3.865430861723459e-07 3.865430861723459e-08
0.027575150300601193 2.79318637274549e-06 3.468537074148266e-06 9.01002004008022 8.621663326653368e-07 8.621663326653368e-07 8.621663326653368e-08
0.13254509018036165 6.529058116232462e-07 3.0230460921843436e-06 11.47494989979969 2.262004008016029e-07 2.262004008016029e-07 2.2620040080160293e-08
0.08024048096192411 3.853707414829658e-07 2.5697394789578964e-06 5.603206412825671 1.9917635270541064e-07 1.9917635270541064e-07 1.9917635270541066e-08
0.08312625250501034 3.7563126252504997e-06 3.0855711422845432e-06 9.290581162324713 3.4510621242485047e-07 3.4510621242485047e-07 3.4510621242485044e-08
0.19711422845691343 8.482765531062121e-06 2.8979959919839444e-06 5.8236472945892 8.297374749499056e-07 8.297374749499056e-07 8.297374749499056e-08
0.06328657314629255 5.5933867735470925e-06 3.890581162324613e-06 11.895791583166428 2.081763527054108e-08 2.081763527054108e-08 2.081763527054108e-09
0.13218436873747588 1.5625250501001999e-06 2.929258517034044e-06 8.188376753507065 8.387454909819698e-07 8.387454909819698e-07 8.387454909819699e-08
0.16789579158316653 1.473346693386773e-06 2.3899799599198225e-06 6.164328657314655 4.0095591182364865e-07 4.0095591182364865e-07 4.0095591182364866e-08
0.17547094188376758 2.426853707414829e-07 3.874949899799563e-06 6.404809619238506 6.838076152304652e-07 6.838076152304652e-07 6.838076152304651e-08
0.050661322645290545 6.164128256513024e-06 3.273146292585142e-06 8.569138276553161 8.495551102204469e-07 8.495551102204469e-07 8.495551102204469e-08
0.08745490981963967 4.327054108216432e-06 3.61703406813624e-06 9.91182364729466 4.9643286573146275e-08 4.9643286573146275e-08 4.964328657314628e-09
0.16969939879759535 1.1344689378757512e-06 3.58577154308614e-06 13.478957915831778 3.469078156312633e-07 3.469078156312633e-07 3.469078156312633e-08
0.18448897795591168 8.312625250500999e-07 3.5154308617234156e-06 12.016032064128353 2.243987975951901e-07 2.243987975951901e-07 2.243987975951901e-08
0.037314629258517015 6.734869739478956e-06 2.7573146292584953e-06 5.182364729458932 1.1450100200400817e-07 1.1450100200400817e-07 1.1450100200400817e-08
0.1852104208416832 4.095190380761522e-06 2.6791583166332457e-06 11.314629258517122 3.523046092184368e-08 3.523046092184368e-08 3.5230460921843676e-09
0.17402805611222452 6.6813627254509e-06 3.742084168336639e-06 13.018036072144398 4.2617835671342847e-07 4.2617835671342847e-07 4.2617835671342844e-08
0.033707414829659305 3.577955911823646e-06 2.608817635270521e-06 5.563126252505029 8.009118236473001e-07 8.009118236473001e-07 8.009118236473e-08
0.03515030060120239 5.2188376753507e-06 3.796793587174314e-06 9.651302605210489 2.604308617234468e-07 2.604308617234468e-07 2.6043086172344677e-08
0.07122244488977966 4.98697394789579e-06 2.1945891783566988e-06 10.11222444889787 6.946172344689422e-07 6.946172344689422e-07 6.946172344689423e-08
0.047775551102204376 3.4887775551102193e-06 5.689378757515034e-07 9.931863727454981 4.838296593186394e-07 4.838296593186394e-07 4.838296593186394e-08
0.12569138276553213 2.2937875751503e-06 3.312224448897767e-06 11.054108216432951 1.7035070140280555e-07 1.7035070140280555e-07 1.7035070140280557e-08
0.10765531062124324 6.984569138276551e-06 3.0386773547093935e-06 4.0801603206412835 1.8296192384769528e-07 1.8296192384769528e-07 1.829619238476953e-08
0.072304609218437 2.6505010020040072e-06 1.2567134268537044e-06 10.693386773547175 1.9196993987975937e-07 1.9196993987975937e-07 1.919699398797594e-08
0.085290581162325 7.955911823647291e-07 3.820240480961889e-06 8.76953907815637 2.946613226452908e-07 2.946613226452908e-07 2.946613226452908e-08
0.1440881763527061 1.7134268537074145e-07 4.126252505010023e-07 5.1222444889779695 5.631002004008046e-07 5.631002004008046e-07 5.631002004008046e-08
0.12064128256513125 7.91202404809619e-06 3.413827655310591e-06 13.29859719438889 8.963967935871808e-07 8.963967935871808e-07 8.963967935871808e-08
0.128937875751504 3.7919839679358704e-06 1.6865731462925767e-06 12.657314629258622 7.973086172344744e-07 7.973086172344744e-07 7.973086172344744e-08
0.14156312625250575 4.434068136272544e-06 1.8585170340681256e-06 13.07815631262536 5.504889779559147e-07 5.504889779559147e-07 5.504889779559147e-08
0.06292585170340677 8.821643286573143e-06 3.124649298597168e-06 12.597194388777659 3.252885771543092e-07 3.252885771543092e-07 3.252885771543092e-08
0.1300200400801613 8.982164328657311e-06 2.8901803607214194e-06 7.246492985971983 5.504809619238475e-08 5.504809619238475e-08 5.504809619238475e-09
0.10116232464929924 4.969138276553105e-06 4.985971943887779e-07 12.737474949899905 7.252444889779606e-07 7.252444889779606e-07 7.252444889779606e-08
0.02 5.290180360721441e-06 1.5458917835671276e-06 12.256513026052204 6.657915831663367e-07 6.657915831663367e-07 6.657915831663367e-08
0.167174348697395 1.9192384769539073e-06 1.0691382765531055e-06 5.422845691382783 6.225450901803606e-08 6.225450901803606e-08 6.225450901803606e-09
0.11378757515030147 2.1154308617234463e-06 1.3583166332665287e-06 7.086172344689416 3.883366733466933e-08 3.883366733466933e-08 3.883366733466933e-09
0.06653306613226455 1e-07 1.4052104208416784e-06 5.723446893787596 6.405611222444889e-08 6.405611222444889e-08 6.405611222444889e-09
0.024328657314629253 8.67895791583166e-06 2.0160320641282574e-07 9.711422845691452 3.8834468937875873e-07 3.8834468937875873e-07 3.8834468937875873e-08
0.13831663326653387 2.5613226452905804e-06 8.346693386773554e-07 6.364729458917864 6.675931863727496e-07 6.675931863727496e-07 6.675931863727496e-08
0.10152304609218502 1.812224448897795e-06 3.0777555110220183e-06 12.076152304609316 2.1899398797595164e-07 2.1899398797595164e-07 2.1899398797595165e-08
0.11523046092184458 8.928657314629255e-06 2.483767535070122e-06 7.466933867735513 3.757334669338688e-07 3.757334669338688e-07 3.757334669338688e-08
0.1116232464929868 1.5350701402805608e-07 8.503006012024055e-07 12.036072144288674 4.514008016032083e-07 4.514008016032083e-07 4.514008016032083e-08
0.028296593186372735 6.88577154308617e-07 3.5010020040080183e-07 6.284569138276581 3.2889178356713487e-07 3.2889178356713487e-07 3.288917835671349e-08
0.13146292585170435 4.023847695390781e-06 1.8272545090180258e-06 11.735470941883861 3.054709418837679e-07 3.054709418837679e-07 3.054709418837679e-08
0.04921843687374746 2.347294589178356e-06 9.362725450901811e-07 4.020040080160321 8.117214428857771e-07 8.117214428857771e-07 8.117214428857772e-08
0.05823647294589174 6.413827655310619e-06 3.140280561122218e-06 12.496993987976055 8.981983967935937e-07 8.981983967935937e-07 8.981983967935937e-08
0.11414829659318725 7.305611222444887e-06 3.749899799599164e-06 6.424849699398827 3.415030060120248e-07 3.415030060120248e-07 3.415030060120248e-08
0.18304609218436863 4.0320641282565117e-07 1.647494989979952e-06 9.69138276553113 3.8474148296593305e-07 3.8474148296593305e-07 3.84741482965933e-08
0.06472945891783566 5.825250501002002e-06 1.7334669338677264e-06 12.977955911823756 7.702845691382817e-07 7.702845691382817e-07 7.702845691382817e-08
0.10549098196392857 3.934669338677354e-06 2.4068136272545103e-07 12.777555110220547 5.054488977955936e-07 5.054488977955936e-07 5.0544889779559356e-08
0.1491382765531068 2.4543086172344682e-06 3.8124248496993637e-06 10.833667334669421 2.0277955911823628e-07 2.0277955911823628e-07 2.027795591182363e-08
0.020721442885771543 8.464929859719436e-06 2.7194388777555126e-07 9.23046092184375 7.360541082164377e-07 7.360541082164377e-07 7.360541082164376e-08
0.16753507014028077 3.042885771543085e-06 1.0222444889779558e-06 4.300601202404813 6.387675350701441e-07 6.387675350701441e-07 6.38767535070144e-08
0.17511022044088181 3.5957915831663314e-06 6.158316633266538e-07 13.819639278557233 2.7124048096192384e-07 2.7124048096192384e-07 2.7124048096192384e-08
0.075551102204409 9.026052104208413e-07 3.968737474949863e-06 10.713426853707496 5.342745490981991e-07 5.342745490981991e-07 5.342745490981991e-08
0.19603206412825613 4.059519038076151e-06 9.597194388777562e-07 12.296593186372846 7.846893787575154e-08 7.846893787575154e-08 7.846893787575155e-09
0.135070140280562 8.393587174348695e-06 1.147294589178355e-06 13.679358717434987 3.1628056112224495e-07 3.1628056112224495e-07 3.1628056112224495e-08
0.06364729458917832 6.788376753507012e-06 3.4841683366733158e-06 6.224448897795618 5.829178356713459e-07 5.829178356713459e-07 5.8291783567134586e-08
0.03046092184368736 8.429258517034065e-06 1.999198396793575e-06 6.084168336673372 2.406132264529055e-07 2.406132264529055e-07 2.4061322645290547e-08
0.09719438877755568 6.253306613226451e-06 2.132064128256499e-06 12.677354709418942 1.541362725450902e-07 1.541362725450902e-07 1.541362725450902e-08
0.11883767535070236 3.381763527054107e-06 3.437274549098166e-06 13.639278557114345 2.15390781563126e-07 2.15390781563126e-07 2.1539078156312602e-08
0.03983967935871741 5.664729458917834e-06 1.2957915831663291e-06 12.356713426853808 6.982204408817679e-07 6.982204408817679e-07 6.98220440881768e-08
0.06761523046092188 3.274749498997995e-06 2.3665330661322477e-06 5.042084168336686 7.306492985971991e-07 7.306492985971991e-07 7.306492985971992e-08
0.04164328657314627 8.669338677354706e-07 3.73547094188377e-07 11.154308617234555 2.0097795591182346e-07 2.0097795591182346e-07 2.0097795591182347e-08
0.16464929859719465 2.989378757515029e-06 7.955911823647301e-07 11.515030060120331 5.018456913827679e-07 5.018456913827679e-07 5.0184569138276786e-08
0.11018036072144369 5.0048096192384755e-06 2.76513026052102e-06 9.531062124248564 3.50511022044089e-07 3.50511022044089e-07 3.50511022044089e-08
0.15454909819639326 3.720641282565129e-06 2.640080160320621e-06 6.304609218436902 4.2978156312625416e-07 4.2978156312625416e-07 4.2978156312625414e-08
0.030821643286573133 8.375751503006009e-06 9.675350701402812e-07 10.953907815631347 8.423486973947955e-07 8.423486973947955e-07 8.423486973947955e-08
0.16176352705410854 2.783567134268536e-07 3.6482965931863397e-06 11.25450901803616 2.8385170340681375e-07 2.8385170340681375e-07 2.8385170340681377e-08
0.11667334669338769 4.790781563126251e-06 2.0851703406813494e-06 9.250501002004071 4.4599599198396976e-07 4.4599599198396976e-07 4.459959919839698e-08
0.040561122244488955 5.914428857715429e-06 2.3587174348697227e-06 4.561122244488985 6.009338677354743e-07 6.009338677354743e-07 6.009338677354743e-08
0.16861723446893806 5.1474949899799584e-06 2.0070140280561e-06 7.84769539078161 6.045370741483e-07 6.045370741483e-07 6.045370741483001e-08
0.17943887775551098 7.983366733466931e-06 1.9444889779559003e-06 5.242484969939895 6.820060120240523e-07 6.820060120240523e-07 6.820060120240523e-08
0.07519038076152322 7.787174348697392e-06 6.47094188376754e-07 12.697394789579263 2.730420841683367e-07 2.730420841683367e-07 2.730420841683367e-08
0.17474949899799605 7.965531062124246e-06 2.3509018036071978e-06 6.965931863727491 2.045811623246491e-07 2.045811623246491e-07 2.045811623246491e-08
0.05535070140280557 8.732464929859716e-06 2.9539078156312643e-07 12.957915831663435 4.1717034068136425e-07 4.1717034068136425e-07 4.171703406813642e-08
0.17655310621242487 1.8300601202404803e-06 1.0925851703406804e-06 9.490981963927922 9.108016032064136e-08 9.108016032064136e-08 9.108016032064136e-09
0.0870941883767539 8.785971943887772e-06 5.767535070140285e-07 12.517034068136375 1.4152505010020047e-07 1.4152505010020047e-07 1.4152505010020046e-08
0.1199198396793597 2.686172344689378e-06 1.2488977955911794e-06 4.440881763527059 4.712184368737496e-07 4.712184368737496e-07 4.7121843687374956e-08
0.1621242484969943 3.0607214428857706e-06 2.1008016032063993e-06 9.150300601202467 2.3160521042084137e-07 2.3160521042084137e-07 2.3160521042084138e-08
0.061122244488977906 8.8751503006012e-06 1.2723446893787543e-06 13.258517034068248 1.0549298597194401e-07 1.0549298597194401e-07 1.0549298597194402e-08
0.19855711422845648 7.483967935871741e-06 1.5146292585170278e-06 6.204408817635297 8.1352304609219e-07 8.1352304609219e-07 8.1352304609219e-08
0.11775551102204503 8.571943887775548e-06 3.4919839679358407e-06 11.815631262525145 7.486573146292588e-08 7.486573146292588e-08 7.486573146292588e-09
0.043446893787575123 3.98817635270541e-06 1.8507014028056007e-06 11.414829659318727 2.9105811623246513e-07 2.9105811623246513e-07 2.9105811623246514e-08
0.17258517034068147 3.631462925851702e-06 7.643286573146299e-07 4.68136272545091 6.225531062124285e-07 6.225531062124285e-07 6.225531062124285e-08
0.051022044088176316 8.41142284569138e-06 5.06412825651303e-07 4.501002004008022 8.36943887775557e-07 8.36943887775557e-07 8.369438877755569e-08
0.14985971943887832 2.5078156312625243e-06 4.3607214428857746e-07 6.765531062124282 6.171482965931899e-07 6.171482965931899e-07 6.1714829659319e-08
0.17366733466933876 7.376953907815629e-06 3.296593186372717e-06 7.306613226452946 7.828957915831716e-07 7.828957915831716e-07 7.828957915831716e-08
0.10873747494990058 7.44829659318637e-06 2.8745490981963695e-06 9.070140280561183 1.5412825651302606e-08 1.5412825651302606e-08 1.5412825651302607e-09
0.1181162324649308 4.862124248496993e-06 1.96012024048095e-06 12.17635270541092 3.018677354709422e-07 3.018677354709422e-07 3.018677354709422e-08
0.12821643286573248 5.45070140280561e-06 3.609218436873715e-06 13.859719438877875 3.306933867735477e-07 3.306933867735477e-07 3.306933867735477e-08
0.13470941883767623 4.92384769539078e-07 2.5462925851703216e-06 9.67134268537081 4.55004008016034e-07 4.55004008016034e-07 4.55004008016034e-08
0.03478957915831662 7.876352705410819e-06 3.0543086172344434e-06 13.038076152304718 3.73931863727456e-07 3.73931863727456e-07 3.73931863727456e-08
0.12965931863727553 4.4875751503006e-06 2.5931863727454713e-06 5.783567134268559 4.31583166332667e-07 4.31583166332667e-07 4.31583166332667e-08
0.09539078156312679 6.7705410821643265e-06 2.976152304609194e-06 4.801603206412835 5.919258517034101e-07 5.919258517034101e-07 5.919258517034101e-08
0.1772745490981964 8.64328657314629e-06 3.937474949899763e-06 11.69539078156322 8.459519038076212e-07 8.459519038076212e-07 8.459519038076211e-08
0.022525050100200398 6.752705410821641e-06 1.1082164328657303e-06 8.168336673346744 1.108977955911825e-07 1.108977955911825e-07 1.108977955911825e-08
0.1390380761523054 1.6338677354709413e-06 3.0152304609218187e-06 11.454909819639369 4.117655310621257e-07 4.117655310621257e-07 4.117655310621257e-08
0.19350701402805578 2.489979959919839e-06 2.5619238476953715e-06 10.673346693386854 4.7482164328657527e-07 4.7482164328657527e-07 4.7482164328657526e-08
0.19819639278557072 8.607615230460919e-06 1.9366733466933754e-06 6.384769539078185 7.90102204408823e-07 7.90102204408823e-07 7.90102204408823e-08
0.09575150300601257 8.197394789579156e-06 2.2727454909819483e-06 11.595190380761615 7.846973947895845e-07 7.846973947895845e-07 7.846973947895845e-08
0.11559118236473036 3.3995991983967925e-06 3.882765531062088e-06 7.727454909819684 3.144789579158321e-07 3.144789579158321e-07 3.1447895791583214e-08
0.14661322645290645 1.0987975951903804e-06 1.8428857715430757e-06 7.927855711422893 1e-09 1e-09 1e-10
0.1592384769539082 2.8645290581162316e-06 2.288376753506998e-06 9.45090180360728 2.2079559118236446e-07 2.2079559118236446e-07 2.2079559118236447e-08
0.17979959919839675 1.7052104208416828e-06 2.960521042084144e-06 8.789579158316691 7.342525050100248e-07 7.342525050100248e-07 7.342525050100248e-08
0.1520240480961929 2.0797595190380756e-06 3.6404809619238148e-06 7.326653306613267 3.108757515030064e-07 3.108757515030064e-07 3.1087575150300643e-08
0.13651302605210505 4.273547094188376e-06 1.8194388777555009e-06 13.919839679358837 3.162725450901803e-08 3.162725450901803e-08 3.1627254509018027e-09
0.10585170340681435 2.4186372745490975e-06 5.845691382765536e-07 11.555110220440973 4.6040080160320626e-08 4.6040080160320626e-08 4.6040080160320626e-09
0.09935871743487035 4.541082164328656e-06 2.304008016032048e-06 10.172344689378832 8.225310621242542e-07 8.225310621242542e-07 8.225310621242542e-08
0.15635270541082208 6.556513026052102e-06 7.7995991983968e-07 4.2605210420841715 8.585631262525111e-07 8.585631262525111e-07 8.585631262525111e-08
0.04885771543086169 6.913226452905809e-06 2.8823647294588945e-06 6.04408817635273 5.216633266533092e-07 5.216633266533092e-07 5.216633266533092e-08
0.029378757515030048 9.204408817635267e-07 1.2645290581162293e-06 11.575150300601294 4.874328657314651e-07 4.874328657314651e-07 4.874328657314651e-08
0.05859719438877751 3.952505010020039e-06 2.0539078156312496e-06 13.579158316633382 1.1990581162324665e-07 1.1990581162324665e-07 1.1990581162324665e-08
0.04633266533066129 5.932264529058114e-06 7.174348697394795e-07 6.50501002004011 1.253106212424851e-07 1.253106212424851e-07 1.253106212424851e-08
0.17042084168336688 2.7575150300601194e-06 2.8589178356713196e-06 6.244488977955939 5.198617234468963e-07 5.198617234468963e-07 5.198617234468963e-08
0.199278557114228 6.71703406813627e-06 3.6561122244488647e-06 12.136272545090279 6.711963927855753e-07 6.711963927855753e-07 6.711963927855753e-08
0.03551102204408816 2.3116232464929853e-06 2.4368737474949722e-06 12.577154308617338 6.567835671342725e-07 6.567835671342725e-07 6.567835671342725e-08
0.057154308617234424 5.3436873747494974e-06 2.0773547094188245e-06 5.302605210420857 2.0818436873747473e-07 2.0818436873747473e-07 2.0818436873747475e-08
0.18917835671342662 5.860921843687373e-06 3.859318637274513e-06 8.509018036072199 6.27957915831667e-07 6.27957915831667e-07 6.27957915831667e-08
0.18088176352705404 3.318637274549097e-07 3.7186372745490643e-06 10.152304609218511 8.171262525050157e-07 8.171262525050157e-07 8.171262525050156e-08
0.08781563126252545 4.344889779559117e-06 3.7108216432865393e-06 4.701402805611231 8.71174348697401e-07 8.71174348697401e-07 8.71174348697401e-08
0.043807615230460895 8.857314629258514e-06 2.79639278557112e-06 11.755511022044182 8.333406813627313e-07 8.333406813627313e-07 8.333406813627313e-08
0.0524649298597194 2.9002004008016023e-06 4.517034068136276e-07 5.9839679358717675 3.2348697394789633e-07 3.2348697394789633e-07 3.2348697394789636e-08
0.17583166332665334 7.769338677354707e-06 3.1637274549097927e-06 9.410821643286639 2.1719238476953882e-07 2.1719238476953882e-07 2.1719238476953884e-08
0.09106212424849745 5.682565130260519e-06 3.3513026052103916e-06 11.93587174348707 5.270681362725477e-07 5.270681362725477e-07 5.270681362725477e-08
0.021082164328657314 2.5791583166332658e-06 1.3895791583166285e-06 5.903807615230484 6.207515030060156e-07 6.207515030060156e-07 6.207515030060156e-08
0.14444889779559186 3.3639278557114217e-06 3.3903807615230163e-06 12.817635270541189 1.3611222444889782e-08 1.3611222444889782e-08 1.361122244488978e-09
0.1401202404809627 4.737274549098195e-06 3.1871743486973676e-06 4.581162324649306 4.153687374749514e-07 4.153687374749514e-07 4.153687374749514e-08
0.15166332665330715 5.843086172344688e-06 3.6873747494989645e-06 7.667334669338722 6.404809619238477e-09 6.404809619238477e-09 6.404809619238478e-10
0.173306613226453 1.4555110220440877e-06 8.424849699398804e-07 9.310621242485034 6.315611222444927e-07 6.315611222444927e-07 6.315611222444927e-08
0.040200400801603184 1.7230460921843681e-06 1.9288577154308504e-06 13.198396793587285 6.459739478957954e-07 6.459739478957954e-07 6.459739478957954e-08
0.19278557114228426 5.48637274549098e-06 6.627254509018041e-07 7.0060120240481325 4.3698797595190554e-07 4.3698797595190554e-07 4.3698797595190555e-08
0.14264529058116304 4.772945891783566e-06 1.8741482965931755e-06 7.767535070140326 7.810941883767588e-07 7.810941883767588e-07 7.810941883767588e-08
0.03659318637274547 1.0452905811623243e-06 3.280961923847667e-06 4.6012024048096265 3.901462925851716e-07 3.901462925851716e-07 3.9014629258517155e-08
0.11126252505010102 5.280561122244487e-07 3.765531062124214e-06 12.196392785571241 6.585851703406854e-07 6.585851703406854e-07 6.585851703406854e-08
0.022164328657314627 8.536272545090177e-06 2.647895791583146e-06 8.809619238477012 5.180601202404835e-07 5.180601202404835e-07 5.180601202404835e-08
0.11703406813627347 8.91082164328657e-06 3.914028056112188e-06 4.400801603206418 1.4332665330661328e-07 1.4332665330661328e-07 1.4332665330661328e-08
0.047414829659318605 3.2569138276553096e-06 1.3505010020040038e-06 4.380761523046097 4.5320240480962114e-07 4.5320240480962114e-07 4.532024048096211e-08
0.1339879759519047 1.7943887775551096e-06 3.906212424849663e-06 6.985971943887812 8.747775551102267e-07 8.747775551102267e-07 8.747775551102268e-08
0.14553106212424916 7.466132264529056e-06 3.101202404809593e-06 6.6653306613226775 8.74769539078157e-08 8.74769539078157e-08 8.74769539078157e-09
0.08096192384769567 8.340080160320638e-06 2.7026052104208206e-06 4.521042084168343 4.676152304609239e-07 4.676152304609239e-07 4.676152304609239e-08
0.05679358717434865 6.395991983967934e-06 3.976553106212388e-06 13.438877755511136 4.910360721442908e-07 4.910360721442908e-07 4.910360721442908e-08
0.15959919839679396 7.1629258517034045e-06 2.0304609218436748e-06 9.390781563126318 8.189278557114285e-07 8.189278557114285e-07 8.189278557114285e-08
0.19891783567134225 3.417434869739478e-06 2.1086172344689243e-06 13.959919839679479 5.324729458917862e-07 5.324729458917862e-07 5.324729458917862e-08
0.05282565130260517 5.361523046092183e-06 2.9058116232464693e-06 6.184368737474976 7.126252505010022e-08 7.126252505010022e-08 7.126252505010022e-09
0.04200400801603204 7.269939879759517e-06 4.0480961923847723e-07 11.995991983968032 8.855871743487038e-07 8.855871743487038e-07 8.855871743487038e-08
0.06581162324649299 1.8478957915831657e-06 2.460320641282547e-06 5.843687374749521 1.721442885771543e-08 1.721442885771543e-08 1.7214428857715431e-09
0.16501002004008042 1.891783567134268e-07 2.452505010020022e-06 13.73947895791595 4.766232464929881e-07 4.766232464929881e-07 4.7662324649298814e-08
0.08853707414829701 7.697995991983965e-06 1.3126252505010023e-07 13.51903807615242 3.180821643286578e-07 3.180821643286578e-07 3.180821643286578e-08
0.17186372745490994 8.161723446893785e-06 1e-07 4.541082164328664 1.9737474949899782e-07 1.9737474949899782e-07 1.9737474949899784e-08
0.15599198396793632 2.044088176352705e-06 2.968336673346669e-06 5.342685370741499 6.117434869739514e-07 6.117434869739514e-07 6.117434869739513e-08
0.025410821643286566 3.0250501002004e-06 3.8136272545090206e-07 6.004008016032088 2.766452905811624e-07 2.766452905811624e-07 2.7664529058116236e-08
0.1541883767535075 6.271142284569136e-06 8.971943887775558e-07 12.39679358717445 5.12655310621245e-07 5.12655310621245e-07 5.1265531062124497e-08
0.0672545090180361 2.96192384769539e-07 3.2184368737474674e-06 8.969939879759579 1.6854909819639274e-07 1.6854909819639274e-07 1.6854909819639275e-08
0.13074148296593283 7.18076152304609e-06 2.8354709418837448e-06 5.503006012024066 6.045290581162323e-08 6.045290581162323e-08 6.045290581162323e-09
0.078797595190381 1.7408817635270535e-06 1.2801603206412792e-06 11.775551102204503 6.081402805611257e-07 6.081402805611257e-07 6.081402805611257e-08
0.069058116232465 5.308016032064127e-06 3.788977955911789e-06 7.1663326653307 3.3970140280561193e-07 3.3970140280561193e-07 3.397014028056119e-08
0.14625250501002068 3.078557114228456e-06 3.579158316633269e-07 5.082164328657328 8.94595190380768e-07 8.94595190380768e-07 8.94595190380768e-08
0.1148697394789588 6.360320641282563e-06 3.3747494989979664e-06 6.805611222444924 1.0188977955911835e-07 1.0188977955911835e-07 1.0188977955911835e-08
0.19098196392785544 6.350701402805609e-07 2.8511022044087947e-06 9.050100200400863 4.477975951903826e-07 4.477975951903826e-07 4.477975951903826e-08
0.14084168336673422 8.357915831663324e-06 1.5615230460921775e-06 9.631262525050168 5.036472945891807e-07 5.036472945891807e-07 5.0364729458918074e-08
0.06941883767535077 3.2925851703406803e-06 2.335270541082148e-06 8.689378757515087 1.5233466933867737e-07 1.5233466933867737e-07 1.523346693386774e-08
0.0362324649298597 7.662324649298595e-06 2.0695390781562995e-06 10.092184368737549 2.35208416833667e-07 2.35208416833667e-07 2.3520841683366702e-08
0.1913426853707412 1.616032064128256e-06 2.124248496993974e-06 5.703406813627275 3.342885771543085e-08 3.342885771543085e-08 3.3428857715430854e-09
0.15274549098196444 7.929859719438875e-06 7.330661322645296e-07 7.507014028056155 2.5502605210420824e-07 2.5502605210420824e-07 2.5502605210420825e-08
0.1311022044088186 3.3460921843687364e-06 1.006613226452906e-06 6.72545090180364 8.099198396793643e-07 8.099198396793643e-07 8.099198396793642e-08
0.1480561122244495 7.501803607214426e-06 1.1316633266533051e-06 6.885771543086207 5.540921843687404e-07 5.540921843687404e-07 5.540921843687404e-08
0.12100200400801703 7.430460921843685e-06 2.507214428857697e-06 7.486973947895834 3.7753507014028167e-07 3.7753507014028167e-07 3.775350701402817e-08
0.12388777555110325 2.9180360721442877e-06 1.2176352705410796e-06 9.831663326653377 3.5591583166332753e-07 3.5591583166332753e-07 3.5591583166332755e-08
0.18052104208416828 2.6052104208416826e-07 2.804208416833645e-06 9.470941883767601 2.46018036072144e-07 2.46018036072144e-07 2.4601803607214402e-08
0.11631262525050191 5.71823647294589e-06 1.8597194388777563e-07 8.148296593186423 7.144348697394835e-07 7.144348697394835e-07 7.144348697394836e-08
0.07482965931863744 3.52444889779559e-06 1.5068136272545028e-06 10.452905811623324 7.864989979959973e-07 7.864989979959973e-07 7.864989979959973e-08
0.1862925851703405 4.184368737474949e-06 1.162925851703405e-06 10.412825651302683 6.531803607214468e-07 6.531803607214468e-07 6.531803607214468e-08
0.12424849699398903 6.021442885771541e-06 2.155511022044074e-06 7.907815631262572 6.189498997996028e-07 6.189498997996028e-07 6.189498997996028e-08
0.16284569138276583 5.575551102204407e-06 2.5775551102204214e-06 4.160320641282567 3.577174348697404e-07 3.577174348697404e-07 3.5771743486974036e-08
0.11054108216432947 8.625450901803604e-06 2.444689378757497e-06 9.330661322645355 3.3249498997996055e-07 3.3249498997996055e-07 3.324949899799606e-08
0.15851703406813666 4.826452905811622e-06 3.0699398797594933e-06 11.374749498998085 8.387374749499004e-08 8.387374749499004e-08 8.387374749499004e-09
0.05571142284569134 8.696793587174346e-06 1.2344689378757517e-07 10.59318637274557 7.955070140280615e-07 7.955070140280615e-07 7.955070140280616e-08
0.07843687374749522 5.771743486973946e-06 3.3825651302604914e-06 8.629258517034124 7.198396793587221e-07 7.198396793587221e-07 7.19839679358722e-08
0.024689378757515024 6.859719438877753e-06 1.6084168336673272e-06 7.266533066132304 4.6941683366733674e-07 4.6941683366733674e-07 4.6941683366733674e-08
0.10693386773547169 7.68016032064128e-06 1.467735470941878e-06 5.14228456913829 7.594749498998047e-07 7.594749498998047e-07 7.594749498998047e-08
0.13326653306613317 5.325851703406812e-06 1.2410821643286545e-06 10.012024048096265 3.27090180360722e-07 3.27090180360722e-07 3.27090180360722e-08
0.15995991983967972 5.272344689378756e-06 2.0382765531061997e-06 7.787575150300647 6.477755511022083e-07 6.477755511022083e-07 6.477755511022082e-08
0.02036072144288577 3.7384769539078144e-06 2.02264529058115e-06 8.108216432865781 4.42384769539078e-08 4.42384769539078e-08 4.42384769539078e-09
0.16573146292585195 4.897795591182363e-06 4.2044088176352735e-07 10.072144288577228 7.630781563126303e-07 7.630781563126303e-07 7.630781563126303e-08
0.1260521042084179 2.1867735470941878e-06 1.5849699398797523e-06 6.745490981963961 7.792925851703459e-07 7.792925851703459e-07 7.79292585170346e-08
0.03226452905811622 2.739679358717434e-06 3.7264529058115892e-06 5.402805611222462 7.288476953907863e-07 7.288476953907863e-07 7.288476953907862e-08
0.14949899799599256 5.9857715430861705e-06 1.788176352705401e-06 12.416833667334771 4.89234468937878e-07 4.89234468937878e-07 4.89234468937878e-08
0.19314629258517002 7.733667334669336e-06 3.265330661322617e-06 5.763527054108238 7.720861723446946e-07 7.720861723446946e-07 7.720861723446945e-08
0.19386773547094155 8.268737474949897e-06 9.75350701402806e-07 9.611222444889847 6.405691382765569e-07 6.405691382765569e-07 6.40569138276557e-08
0.1801603206412825 8.750300601202402e-06 4.5951903807615264e-07 4.9418837675350815 5.685050100200431e-07 5.685050100200431e-07 5.685050100200431e-08
0.04488977955911821 1.865731462925851e-06 5.220440881763531e-07 6.925851703406849 5.6849699398797574e-08 5.6849699398797574e-08 5.6849699398797575e-09
0.1451703406813634 6.806212424849697e-06 3.6639278557113896e-06 6.645290581162357 2.2800200400801573e-07 2.2800200400801573e-07 2.2800200400801574e-08
0.10404809619238546 6.520841683366731e-06 1.5380761523046026e-06 5.643286573146312 1.4873146292585174e-07 1.4873146292585174e-07 1.4873146292585173e-08
0.09286573146292634 8.661122244488975e-06 3.60140280561119e-06 8.388777555110273 3.6132064128256607e-07 3.6132064128256607e-07 3.6132064128256607e-08
0.060761523046092135 4.380561122244488e-06 1.7647294589178262e-06 11.174348697394876 5.072505010020064e-07 5.072505010020064e-07 5.0725050100200645e-08
0.15743486973947937 2.882364729458917e-06 5.533066132264533e-07 8.729458917835728 2.0638276553106191e-07 2.0638276553106191e-07 2.0638276553106193e-08
0.15490981963927902 6.895390781563124e-06 3.929659318637238e-06 4.240480961923851 6.693947895791624e-07 6.693947895791624e-07 6.693947895791625e-08
0.07627254509018055 2.543486973947895e-06 1.0847695390781554e-06 12.456913827655413 1.2350901803607228e-07 1.2350901803607228e-07 1.2350901803607228e-08
0.02288577154308617 6.172344689378755e-07 1.1941883767535047e-06 12.877755511022151 4.982424849699422e-07 4.982424849699422e-07 4.982424849699422e-08
0.1379559118236481 1.8835671342685364e-06 3.5076152304608906e-06 6.1442885771543345 7.937054108216487e-07 7.937054108216487e-07 7.937054108216488e-08
0.0968336673346699 1.669539078156312e-06 6.314629258517039e-07 10.272545090180436 3.216853707414835e-07 3.216853707414835e-07 3.216853707414835e-08
0.18773547094188356 2.2581162324649292e-06 1.4521042084168281e-06 11.354709418837764 8.261342685370799e-07 8.261342685370799e-07 8.261342685370799e-08
0.1231663326653317 3.845490981963927e-06 3.5310621242484655e-06 9.731462925851773 3.6492384769539176e-07 3.6492384769539176e-07 3.649238476953918e-08
0.16537074148296618 8.001202404809617e-06 3.2106212424849424e-06 5.963927855711447 7.66681362725456e-07 7.66681362725456e-07 7.666813627254561e-08
0.12244488977956014 7.002404809619236e-06 7.096192384769545e-07 4.22044088176353 5.865210420841716e-07 5.865210420841716e-07 5.8652104208417156e-08
0.0903406813627259 6.592184368737473e-06 2.327454909819623e-06 8.288577154308669 8.909919839679423e-07 8.909919839679423e-07 8.909919839679422e-08
0.1711422845691384 8.84769539078156e-07 3.898396793587138e-06 8.849699398797654 1.343186372745492e-07 1.343186372745492e-07 1.3431863727454919e-08
0.021803607214428856 8.250901803607212e-06 2.4212424849699223e-06 13.839679358717554 7.108316633266578e-07 7.108316633266578e-07 7.108316633266578e-08
0.0935871743486979 1.1523046092184365e-06 2.5228456913827467e-06 4.721442885771552 3.9374949899799727e-07 3.9374949899799727e-07 3.9374949899799725e-08
0.07663326653306633 6.841883767535068e-06 2.952705410821619e-06 8.869739478957975 6.297595190380798e-07 6.297595190380798e-07 6.297595190380798e-08
0.15779559118236514 7.94769539078156e-06 2.641282565130262e-07 8.06813627254514 3.8113827655310736e-07 3.8113827655310736e-07 3.811382765531073e-08
0.07194388777555122 5.611222444889778e-06 1.639679358717427e-06 8.368737474949953 2.0998597194388755e-07 2.0998597194388755e-07 2.0998597194388756e-08
0.07410821643286589 5.7895791583166315e-06 1.1707414829659299e-06 4.46092184368738 6.639899799599239e-07 6.639899799599239e-07 6.639899799599239e-08
0.10368737474949968 4.523246492985971e-06 2.2414829659318485e-06 8.52905811623252 6.495771543086211e-07 6.495771543086211e-07 6.495771543086212e-08
0.1660921843687377 4.041683366733466e-06 4.907815631262529e-07 8.609218436873803 8.549599198396854e-07 8.549599198396854e-07 8.549599198396854e-08
0.031182364729458904 3.863326653306612e-06 2.2258517034067986e-06 12.797595190380868 1.9016833667334655e-07 1.9016833667334655e-07 1.9016833667334657e-08
0.09394789579158368 4.130861723446893e-06 1.7256513026052014e-06 11.234468937875839 4.802264529058138e-07 4.802264529058138e-07 4.802264529058138e-08
0.1873747494989978 6.288977955911822e-06 8.815631262525057e-07 4.320641282565134 6.766012024048138e-07 6.766012024048138e-07 6.766012024048139e-08
0.10981963927855791 2.1332665330661317e-06 1.703406813627255e-07 5.36272545090182 3.3609819639278624e-07 3.3609819639278624e-07 3.360981963927862e-08
0.12352705410821747 5.058316633266532e-06 3.9999999999999625e-06 6.344689378757543 4.2077354709418994e-07 4.2077354709418994e-07 4.207735470941899e-08
0.08673346693386812 4.71943887775551e-06 3.3669338677354415e-06 4.961923847695402 4.225751503006028e-07 4.225751503006028e-07 4.225751503006028e-08
0.06869739478957922 7.71583166332665e-06 1.7412825651302514e-06 13.699398797595308 1.7215230460921837e-07 1.7215230460921837e-07 1.721523046092184e-08
0.12496993987976059 3.5066132264529046e-06 2.3286573146292597e-07 12.1563126252506 1.451282565130261e-07 1.451282565130261e-07 1.451282565130261e-08
0.029018036072144277 2.9537074148296584e-06 2.186773547094174e-06 11.134268537074234 5.81116232464933e-07 5.81116232464933e-07 5.8111623246493304e-08
0.10729458917835746 5.753907815631261e-06 2.2102204408817487e-06 13.338677354709532 3.5231262525050184e-07 3.5231262525050184e-07 3.5231262525050184e-08
0.025771543086172338 5.522044088176351e-06 3.8046092184368388e-06 10.893787575150384 1.3071543086172356e-07 1.3071543086172356e-07 1.3071543086172355e-08
0.15382765531062173 7.599198396793584e-07 3.960921843687338e-06 4.4208416833667386 5.306713426853734e-07 5.306713426853734e-07 5.306713426853734e-08
0.1552705410821648 3.132064128256512e-06 2.2024048096192237e-06 9.811623246493056 9.288176352705419e-08 9.288176352705419e-08 9.28817635270542e-09
0.07374749498998011 3.613627254509017e-06 8.112224448897802e-07 9.030060120240542 1.1269939879759534e-07 1.1269939879759534e-07 1.1269939879759534e-08
0.027935871743486964 1.5446893787575145e-06 6.002004008016037e-07 8.128256513026102 7.883006012024102e-07 7.883006012024102e-07 7.883006012024102e-08
0.053547094188376713 2.240280561122244e-06 2.491583166332647e-06 7.126252505010058 4.640120240480982e-07 4.640120240480982e-07 4.640120240480982e-08
0.18881763527054085 4.683767535070139e-06 7.018036072144294e-07 7.106212424849737 6.928156312625294e-07 6.928156312625294e-07 6.928156312625294e-08
0.08348697394789611 1.1879759519038072e-06 8.268537074148303e-07 4.100200400801604 2.8016032064128258e-09 2.8016032064128258e-09 2.801603206412826e-10
0.08456913827655345 8.44709418837675e-06 9.050100200400809e-07 12.476953907815734 5.46885771543089e-07 5.46885771543089e-07 5.46885771543089e-08
0.05607214428857711 7.519639278557112e-06 1.8819639278557005e-06 11.875751503006107 8.441503006012083e-07 8.441503006012083e-07 8.441503006012083e-08
0.14228456913827728 3.6849699398797583e-06 2.5150300601202218e-06 9.21042084168343 5.70306613226456e-07 5.70306613226456e-07 5.70306613226456e-08
0.14480961923847763 2.151102204408817e-06 3.5388777555109904e-06 13.418837675350815 4.568056112224468e-07 4.568056112224468e-07 4.568056112224468e-08
0.08276553106212456 7.0202404809619216e-06 6.783567134268542e-07 8.829659318637333 5.667034068136303e-07 5.667034068136303e-07 5.667034068136303e-08
0.19062124248496967 1.5268537074148291e-06 3.891783567134271e-07 12.216432865731562 9.000000000000065e-07 9.000000000000065e-07 9.000000000000065e-08
0.02324649298597194 2.7040080160320633e-06 2.343086172344673e-06 4.741482965931873 7.018236472945936e-07 7.018236472945936e-07 7.018236472945936e-08
0.023967935871743482 3.1142284569138266e-06 3.7030060120240144e-06 7.947895791583214 5.775130260521074e-07 5.775130260521074e-07 5.7751302605210734e-08
0.18376753507014015 7.127254509018034e-06 2.2505010020040091e-07 11.27454909819648 5.108537074148321e-07 5.108537074148321e-07 5.108537074148321e-08
0.11919839679358814 5.993987975951902e-07 1.4989979959919779e-06 10.513026052104287 6.765931863727455e-08 6.765931863727455e-08 6.765931863727456e-09
0.11847695390781658 1.2058116232464926e-06 2.475951903807597e-06 4.0 5.847194388777587e-07 5.847194388777587e-07 5.8471943887775875e-08
0.08817635270541123 6.21763527054108e-06 6.236472945891788e-07 12.6372745490983 6.74799599198401e-07 6.74799599198401e-07 6.747995991984009e-08
0.09863727454909879 5.040480961923846e-06 1.5771543086172274e-06 10.392785571142362 4.6581362725451105e-07 4.6581362725451105e-07 4.6581362725451104e-08
0.05895791583166328 2.0701402805611217e-07 3.4060120240480662e-06 5.863727454909842 1.2170741482965947e-07 1.2170741482965947e-07 1.2170741482965946e-08
0.17871743486973946 7.3591182364729435e-06 2.3821643286572976e-06 13.719438877755628 8.207294589178414e-07 8.207294589178414e-07 8.207294589178414e-08
0.1722244488977957 2.2484969939879754e-07 1.7022044088176266e-06 8.228456913827706 1.75755511022044e-07 1.75755511022044e-07 1.7575551102204402e-08
0.18593186372745474 3.3104208416833656e-06 2.1723446893787586e-07 11.114228456913914 4.0455911823647433e-07 4.0455911823647433e-07 4.0455911823647436e-08
0.07771543086172367 4.933466933867734e-06 3.148096192384743e-06 13.53907815631274 9.828657314629269e-08 9.828657314629269e-08 9.828657314629268e-09
0.12929859719438977 2.828857715430861e-06 1.5927855711422773e-06 6.4849699398797895 5.432825651302633e-07 5.432825651302633e-07 5.4328256513026334e-08
0.18557114228456897 8.17955911823647e-06 1.3739478957915786e-06 11.635270541082257 3.1988376753507064e-07 3.1988376753507064e-07 3.1988376753507066e-08
0.17799599198396793 4.576753507014027e-06 3.4997995991983657e-06 9.270541082164392 2.8024849699398806e-07 2.8024849699398806e-07 2.8024849699398806e-08
0.10296593186372813 3.221242484969939e-06 1.1004008016032053e-06 6.625250501002036 4.946392785571165e-07 4.946392785571165e-07 4.946392785571165e-08
0.06184368737474945 4.648096192384768e-06 6.939879759519044e-07 12.096192384769637 1.6674749498997992e-07 1.6674749498997992e-07 1.6674749498997993e-08
0.12713426853707518 1.3306613226452901e-06 2.624448897795571e-06 10.633266533066212 7.522685370741533e-07 7.522685370741533e-07 7.522685370741533e-08
0.08925851703406856 6.538677354709417e-06 2.82765531062122e-06 13.619238476954024 3.378997995991991e-07 3.378997995991991e-07 3.378997995991991e-08
0.11306613226452991 4.7551102204408805e-06 4.7515030060120275e-07 11.334669338677443 4.351863727454927e-07 4.351863727454927e-07 4.3518637274549267e-08
0.16068136272545125 1.3841683366733462e-06 2.2805611222444732e-06 9.591182364729526 2.9825651302605204e-08 2.9825651302605204e-08 2.9825651302605205e-09
0.03262525050100199 2.1689378757515024e-06 2.2571142284568984e-06 4.120240480961925 5.901242484969973e-07 5.901242484969973e-07 5.901242484969973e-08
0.09827655310621301 7.64448897795591e-06 1.4442885771543032e-06 11.49498997996001 8.567615230460983e-07 8.567615230460983e-07 8.567615230460983e-08
0.0705010020040081 1.027454909819639e-06 1.0769539078156305e-06 6.845691382765565 4.4239278557114407e-07 4.4239278557114407e-07 4.423927855711441e-08
0.04272545090180358 8.500601202404807e-06 2.655711422845671e-06 10.232464929859795 8.675711422845753e-07 8.675711422845753e-07 8.675711422845753e-08
0.09755511022044146 3.5422845691382754e-06 2.094188376753508e-07 4.360721442885776 4.243767535070156e-07 4.243767535070156e-07 4.243767535070156e-08
0.09971943887775613 7.4126252505009995e-06 2.3743486973947726e-06 10.432865731463004 4.856312625250523e-07 4.856312625250523e-07 4.856312625250523e-08
0.05462925851703403 5.2010020040080145e-06 3.921843687374713e-06 6.865731462925886 2.3881162324649264e-07 2.3881162324649264e-07 2.3881162324649265e-08
0.04597194388777552 9.739478957915829e-07 1.3907815631262528e-07 13.218436873747606 6.603867735470982e-07 6.603867735470982e-07 6.603867735470982e-08
0.03803607214428856 6.877555110220439e-06 9.90981963927856e-07 7.046092184368774 1.2891382765531074e-07 1.2891382765531074e-07 1.2891382765531074e-08
0.07014028056112233 7.894188376753504e-06 1.631863727454902e-06 10.873747494990063 6.85609218436878e-07 6.85609218436878e-07 6.856092184368781e-08
0.10909819639278635 1.3567134268537072e-07 2.819839679358695e-06 13.378757515030173 2.856533066132266e-07 2.856533066132266e-07 2.856533066132266e-08
0.044168336673346666 8.286573146292582e-06 3.63266533066129e-06 9.370741482965997 5.378777555110248e-07 5.378777555110248e-07 5.3787775551102475e-08
0.14120240480961999 8.036873747494987e-06 1.2332665330661295e-06 5.062124248497007 2.3340681362725419e-07 2.3340681362725419e-07 2.334068136272542e-08
0.09214428857715479 8.134268537074145e-07 3.5545090180360403e-06 5.523046092184387 3.919478957915844e-07 3.919478957915844e-07 3.9194789579158444e-08
0.06220440881763522 3.898997995991983e-06 2.5384769539077966e-06 4.180360721442888 8.657695390781625e-07 8.657695390781625e-07 8.657695390781625e-08
0.07951903807615256 2.204609218436873e-06 3.8436873747494635e-06 5.6232464929859916 4.928376753507037e-07 4.928376753507037e-07 4.9283767535070364e-08
0.17078156312625264 4.630260521042083e-06 6.39278557114229e-07 6.26452905811626 5.288697394789606e-07 5.288697394789606e-07 5.288697394789605e-08
0.050300601202404774 5.379358717434868e-06 1.2020040080160297e-06 5.202404809619253 8.891903807615295e-07 8.891903807615295e-07 8.891903807615294e-08
0.09899799599198457 3.7028056112224436e-06 7.486973947895798e-07 8.488977955911878 7.504669338677404e-07 7.504669338677404e-07 7.504669338677405e-08
0.04957915831663323 8.518436873747492e-06 3.6717434869739146e-06 11.835671342685465 6.333627254509055e-07 6.333627254509055e-07 6.333627254509056e-08
0.09178356713426901 5.504208416833666e-06 3.1102204408817654e-07 4.881763527054119 4.441943887775569e-07 4.441943887775569e-07 4.441943887775569e-08
0.08420841683366767 6.003607214428856e-06 2.5306613226452717e-06 8.008016032064177 5.23464929859722e-07 5.23464929859722e-07 5.23464929859722e-08
0.1693386773547096 3.4531062124248485e-06 2.632264529058096e-06 9.89178356713434 2.5142284569138255e-07 2.5142284569138255e-07 2.5142284569138254e-08
0.07699398797595211 8.589779559118233e-06 1.8897795591182254e-06 7.967935871743535 6.910140280561166e-07 6.910140280561166e-07 6.910140280561165e-08
0.14336673346693457 1.2593186372745487e-06 6.861723446893793e-07 11.95591182364739 2.6403406813627246e-07 2.6403406813627246e-07 2.6403406813627247e-08
0.05643286573146288 3.774148296593185e-06 2.139879759519024e-06 10.8136272545091 2.496212424849697e-07 2.496212424849697e-07 2.496212424849697e-08
0.15887775551102243 1.5803607214428852e-06 2.81202404809617e-06 12.937875751503114 5.612985971943918e-07 5.612985971943918e-07 5.612985971943918e-08
0.15346693386773597 7.287775551102202e-06 2.7416833667334454e-06 10.913827655310705 8.243326653306671e-07 8.243326653306671e-07 8.24332665330667e-08
0.06004008016032059 7.573146292585168e-06 1.4286573146292533e-06 8.949899799599258 8.819839679358781e-07 8.819839679358781e-07 8.81983967935878e-08
0.10801603206412902 7.5553106212424824e-06 3.445090180360691e-06 11.535070140280652 5.883226452905844e-07 5.883226452905844e-07 5.8832264529058445e-08
0.16032064128256548 4.915631262525049e-06 3.3591182364729165e-06 6.94589178356717 6.261563126252542e-07 6.261563126252542e-07 6.261563126252542e-08
0.10260521042084235 1.419839679358717e-06 2.9995991983967688e-06 7.286573146292625 4.604088176352725e-07 4.604088176352725e-07 4.604088176352725e-08
0.04669338677354706 4.148697394789578e-06 2.671342685370721e-06 9.511022044088243 5.486873747495018e-07 5.486873747495018e-07 5.4868737474950186e-08
0.033346693386773534 5.3971943887775535e-06 5.376753507014032e-07 13.9799599198398 6.441723446893826e-07 6.441723446893826e-07 6.441723446893826e-08
0.04525050100200398 5.165330661322644e-06 3.3356713426853417e-06 12.316633266533167 7.234428857715478e-07 7.234428857715478e-07 7.234428857715478e-08
0.03947895791583164 6.235470941883766e-06 1.0613226452905806e-06 4.200400801603209 8.063166332665386e-07 8.063166332665386e-07 8.063166332665386e-08
0.11342685370741569 7.145090180360719e-06 2.5631262525050114e-07 5.022044088176365 8.801823647294652e-07 8.801823647294652e-07 8.801823647294652e-08
0.19783567134268495 6.324649298597192e-06 1.9523046092184253e-06 5.923847695390805 7.306412825651305e-08 7.306412825651305e-08 7.3064128256513045e-09
0.05138276553106209 6.610020040080158e-06 2.296192384769523e-06 5.4629258517034245 7.450621242485019e-07 7.450621242485019e-07 7.450621242485019e-08
0.08240480961923878 7.537474949899797e-06 3.1559118236472678e-06 4.661322645290589 2.2980360721442855e-07 2.2980360721442855e-07 2.2980360721442856e-08
0.13939879759519117 9.917835671342682e-07 2.014829659318625e-06 8.208416833667386 7.270460921843735e-07 7.270460921843735e-07 7.270460921843734e-08
0.1083767535070148 4.202204408817634e-06 2.484969939879761e-07 5.162324649298611 3.0006613226452935e-07 3.0006613226452935e-07 3.000661322645293e-08
0.08132264529058145 2.596993987975951e-06 1.5693386773547024e-06 11.394789579158406 1.0909619238476967e-07 1.0909619238476967e-07 1.0909619238476967e-08
0.10440881763527124 4.745490981963926e-07 3.0308617234468686e-06 11.03406813627263 1.3251703406813637e-07 1.3251703406813637e-07 1.3251703406813637e-08
0.036953907815631244 1.9014028056112218e-06 3.2340681362725173e-06 12.85771543086183 4.081623246493e-07 4.081623246493e-07 4.081623246493e-08
0.06148296593186368 2.008416833667334e-06 3.093386773547068e-06 8.048096192384818 2.135891783567132e-07 2.135891783567132e-07 2.135891783567132e-08
0.047054108216432834 6.8240480961923826e-06 3.624849699398765e-06 7.587174348697438 6.099418837675386e-07 6.099418837675386e-07 6.099418837675385e-08
0.18665330661322627 8.554108216432863e-06 4.438877755511025e-07 10.753507014028138 4.3338476953907985e-07 4.3338476953907985e-07 4.3338476953907985e-08
0.17150300601202417 5.254509018036071e-06 1.311422845691379e-06 4.621242484969947 2.784468937875752e-07 2.784468937875752e-07 2.784468937875752e-08
0.1812424849699398 3.5601202404809607e-06 7.87775551102205e-07 4.761523046092194 1.1809619238476955e-08 1.1809619238476955e-08 1.1809619238476954e-09
0.1469739478957922 4.309218436873746e-06 2.663527054108196e-06 12.757515030060226 5.414809619238505e-07 5.414809619238505e-07 5.4148096192385045e-08
0.08492985971943923 3.1498997995991974e-06 1.7803607214428761e-06 12.897795591182472 8.315390781563184e-07 8.315390781563184e-07 8.315390781563185e-08
0.13975951903807693 3.0072144288577145e-06 1.5537074148296525e-06 13.899799599198516 2.69438877755511e-07 2.69438877755511e-07 2.69438877755511e-08
0.12749498997996095 3.916833667334668e-06 3.8358717434869386e-06 11.194388777555197 5.522905811623275e-07 5.522905811623275e-07 5.5229058116232756e-08
0.14192384769539151 1.7765531062124242e-06 2.772945891783545e-06 7.366733466933908 1.95573146292585e-07 1.95573146292585e-07 1.9557314629258502e-08
0.14769539078156374 6.146292585170339e-06 2.797595190380763e-07 7.446893787575192 4.405911823647312e-07 4.405911823647312e-07 4.4059118236473125e-08
0.082044088176353 2.6148296593186365e-06 1.6252505010020045e-07 7.146292585170379 6.585771543086172e-08 6.585771543086172e-08 6.585771543086172e-09
0.07591182364729478 4.8086172344689366e-06 3.757715430861689e-06 5.683366733466954 1.3972344689378765e-07 1.3972344689378765e-07 1.3972344689378764e-08
0.02613226452905811 7.055911823647292e-06 3.953106212424813e-06 9.871743486974019 6.135450901803642e-07 6.135450901803642e-07 6.135450901803643e-08
0.10044088176352768 8.839478957915829e-06 3.116833667334643e-06 5.222444889779574 8.081182364729515e-07 8.081182364729515e-07 8.081182364729514e-08
0.13434869739479047 2.5256513026052097e-06 7.408817635270547e-07 13.278557114228569 7.378557114228505e-07 7.378557114228505e-07 7.378557114228505e-08
0.1329058116232474 6.039278557114227e-06 3.109018036072118e-06 13.178356713426965 3.667254509018046e-07 3.667254509018046e-07 3.667254509018046e-08
0.07158316633266544 2.632665330661322e-06 9.83166332665331e-07 7.226452905811662 7.09030060120245e-07 7.09030060120245e-07 7.09030060120245e-08
0.07338677354709433 6.5743486973947875e-06 1.6943887775551016e-06 13.31863727454921 2.658356713426853e-07 2.658356713426853e-07 2.6583567134268532e-08
0.08961923847695434 3.328256513026051e-06 1.1863727454909798e-06 7.707414829659363 8.513567134268597e-07 8.513567134268597e-07 8.513567134268597e-08
0.09322645290581212 7.323446893787573e-06 3.3278557114228167e-06 6.605210420841715 2.92859719438878e-07 2.92859719438878e-07 2.92859719438878e-08
0.0387575150300601 7.234268537074146e-06 1.4130260521042034e-06 10.653306613226533 2.8745490981963944e-07 2.8745490981963944e-07 2.8745490981963943e-08
0.09791583166332724 5.700400801603205e-06 2.7338677354709204e-06 5.883767535070163 7.576733466933918e-07 7.576733466933918e-07 7.576733466933919e-08
0.161042084168337 9.561122244488975e-07 9.12825651302606e-07 7.6873747494990425 4.387895791583184e-07 4.387895791583184e-07 4.387895791583184e-08
0.03911823647294587 4.451903807615229e-06 3.1949899799598925e-06 14.00000000000012 1.2711222444889792e-07 1.2711222444889792e-07 1.2711222444889792e-08
0.053907815631262485 5.646893787575149e-06 3.304408817635242e-06 9.110220440881825 8.351422845691441e-07 8.351422845691441e-07 8.351422845691441e-08
0.13543086172344776 1.9727454909819634e-06 3.945290581162288e-06 10.613226452905892 3.793366733466945e-07 3.793366733466945e-07 3.793366733466945e-08
0.19567134268537037 4.505410821643285e-06 1.967935871743475e-06 7.647294589178401 6.729979959919881e-07 6.729979959919881e-07 6.729979959919881e-08
0.15094188376753562 5.415030060120239e-06 2.937074148296569e-06 13.118236472946002 3.541142284569147e-07 3.541142284569147e-07 3.5411422845691466e-08
0.06509018036072144 4.2200400801603196e-06 5.923847695390786e-07 4.140280561122246 1.3792184368737483e-07 1.3792184368737483e-07 1.3792184368737483e-08
0.14589178356713492 8.215230460921841e-06 3.867134268537038e-06 5.442885771543104 7.774909819639331e-07 7.774909819639331e-07 7.774909819639331e-08
0.03839679358717433 8.964328657314626e-06 2.4134268537073974e-06 10.252505010020116 2.442084168336673e-08 2.442084168336673e-08 2.442084168336673e-09
0.04813627254509015 4.388777555110219e-07 9.519038076152313e-07 9.571142284569206 4.1356713426853856e-07 4.1356713426853856e-07 4.135671342685386e-08
0.04452905811623244 5.022645290581161e-06 1.0144288577154309e-06 7.5270541082164755 7.43260521042089e-07 7.43260521042089e-07 7.43260521042089e-08
0.09611222444889835 2.3829659318637268e-06 2.147695390781549e-06 13.238476953907927 4.6221042084168536e-07 4.6221042084168536e-07 4.622104208416853e-08
0.06436873747494988 7.777555110220438e-07 1.0378757515030057e-06 9.350701402805676 5.090521042084193e-07 5.090521042084193e-07 5.0905210420841926e-08
0.05210420841683363 7.2164328657314605e-06 1.6787575150300517e-06 8.32865731462931 1.0008817635270552e-07 1.0008817635270552e-07 1.0008817635270551e-08
0.03190380761523045 9.382765531062121e-07 3.1793587174348426e-06 10.933867735471026 5.93727454909823e-07 5.93727454909823e-07 5.93727454909823e-08
0.1531062124248502 6.306813627254507e-06 1.1785571142284548e-06 5.663326653306633 4.784248496994009e-07 4.784248496994009e-07 4.784248496994009e-08
0.1834068136272544 6.485170340681361e-06 1.7815631262525057e-07 5.743486973947917 2.6763727454909815e-07 2.6763727454909815e-07 2.6763727454909814e-08
0.14048096192384846 8.94649298597194e-06 1.6553106212424769e-06 12.37675350701413 6.946092184368739e-08 6.946092184368739e-08 6.9460921843687384e-09
0.027214428857715422 1.2949899799599194e-06 3.828056112224414e-06 4.841683366733477 8.873887775551166e-07 8.873887775551166e-07 8.873887775551166e-08
0.06833667334669344 6.663527054108214e-06 3.0464929859719185e-06 8.408817635270594 2.7484368737474953e-07 2.7484368737474953e-07 2.7484368737474954e-08
0.16248496993988007 6.431663326653305e-06 1.547094188376754e-07 9.090180360721504 2.9646292585170366e-07 2.9646292585170366e-07 2.9646292585170366e-08
0.16897795591182382 1.3128256513026048e-06 1.2098196392785547e-06 10.192384769539153 4.964408817635294e-07 4.964408817635294e-07 4.9644088176352934e-08
0.021442885771543085 3.881162324649298e-06 2.6010020040079962e-06 10.973947895791667 6.892124248497037e-07 6.892124248497037e-07 6.892124248497037e-08
0.08997995991984012 1.3663326653306609e-06 3.969939879759522e-07 5.8036072144288795 6.369659318637312e-07 6.369659318637312e-07 6.369659318637312e-08
0.04308617234468935 7.6088176352705385e-06 5.611222444889784e-07 11.855711422845786 1.847635270541081e-07 1.847635270541081e-07 1.847635270541081e-08
0.15671342685370784 3.827655310621242e-06 2.2649298597194233e-06 10.553106212424929 1.16302605210421e-07 1.16302605210421e-07 1.16302605210421e-08
0.17294589178356723 5.468537074148295e-06 2.983967935871719e-06 9.971943887775623 2.5862925851703393e-07 2.5862925851703393e-07 2.586292585170339e-08
0.10476953907815702 2.6683366733466926e-06 3.3200400801602918e-06 8.929859719438937 5.649018036072174e-07 5.649018036072174e-07 5.649018036072174e-08
0.07915831663326678 8.126052104208414e-06 2.8667334669338446e-06 13.138276553106323 1.739539078156312e-07 1.739539078156312e-07 1.739539078156312e-08
0.037675350701402786 7.073747494989978e-06 3.1715430861723177e-06 13.559118236473061 5.252665330661349e-07 5.252665330661349e-07 5.252665330661349e-08
0.08889779559118278 3.2034068136272535e-06 1.4364729458917782e-06 11.294589178356802 2.532244488977954e-07 2.532244488977954e-07 2.532244488977954e-08
0.18268537074148286 6.9667334669338655e-06 1.6709418837675268e-06 6.585170340681394 7.162364729458964e-07 7.162364729458964e-07 7.162364729458964e-08
0.1051302605210428 5.458917835671341e-07 1.459919839679353e-06 13.659318637274666 6.027354709418872e-07 6.027354709418872e-07 6.027354709418871e-08
0.09430861723446946 4.237875751503005e-06 3.781162324649264e-06 6.064128256513051 3.631222444889789e-07 3.631222444889789e-07 3.631222444889789e-08
0.16140280561122278 4.291382765531061e-06 3.249699398797567e-06 4.821643286573156 7.396573146292634e-07 7.396573146292634e-07 7.396573146292634e-08
0.17438877755511029 6.110621242484968e-06 1.4689378757515034e-07 4.981963927855723 6.51378757515034e-07 6.51378757515034e-07 6.51378757515034e-08
0.13759519038076234 3.496993987975951e-07 2.1164328657314492e-06 6.464929859719469 1.1810420841683383e-07 1.1810420841683383e-07 1.1810420841683383e-08
0.07735470941883789 7.341282565130258e-06 3.0074148296592937e-06 10.533066132264608 7.991102204408872e-07 7.991102204408872e-07 7.991102204408872e-08
0.10945891783567213 1.223647294589178e-06 4.673346693386777e-07 10.3326653306614 8.027054108216437e-08 8.027054108216437e-08 8.027054108216437e-09
0.1942284569138273 7.109418837675348e-06 3.984368737474913e-06 10.853707414829742 1.0369138276553118e-07 1.0369138276553118e-07 1.0369138276553118e-08
0.18196392785571133 4.3627254509018025e-06 1.3973947895791535e-06 7.567134268537117 8.531583166332726e-07 8.531583166332726e-07 8.531583166332725e-08
0.1361523046092193 2.097595190380761e-06 3.0621242484969684e-06 7.607214428857759 2.4421643286573117e-07 2.4421643286573117e-07 2.4421643286573117e-08
0.08168336673346722 4.665931863727454e-06 3.344689378757517e-07 10.57314629258525 1.937715430861722e-07 1.937715430861722e-07 1.937715430861722e-08
0.10621242484970013 6.931062124248495e-06 5.14228456913828e-07 10.292585170340757 1.8656513026052092e-07 1.8656513026052092e-07 1.8656513026052093e-08
0.19675350701402766 8.108216432865729e-06 2.178957915831649e-06 6.024048096192409 2.2619238476953905e-08 2.2619238476953905e-08 2.2619238476953904e-09
0.16392785571142313 1.1783567134268536e-07 2.8432865731462697e-06 9.991983967935944 7.684829659318689e-07 7.684829659318689e-07 7.684829659318689e-08
0.1570741482965936 7.840681362725448e-06 3.2418837675350423e-06 12.917835671342793 2.982645290581165e-07 2.982645290581165e-07 2.982645290581165e-08
0.05931863727454905 4.113026052104207e-06 1.6631262525050018e-06 10.212424849699474 3.090741482965936e-07 3.090741482965936e-07 3.0907414829659355e-08
0.11090180360721524 8.714629258517031e-06 8.893787575150308e-07 7.206412825651341 6.964188376753551e-07 6.964188376753551e-07 6.964188376753551e-08
0.09503006012024101 8.803807615230458e-06 3.2028056112224175e-06 6.104208416833693 3.991543086172358e-07 3.991543086172358e-07 3.991543086172358e-08
0.12208416833667436 2.3294589178356707e-06 3.452905811623216e-06 9.951903807615302 7.738877755511074e-07 7.738877755511074e-07 7.738877755511074e-08
0.04561122244488975 4.4162324649298586e-06 2.0460921843687247e-06 13.75951903807627 1.9016032064128256e-08 1.9016032064128256e-08 1.9016032064128256e-09
0.06797595190380766 1.4376753507014023e-06 1.7490981963927763e-06 9.771543086172414 5.144569138276578e-07 5.144569138276578e-07 5.144569138276578e-08
0.17763527054108216 7.858517034068134e-06 1.9132264529058005e-06 5.482965931863745 3.433046092184376e-07 3.433046092184376e-07 3.433046092184376e-08
0.0640080160320641 5.183166332665329e-06 1.15511022044088e-06 10.13226452905819 6.874108216432909e-07 6.874108216432909e-07 6.874108216432909e-08
0.11450901803607302 1.4020040080160316e-06 1.9210420841683254e-06 6.3246492985972225 5.162585170340706e-07 5.162585170340706e-07 5.162585170340707e-08
0.19963927855711378 6.1819639278557095e-06 3.5466933867735154e-06 4.340681362725455 3.6852705410821744e-07 3.6852705410821744e-07 3.685270541082175e-08
0.1018837675350708 1.954909819639278e-06 2.468136272545072e-06 5.2825651302605365 8.027134268537129e-07 8.027134268537129e-07 8.02713426853713e-08
0.05318637274549094 3.9703406813627245e-06 1.0300601202404808e-06 4.7815631262525145 7.540701402805661e-07 7.540701402805661e-07 7.540701402805661e-08
0.18809619238476932 6.128456913827653e-06 9.98797595190381e-07 10.79358717434878 7.32450901803612e-07 7.32450901803612e-07 7.32450901803612e-08
0.08060120240480989 7.822845691382763e-06 8.659318637274556e-07 12.056112224448995 5.360761523046119e-07 5.360761523046119e-07 5.360761523046119e-08
0.1783567134268537 7.064128256513023e-07 1.811623246492976e-06 9.170340681362788 2.4781963927855686e-07 2.4781963927855686e-07 2.4781963927855688e-08
0.060400801603206364 1.0096192384769536e-06 2.8757515030060137e-07 11.915831663326749 1.6134268537074146e-07 1.6134268537074146e-07 1.6134268537074148e-08
0.14877755511022103 5.076152304609217e-06 2.171142284569124e-06 5.002004008016044 2.820501002004009e-07 2.820501002004009e-07 2.820501002004009e-08
0.1902605210420839 1.9905811623246488e-06 1.983567134268525e-06 13.358717434869853 1.6314428857715428e-07 1.6314428857715428e-07 1.631442885771543e-08
0.12641282565130366 7.394789579158314e-06 3.2262525050099924e-06 7.827655310621289 3.70320641282565e-08 3.70320641282565e-08 3.7032064128256502e-09
0.07987975951903833 5.896593186372744e-06 3.773346693386739e-06 12.436873747495092 7.666733466933871e-08 7.666733466933871e-08 7.666733466933871e-09
0.17006012024048112 2.2224448897795585e-06 2.0929859719438744e-06 6.905811623246528 7.000220440881808e-07 7.000220440881808e-07 7.000220440881808e-08
0.1884569138276551 4.594589178356712e-06 3.734268537074114e-06 8.74949899799605 7.036252505010065e-07 7.036252505010065e-07 7.036252505010065e-08
0.1000801603206419 2.400801603206412e-06 1.2254509018036046e-06 8.348697394789632 4.027575150300615e-07 4.027575150300615e-07 4.027575150300615e-08
0.10657314629258591 6.94889779559118e-06 1.9054108216432753e-06 6.565130260521073 8.279358717434927e-07 8.279358717434927e-07 8.279358717434927e-08
0.12857715430861824 4.6124248496993976e-06 3.460721442885741e-06 9.551102204408885 3.7213026052104313e-07 3.7213026052104313e-07 3.721302605210431e-08
0.13687374749499082 3.667134268537073e-06 1.0535070140280556e-06 10.372745490982041 5.594969939879789e-07 5.594969939879789e-07 5.594969939879789e-08
0.11198396793587258 8.768136272545087e-06 1.303607214428854e-06 10.733466933867817 2.6222444889779554e-08 2.6222444889779554e-08 2.6222444889779553e-09
0.1953106212424846 2.436472945891783e-06 2.4056112224448724e-06 11.71543086172354 8.639679358717496e-07 8.639679358717496e-07 8.639679358717496e-08
0.16356713426853736 2.846693386773546e-06 3.257515030060092e-06 11.214428857715518 4.603206412825652e-09 4.603206412825652e-09 4.603206412825652e-10
0.025050100200400795 4.9513026052104195e-06 2.6947895791582956e-06 8.649298597194445 2.4241482965931833e-07 2.4241482965931833e-07 2.4241482965931832e-08
0.18701402805611203 7.590981963927853e-06 3.992184368737438e-06 4.90180360721444 3.9735270541082296e-07 3.9735270541082296e-07 3.9735270541082296e-08
0.1581563126252509 1.2414829659318633e-06 1.3426853707414788e-06 8.30861723446899 4.063527054108215e-08 4.063527054108215e-08 4.0635270541082155e-09
0.11595190380761614 6.6278557114228436e-06 9.440881763527062e-07 12.83767535070151 2.1178757515030037e-07 2.1178757515030037e-07 2.1178757515030038e-08
0.07446893787575166 7.805010020040078e-06 1.9378757515030068e-07 5.262525050100216 2.568276553106211e-07 2.568276553106211e-07 2.568276553106211e-08
0.12533066132264636 4.1665330661322635e-06 2.2336673346693235e-06 8.709418837675408 2.2259719438877728e-07 2.2259719438877728e-07 2.225971943887773e-08
0.15238476953907867 4.2104208416833653e-07 1.483366733466928e-06 6.705410821643319 5.450841683366762e-07 5.450841683366762e-07 5.4508416833667615e-08
0.1632064128256516 8.233066132264526e-06 3.3434869739478666e-06 6.685370741482998 2.3701002004007982e-07 2.3701002004007982e-07 2.3701002004007983e-08
0.0549899799599198 3.239078156312624e-06 1.99138276553105e-06 5.58316633266535 5.991322645290615e-07 5.991322645290615e-07 5.991322645290615e-08
0.1963927855711419 8.304408817635268e-06 1.2879759519038042e-06 7.8677354709419305 8.20721442885772e-08 8.20721442885772e-08 8.20721442885772e-09
0.11739478957915925 6.44949899799599e-06 8.737474949899807e-07 12.336673346693487 4.4959919839679545e-07 4.4959919839679545e-07 4.495991983967955e-08
0.18412825651302592 8.054709418837673e-06 2.319639278557098e-06 10.773547094188459 5.3246492985971924e-08 5.3246492985971924e-08 5.324649298597192e-09
0.08384769539078189 8.019038076152302e-06 2.616633266533046e-06 12.997995991984077 8.567535070140287e-08 8.567535070140287e-08 8.567535070140287e-09
0.18953907815631238 2.9715430861723437e-06 2.78076152304607e-06 13.879759519038195 6.351643286573184e-07 6.351643286573184e-07 6.351643286573184e-08
0.17691382765531063 6.503006012024046e-06 3.032064128256515e-07 10.312625250501078 5.955290581162358e-07 5.955290581162358e-07 5.955290581162358e-08
0.06977955911823655 3.809819639278556e-06 1.0781563126252505e-07 13.498997995992099 4.063607214428872e-07 4.063607214428872e-07 4.063607214428872e-08
0.11270541082164413 2.2759519038076146e-06 2.7260521042083955e-06 9.791583166332735 7.126332665330707e-07 7.126332665330707e-07 7.126332665330707e-08
0.1033266533066139 1.5981963927855706e-06 3.421643286573116e-06 13.158316633266644 9.648496993987986e-08 9.648496993987986e-08 9.648496993987986e-09
0.17907815631262522 5.557715430861722e-06 2.2492985971943734e-06 4.861723446893798 1.5773947895791583e-07 1.5773947895791583e-07 1.5773947895791584e-08
0.057875751503005966 6.699198396793585e-06 3.6951903807614894e-06 7.1863727454910205 7.648797595190432e-07 7.648797595190432e-07 7.648797595190431e-08
0.15058116232464985 5.878757515030058e-06 5.298597194388782e-07 5.943887775551126 5.973306613226486e-07 5.973306613226486e-07 5.973306613226487e-08
0.18484969939879745 6.199799599198395e-06 1.475551102204403e-06 4.480961923847701 4.5860721442885967e-07 4.5860721442885967e-07 4.586072144288597e-08
0.11955911823647392 7.091583166332663e-06 1.795991983967926e-06 8.909819639278616 2.802404809619238e-08 2.802404809619238e-08 2.802404809619238e-09
0.04236472945891781 1.4911823647294584e-06 2.5853707414829463e-06 8.669338677354766 8.405470941883827e-07 8.405470941883827e-07 8.405470941883827e-08
0.13362725450901894 2.8110220440881755e-06 1.491182364729453e-06 5.543086172344708 6.423707414829698e-07 6.423707414829698e-07 6.423707414829698e-08
0.1924248496993985 5.9501002004008e-06 1.4208416833667283e-06 7.807615230460968 8.693727454909882e-07 8.693727454909882e-07 8.693727454909882e-08
0.02973947895791582 1.9370741482965927e-06 2.499398797595172e-06 4.641282565130268 1.7935871743486964e-07 1.7935871743486964e-07 1.7935871743486966e-08
0.15130260521042138 8.1438877755511e-06 3.8515030060119885e-06 8.889779559118296 1.8116032064128246e-07 1.8116032064128246e-07 1.8116032064128248e-08
0.03298597194388776 3.470941883767534e-06 2.3977955911823475e-06 13.599198396793703 7.756893787575203e-07 7.756893787575203e-07 7.756893787575203e-08
0.040921843687374726 4.469739478957915e-06 3.188376753507016e-07 12.557114228457017 3.595190380761532e-07 3.595190380761532e-07 3.5951903807615325e-08
0.12028056112224547 6.707414829659316e-07 2.9214428857715192e-06 4.921843687374761 7.919038076152359e-07 7.919038076152359e-07 7.919038076152358e-08
0.07266533066132277 1.0631262525050097e-06 1.1160320641282552e-06 5.322645290581178 7.612765531062175e-07 7.612765531062175e-07 7.612765531062175e-08
0.1974749498997992 8.490981963927852e-07 3.132464929859693e-06 8.54909819639284 5.86513026052104e-08 5.86513026052104e-08 5.86513026052104e-09
0.0412825651302605 5.5398797595190364e-06 1.8975951903807504e-06 8.248496993988027 1.649458917835671e-07 1.649458917835671e-07 1.649458917835671e-08
0.19170340681362696 5.815631262525048e-07 1.7725450901803512e-06 8.468937875751557 1.36120240480962e-07 1.36120240480962e-07 1.36120240480962e-08
0.1761923847695391 5.432865731462924e-06 7.565130260521048e-07 12.276553106212525 8.153246492986028e-07 8.153246492986028e-07 8.153246492986028e-08
0.05967935871743482 5.093987975951902e-06 3.2665330661322666e-07 6.8256513026052446 2.622324649298596e-07 2.622324649298596e-07 2.6223246492985962e-08
0.08601202404809656 1.277154308617234e-06 6.549098196392791e-07 8.08817635270546 1.7755711422845683e-07 1.7755711422845683e-07 1.7755711422845684e-08
0.16645290581162347 4.006012024048095e-06 7.252505010020046e-07 7.3466933867735875 1.0008016032064129e-08 1.0008016032064129e-08 1.0008016032064128e-09
0.1682565130260523 3.435270541082163e-06 1.0456913827655307e-06 11.094188376753593 7.072284569138322e-07 7.072284569138322e-07 7.072284569138322e-08
0.18160320641282557 7.198597194388775e-06 6.080160320641287e-07 7.426853707414871 1.8836673346693373e-07 1.8836673346693373e-07 1.8836673346693375e-08
0.09250501002004057 6.057114228456912e-06 2.6869739478957707e-06 13.05811623246504 6.549819639278597e-07 6.549819639278597e-07 6.549819639278596e-08
0.049939879759519 4.398396793587173e-06 1.319238476953904e-06 6.124248496994014 8.729759519038139e-07 8.729759519038139e-07 8.729759519038138e-08
0.13723446893787658 6.3781563126252485e-06 5.454909819639283e-07 11.655310621242577 3.955511022044101e-07 3.955511022044101e-07 3.9555110220441014e-08
0.08637274549098234 6.342484969939878e-06 2.0617234468937746e-06 7.547094188376796 6.62188376753511e-07 6.62188376753511e-07 6.62188376753511e-08
0.11234468937875836 6.092785571142283e-06 1.803807615230451e-06 7.026052104208453 3.703286573146303e-07 3.703286573146303e-07 3.703286573146303e-08
0.028657314629258506 6.467334669338675e-06 1.624048096192377e-06 8.428857715430915 4.2436873747494976e-08 4.2436873747494976e-08 4.243687374749497e-09
0.19999999999999954 5.129659318637273e-06 2.4290581162324473e-06 5.382765531062141 1.55937875751503e-07 1.55937875751503e-07 1.5593787575150302e-08
0.18989979959919814 3.6492985971943875e-06 3.476352705410791e-06 4.040080160320642 5.00044088176355e-07 5.00044088176355e-07 5.0004408817635504e-08
0.14733466933867798 6.645691382765529e-06 8.581162324649306e-07 11.975951903807712 1.0729458917835684e-07 1.0729458917835684e-07 1.0729458917835684e-08
0.05174348697394786 4.701603206412824e-06 1.7569138276553013e-06 7.40681362725455 2.892565130260523e-07 2.892565130260523e-07 2.892565130260523e-08
0.02649298597194388 1.080961923847695e-06 3.3981963927855413e-06 10.032064128256586 5.396793587174376e-07 5.396793587174376e-07 5.3967935871743763e-08
0.1278557114228467 4.844288577154307e-06 2.311823647294573e-06 7.747494989980005 7.054268537074193e-07 7.054268537074193e-07 7.054268537074193e-08
0.1213627254509028 3.1402805611222435e-07 3.6573146292585195e-07 7.066132264529095 3.342965931863734e-07 3.342965931863734e-07 3.342965931863734e-08
0.03442885771543085 5.736072144288575e-06 3.5701402805610902e-06 10.472945891783645 8.837855711422909e-07 8.837855711422909e-07 8.83785571142291e-08
0.06545090180360721 2.0619238476953902e-06 1.1238476953907802e-06 13.098196392785681 5.721082164328688e-07 5.721082164328688e-07 5.721082164328688e-08
0.02360721442885771 5.236673346693385e-06 3.288777555110192e-06 7.887775551102251 5.576953907815661e-07 5.576953907815661e-07 5.576953907815661e-08
0.08420841683366767 1.4020040080160316e-06 3.445090180360691e-06 6.3246492985972225 7.108316633266578e-07 7.108316633266578e-07 7.108316633266578e-08
0.09394789579158368 8.393587174348695e-06 4.2044088176352735e-07 8.569138276553161 7.252444889779606e-07 7.252444889779606e-07 7.252444889779606e-08
0.14877755511022103 8.669338677354706e-07 2.2102204408817487e-06 11.615230460921936 2.784468937875752e-07 2.784468937875752e-07 2.784468937875752e-08
0.14120240480961999 4.6124248496993976e-06 1.0300601202404808e-06 7.086172344689416 5.612985971943918e-07 5.612985971943918e-07 5.612985971943918e-08
0.020721442885771543 6.71703406813627e-06 1.483366733466928e-06 12.016032064128353 7.43260521042089e-07 7.43260521042089e-07 7.43260521042089e-08
0.1711422845691384 1.7765531062124242e-06 3.1949899799598925e-06 8.849699398797654 8.657695390781625e-07 8.657695390781625e-07 8.657695390781625e-08
0.025050100200400795 1.9370741482965927e-06 1.6631262525050018e-06 12.096192384769637 2.0998597194388755e-07 2.0998597194388755e-07 2.0998597194388756e-08
0.10945891783567213 1.5625250501001999e-06 1.2344689378757517e-07 8.869739478957975 5.757114228456945e-07 5.757114228456945e-07 5.757114228456945e-08
0.09863727454909879 5.736072144288575e-06 3.032064128256515e-07 6.965931863727491 1.6674749498997992e-07 1.6674749498997992e-07 1.6674749498997993e-08
0.02288577154308617 3.239078156312624e-06 2.2414829659318485e-06 10.232464929859795 8.927855711422853e-08 8.927855711422853e-08 8.927855711422852e-09
0.07482965931863744 6.413827655310619e-06 1.7815631262525057e-07 7.8677354709419305 5.631002004008046e-07 5.631002004008046e-07 5.631002004008046e-08
0.13218436873747588 3.078557114228456e-06 2.0070140280561e-06 10.052104208416907 4.4239278557114407e-07 4.4239278557114407e-07 4.423927855711441e-08
0.14372745490982033 6.395991983967934e-06 3.3903807615230163e-06 12.897795591182472 1.9196993987975937e-07 1.9196993987975937e-07 1.919699398797594e-08
0.13723446893787658 2.5256513026052097e-06 1.2254509018036046e-06 7.066132264529095 1.8116032064128246e-07 1.8116032064128246e-07 1.8116032064128248e-08
0.16248496993988007 4.3627254509018025e-06 1.3817635270541036e-06 8.52905811623252 3.054709418837679e-07 3.054709418837679e-07 3.054709418837679e-08
0.12172344689378858 1.616032064128256e-06 2.0929859719438744e-06 5.342685370741499 6.549819639278597e-07 6.549819639278597e-07 6.549819639278596e-08
0.173306613226453 6.913226452905809e-06 3.984368737474913e-06 4.841683366733477 4.910360721442908e-07 4.910360721442908e-07 4.910360721442908e-08
0.1902605210420839 8.785971943887772e-06 1.491182364729453e-06 11.755511022044182 4.42384769539078e-08 4.42384769539078e-08 4.42384769539078e-09
0.1834068136272544 3.4887775551102193e-06 2.5462925851703216e-06 13.038076152304718 1.7035070140280555e-07 1.7035070140280555e-07 1.7035070140280557e-08
0.09935871743487035 5.48637274549098e-06 1.1160320641282552e-06 8.929859719438937 5.522905811623275e-07 5.522905811623275e-07 5.5229058116232756e-08
0.07338677354709433 8.161723446893785e-06 1.6006012024048022e-06 9.43086172344696 7.991102204408872e-07 7.991102204408872e-07 7.991102204408872e-08
0.09250501002004057 1.0987975951903804e-06 2.2505010020040091e-07 11.154308617234555 4.1717034068136425e-07 4.1717034068136425e-07 4.171703406813642e-08
0.17150300601202417 5.575551102204407e-06 1.4286573146292533e-06 4.701402805611231 5.847194388777587e-07 5.847194388777587e-07 5.8471943887775875e-08
0.1451703406813634 2.489979959919839e-06 6.549098196392791e-07 7.326653306613267 6.964188376753551e-07 6.964188376753551e-07 6.964188376753551e-08
0.17042084168336688 4.933466933867734e-06 2.132064128256499e-06 11.795591182364824 5.23464929859722e-07 5.23464929859722e-07 5.23464929859722e-08
0.13975951903807693 5.611222444889778e-06 3.460721442885741e-06 10.492985971943966 8.567535070140287e-08 8.567535070140287e-08 8.567535070140287e-09
0.14625250501002068 1.865731462925851e-06 5.689378757515034e-07 5.082164328657328 7.414589178356762e-07 7.414589178356762e-07 7.414589178356762e-08
0.13182364729459012 5.254509018036071e-06 2.819839679358695e-06 10.713426853707496 1.4873146292585174e-07 1.4873146292585174e-07 1.4873146292585173e-08
0.11883767535070236 4.059519038076151e-06 2.4134268537073974e-06 9.470941883767601 4.604088176352725e-07 4.604088176352725e-07 4.604088176352725e-08
0.17583166332665334 4.772945891783566e-06 5.923847695390786e-07 8.609218436873803 3.1267735470941926e-07 3.1267735470941926e-07 3.1267735470941925e-08
0.03839679358717433 8.286573146292582e-06 1.4130260521042034e-06 8.368737474949953 5.558937875751532e-07 5.558937875751532e-07 5.558937875751532e-08
0.1199198396793597 4.095190380761522e-06 7.174348697394795e-07 9.030060120240542 6.459739478957954e-07 6.459739478957954e-07 6.459739478957954e-08
0.14336673346693457 4.0320641282565117e-07 2.641282565130262e-07 8.148296593186423 6.369659318637312e-07 6.369659318637312e-07 6.369659318637312e-08
0.11414829659318725 5.308016032064127e-06 2.0539078156312496e-06 6.925851703406849 2.262004008016029e-07 2.262004008016029e-07 2.2620040080160293e-08
0.15779559118236514 2.044088176352705e-06 2.5150300601202218e-06 9.310621242485034 4.063527054108215e-08 4.063527054108215e-08 4.0635270541082155e-09
0.18773547094188356 6.699198396793585e-06 1.0222444889779558e-06 5.482965931863745 1.2170741482965947e-07 1.2170741482965947e-07 1.2170741482965946e-08
0.09791583166332724 2.7575150300601194e-06 1.983567134268525e-06 4.521042084168343 7.792925851703459e-07 7.792925851703459e-07 7.79292585170346e-08
0.15382765531062173 1.7230460921843681e-06 2.663527054108196e-06 10.893787575150384 6.261563126252542e-07 6.261563126252542e-07 6.261563126252542e-08
0.051022044088176316 2.2759519038076146e-06 1.0781563126252505e-07 9.651302605210489 3.595190380761532e-07 3.595190380761532e-07 3.5951903807615325e-08
0.04272545090180358 5.183166332665329e-06 2.76513026052102e-06 9.390781563126318 6.838076152304652e-07 6.838076152304652e-07 6.838076152304651e-08
0.03226452905811622 4.665931863727454e-06 2.952705410821619e-06 7.807615230460968 8.261342685370799e-07 8.261342685370799e-07 8.261342685370799e-08
0.10657314629258591 3.274749498997995e-06 3.296593186372717e-06 6.545090180360752 2.9825651302605204e-08 2.9825651302605204e-08 2.9825651302605205e-09
0.1339879759519047 9.204408817635267e-07 1.7725450901803512e-06 4.140280561122246 6.189498997996028e-07 6.189498997996028e-07 6.189498997996028e-08
0.19062124248496967 1.8835671342685364e-06 1.2020040080160297e-06 9.771543086172414 2.6403406813627246e-07 2.6403406813627246e-07 2.6403406813627247e-08
0.10440881763527124 5.682565130260519e-06 7.252505010020046e-07 5.783567134268559 5.054488977955936e-07 5.054488977955936e-07 5.0544889779559356e-08
0.09755511022044146 4.915631262525049e-06 1.9132264529058005e-06 9.67134268537081 2.2619238476953905e-08 2.2619238476953905e-08 2.2619238476953904e-09
0.02613226452905811 1.3567134268537072e-07 3.4060120240480662e-06 7.967935871743535 9.468336673346702e-08 9.468336673346702e-08 9.468336673346703e-09
0.027935871743486964 2.686172344689378e-06 2.772945891783545e-06 6.1442885771543345 8.207294589178414e-07 8.207294589178414e-07 8.207294589178414e-08
0.06148296593186368 5.825250501002002e-06 3.4919839679358407e-06 13.619238476954024 6.946172344689422e-07 6.946172344689422e-07 6.946172344689423e-08
0.10909819639278635 1.3841683366733462e-06 2.3587174348697227e-06 8.488977955911878 3.6492384769539176e-07 3.6492384769539176e-07 3.649238476953918e-08
0.08781563126252545 2.1867735470941878e-06 1.5927855711422773e-06 13.438877755511136 8.153246492986028e-07 8.153246492986028e-07 8.153246492986028e-08
0.15851703406813666 7.94769539078156e-06 1.975751503006e-06 5.6232464929859916 6.423707414829698e-07 6.423707414829698e-07 6.423707414829698e-08
0.16392785571142313 8.429258517034065e-06 2.499398797595172e-06 6.464929859719469 8.783807615230524e-07 8.783807615230524e-07 8.783807615230524e-08
0.16969939879759535 6.021442885771541e-06 3.0699398797594933e-06 8.128256513026102 6.099418837675386e-07 6.099418837675386e-07 6.099418837675385e-08
0.14048096192384846 7.537474949899797e-06 2.929258517034044e-06 8.689378757515087 5.649018036072174e-07 5.649018036072174e-07 5.649018036072174e-08
0.05895791583166328 5.165330661322644e-06 3.273146292585142e-06 11.575150300601294 6.027354709418872e-07 6.027354709418872e-07 6.027354709418871e-08
0.06004008016032059 6.431663326653305e-06 4.7515030060120275e-07 5.042084168336686 8.47753507014034e-07 8.47753507014034e-07 8.477535070140341e-08
0.128937875751504 1.9905811623246488e-06 3.969939879759522e-07 10.873747494990063 2.4241482965931833e-07 2.4241482965931833e-07 2.4241482965931832e-08
0.0903406813627259 3.5422845691382754e-06 3.422845691382768e-07 7.827655310621289 6.27957915831667e-07 6.27957915831667e-07 6.27957915831667e-08
0.1469739478957922 8.803807615230458e-06 2.608817635270521e-06 13.939879759519158 8.1352304609219e-07 8.1352304609219e-07 8.1352304609219e-08
0.11198396793587258 1.5268537074148291e-06 4.438877755511025e-07 13.418837675350815 8.045150300601258e-07 8.045150300601258e-07 8.045150300601258e-08
0.05607214428857711 6.788376753507012e-06 5.376753507014032e-07 6.705410821643319 8.189278557114285e-07 8.189278557114285e-07 8.189278557114285e-08
0.1884569138276551 1.7587174348697389e-06 3.773346693386739e-06 12.737474949899905 8.063166332665386e-07 8.063166332665386e-07 8.063166332665386e-08
0.08096192384769567 3.774148296593185e-06 2.4068136272545103e-07 5.402805611222462 7.55871743486979e-07 7.55871743486979e-07 7.558717434869789e-08
0.05967935871743482 8.464929859719436e-06 3.2340681362725173e-06 12.797595190380868 7.937054108216487e-07 7.937054108216487e-07 7.937054108216488e-08
0.072304609218437 1.1783567134268536e-07 2.0160320641282574e-07 12.61723446893798 5.162585170340706e-07 5.162585170340706e-07 5.162585170340707e-08
0.13939879759519117 1.027454909819639e-06 3.945290581162288e-06 4.46092184368738 3.2889178356713487e-07 3.2889178356713487e-07 3.288917835671349e-08
0.07951903807615256 8.696793587174346e-06 2.319639278557098e-06 11.975951903807712 7.756893787575203e-07 7.756893787575203e-07 7.756893787575203e-08
0.08601202404809656 8.41142284569138e-06 6.47094188376754e-07 7.126252505010058 3.901462925851716e-07 3.901462925851716e-07 3.9014629258517155e-08
0.11018036072144369 6.877555110220439e-06 2.616633266533046e-06 12.136272545090279 3.865430861723459e-07 3.865430861723459e-07 3.865430861723459e-08
0.13254509018036165 6.110621242484968e-06 8.424849699398804e-07 9.571142284569206 3.667254509018046e-07 3.667254509018046e-07 3.667254509018046e-08
0.18665330661322627 5.272344689378756e-06 2.507214428857697e-06 6.645290581162357 3.3249498997996055e-07 3.3249498997996055e-07 3.324949899799606e-08
0.12460921843687481 7.71583166332665e-06 3.3981963927855413e-06 13.458917835671457 6.585771543086172e-08 6.585771543086172e-08 6.585771543086172e-09
0.18593186372745474 7.840681362725448e-06 2.788577154308595e-06 10.57314629258525 5.360761523046119e-07 5.360761523046119e-07 5.360761523046119e-08
0.17907815631262522 2.9180360721442877e-06 3.882765531062088e-06 9.190380761523109 3.306933867735477e-07 3.306933867735477e-07 3.306933867735477e-08
0.06292585170340677 1.223647294589178e-06 8.112224448897802e-07 5.663326653306633 3.7213026052104313e-07 3.7213026052104313e-07 3.721302605210431e-08
0.0935871743486979 2.3651302605210414e-06 1.3505010020040038e-06 6.525050100200431 1.253106212424851e-07 1.253106212424851e-07 1.253106212424851e-08
0.14264529058116304 8.892985971943885e-06 1.5458917835671276e-06 7.647294589178401 6.009338677354743e-07 6.009338677354743e-07 6.009338677354743e-08
0.13434869739479047 2.6148296593186365e-06 6.861723446893793e-07 13.158316633266644 7.883006012024102e-07 7.883006012024102e-07 7.883006012024102e-08
0.060761523046092135 3.52444889779559e-06 1.162925851703405e-06 13.559118236473061 1.451282565130261e-07 1.451282565130261e-07 1.451282565130261e-08
0.17438877755511029 4.969138276553105e-06 2.2024048096192237e-06 7.567134268537117 2.856533066132266e-07 2.856533066132266e-07 2.856533066132266e-08
0.07915831663326678 6.7705410821643265e-06 2.014829659318625e-06 13.178356713426965 4.89234468937878e-07 4.89234468937878e-07 4.89234468937878e-08
0.11667334669338769 7.4126252505009995e-06 4.907815631262529e-07 9.150300601202467 2.820501002004009e-07 2.820501002004009e-07 2.820501002004009e-08
0.03551102204408816 6.44949899799599e-06 2.7260521042083955e-06 7.0060120240481325 8.387374749499004e-08 8.387374749499004e-08 8.387374749499004e-09
0.08168336673346722 6.5743486973947875e-06 1.3348697394789539e-06 5.242484969939895 3.991543086172358e-07 3.991543086172358e-07 3.991543086172358e-08
0.031182364729458904 7.064128256513023e-07 1.4364729458917782e-06 13.218436873747606 7.072284569138322e-07 7.072284569138322e-07 7.072284569138322e-08
0.1278557114228467 8.94649298597194e-06 1.6162324649298521e-06 10.472945891783645 2.766452905811624e-07 2.766452905811624e-07 2.7664529058116236e-08
0.1942284569138273 1e-07 1.8507014028056007e-06 11.95591182364739 1.9737474949899782e-07 1.9737474949899782e-07 1.9737474949899784e-08
0.16537074148296618 3.132064128256512e-06 8.346693386773554e-07 11.655310621242577 7.144348697394835e-07 7.144348697394835e-07 7.144348697394836e-08
0.07410821643286589 5.093987975951902e-06 3.6717434869739146e-06 6.04408817635273 8.675711422845753e-07 8.675711422845753e-07 8.675711422845753e-08
0.021442885771543085 3.328256513026051e-06 3.344689378757517e-07 10.272545090180436 5.81116232464933e-07 5.81116232464933e-07 5.8111623246493304e-08
0.07302605210420855 7.590981963927853e-06 2.632264529058096e-06 4.320641282565134 1.2350901803607228e-07 1.2350901803607228e-07 1.2350901803607228e-08
0.06509018036072144 7.341282565130258e-06 5.454909819639283e-07 12.937875751503114 2.92859719438878e-07 2.92859719438878e-07 2.92859719438878e-08
0.18196392785571133 4.862124248496993e-06 1.8350701402805508e-06 4.200400801603209 5.14448897795591e-08 5.14448897795591e-08 5.14448897795591e-09
0.11523046092184458 3.2569138276553096e-06 3.9999999999999625e-06 11.895791583166428 6.404809619238477e-09 6.404809619238477e-09 6.404809619238478e-10
0.1361523046092193 6.520841683366731e-06 1.6084168336673272e-06 10.913827655310705 1.8656513026052092e-07 1.8656513026052092e-07 1.8656513026052093e-08
0.0870941883767539 8.357915831663324e-06 3.906212424849663e-06 10.032064128256586 3.108757515030064e-07 3.108757515030064e-07 3.1087575150300643e-08
0.08456913827655345 5.815631262525048e-07 1.1316633266533051e-06 13.699398797595308 2.045811623246491e-07 2.045811623246491e-07 2.045811623246491e-08
0.024328657314629253 8.625450901803604e-06 2.171142284569124e-06 6.605210420841715 4.676152304609239e-07 4.676152304609239e-07 4.676152304609239e-08
0.14661322645290645 5.022645290581161e-06 3.132464929859693e-06 13.31863727454921 3.50511022044089e-07 3.50511022044089e-07 3.50511022044089e-08
0.11631262525050191 1.5090180360721438e-06 2.624448897795571e-06 12.276553106212525 2.3881162324649264e-07 2.3881162324649264e-07 2.3881162324649265e-08
0.04921843687374746 4.683767535070139e-06 3.257515030060092e-06 5.9839679358717675 1.95573146292585e-07 1.95573146292585e-07 1.9557314629258502e-08
0.16753507014028077 1.0452905811623243e-06 2.1086172344689243e-06 8.288577154308669 8.459519038076212e-07 8.459519038076212e-07 8.459519038076211e-08
0.047414829659318605 7.483967935871741e-06 4.673346693386777e-07 4.2605210420841715 5.86513026052104e-08 5.86513026052104e-08 5.86513026052104e-09
0.029018036072144277 5.700400801603205e-06 3.0855711422845432e-06 4.881763527054119 8.819839679358781e-07 8.819839679358781e-07 8.81983967935878e-08
0.06761523046092188 6.350701402805609e-07 2.0695390781562995e-06 6.905811623246528 3.415030060120248e-07 3.415030060120248e-07 3.415030060120248e-08
0.18484969939879745 5.0048096192384755e-06 1.8272545090180258e-06 11.374749498998085 8.621663326653368e-07 8.621663326653368e-07 8.621663326653368e-08
0.1401202404809627 7.394789579158314e-06 2.2180360721442736e-06 8.909819639278616 7.054268537074193e-07 7.054268537074193e-07 7.054268537074193e-08
0.053547094188376713 4.469739478957915e-06 1.3907815631262528e-07 6.024048096192409 4.4599599198396976e-07 4.4599599198396976e-07 4.459959919839698e-08
0.16140280561122278 6.092785571142283e-06 1.547094188376754e-07 11.25450901803616 3.252885771543092e-07 3.252885771543092e-07 3.252885771543092e-08
0.11234468937875836 1.7052104208416828e-06 3.7108216432865393e-06 8.589178356713482 2.4781963927855686e-07 2.4781963927855686e-07 2.4781963927855688e-08
0.10476953907815702 3.845490981963927e-06 1.006613226452906e-06 7.947895791583214 2.69438877755511e-07 2.69438877755511e-07 2.69438877755511e-08
0.02036072144288577 5.504208416833666e-06 1.15511022044088e-06 4.761523046092194 4.5320240480962114e-07 4.5320240480962114e-07 4.532024048096211e-08
0.0412825651302605 5.5398797595190364e-06 1.13947895791583e-06 13.29859719438889 6.928156312625294e-07 6.928156312625294e-07 6.928156312625294e-08
0.1772745490981964 7.5553106212424824e-06 2.1164328657314492e-06 10.412825651302683 4.766232464929881e-07 4.766232464929881e-07 4.7662324649298814e-08
0.11126252505010102 8.054709418837673e-06 3.73547094188377e-07 13.358717434869853 1.5773947895791583e-07 1.5773947895791583e-07 1.5773947895791584e-08
0.04236472945891781 7.1629258517034045e-06 3.796793587174314e-06 9.23046092184375 6.874108216432909e-07 6.874108216432909e-07 6.874108216432909e-08
0.11378757515030147 8.490981963927852e-07 3.3356713426853417e-06 10.012024048096265 6.333627254509055e-07 6.333627254509055e-07 6.333627254509056e-08
0.1621242484969943 8.64328657314629e-06 7.330661322645296e-07 5.543086172344708 2.8016032064128258e-09 2.8016032064128258e-09 2.801603206412826e-10
0.050300601202404774 8.964328657314626e-06 1.647494989979952e-06 5.643286573146312 2.0818436873747473e-07 2.0818436873747473e-07 2.0818436873747475e-08
0.06220440881763522 8.482765531062121e-06 2.7338677354709204e-06 7.507014028056155 7.126252505010022e-08 7.126252505010022e-08 7.126252505010022e-09
0.04597194388777552 9.917835671342682e-07 1.7647294589178262e-06 13.51903807615242 8.171262525050157e-07 8.171262525050157e-07 8.171262525050156e-08
0.12028056112224547 4.344889779559117e-06 1.311422845691379e-06 4.561122244488985 5.018456913827679e-07 5.018456913827679e-07 5.0184569138276786e-08
0.04200400801603204 2.739679358717434e-06 2.5931863727454713e-06 14.00000000000012 6.531803607214468e-07 6.531803607214468e-07 6.531803607214468e-08
0.03803607214428856 1.3484969939879755e-06 2.444689378757497e-06 13.018036072144398 1.7215230460921837e-07 1.7215230460921837e-07 1.721523046092184e-08
0.08889779559118278 3.667134268537073e-06 7.721442885771549e-07 10.59318637274557 6.639899799599239e-07 6.639899799599239e-07 6.639899799599239e-08
0.17979959919839675 4.434068136272544e-06 1.2098196392785547e-06 10.933867735471026 2.46018036072144e-07 2.46018036072144e-07 2.4601803607214402e-08
0.053907815631262485 8.197394789579156e-06 3.3434869739478666e-06 9.350701402805676 3.541142284569147e-07 3.541142284569147e-07 3.5411422845691466e-08
0.05282565130260517 8.536272545090177e-06 3.0308617234468686e-06 12.817635270541189 7.504669338677404e-07 7.504669338677404e-07 7.504669338677405e-08
0.025410821643286566 4.826452905811622e-06 1.327054108216429e-06 4.400801603206418 1.36120240480962e-07 1.36120240480962e-07 1.36120240480962e-08
0.06689378757515033 2.882364729458917e-06 1.9054108216432753e-06 8.32865731462931 2.0277955911823628e-07 2.0277955911823628e-07 2.027795591182363e-08
0.19855711422845648 5.1474949899799584e-06 4.126252505010023e-07 8.949899799599258 3.018677354709422e-07 3.018677354709422e-07 3.018677354709422e-08
0.05931863727454905 8.322244488977953e-06 1.2488977955911794e-06 13.118236472946002 8.891903807615295e-07 8.891903807615295e-07 8.891903807615294e-08
0.04813627254509015 3.185571142284568e-06 1.303607214428854e-06 4.0801603206412835 6.207515030060156e-07 6.207515030060156e-07 6.207515030060156e-08
0.12713426853707518 2.5791583166332658e-06 2.5228456913827467e-06 5.843687374749521 1.5233466933867737e-07 1.5233466933867737e-07 1.523346693386774e-08
0.06545090180360721 6.128456913827653e-06 2.8589178356713196e-06 8.669338677354766 1.343186372745492e-07 1.343186372745492e-07 1.3431863727454919e-08
0.047054108216432834 4.041683366733466e-06 1.6943887775551016e-06 7.887775551102251 2.442084168336673e-08 2.442084168336673e-08 2.442084168336673e-09
0.04488977955911821 3.5066132264529046e-06 2.491583166332647e-06 11.49498997996001 3.757334669338688e-07 3.757334669338688e-07 3.757334669338688e-08
0.14084168336673422 4.077354709418837e-06 2.1008016032063993e-06 7.1663326653307 2.2980360721442855e-07 2.2980360721442855e-07 2.2980360721442856e-08
0.1329058116232474 3.470941883767534e-06 6.939879759519044e-07 6.50501002004011 4.7302004008016243e-07 4.7302004008016243e-07 4.7302004008016244e-08
0.14985971943887832 8.750300601202402e-06 1.99138276553105e-06 13.338677354709532 6.387675350701441e-07 6.387675350701441e-07 6.38767535070144e-08
0.13867735470941964 1.1344689378757512e-06 3.6573146292585195e-07 11.114228456913914 4.6221042084168536e-07 4.6221042084168536e-07 4.622104208416853e-08
0.17294589178356723 3.613627254509017e-06 1.1563126252505011e-07 12.356713426853808 6.820060120240523e-07 6.820060120240523e-07 6.820060120240523e-08
0.03190380761523045 5.9501002004008e-06 3.734268537074114e-06 6.104208416833693 7.684829659318689e-07 7.684829659318689e-07 7.684829659318689e-08
0.16861723446893806 1.6517034068136267e-06 2.804208416833645e-06 5.4629258517034245 3.6132064128256607e-07 3.6132064128256607e-07 3.6132064128256607e-08
0.03154308617234468 1.7408817635270535e-06 3.781162324649264e-06 4.0 1.3792184368737483e-07 1.3792184368737483e-07 1.3792184368737483e-08
0.07807615230460944 1.2058116232464926e-06 1.467735470941878e-06 11.434869739479048 1.1269939879759534e-07 1.1269939879759534e-07 1.1269939879759534e-08
0.11054108216432947 9.739478957915829e-07 3.8136272545090206e-07 13.579158316633382 8.873887775551166e-07 8.873887775551166e-07 8.873887775551166e-08
0.12208416833667436 4.130861723446893e-06 2.460320641282547e-06 12.557114228457017 4.784168336673345e-08 4.784168336673345e-08 4.784168336673345e-09
0.05535070140280557 2.2937875751503e-06 1.8597194388777563e-07 7.707414829659363 3.342965931863734e-07 3.342965931863734e-07 3.342965931863734e-08
0.06184368737474945 1.3663326653306609e-06 3.6795591182364395e-06 5.523046092184387 2.5142284569138255e-07 2.5142284569138255e-07 2.5142284569138254e-08
0.18376753507014015 8.233066132264526e-06 3.6951903807614894e-06 5.743486973947917 2.946613226452908e-07 2.946613226452908e-07 2.946613226452908e-08
0.0387575150300601 6.645691382765529e-06 2.5384769539077966e-06 9.89178356713434 7.522685370741533e-07 7.522685370741533e-07 7.522685370741533e-08
0.08132264529058145 2.0701402805611217e-07 4.0480961923847723e-07 8.969939879759579 4.874328657314651e-07 4.874328657314651e-07 4.874328657314651e-08
0.14156312625250575 3.853707414829658e-07 3.421643286573116e-06 4.22044088176353 2.6222444889779554e-08 2.6222444889779554e-08 2.6222444889779553e-09
0.19386773547094155 2.7753507014028048e-06 3.5388777555109904e-06 12.957915831663435 6.51378757515034e-07 6.51378757515034e-07 6.51378757515034e-08
0.09575150300601257 2.0797595190380756e-06 2.327454909819623e-06 9.791583166332735 8.585631262525111e-07 8.585631262525111e-07 8.585631262525111e-08
0.05859719438877751 7.733667334669336e-06 3.968737474949863e-06 5.923847695390805 5.252665330661349e-07 5.252665330661349e-07 5.252665330661349e-08
0.047775551102204376 7.091583166332663e-06 1.8194388777555009e-06 7.5270541082164755 1.0369138276553118e-07 1.0369138276553118e-07 1.0369138276553118e-08
0.1974749498997992 4.879959919839678e-06 3.3747494989979664e-06 8.829659318637333 7.720861723446946e-07 7.720861723446946e-07 7.720861723446945e-08
0.06941883767535077 3.720641282565129e-06 2.5853707414829463e-06 10.553106212424929 6.711963927855753e-07 6.711963927855753e-07 6.711963927855753e-08
0.16573146292585195 4.8086172344689366e-06 2.335270541082148e-06 9.090180360721504 7.846893787575154e-08 7.846893787575154e-08 7.846893787575155e-09
0.04669338677354706 1.1879759519038072e-06 1.1785571142284548e-06 12.83767535070151 5.576953907815661e-07 5.576953907815661e-07 5.576953907815661e-08
0.17402805611222452 5.522044088176351e-06 6.158316633266538e-07 11.71543086172354 1.3611222444889782e-08 1.3611222444889782e-08 1.361122244488978e-09
0.028296593186372735 3.2925851703406803e-06 1.4208416833667283e-06 6.384769539078185 7.810941883767588e-07 7.810941883767588e-07 7.810941883767588e-08
0.05643286573146288 6.859719438877753e-06 1.2801603206412792e-06 8.348697394789632 1.7755711422845683e-07 1.7755711422845683e-07 1.7755711422845684e-08
0.19603206412825613 5.646893787575149e-06 3.2028056112224175e-06 9.591182364729526 5.721082164328688e-07 5.721082164328688e-07 5.721082164328688e-08
0.07014028056112233 2.7040080160320633e-06 3.2184368737474674e-06 5.943887775551126 3.577174348697404e-07 3.577174348697404e-07 3.5771743486974036e-08
0.03478957915831662 1.1523046092184365e-06 1.5849699398797523e-06 7.667334669338722 3.9374949899799727e-07 3.9374949899799727e-07 3.9374949899799725e-08
0.10404809619238546 2.632665330661322e-06 2.3509018036071978e-06 12.917835671342793 5.450841683366762e-07 5.450841683366762e-07 5.4508416833667615e-08
0.17006012024048112 6.895390781563124e-06 4.829659318637278e-07 11.174348697394876 4.784248496994009e-07 4.784248496994009e-07 4.784248496994009e-08
0.037314629258517015 4.006012024048095e-06 1.1707414829659299e-06 6.625250501002036 4.279799599198413e-07 4.279799599198413e-07 4.279799599198413e-08
0.0672545090180361 6.734869739478956e-06 1.2957915831663291e-06 11.314629258517122 6.405611222444889e-08 6.405611222444889e-08 6.405611222444889e-09
0.078797595190381 5.468537074148295e-06 3.265330661322617e-06 9.370741482965997 1.3251703406813637e-07 1.3251703406813637e-07 1.3251703406813637e-08
0.07663326653306633 2.543486973947895e-06 3.468537074148266e-06 4.90180360721444 4.31583166332667e-07 4.31583166332667e-07 4.31583166332667e-08
0.18989979959919814 4.523246492985971e-06 8.268537074148303e-07 8.008016032064177 3.378997995991991e-07 3.378997995991991e-07 3.378997995991991e-08
0.161042084168337 3.1402805611222435e-07 9.519038076152313e-07 5.563126252505029 3.703286573146303e-07 3.703286573146303e-07 3.703286573146303e-08
0.07735470941883789 8.999999999999997e-06 1.639679358717427e-06 11.454909819639369 2.532244488977954e-07 2.532244488977954e-07 2.532244488977954e-08
0.12965931863727553 1.3128256513026048e-06 3.109018036072118e-06 10.152304609218511 7.973086172344744e-07 7.973086172344744e-07 7.973086172344744e-08
0.1693386773547096 7.662324649298595e-06 8.581162324649306e-07 11.595190380761615 6.225450901803606e-08 6.225450901803606e-08 6.225450901803606e-09
0.19314629258517002 8.072545090180358e-06 3.2262525050099924e-06 5.14228456913829 8.801823647294652e-07 8.801823647294652e-07 8.801823647294652e-08
0.16284569138276583 3.577955911823646e-06 9.90981963927856e-07 9.711422845691452 3.8474148296593305e-07 3.8474148296593305e-07 3.84741482965933e-08
0.17547094188376758 8.518436873747492e-06 1.2332665330661295e-06 12.1563126252506 1.0188977955911835e-07 1.0188977955911835e-07 1.0188977955911835e-08
0.05138276553106209 3.0607214428857706e-06 2.475951903807597e-06 5.422845691382783 1e-09 1e-09 1e-10
0.10693386773547169 6.199799599198395e-06 3.3513026052103916e-06 5.963927855711447 5.793146292585202e-07 5.793146292585202e-07 5.793146292585202e-08
0.03947895791583164 7.519639278557112e-06 1.3126252505010023e-07 10.533066132264608 5.144569138276578e-07 5.144569138276578e-07 5.144569138276578e-08
0.12821643286573248 5.5933867735470925e-06 2.968336673346669e-06 11.27454909819648 3.8113827655310736e-07 3.8113827655310736e-07 3.811382765531073e-08
0.07158316633266544 4.9513026052104195e-06 3.0464929859719185e-06 11.234468937875839 6.892124248497037e-07 6.892124248497037e-07 6.892124248497037e-08
0.08925851703406856 2.400801603206412e-06 3.61703406813624e-06 11.394789579158406 6.315611222444927e-07 6.315611222444927e-07 6.315611222444927e-08
0.11306613226452991 4.576753507014027e-06 1.3973947895791535e-06 10.292585170340757 4.2436873747494976e-08 4.2436873747494976e-08 4.243687374749497e-09
0.10260521042084235 2.2224448897795585e-06 2.6010020040079962e-06 5.202404809619253 5.3246492985971924e-08 5.3246492985971924e-08 5.324649298597192e-09
0.13543086172344776 1.4376753507014023e-06 1.7412825651302514e-06 13.53907815631274 1.9016032064128256e-08 1.9016032064128256e-08 1.9016032064128256e-09
0.082044088176353 7.573146292585168e-06 2.147695390781549e-06 11.875751503006107 7.540701402805661e-07 7.540701402805661e-07 7.540701402805661e-08
0.1033266533066139 1.5446893787575145e-06 7.955911823647301e-07 11.775551102204503 8.567615230460983e-07 8.567615230460983e-07 8.567615230460983e-08
0.10152304609218502 6.88577154308617e-07 3.0543086172344434e-06 4.120240480961925 2.3340681362725419e-07 2.3340681362725419e-07 2.334068136272542e-08
0.049939879759519 4.5589178356713415e-06 2.9539078156312643e-07 8.428857715430915 8.531583166332726e-07 8.531583166332726e-07 8.531583166332725e-08
0.04849699398797592 6.360320641282563e-06 5.611222444889784e-07 9.130260521042146 7.828957915831716e-07 7.828957915831716e-07 7.828957915831716e-08
0.022525050100200398 6.324649298597192e-06 7.408817635270547e-07 5.002004008016044 4.1356713426853856e-07 4.1356713426853856e-07 4.135671342685386e-08
0.167174348697395 2.204609218436873e-06 2.4368737474949722e-06 13.639278557114345 4.964408817635294e-07 4.964408817635294e-07 4.9644088176352934e-08
0.044168336673346666 3.318637274549097e-07 7.7995991983968e-07 7.426853707414871 7.919038076152359e-07 7.919038076152359e-07 7.919038076152358e-08
0.02360721442885771 7.038076152304607e-06 1.631863727454902e-06 13.959919839679479 6.802044088176395e-07 6.802044088176395e-07 6.802044088176395e-08
0.03262525050100199 7.376953907815629e-06 3.140280561122218e-06 7.466933867735513 2.35208416833667e-07 2.35208416833667e-07 2.3520841683366702e-08
0.1213627254509028 4.71943887775551e-06 1.9366733466933754e-06 13.599198396793703 4.063607214428872e-07 4.063607214428872e-07 4.063607214428872e-08
0.07519038076152322 8.340080160320638e-06 3.4997995991983657e-06 7.246492985971983 6.081402805611257e-07 6.081402805611257e-07 6.081402805611257e-08
0.08240480961923878 4.4162324649298586e-06 3.3278557114228167e-06 8.048096192384818 6.045290581162323e-08 6.045290581162323e-08 6.045290581162323e-09
0.15563126252505055 8.001202404809617e-06 2.3821643286572976e-06 4.621242484969947 2.1899398797595164e-07 2.1899398797595164e-07 2.1899398797595165e-08
0.0524649298597194 6.984569138276551e-06 3.6873747494989645e-06 7.286573146292625 4.243767535070156e-07 4.243767535070156e-07 4.243767535070156e-08
0.1812424849699398 5.290180360721441e-06 1.0847695390781554e-06 12.236472945891883 5.072505010020064e-07 5.072505010020064e-07 5.0725050100200645e-08
0.12641282565130366 2.989378757515029e-06 1e-07 5.302605210420857 9.288176352705419e-08 9.288176352705419e-08 9.28817635270542e-09
0.13074148296593283 7.501803607214426e-06 2.468136272545072e-06 9.551102204408885 7.342525050100248e-07 7.342525050100248e-07 7.342525050100248e-08
0.1260521042084179 3.916833667334668e-06 2.8667334669338446e-06 10.79358717434878 7.630781563126303e-07 7.630781563126303e-07 7.630781563126303e-08
0.09827655310621301 2.9002004008016023e-06 3.976553106212388e-06 11.93587174348707 8.423486973947955e-07 8.423486973947955e-07 8.423486973947955e-08
0.12064128256513125 3.809819639278556e-06 2.797595190380763e-07 8.08817635270546 3.0006613226452935e-07 3.0006613226452935e-07 3.000661322645293e-08
0.1632064128256516 8.857314629258514e-06 1.147294589178355e-06 10.312625250501078 7.306412825651305e-08 7.306412825651305e-08 7.3064128256513045e-09
0.15743486973947937 5.379358717434868e-06 3.749899799599164e-06 7.62725450901808 6.765931863727455e-08 6.765931863727455e-08 6.765931863727456e-09
0.14841683366733527 4.1665330661322635e-06 9.83166332665331e-07 7.84769539078161 3.7753507014028167e-07 3.7753507014028167e-07 3.775350701402817e-08
0.16356713426853736 1.812224448897795e-06 1.6252505010020045e-07 11.535070140280652 7.162364729458964e-07 7.162364729458964e-07 7.162364729458964e-08
0.15166332665330715 3.827655310621242e-06 5.06412825651303e-07 11.735470941883861 7.666733466933871e-08 7.666733466933871e-08 7.666733466933871e-09
0.1722244488977957 2.8110220440881755e-06 1.6709418837675268e-06 11.194388777555197 7.000220440881808e-07 7.000220440881808e-07 7.000220440881808e-08
0.12424849699398903 4.541082164328656e-06 2.9136272545089943e-06 7.386773547094229 1.108977955911825e-07 1.108977955911825e-07 1.108977955911825e-08
0.1480561122244495 2.596993987975951e-06 5.14228456913828e-07 9.270541082164392 7.774909819639331e-07 7.774909819639331e-07 7.774909819639331e-08
0.04164328657314627 2.4543086172344682e-06 1.5302605210420777e-06 4.360721442885776 4.2077354709418994e-07 4.2077354709418994e-07 4.207735470941899e-08
0.033346693386773534 5.771743486973946e-06 3.63266533066129e-06 9.871743486974019 6.675931863727496e-07 6.675931863727496e-07 6.675931863727496e-08
0.10981963927855791 2.3116232464929853e-06 1.999198396793575e-06 6.805611222444924 1.3071543086172356e-07 1.3071543086172356e-07 1.3071543086172355e-08
0.02973947895791582 5.914428857715429e-06 9.20641282565131e-07 6.745490981963961 6.982204408817679e-07 6.982204408817679e-07 6.98220440881768e-08
0.06364729458917832 3.7384769539078144e-06 2.9214428857715192e-06 12.757515030060226 3.1988376753507064e-07 3.1988376753507064e-07 3.1988376753507066e-08
0.11450901803607302 3.417434869739478e-06 1.459919839679353e-06 13.198396793587285 2.15390781563126e-07 2.15390781563126e-07 2.1539078156312602e-08
0.13470941883767623 4.737274549098195e-06 2.483767535070122e-06 11.074148296593272 1.2891382765531074e-07 1.2891382765531074e-07 1.2891382765531074e-08
0.03046092184368736 7.91202404809619e-06 2.8745490981963695e-06 7.046092184368774 1.3972344689378765e-07 1.3972344689378765e-07 1.3972344689378764e-08
0.0549899799599198 2.6052104208416826e-07 8.893787575150308e-07 4.7815631262525145 3.4870941883767615e-07 3.4870941883767615e-07 3.4870941883767614e-08
0.1018837675350708 8.500601202404807e-06 2.124248496993974e-06 6.565130260521073 5.396793587174376e-07 5.396793587174376e-07 5.3967935871743763e-08
0.10044088176352768 4.380561122244488e-06 2.1723446893787586e-07 10.392785571142362 9.000000000000065e-07 9.000000000000065e-07 9.000000000000065e-08
0.10729458917835746 3.6849699398797583e-06 8.190380761523053e-07 9.611222444889847 5.6849699398797574e-08 5.6849699398797574e-08 5.6849699398797575e-09
0.17511022044088181 4.92384769539078e-07 3.5466933867735154e-06 8.709418837675408 7.846973947895845e-07 7.846973947895845e-07 7.846973947895845e-08
0.19675350701402766 3.381763527054107e-06 3.6482965931863397e-06 9.731462925851773 3.523046092184368e-08 3.523046092184368e-08 3.5230460921843676e-09
0.10585170340681435 4.844288577154307e-06 3.765531062124214e-06 12.85771543086183 4.7482164328657527e-07 4.7482164328657527e-07 4.7482164328657526e-08
0.036953907815631244 5.3971943887775535e-06 3.788977955911789e-06 6.845691382765565 2.3160521042084137e-07 2.3160521042084137e-07 2.3160521042084138e-08
0.10873747494990058 2.9537074148296584e-06 2.655711422845671e-06 12.116232464929958 4.0996392785571287e-07 4.0996392785571287e-07 4.099639278557129e-08
0.15346693386773597 6.172344689378755e-07 8.737474949899807e-07 4.4208416833667386 8.495551102204469e-07 8.495551102204469e-07 8.495551102204469e-08
0.05318637274549094 7.876352705410819e-06 3.5545090180360403e-06 4.68136272545091 3.955511022044101e-07 3.955511022044101e-07 3.9555110220441014e-08
0.13146292585170435 8.589779559118233e-06 3.6561122244488647e-06 5.883767535070163 5.198617234468963e-07 5.198617234468963e-07 5.198617234468963e-08
0.14444889779559186 2.828857715430861e-06 6.627254509018041e-07 6.124248496994014 2.3701002004007982e-07 2.3701002004007982e-07 2.3701002004007983e-08
0.199278557114228 3.0072144288577145e-06 3.0386773547093935e-06 10.212424849699474 1.0549298597194401e-07 1.0549298597194401e-07 1.0549298597194402e-08
0.07771543086172367 4.184368737474949e-06 2.3899799599198225e-06 10.11222444889787 2.243987975951901e-07 2.243987975951901e-07 2.243987975951901e-08
0.12677354709418942 8.67895791583166e-06 1.795991983967926e-06 12.496993987976055 7.576733466933918e-07 7.576733466933918e-07 7.576733466933919e-08
0.050661322645290545 3.5957915831663314e-06 1.5771543086172274e-06 13.478957915831778 5.324729458917862e-07 5.324729458917862e-07 5.324729458917862e-08
0.06256513026052099 6.931062124248495e-06 2.0773547094188245e-06 5.58316633266535 7.288476953907863e-07 7.288476953907863e-07 7.288476953907862e-08
0.1440881763527061 5.557715430861722e-06 1.624048096192377e-06 13.278557114228569 5.667034068136303e-07 5.667034068136303e-07 5.667034068136303e-08
0.10801603206412902 3.1498997995991974e-06 2.8432865731462697e-06 9.21042084168343 1.9917635270541064e-07 1.9917635270541064e-07 1.9917635270541066e-08
0.19098196392785544 1.669539078156312e-06 3.953106212424813e-06 12.6372745490983 1.4332665330661328e-07 1.4332665330661328e-07 1.4332665330661328e-08
0.06472945891783566 1.8478957915831657e-06 3.0152304609218187e-06 10.993987975951988 8.027134268537129e-07 8.027134268537129e-07 8.02713426853713e-08
0.08565130260521078 3.221242484969939e-06 1.2176352705410796e-06 9.751503006012094 8.513567134268597e-07 8.513567134268597e-07 8.513567134268597e-08
0.09503006012024101 6.8240480961923826e-06 2.343086172344673e-06 8.168336673346744 3.793366733466945e-07 3.793366733466945e-07 3.793366733466945e-08
0.09178356713426901 5.111823647294588e-06 9.050100200400809e-07 4.9418837675350815 1.1809619238476955e-08 1.1809619238476955e-08 1.1809619238476954e-09
0.12352705410821747 5.843086172344688e-06 3.1102204408817654e-07 10.372745490982041 4.3698797595190554e-07 4.3698797595190554e-07 4.3698797595190555e-08
0.15635270541082208 3.934669338677354e-06 3.2418837675350423e-06 12.036072144288674 3.216853707414835e-07 3.216853707414835e-07 3.216853707414835e-08
0.11703406813627347 3.98817635270541e-06 2.163326653306599e-06 7.146292585170379 2.982645290581165e-07 2.982645290581165e-07 2.982645290581165e-08
0.1801603206412825 6.752705410821641e-06 5.298597194388782e-07 5.162324649298611 4.3338476953907985e-07 4.3338476953907985e-07 4.3338476953907985e-08
0.029378757515030048 6.538677354709417e-06 2.4056112224448724e-06 9.410821643286639 8.963967935871808e-07 8.963967935871808e-07 8.963967935871808e-08
0.08961923847695434 8.91082164328657e-06 1.8663326653306506e-06 13.779559118236591 3.9735270541082296e-07 3.9735270541082296e-07 3.9735270541082296e-08
0.19783567134268495 7.929859719438875e-06 2.5541082164328465e-06 6.444889779559148 7.32450901803612e-07 7.32450901803612e-07 7.32450901803612e-08
0.14769539078156374 4.701603206412824e-06 3.960921843687338e-06 11.915831663326749 6.946092184368739e-08 6.946092184368739e-08 6.9460921843687384e-09
0.1051302605210428 5.3436873747494974e-06 2.8757515030060137e-07 4.020040080160321 3.0727254509018073e-07 3.0727254509018073e-07 3.072725450901807e-08
0.15094188376753562 7.198597194388775e-06 2.7416833667334454e-06 10.853707414829742 7.486653306613276e-07 7.486653306613276e-07 7.486653306613276e-08
0.1502204408817641 3.3104208416833656e-06 4.5951903807615264e-07 12.717434869739584 8.639679358717496e-07 8.639679358717496e-07 8.639679358717496e-08
0.19891783567134225 8.714629258517031e-06 2.7104208416833456e-06 12.997995991984077 6.225531062124285e-07 6.225531062124285e-07 6.225531062124285e-08
0.1642885771543089 6.9667334669338655e-06 3.8515030060119885e-06 12.416833667334771 3.631222444889789e-07 3.631222444889789e-07 3.631222444889789e-08
0.1852104208416832 1.4555110220440877e-06 3.6404809619238148e-06 6.064128256513051 3.0366933867735504e-07 3.0366933867735504e-07 3.03669338677355e-08
0.09647294589178412 5.325851703406812e-06 3.8046092184368388e-06 7.446893787575192 5.46885771543089e-07 5.46885771543089e-07 5.46885771543089e-08
0.054268537074148256 2.0262525050100195e-06 2.186773547094174e-06 13.899799599198516 4.712184368737496e-07 4.712184368737496e-07 4.7121843687374956e-08
0.023967935871743482 7.055911823647292e-06 3.937474949899763e-06 13.07815631262536 2.622324649298596e-07 2.622324649298596e-07 2.6223246492985962e-08
0.06328657314629255 1.7134268537074145e-07 7.643286573146299e-07 8.268537074148348 7.198396793587221e-07 7.198396793587221e-07 7.19839679358722e-08
0.021803607214428856 1.2414829659318633e-06 9.75350701402806e-07 4.821643286573156 5.594969939879789e-07 5.594969939879789e-07 5.594969939879789e-08
0.08276553106212456 8.126052104208414e-06 7.018036072144294e-07 9.490981963927922 3.144789579158321e-07 3.144789579158321e-07 3.1447895791583214e-08
0.17186372745490994 3.863326653306612e-06 2.6947895791582956e-06 10.3326653306614 2.604308617234468e-07 2.604308617234468e-07 2.6043086172344677e-08
0.18953907815631238 2.347294589178356e-06 1.0925851703406804e-06 5.763527054108238 4.2617835671342847e-07 4.2617835671342847e-07 4.2617835671342844e-08
0.11270541082164413 6.556513026052102e-06 1.703406813627255e-07 13.75951903807627 4.856312625250523e-07 4.856312625250523e-07 4.856312625250523e-08
0.17474949899799605 4.4875751503006e-06 3.859318637274513e-06 13.258517034068248 4.5860721442885967e-07 4.5860721442885967e-07 4.586072144288597e-08
0.09971943887775613 4.309218436873746e-06 1.2410821643286545e-06 6.8256513026052446 3.73931863727456e-07 3.73931863727456e-07 3.73931863727456e-08
0.10296593186372813 6.592184368737473e-06 2.452505010020022e-06 6.865731462925886 6.567835671342725e-07 6.567835671342725e-07 6.567835671342725e-08
0.14949899799599256 7.751503006012021e-06 3.898396793587138e-06 5.603206412825671 7.09030060120245e-07 7.09030060120245e-07 7.09030060120245e-08
0.19999999999999954 5.896593186372744e-06 2.8354709418837448e-06 6.72545090180364 8.693727454909882e-07 8.693727454909882e-07 8.693727454909882e-08
0.0705010020040081 4.451903807615229e-06 3.148096192384743e-06 10.733466933867817 8.315390781563184e-07 8.315390781563184e-07 8.315390781563185e-08
0.16176352705410854 7.234268537074146e-06 1.0144288577154309e-06 6.344689378757543 2.2800200400801573e-07 2.2800200400801573e-07 2.2800200400801574e-08
0.1953106212424846 8.821643286573143e-06 4.985971943887779e-07 5.723446893787596 8.603647294589239e-07 8.603647294589239e-07 8.60364729458924e-08
0.03983967935871741 7.252104208416831e-06 3.280961923847667e-06 9.330661322645355 1.721442885771543e-08 1.721442885771543e-08 1.7214428857715431e-09
0.07194388777555122 8.554108216432863e-06 2.937074148296569e-06 11.294589178356802 4.6040080160320626e-08 4.6040080160320626e-08 4.6040080160320626e-09
0.09106212424849745 2.1154308617234463e-06 3.3591182364729165e-06 12.056112224448995 8.297374749499056e-07 8.297374749499056e-07 8.297374749499056e-08
0.1682565130260523 7.2164328657314605e-06 3.891783567134271e-07 12.977955911823756 4.351863727454927e-07 4.351863727454927e-07 4.3518637274549267e-08
0.15058116232464985 8.215230460921841e-06 4.282565130260524e-07 5.222444889779574 6.441723446893826e-07 6.441723446893826e-07 6.441723446893826e-08
0.15454909819639326 8.8751503006012e-06 7.486973947895798e-07 10.432865731463004 3.180821643286578e-07 3.180821643286578e-07 3.180821643286578e-08
0.085290581162325 2.79318637274549e-06 1.5146292585170278e-06 5.102204408817649 6.153466933867771e-07 6.153466933867771e-07 6.153466933867771e-08
0.15995991983967972 5.9857715430861705e-06 2.82765531062122e-06 4.160320641282567 7.126332665330707e-07 7.126332665330707e-07 7.126332665330707e-08
0.08817635270541123 2.9715430861723437e-06 3.2106212424849424e-06 9.831663326653377 2.4421643286573117e-07 2.4421643286573117e-07 2.4421643286573117e-08
0.03515030060120239 2.5613226452905804e-06 4.517034068136276e-07 10.13226452905819 8.351422845691441e-07 8.351422845691441e-07 8.351422845691441e-08
0.08997995991984012 6.6813627254509e-06 1.4989979959919779e-06 5.503006012024066 2.1178757515030037e-07 2.1178757515030037e-07 2.1178757515030038e-08
0.14733466933867798 1.5981963927855706e-06 3.288777555110192e-06 11.414829659318727 2.9105811623246513e-07 2.9105811623246513e-07 2.9105811623246514e-08
0.10765531062124324 3.3639278557114217e-06 1.6865731462925767e-06 11.69539078156322 1.0909619238476967e-07 1.0909619238476967e-07 1.0909619238476967e-08
0.08384769539078189 6.288977955911822e-06 1.3426853707414788e-06 11.995991983968032 1.847635270541081e-07 1.847635270541081e-07 1.847635270541081e-08
0.07086172344689388 7.323446893787573e-06 1.2645290581162293e-06 10.953907815631347 4.387895791583184e-07 4.387895791583184e-07 4.387895791583184e-08
0.043446893787575123 5.361523046092183e-06 2.4290581162324473e-06 4.641282565130268 1.5053306613226456e-07 1.5053306613226456e-07 1.5053306613226457e-08
0.08853707414829701 8.84769539078156e-07 1.6787575150300517e-06 8.248496993988027 5.270681362725477e-07 5.270681362725477e-07 5.270681362725477e-08
0.08492985971943923 8.928657314629255e-06 6.705410821643292e-07 11.134268537074234 5.432825651302633e-07 5.432825651302633e-07 5.4328256513026334e-08
0.07699398797595211 8.1438877755511e-06 3.0074148296592937e-06 9.631262525050168 5.306713426853734e-07 5.306713426853734e-07 5.306713426853734e-08
0.18268537074148286 8.019038076152302e-06 5.767535070140285e-07 4.280561122244492 8.71174348697401e-07 8.71174348697401e-07 8.71174348697401e-08
0.11739478957915925 5.2188376753507e-06 1.9444889779559003e-06 9.951903807615302 1.541362725450902e-07 1.541362725450902e-07 1.541362725450902e-08
0.07987975951903833 2.0619238476953902e-06 2.944889779559094e-06 5.8236472945892 5.685050100200431e-07 5.685050100200431e-07 5.685050100200431e-08
0.16681362725450924 1.6873747494989974e-06 2.0617234468937746e-06 6.204408817635297 5.739098196392817e-07 5.739098196392817e-07 5.7390981963928164e-08
0.09719438877755568 6.503006012024046e-06 8.659318637274556e-07 8.54909819639284 8.927935871743551e-07 8.927935871743551e-07 8.927935871743552e-08
0.10621242484970013 6.663527054108214e-06 4.3607214428857746e-07 12.316633266533167 4.405911823647312e-07 4.405911823647312e-07 4.4059118236473125e-08
0.033707414829659305 7.127254509018034e-06 2.3743486973947726e-06 4.340681362725455 2.8385170340681375e-07 2.8385170340681375e-07 2.8385170340681377e-08
0.08060120240480989 5.45070140280561e-06 3.2665330661322666e-07 5.703406813627275 6.063386773547129e-07 6.063386773547129e-07 6.063386773547129e-08
0.040561122244488955 7.777555110220438e-07 3.874949899799563e-06 7.607214428857759 4.6941683366733674e-07 4.6941683366733674e-07 4.6941683366733674e-08
0.09430861723446946 7.305611222444887e-06 1.8819639278557005e-06 12.697394789579263 8.981983967935937e-07 8.981983967935937e-07 8.981983967935937e-08
0.14480961923847763 7.430460921843685e-06 2.671342685370721e-06 10.773547094188459 8.729759519038139e-07 8.729759519038139e-07 8.729759519038138e-08
0.04633266533066129 7.983366733466931e-06 9.675350701402812e-07 4.661322645290589 5.883226452905844e-07 5.883226452905844e-07 5.8832264529058445e-08
0.04561122244488975 8.268737474949897e-06 2.2492985971943734e-06 7.547094188376796 4.081623246493e-07 4.081623246493e-07 4.081623246493e-08
0.17366733466933876 4.2104208416833653e-07 3.624849699398765e-06 4.100200400801604 3.8834468937875873e-07 3.8834468937875873e-07 3.8834468937875873e-08
0.07627254509018055 5.71823647294589e-06 2.304008016032048e-06 6.084168336673372 5.973306613226486e-07 5.973306613226486e-07 5.973306613226487e-08
0.1924248496993985 1.2949899799599194e-06 1.4521042084168281e-06 7.3466933867735875 6.135450901803642e-07 6.135450901803642e-07 6.135450901803643e-08
0.13687374749499082 8.839478957915829e-06 1.811623246492976e-06 8.809619238477012 5.991322645290615e-07 5.991322645290615e-07 5.991322645290615e-08
0.12280561122244592 7.805010020040078e-06 6.314629258517039e-07 11.094188376753593 3.3609819639278624e-07 3.3609819639278624e-07 3.360981963927862e-08
0.1913426853707412 5.432865731462924e-06 1.5537074148296525e-06 8.06813627254514 4.802264529058138e-07 4.802264529058138e-07 4.802264529058138e-08
0.05174348697394786 7.68016032064128e-06 9.12825651302606e-07 7.486973947895834 6.603867735470982e-07 6.603867735470982e-07 6.603867735470982e-08
0.1823246492985971 6.039278557114227e-06 2.81202404809617e-06 12.436873747495092 5.486873747495018e-07 5.486873747495018e-07 5.4868737474950186e-08
0.12749498997996095 8.768136272545087e-06 2.983967935871719e-06 5.2825651302605365 2.406132264529055e-07 2.406132264529055e-07 2.4061322645290547e-08
0.07446893787575166 4.25571142284569e-06 3.8436873747494635e-06 4.801603206412835 5.342745490981991e-07 5.342745490981991e-07 5.342745490981991e-08
0.04885771543086169 4.237875751503005e-06 2.647895791583146e-06 13.498997995992099 4.568056112224468e-07 4.568056112224468e-07 4.568056112224468e-08
0.09899799599198457 7.269939879759517e-06 2.0382765531061997e-06 13.719438877755628 3.919478957915844e-07 3.919478957915844e-07 3.9194789579158444e-08
0.05823647294589174 1.7943887775551096e-06 3.429458917835641e-06 7.987975951903856 3.829398797595202e-07 3.829398797595202e-07 3.829398797595202e-08
0.1592384769539082 6.3781563126252485e-06 9.440881763527062e-07 13.05811623246504 7.594749498998047e-07 7.594749498998047e-07 7.594749498998047e-08
0.02649298597194388 4.113026052104207e-06 2.7494989979959703e-06 5.022044088176365 4.2978156312625416e-07 4.2978156312625416e-07 4.2978156312625414e-08
0.12100200400801703 2.6683366733466926e-06 2.9058116232464693e-06 12.37675350701413 5.108537074148321e-07 5.108537074148321e-07 5.108537074148321e-08
0.03659318637274547 6.271142284569136e-06 2.094188376753508e-07 4.6012024048096265 9.828657314629269e-08 9.828657314629269e-08 9.828657314629268e-09
0.025771543086172338 2.8645290581162316e-06 3.304408817635242e-06 8.468937875751557 7.486573146292588e-08 7.486573146292588e-08 7.486573146292588e-09
0.18412825651302592 2.5078156312625243e-06 1.7569138276553013e-06 4.541082164328664 6.171482965931899e-07 6.171482965931899e-07 6.1714829659319e-08
0.11775551102204503 5.753907815631261e-06 1.7334669338677264e-06 9.971943887775623 1.55937875751503e-07 1.55937875751503e-07 1.5593787575150302e-08
0.040921843687374726 7.242484969939877e-07 8.971943887775558e-07 12.256513026052204 1.75755511022044e-07 1.75755511022044e-07 1.7575551102204402e-08
0.08745490981963967 4.273547094188376e-06 1.967935871743475e-06 10.613226452905892 7.396573146292634e-07 7.396573146292634e-07 7.396573146292634e-08
0.11595190380761614 7.44829659318637e-06 6.39278557114229e-07 8.388777555110273 7.468637274549147e-07 7.468637274549147e-07 7.468637274549147e-08
0.037675350701402786 5.932264529058114e-06 2.991783567134244e-06 6.4849699398797895 5.93727454909823e-07 5.93727454909823e-07 5.93727454909823e-08
0.07374749498998011 1.277154308617234e-06 2.6791583166332457e-06 9.851703406813698 8.909919839679423e-07 8.909919839679423e-07 8.909919839679422e-08
0.13326653306613317 7.002404809619236e-06 2.2805611222444732e-06 4.741482965931873 7.66681362725456e-07 7.66681362725456e-07 7.666813627254561e-08
0.13362725450901894 5.415030060120239e-06 5.533066132264533e-07 12.777555110220547 2.8745490981963944e-07 2.8745490981963944e-07 2.8745490981963943e-08
0.03911823647294587 3.4531062124248485e-06 2.6869739478957707e-06 7.026052104208453 8.009118236473001e-07 8.009118236473001e-07 8.009118236473e-08
0.057515030060120195 8.312625250500999e-07 3.5154308617234156e-06 8.408817635270594 7.612765531062175e-07 7.612765531062175e-07 7.612765531062175e-08
0.02 8.036873747494987e-06 9.362725450901811e-07 10.833667334669421 9.648496993987986e-08 9.648496993987986e-08 9.648496993987986e-09
0.15274549098196444 3.1677354709418827e-06 3.413827655310591e-06 6.585170340681394 3.2348697394789633e-07 3.2348697394789633e-07 3.2348697394789636e-08
0.18448897795591168 5.129659318637273e-06 2.484969939879761e-07 8.30861723446899 4.820280561122266e-07 4.820280561122266e-07 4.820280561122266e-08
0.11847695390781658 3.2034068136272535e-06 3.5076152304608906e-06 7.787575150300647 5.180601202404835e-07 5.180601202404835e-07 5.180601202404835e-08
0.14589178356713492 1.9727454909819634e-06 3.929659318637238e-06 7.266533066132304 4.55004008016034e-07 4.55004008016034e-07 4.55004008016034e-08
0.07591182364729478 5.7895791583166315e-06 2.2571142284568984e-06 8.208416833667386 4.0095591182364865e-07 4.0095591182364865e-07 4.0095591182364866e-08
0.1311022044088186 9.382765531062121e-07 1.8897795591182254e-06 8.789579158316691 6.766012024048138e-07 6.766012024048138e-07 6.766012024048139e-08
0.10368737474949968 1.4911823647294584e-06 1.2879759519038042e-06 11.054108216432951 8.243326653306671e-07 8.243326653306671e-07 8.24332665330667e-08
0.030821643286573133 3.898997995991983e-06 3.7264529058115892e-06 9.170340681362788 5.288697394789606e-07 5.288697394789606e-07 5.288697394789605e-08
0.1116232464929868 2.151102204408817e-06 1.475551102204403e-06 12.076152304609316 3.4510621242485047e-07 3.4510621242485047e-07 3.4510621242485044e-08
0.09214428857715479 2.6505010020040072e-06 8.034068136272552e-07 7.767535070140326 1.4152505010020047e-07 1.4152505010020047e-07 1.4152505010020046e-08
0.12388777555110325 4.790781563126251e-06 3.914028056112188e-06 8.228456913827706 6.85609218436878e-07 6.85609218436878e-07 6.856092184368781e-08
0.13759519038076234 6.164128256513024e-06 1.2723446893787543e-06 8.509018036072199 6.351643286573184e-07 6.351643286573184e-07 6.351643286573184e-08
0.13651302605210505 5.058316633266532e-06 3.188376753507016e-07 4.040080160320642 8.117214428857771e-07 8.117214428857771e-07 8.117214428857772e-08
0.1581563126252509 2.3294589178356707e-06 6.236472945891788e-07 8.76953907815637 1.9016833667334655e-07 1.9016833667334655e-07 1.9016833667334657e-08
0.08348697394789611 2.4186372745490975e-06 1.1082164328657303e-06 11.214428857715518 7.216412825651349e-07 7.216412825651349e-07 7.21641282565135e-08
0.08637274549098234 8.607615230460919e-06 9.284569138276561e-07 10.8136272545091 1.0008016032064129e-08 1.0008016032064129e-08 1.0008016032064128e-09
0.03010020040080159 6.253306613226451e-06 3.5623246492985653e-06 7.927855711422893 8.387454909819698e-07 8.387454909819698e-07 8.387454909819699e-08
0.1491382765531068 1.473346693386773e-06 1.3661322645290537e-06 10.633266533066212 8.405470941883827e-07 8.405470941883827e-07 8.405470941883827e-08
0.16501002004008042 9.026052104208413e-07 2.3286573146292597e-07 6.765531062124282 6.657915831663367e-07 6.657915831663367e-07 6.657915831663367e-08
0.18917835671342662 1.9014028056112218e-06 3.101202404809593e-06 8.729458917835728 8.20721442885772e-08 8.20721442885772e-08 8.20721442885772e-09
0.03442885771543085 1.891783567134268e-07 2.139879759519024e-06 10.693386773547175 2.135891783567132e-07 2.135891783567132e-07 2.135891783567132e-08
0.11955911823647392 7.769338677354707e-06 3.312224448897767e-06 6.224448897795618 8.333406813627313e-07 8.333406813627313e-07 8.333406813627313e-08
0.18052104208416828 7.145090180360719e-06 1.9523046092184253e-06 13.138276553106323 2.5862925851703393e-07 2.5862925851703393e-07 2.586292585170339e-08
0.027575150300601193 5.993987975951902e-07 3.577955911823615e-06 9.45090180360728 5.090521042084193e-07 5.090521042084193e-07 5.0905210420841926e-08
0.1862925851703405 3.9703406813627245e-06 3.3669338677354415e-06 7.1863727454910205 1.2711222444889792e-07 1.2711222444889792e-07 1.2711222444889792e-08
0.10080160320641346 8.661122244488975e-06 2.7573146292584953e-06 7.587174348697438 6.477755511022083e-07 6.477755511022083e-07 6.477755511022082e-08
0.1963927855711419 7.626653306613224e-06 3.890581162324613e-06 6.685370741482998 1.739539078156312e-07 1.739539078156312e-07 1.739539078156312e-08
0.1083767535070148 3.5601202404809607e-06 2.02264529058115e-06 12.216432865731562 1.1450100200400817e-07 1.1450100200400817e-07 1.1450100200400817e-08
0.07122244488977966 1.0631262525050097e-06 1.5380761523046026e-06 5.322645290581178 3.5591583166332753e-07 3.5591583166332753e-07 3.5591583166332755e-08
0.17258517034068147 8.375751503006009e-06 1.7490981963927763e-06 11.635270541082257 7.180380761523092e-07 7.180380761523092e-07 7.180380761523092e-08
0.0640080160320641 6.057114228456912e-06 1.7100200400801515e-06 10.653306613226533 7.270460921843735e-07 7.270460921843735e-07 7.270460921843734e-08
0.12569138276553213 3.042885771543085e-06 2.976152304609194e-06 9.070140280561183 4.9643286573146275e-08 4.9643286573146275e-08 4.964328657314628e-09
0.13579158316633352 2.846693386773546e-06 3.7030060120240144e-06 6.424849699398827 8.765791583166395e-07 8.765791583166395e-07 8.765791583166396e-08
0.15238476953907867 4.148697394789578e-06 1.5693386773547024e-06 4.180360721442888 4.514008016032083e-07 4.514008016032083e-07 4.514008016032083e-08
0.11919839679358814 5.629058116232463e-06 1.7803607214428761e-06 9.290581162324713 7.955070140280615e-07 7.955070140280615e-07 7.955070140280616e-08
0.1531062124248502 7.420841683366731e-07 3.3825651302604914e-06 9.69138276553113 1.0729458917835684e-07 1.0729458917835684e-07 1.0729458917835684e-08
0.09070140280561168 2.008416833667334e-06 1.803807615230451e-06 13.839679358717554 8.747775551102267e-07 8.747775551102267e-07 8.747775551102268e-08
0.17799599198396793 4.5671342685370725e-07 3.093386773547068e-06 12.517034068136375 3.1628056112224495e-07 3.1628056112224495e-07 3.1628056112224495e-08
0.18160320641282557 7.3591182364729435e-06 1.5615230460921775e-06 11.354709418837764 3.342885771543085e-08 3.342885771543085e-08 3.3428857715430854e-09
0.06617234468937877 6.003607214428856e-06 6.002004008016037e-07 4.380761523046097 8.94595190380768e-07 8.94595190380768e-07 8.94595190380768e-08
0.04308617234468935 6.806212424849697e-06 3.1637274549097927e-06 8.028056112224498 8.279358717434927e-07 8.279358717434927e-07 8.279358717434927e-08
0.19711422845691343 5.878757515030058e-06 3.4841683366733158e-06 6.364729458917864 8.441503006012083e-07 8.441503006012083e-07 8.441503006012083e-08
0.19170340681362696 4.745490981963926e-07 3.820240480961889e-06 12.476953907815734 6.729979959919881e-07 6.729979959919881e-07 6.729979959919881e-08
0.1552705410821648 3.435270541082163e-06 3.3200400801602918e-06 10.673346693386854 3.162725450901803e-08 3.162725450901803e-08 3.1627254509018027e-09
0.04957915831663323 1.080961923847695e-06 8.503006012024055e-07 5.36272545090182 2.0638276553106191e-07 2.0638276553106191e-07 2.0638276553106193e-08
0.1148697394789588 5.458917835671341e-07 1.9378757515030068e-07 8.9899799599199 1.4692985971943892e-07 1.4692985971943892e-07 1.4692985971943892e-08
0.16068136272545125 4.648096192384768e-06 2.0460921843687247e-06 10.252505010020116 3.70320641282565e-08 3.70320641282565e-08 3.7032064128256502e-09
0.08024048096192411 7.287775551102202e-06 2.0851703406813494e-06 7.907815631262572 4.946392785571165e-07 4.946392785571165e-07 4.946392785571165e-08
0.060400801603206364 3.3460921843687364e-06 1.5068136272545028e-06 10.452905811623324 5.00044088176355e-07 5.00044088176355e-07 5.0004408817635504e-08
0.06833667334669344 2.1332665330661317e-06 2.311823647294573e-06 12.296593186372846 7.036252505010065e-07 7.036252505010065e-07 7.036252505010065e-08
0.1181162324649308 7.965531062124246e-06 2.78076152304607e-06 6.184368737474976 2.496212424849697e-07 2.496212424849697e-07 2.496212424849697e-08
0.09539078156312679 6.485170340681361e-06 6.080160320641287e-07 4.961923847695402 4.982424849699422e-07 4.982424849699422e-07 4.982424849699422e-08
0.12929859719438977 1.419839679358717e-06 1.9288577154308504e-06 13.378757515030173 3.27090180360722e-07 3.27090180360722e-07 3.27090180360722e-08
0.17943887775551098 7.18076152304609e-06 3.828056112224414e-06 13.9799599198398 4.0455911823647433e-07 4.0455911823647433e-07 4.0455911823647436e-08
0.09142284569138323 8.250901803607212e-06 3.7186372745490643e-06 9.811623246493056 1.0008817635270552e-07 1.0008817635270552e-07 1.0008817635270551e-08
0.15671342685370784 3.0963927855711413e-06 7.87775551102205e-07 10.35270541082172 7.018236472945936e-07 7.018236472945936e-07 7.018236472945936e-08
0.11559118236473036 6.342484969939878e-06 3.116833667334643e-06 6.164328657314655 2.2259719438877728e-07 2.2259719438877728e-07 2.225971943887773e-08
0.10116232464929924 5.280561122244487e-07 3.124649298597168e-06 6.26452905811626 6.74799599198401e-07 6.74799599198401e-07 6.747995991984009e-08
0.075551102204409 2.426853707414829e-07 3.58577154308614e-06 13.879759519038195 4.838296593186394e-07 4.838296593186394e-07 4.838296593186394e-08
0.13038076152304706 2.2581162324649292e-06 3.1793587174348426e-06 5.863727454909842 4.117655310621257e-07 4.117655310621257e-07 4.117655310621257e-08
0.11090180360721524 4.398396793587173e-06 2.0304609218436748e-06 6.785571142284603 1.16302605210421e-07 1.16302605210421e-07 1.16302605210421e-08
0.19963927855711378 1.1166332665330658e-06 3.60140280561119e-06 7.106212424849737 1.5954108216432865e-07 1.5954108216432865e-07 1.5954108216432866e-08
0.1300200400801613 7.697995991983965e-06 3.8358717434869386e-06 11.555110220440973 7.648797595190432e-07 7.648797595190432e-07 7.648797595190431e-08
0.18809619238476932 5.860921843687373e-06 7.096192384769545e-07 8.74949899799605 6.62188376753511e-07 6.62188376753511e-07 6.62188376753511e-08
0.18701402805611203 5.076152304609217e-06 2.960521042084144e-06 4.721442885771552 4.603206412825652e-09 4.603206412825652e-09 4.603206412825652e-10
0.16464929859719465 7.858517034068134e-06 3.5310621242484655e-06 11.855711422845786 2.5502605210420824e-07 2.5502605210420824e-07 2.5502605210420825e-08
0.061122244488977906 7.0202404809619216e-06 3.5701402805610902e-06 13.659318637274666 5.036472945891807e-07 5.036472945891807e-07 5.0364729458918074e-08
0.19278557114228426 4.7551102204408805e-06 1.0613226452905806e-06 12.537074148296696 8.855871743487038e-07 8.855871743487038e-07 8.855871743487038e-08
0.1520240480961929 4.291382765531061e-06 1.8428857715430757e-06 10.973947895791667 8.36943887775557e-07 8.36943887775557e-07 8.369438877755569e-08
0.1570741482965936 2.7218436873747487e-06 1.9210420841683254e-06 8.448897795591236 4.640120240480982e-07 4.640120240480982e-07 4.640120240480982e-08
0.18557114228456897 8.982164328657311e-06 9.597194388777562e-07 6.6653306613226775 4.4959919839679545e-07 4.4959919839679545e-07 4.495991983967955e-08
0.12533066132264636 1.5350701402805608e-07 1.1238476953907802e-06 4.861723446893798 8.225310621242542e-07 8.225310621242542e-07 8.225310621242542e-08
0.09466933867735523 6.841883767535068e-06 1.7256513026052014e-06 4.981963927855723 8.549599198396854e-07 8.549599198396854e-07 8.549599198396854e-08
0.17655310621242487 6.707414829659316e-07 2.288376753506998e-06 12.677354709418942 5.540921843687404e-07 5.540921843687404e-07 5.540921843687404e-08
0.15599198396793632 3.7028056112224436e-06 2.640080160320621e-06 4.240480961923851 7.450621242485019e-07 7.450621242485019e-07 7.450621242485019e-08
0.1541883767535075 4.388777555110219e-07 1.8975951903807504e-06 7.306613226452946 5.901242484969973e-07 5.901242484969973e-07 5.901242484969973e-08
0.02324649298597194 3.6753507014028044e-07 1.5224448897795527e-06 13.73947895791595 1.6314428857715428e-07 1.6314428857715428e-07 1.631442885771543e-08
0.12244488977956014 1.3306613226452901e-06 1.4689378757515034e-07 5.382765531062141 4.027575150300615e-07 4.027575150300615e-07 4.027575150300615e-08
0.06869739478957922 8.44709418837675e-06 2.2649298597194233e-06 9.250501002004071 8.099198396793643e-07 8.099198396793643e-07 8.099198396793642e-08
0.05210420841683363 5.664729458917834e-06 3.249699398797567e-06 9.91182364729466 1.1990581162324665e-07 1.1990581162324665e-07 1.1990581162324665e-08
0.03587174348697393 8.108216432865729e-06 9.98797595190381e-07 6.304609218436902 1.7935871743486964e-07 1.7935871743486964e-07 1.7935871743486966e-08
0.17763527054108216 7.6088176352705385e-06 3.609218436873715e-06 9.511022044088243 1.649458917835671e-07 1.649458917835671e-07 1.649458917835671e-08
0.02685370741482965 8.304408817635268e-06 1.1941883767535047e-06 7.6873747494990425 5.504889779559147e-07 5.504889779559147e-07 5.504889779559147e-08
0.17078156312625264 2.1689378757515024e-06 1.8585170340681256e-06 11.47494989979969 3.090741482965936e-07 3.090741482965936e-07 3.0907414829659355e-08
0.06797595190380766 6.94889779559118e-06 2.3665330661322477e-06 12.577154308617338 3.883366733466933e-08 3.883366733466933e-08 3.883366733466933e-09
0.0362324649298597 4.594589178356712e-06 1.8741482965931755e-06 4.581162324649306 5.504809619238475e-08 5.504809619238475e-08 5.504809619238475e-09
0.12496993987976059 3.0250501002004e-06 1.4052104208416784e-06 13.799599198396912 8.081182364729515e-07 8.081182364729515e-07 8.081182364729514e-08
0.06581162324649299 3.881162324649298e-06 3.8124248496993637e-06 11.03406813627263 2.0097795591182346e-07 2.0097795591182346e-07 2.0097795591182347e-08
0.0968336673346699 8.17955911823647e-06 2.2336673346693235e-06 4.501002004008022 5.378777555110248e-07 5.378777555110248e-07 5.3787775551102475e-08
0.1390380761523054 4.202204408817634e-06 1.0691382765531055e-06 10.753507014028138 6.243547094188413e-07 6.243547094188413e-07 6.243547094188413e-08
0.07266533066132277 4.630260521042083e-06 1.4442885771543032e-06 12.456913827655413 2.730420841683367e-07 2.730420841683367e-07 2.730420841683367e-08
0.027214428857715422 3.7919839679358704e-06 3.1871743486973676e-06 5.262525050100216 1.6854909819639274e-07 1.6854909819639274e-07 1.6854909819639275e-08
0.14228456913827728 1.1701402805611219e-06 2.5697394789578964e-06 13.098196392785681 8.837855711422909e-07 8.837855711422909e-07 8.83785571142291e-08
0.021082164328657314 8.090380761523043e-06 1.7022044088176266e-06 13.919839679358837 1.8836673346693373e-07 1.8836673346693373e-07 1.8836673346693375e-08
0.19494989979959884 9.561122244488975e-07 1.3739478957915786e-06 4.440881763527059 5.829178356713459e-07 5.829178356713459e-07 5.8291783567134586e-08
0.16645290581162347 2.2484969939879754e-07 3.757715430861689e-06 13.398797595190494 2.1719238476953882e-07 2.1719238476953882e-07 2.1719238476953884e-08
0.1761923847695391 4.327054108216432e-06 2.8979959919839444e-06 12.196392785571241 5.865210420841716e-07 5.865210420841716e-07 5.8652104208417156e-08
0.06653306613226455 2.097595190380761e-06 5.220440881763531e-07 5.062124248497007 6.045370741483e-07 6.045370741483e-07 6.045370741483001e-08
0.10549098196392857 6.146292585170339e-06 2.296192384769523e-06 8.649298597194445 6.585851703406854e-07 6.585851703406854e-07 6.585851703406854e-08
0.057875751503005966 6.6278557114228436e-06 1.1004008016032053e-06 5.182364729458932 6.297595190380798e-07 6.297595190380798e-07 6.297595190380798e-08
0.18881763527054085 2.935871743486973e-06 1.1863727454909798e-06 5.1222444889779695 6.495771543086211e-07 6.495771543086211e-07 6.495771543086212e-08
0.17871743486973946 5.637274549098194e-07 2.7026052104208206e-06 9.991983967935944 2.658356713426853e-07 2.658356713426853e-07 2.6583567134268532e-08
0.15490981963927902 6.610020040080158e-06 1.0769539078156305e-06 12.657314629258622 9.108016032064136e-08 9.108016032064136e-08 9.108016032064136e-09
0.05462925851703403 1.2593186372745487e-06 1.0456913827655307e-06 10.092184368737549 4.6581362725451105e-07 4.6581362725451105e-07 4.6581362725451104e-08
0.03298597194388776 5.807414829659317e-06 2.7194388777555126e-07 7.206412825651341 7.90102204408823e-07 7.90102204408823e-07 7.90102204408823e-08
0.034068136272545076 2.4721442885771536e-06 2.5306613226452717e-06 12.877755511022151 4.225751503006028e-07 4.225751503006028e-07 4.225751503006028e-08
0.1231663326653317 8.732464929859716e-06 1.319238476953904e-06 5.903807615230484 1.1810420841683383e-07 1.1810420841683383e-07 1.1810420841683383e-08
0.19206412825651273 4.505410821643285e-06 1.0378757515030057e-06 4.480961923847701 3.433046092184376e-07 3.433046092184376e-07 3.433046092184376e-08
0.043807615230460895 6.306813627254507e-06 3.5010020040080183e-07 9.110220440881825 2.2079559118236446e-07 2.2079559118236446e-07 2.2079559118236447e-08
0.09286573146292634 3.7563126252504997e-06 1.7178356713426765e-06 12.39679358717445 8.027054108216437e-08 8.027054108216437e-08 8.027054108216437e-09
0.18304609218436863 5.040480961923846e-06 2.2258517034067986e-06 12.17635270541092 1.937715430861722e-07 1.937715430861722e-07 1.937715430861722e-08
0.08312625250501034 5.236673346693385e-06 7.565130260521048e-07 6.004008016032088 2.8024849699398806e-07 2.8024849699398806e-07 2.8024849699398806e-08
0.1379559118236481 6.235470941883766e-06 2.8901803607214194e-06 6.244488977955939 5.70306613226456e-07 5.70306613226456e-07 5.70306613226456e-08
0.18088176352705404 4.98697394789579e-06 3.437274549098166e-06 7.366733466933908 2.568276553106211e-07 2.568276553106211e-07 2.568276553106211e-08
0.11342685370741569 7.073747494989978e-06 1.6553106212424769e-06 9.931863727454981 5.919258517034101e-07 5.919258517034101e-07 5.919258517034101e-08
0.05679358717434865 6.21763527054108e-06 2.178957915831649e-06 10.513026052104287 2.7124048096192384e-07 2.7124048096192384e-07 2.7124048096192384e-08
0.04525050100200398 6.1819639278557095e-06 3.867134268537038e-06 13.859719438877875 7.864989979959973e-07 7.864989979959973e-07 7.864989979959973e-08
0.09611222444889835 2.783567134268536e-07 2.2727454909819483e-06 5.683366733466954 6.784028056112266e-07 6.784028056112266e-07 6.784028056112267e-08
0.08673346693386812 8.571943887775548e-06 3.593587174348665e-06 7.727454909819684 3.6852705410821744e-07 3.6852705410821744e-07 3.685270541082175e-08
0.14553106212424916 1.0096192384769536e-06 3.5232464929859405e-06 11.675350701402898 4.477975951903826e-07 4.477975951903826e-07 4.477975951903826e-08
0.028657314629258506 7.787174348697392e-06 3.921843687374713e-06 7.747494989980005 6.693947895791624e-07 6.693947895791624e-07 6.693947895791625e-08
0.1783567134268537 2.436472945891783e-06 2.5631262525050114e-07 13.679358717434987 7.360541082164377e-07 7.360541082164377e-07 7.360541082164376e-08
0.17691382765531063 3.952505010020039e-06 3.0621242484969684e-06 4.300601202404813 4.153687374749514e-07 4.153687374749514e-07 4.153687374749514e-08
0.15887775551102243 7.599198396793584e-07 1.96012024048095e-06 6.985971943887812 6.910140280561166e-07 6.910140280561166e-07 6.910140280561165e-08
0.19350701402805578 1.8300601202404803e-06 3.6639278557113896e-06 10.172344689378832 2.7484368737474953e-07 2.7484368737474953e-07 2.7484368737474954e-08
0.15130260521042138 2.240280561122244e-06 3.0230460921843436e-06 11.815631262525145 3.3970140280561193e-07 3.3970140280561193e-07 3.397014028056119e-08
0.07843687374749522 4.023847695390781e-06 2.7182364729458705e-06 7.40681362725455 3.5231262525050184e-07 3.5231262525050184e-07 3.5231262525050184e-08
0.024689378757515024 4.2200400801603196e-06 3.1559118236472678e-06 9.531062124248564 1.6134268537074146e-07 1.6134268537074146e-07 1.6134268537074148e-08
0.069058116232465 6.467334669338675e-06 1.0535070140280556e-06 9.050100200400863 7.702845691382817e-07 7.702845691382817e-07 7.702845691382817e-08
0.15959919839679396 8.134268537074145e-07 3.579158316633269e-07 7.226452905811662 4.189719438877771e-07 4.189719438877771e-07 4.189719438877771e-08
0.09322645290581212 3.3995991983967925e-06 2.8823647294588945e-06 8.629258517034124 1.5412825651302606e-08 1.5412825651302606e-08 1.5412825651302607e-09
0.19567134268537037 1.6338677354709413e-06 3.992184368737438e-06 13.819639278557233 5.955290581162358e-07 5.955290581162358e-07 5.955290581162358e-08
0.16032064128256548 5.967935871743485e-06 3.0777555110220183e-06 12.336673346693487 6.405691382765569e-07 6.405691382765569e-07 6.40569138276557e-08
0.12857715430861824 7.466132264529056e-06 3.742084168336639e-06 4.921843687374761 7.378557114228505e-07 7.378557114228505e-07 7.378557114228505e-08
0.057154308617234424 5.102204408817633e-07 8.815631262525057e-07 8.889779559118296 6.117434869739514e-07 6.117434869739514e-07 6.117434869739513e-08
0.1873747494989978 7.64448897795591e-06 2.9995991983967688e-06 6.885771543086207 2.802404809619238e-08 2.802404809619238e-08 2.802404809619238e-09
0.19819639278557072 3.496993987975951e-07 1.3895791583166285e-06 6.284569138276581 5.216633266533092e-07 5.216633266533092e-07 5.216633266533092e-08
0.06436873747494988 3.631462925851702e-06 5.845691382765536e-07 8.188376753507065 5.414809619238505e-07 5.414809619238505e-07 5.4148096192385045e-08
0.05571142284569134 3.6492985971943875e-06 2.3977955911823475e-06 9.01002004008022 8.206412825651303e-09 8.206412825651303e-09 8.206412825651303e-10
0.022164328657314627 1.954909819639278e-06 3.452905811623216e-06 11.334669338677443 2.9646292585170366e-07 2.9646292585170366e-07 2.9646292585170366e-08
0.10224448897795657 7.955911823647291e-07 2.5775551102204214e-06 5.8036072144288795 1.8296192384769528e-07 1.8296192384769528e-07 1.829619238476953e-08
0.06977955911823655 1.9192384769539073e-06 2.4212424849699223e-06 11.515030060120331 5.12655310621245e-07 5.12655310621245e-07 5.1265531062124497e-08
0.19458917835671308 2.96192384769539e-07 3.476352705410791e-06 6.404809619238506 7.306492985971991e-07 7.306492985971991e-07 7.306492985971992e-08
0.16789579158316653 7.822845691382763e-06 2.8511022044087947e-06 8.108216432865781 7.738877755511074e-07 7.738877755511074e-07 7.738877755511074e-08
0.16897795591182382 6.529058116232462e-07 1.788176352705401e-06 5.442885771543104 2.892565130260523e-07 2.892565130260523e-07 2.892565130260523e-08
0.1000801603206419 2.3829659318637268e-06 2.5619238476953715e-06 11.835671342685465 4.928376753507037e-07 4.928376753507037e-07 4.9283767535070364e-08
0.13831663326653387 3.1142284569138266e-06 6.783567134268542e-07 11.01402805611231 7.234428857715478e-07 7.234428857715478e-07 7.234428857715478e-08
0.040200400801603184 6.074949899799597e-06 2.79639278557112e-06 4.060120240480963 5.775130260521074e-07 5.775130260521074e-07 5.7751302605210734e-08
0.1430060120240488 1.5803607214428852e-06 2.155511022044074e-06 10.072144288577228 4.441943887775569e-07 4.441943887775569e-07 4.441943887775569e-08
0.04452905811623244 7.109418837675348e-06 1.2567134268537044e-06 12.597194388777659 2.6763727454909815e-07 2.6763727454909815e-07 2.6763727454909814e-08
0.135070140280562 4.897795591182363e-06 1.3583166332665287e-06 10.192384769539153 8.74769539078157e-08 8.74769539078157e-08 8.74769539078157e-09
0.14192384769539151 7.894188376753504e-06 3.1715430861723177e-06 13.238476953907927 3.469078156312633e-07 3.469078156312633e-07 3.469078156312633e-08
0.1660921843687377 5.2010020040080145e-06 2.1945891783566988e-06 6.94589178356717 2.081763527054108e-08 2.081763527054108e-08 2.081763527054108e-09
0.1783567134268537 5.504208416833666e-06 2.952705410821619e-06 11.93587174348707 8.081182364729515e-07 8.081182364729515e-07 8.081182364729514e-08
0.16537074148296618 3.185571142284568e-06 1.3907815631262528e-07 6.72545090180364 8.71174348697401e-07 8.71174348697401e-07 8.71174348697401e-08
0.09935871743487035 9.561122244488975e-07 3.116833667334643e-06 7.086172344689416 3.090741482965936e-07 3.090741482965936e-07 3.0907414829659355e-08
0.11414829659318725 2.6505010020040072e-06 5.454909819639283e-07 6.004008016032088 2.0277955911823628e-07 2.0277955911823628e-07 2.027795591182363e-08
0.04452905811623244 1.5803607214428852e-06 2.2505010020040091e-07 12.677354709418942 5.775130260521074e-07 5.775130260521074e-07 5.7751302605210734e-08
0.029378757515030048 8.500601202404807e-06 3.2340681362725173e-06 9.571142284569206 3.631222444889789e-07 3.631222444889789e-07 3.631222444889789e-08
0.16681362725450924 1.8478957915831657e-06 2.4068136272545103e-07 7.62725450901808 5.072505010020064e-07 5.072505010020064e-07 5.0725050100200645e-08
0.12172344689378858 7.929859719438875e-06 3.6873747494989645e-06 12.316633266533167 3.1988376753507064e-07 3.1988376753507064e-07 3.1988376753507066e-08
0.06797595190380766 3.4887775551102193e-06 3.828056112224414e-06 12.717434869739584 4.784168336673345e-08 4.784168336673345e-08 4.784168336673345e-09
0.1199198396793597 2.935871743486973e-06 3.58577154308614e-06 5.703406813627275 1.0008817635270552e-07 1.0008817635270552e-07 1.0008817635270551e-08
0.08384769539078189 1.7052104208416828e-06 2.2649298597194233e-06 9.611222444889847 2.3340681362725419e-07 2.3340681362725419e-07 2.334068136272542e-08
0.14733466933867798 2.6148296593186365e-06 1.7490981963927763e-06 9.290581162324713 5.090521042084193e-07 5.090521042084193e-07 5.0905210420841926e-08
0.04236472945891781 5.290180360721441e-06 2.0304609218436748e-06 9.250501002004071 3.829398797595202e-07 3.829398797595202e-07 3.829398797595202e-08
0.08312625250501034 6.556513026052102e-06 2.5853707414829463e-06 10.3326653306614 4.387895791583184e-07 4.387895791583184e-07 4.387895791583184e-08
0.15094188376753562 4.023847695390781e-06 3.921843687374713e-06 7.1663326653307 5.198617234468963e-07 5.198617234468963e-07 5.198617234468963e-08
0.19711422845691343 6.235470941883766e-06 3.63266533066129e-06 5.663326653306633 3.9374949899799727e-07 3.9374949899799727e-07 3.9374949899799725e-08
0.03803607214428856 7.894188376753504e-06 2.937074148296569e-06 11.635270541082257 8.747775551102267e-07 8.747775551102267e-07 8.747775551102268e-08
0.03154308617234468 7.876352705410819e-06 2.2024048096192237e-06 9.350701402805676 7.09030060120245e-07 7.09030060120245e-07 7.09030060120245e-08
0.13362725450901894 8.821643286573143e-06 1.8507014028056007e-06 7.3466933867735875 8.657695390781625e-07 8.657695390781625e-07 8.657695390781625e-08
0.1440881763527061 4.826452905811622e-06 2.647895791583146e-06 7.607214428857759 5.991322645290615e-07 5.991322645290615e-07 5.991322645290615e-08
0.03226452905811622 5.753907815631261e-06 4.5951903807615264e-07 12.496993987976055 3.3970140280561193e-07 3.3970140280561193e-07 3.397014028056119e-08
0.12749498997996095 3.934669338677354e-06 8.659318637274556e-07 7.647294589178401 8.441503006012083e-07 8.441503006012083e-07 8.441503006012083e-08
0.1390380761523054 8.518436873747492e-06 2.4056112224448724e-06 5.2825651302605365 1.7935871743486964e-07 1.7935871743486964e-07 1.7935871743486966e-08
0.021442885771543085 6.8240480961923826e-06 2.186773547094174e-06 13.899799599198516 7.342525050100248e-07 7.342525050100248e-07 7.342525050100248e-08
0.18809619238476932 7.287775551102202e-06 1.7178356713426765e-06 7.066132264529095 1.4692985971943892e-07 1.4692985971943892e-07 1.4692985971943892e-08
0.12388777555110325 7.68016032064128e-06 9.362725450901811e-07 4.541082164328664 6.838076152304652e-07 6.838076152304652e-07 6.838076152304651e-08
0.1531062124248502 2.489979959919839e-06 5.533066132264533e-07 8.509018036072199 1.16302605210421e-07 1.16302605210421e-07 1.16302605210421e-08
0.19350701402805578 8.94649298597194e-06 2.5306613226452717e-06 6.925851703406849 1.343186372745492e-07 1.343186372745492e-07 1.3431863727454919e-08
0.1278557114228467 2.3294589178356707e-06 1.483366733466928e-06 8.689378757515087 6.62188376753511e-07 6.62188376753511e-07 6.62188376753511e-08
0.1311022044088186 3.916833667334668e-06 5.923847695390786e-07 13.218436873747606 3.415030060120248e-07 3.415030060120248e-07 3.415030060120248e-08
0.06004008016032059 4.273547094188376e-06 2.139879759519024e-06 6.184368737474976 7.648797595190432e-07 7.648797595190432e-07 7.648797595190431e-08
0.11054108216432947 5.575551102204407e-06 1.1707414829659299e-06 6.705410821643319 8.909919839679423e-07 8.909919839679423e-07 8.909919839679422e-08
0.11559118236473036 4.4162324649298586e-06 2.296192384769523e-06 11.595190380761615 8.333406813627313e-07 8.333406813627313e-07 8.333406813627313e-08
0.14985971943887832 7.590981963927853e-06 2.132064128256499e-06 5.182364729458932 1.847635270541081e-07 1.847635270541081e-07 1.847635270541081e-08
0.17691382765531063 8.607615230460919e-06 1.8897795591182254e-06 4.480961923847701 5.036472945891807e-07 5.036472945891807e-07 5.0364729458918074e-08
0.028657314629258506 2.6052104208416826e-07 1.2410821643286545e-06 10.713426853707496 2.1719238476953882e-07 2.1719238476953882e-07 2.1719238476953884e-08
0.02613226452905811 4.523246492985971e-06 2.491583166332647e-06 12.917835671342793 2.3160521042084137e-07 2.3160521042084137e-07 2.3160521042084138e-08
0.17583166332665334 1.3128256513026048e-06 1.8975951903807504e-06 10.452905811623324 1.1450100200400817e-07 1.1450100200400817e-07 1.1450100200400817e-08
0.06653306613226455 6.288977955911822e-06 5.845691382765536e-07 8.168336673346744 4.117655310621257e-07 4.117655310621257e-07 4.117655310621257e-08
0.03442885771543085 1.6517034068136267e-06 3.6404809619238148e-06 8.408817635270594 5.847194388777587e-07 5.847194388777587e-07 5.8471943887775875e-08
0.15274549098196444 3.417434869739478e-06 2.4368737474949722e-06 12.456913827655413 6.820060120240523e-07 6.820060120240523e-07 6.820060120240523e-08
0.020721442885771543 3.952505010020039e-06 9.83166332665331e-07 5.963927855711447 7.720861723446946e-07 7.720861723446946e-07 7.720861723446945e-08
0.021082164328657314 2.3116232464929853e-06 2.499398797595172e-06 10.59318637274557 2.3701002004007982e-07 2.3701002004007982e-07 2.3701002004007983e-08
0.10621242484970013 3.774148296593185e-06 3.3747494989979664e-06 9.991983967935944 2.46018036072144e-07 2.46018036072144e-07 2.4601803607214402e-08
0.04957915831663323 8.64328657314629e-06 1.788176352705401e-06 4.280561122244492 6.675931863727496e-07 6.675931863727496e-07 6.675931863727496e-08
0.07915831663326678 7.858517034068134e-06 1.9054108216432753e-06 13.679358717434987 4.5860721442885967e-07 4.5860721442885967e-07 4.586072144288597e-08
0.05535070140280557 8.126052104208414e-06 1.319238476953904e-06 9.21042084168343 4.0996392785571287e-07 4.0996392785571287e-07 4.099639278557129e-08
0.047054108216432834 5.102204408817633e-07 1.2098196392785547e-06 6.785571142284603 6.549819639278597e-07 6.549819639278597e-07 6.549819639278596e-08
0.14553106212424916 1.277154308617234e-06 3.734268537074114e-06 10.472945891783645 7.144348697394835e-07 7.144348697394835e-07 7.144348697394836e-08
0.19567134268537037 7.599198396793584e-07 3.1715430861723177e-06 9.370741482965997 7.810941883767588e-07 7.810941883767588e-07 7.810941883767588e-08
0.11270541082164413 6.645691382765529e-06 2.608817635270521e-06 7.486973947895834 4.568056112224468e-07 4.568056112224468e-07 4.568056112224468e-08
0.08456913827655345 4.844288577154307e-06 3.257515030060092e-06 6.3246492985972225 5.432825651302633e-07 5.432825651302633e-07 5.4328256513026334e-08
0.17150300601202417 3.318637274549097e-07 3.898396793587138e-06 9.23046092184375 4.441943887775569e-07 4.441943887775569e-07 4.441943887775569e-08
0.03983967935871741 8.134268537074145e-07 2.968336673346669e-06 10.072144288577228 1.937715430861722e-07 1.937715430861722e-07 1.937715430861722e-08
0.05679358717434865 3.5422845691382754e-06 1.5927855711422773e-06 11.27454909819648 4.243767535070156e-07 4.243767535070156e-07 4.243767535070156e-08
0.14120240480961999 8.1438877755511e-06 3.624849699398765e-06 5.943887775551126 6.351643286573184e-07 6.351643286573184e-07 6.351643286573184e-08
0.1581563126252509 1.4020040080160316e-06 1.1563126252505011e-07 12.476953907815734 4.820280561122266e-07 4.820280561122266e-07 4.820280561122266e-08
0.1592384769539082 3.6849699398797583e-06 2.772945891783545e-06 7.246492985971983 7.108316633266578e-07 7.108316633266578e-07 7.108316633266578e-08
0.07987975951903833 4.4875751503006e-06 3.2665330661322666e-07 7.206412825651341 5.576953907815661e-07 5.576953907815661e-07 5.576953907815661e-08
0.11523046092184458 5.736072144288575e-06 1.5068136272545028e-06 11.434869739479048 3.2889178356713487e-07 3.2889178356713487e-07 3.288917835671349e-08
0.05859719438877751 3.1677354709418827e-06 1.6865731462925767e-06 7.907815631262572 7.396573146292634e-07 7.396573146292634e-07 7.396573146292634e-08
0.0412825651302605 2.0797595190380756e-06 3.188376753507016e-07 13.75951903807627 5.558937875751532e-07 5.558937875751532e-07 5.558937875751532e-08
0.07014028056112233 8.669338677354706e-07 2.2492985971943734e-06 11.775551102204503 2.982645290581165e-07 2.982645290581165e-07 2.982645290581165e-08
0.05931863727454905 2.7753507014028048e-06 3.7186372745490643e-06 13.599198396793703 4.405911823647312e-07 4.405911823647312e-07 4.4059118236473125e-08
0.10440881763527124 4.130861723446893e-06 1.3739478957915786e-06 7.987975951903856 5.12655310621245e-07 5.12655310621245e-07 5.1265531062124497e-08
0.04561122244488975 7.4126252505009995e-06 3.0074148296592937e-06 10.753507014028138 8.279358717434927e-07 8.279358717434927e-07 8.279358717434927e-08
0.17943887775551098 5.415030060120239e-06 1.8428857715430757e-06 6.625250501002036 1.1269939879759534e-07 1.1269939879759534e-07 1.1269939879759534e-08
0.03587174348697393 6.859719438877753e-06 1.3505010020040038e-06 4.621242484969947 6.189498997996028e-07 6.189498997996028e-07 6.189498997996028e-08
0.053907815631262485 8.839478957915829e-06 1.1785571142284548e-06 11.875751503006107 8.819839679358781e-07 8.819839679358781e-07 8.81983967935878e-08
0.08348697394789611 4.291382765531061e-06 8.503006012024055e-07 10.052104208416907 6.874108216432909e-07 6.874108216432909e-07 6.874108216432909e-08
0.12460921843687481 6.806212424849697e-06 1.8597194388777563e-07 9.130260521042146 3.8834468937875873e-07 3.8834468937875873e-07 3.8834468937875873e-08
0.06689378757515033 1.616032064128256e-06 3.891783567134271e-07 8.30861723446899 1.5954108216432865e-07 1.5954108216432865e-07 1.5954108216432866e-08
0.06761523046092188 9.204408817635267e-07 4.907815631262529e-07 6.885771543086207 1.3792184368737483e-07 1.3792184368737483e-07 1.3792184368737483e-08
0.040921843687374726 7.777555110220438e-07 1.3126252505010023e-07 7.426853707414871 5.70306613226456e-07 5.70306613226456e-07 5.70306613226456e-08
0.02036072144288577 3.239078156312624e-06 2.3587174348697227e-06 6.064128256513051 1.75755511022044e-07 1.75755511022044e-07 1.7575551102204402e-08
0.06472945891783566 3.2925851703406803e-06 1.2879759519038042e-06 7.6873747494990425 7.66681362725456e-07 7.66681362725456e-07 7.666813627254561e-08
0.1231663326653317 2.5791583166332658e-06 3.1102204408817654e-07 12.276553106212525 1.3071543086172356e-07 1.3071543086172356e-07 1.3071543086172355e-08
0.12929859719438977 7.341282565130258e-06 3.032064128256515e-07 5.022044088176365 5.793146292585202e-07 5.793146292585202e-07 5.793146292585202e-08
0.167174348697395 4.184368737474949e-06 1.4364729458917782e-06 7.927855711422893 2.604308617234468e-07 2.604308617234468e-07 2.6043086172344677e-08
0.03262525050100199 6.003607214428856e-06 2.4290581162324473e-06 6.645290581162357 6.946092184368739e-08 6.946092184368739e-08 6.9460921843687384e-09
0.06545090180360721 2.4186372745490975e-06 2.81202404809617e-06 5.743486973947917 6.225531062124285e-07 6.225531062124285e-07 6.225531062124285e-08
0.13939879759519117 6.984569138276551e-06 3.867134268537038e-06 12.416833667334771 6.297595190380798e-07 6.297595190380798e-07 6.297595190380798e-08
0.17258517034068147 7.002404809619236e-06 3.874949899799563e-06 4.861723446893798 5.216633266533092e-07 5.216633266533092e-07 5.216633266533092e-08
0.025410821643286566 2.882364729458917e-06 3.73547094188377e-07 5.422845691382783 4.225751503006028e-07 4.225751503006028e-07 4.225751503006028e-08
0.05138276553106209 7.44829659318637e-06 2.640080160320621e-06 4.6012024048096265 6.099418837675386e-07 6.099418837675386e-07 6.099418837675385e-08
0.10260521042084235 6.1819639278557095e-06 1.8819639278557005e-06 13.478957915831778 8.189278557114285e-07 8.189278557114285e-07 8.189278557114285e-08
0.18593186372745474 6.467334669338675e-06 1.703406813627255e-07 12.296593186372846 2.946613226452908e-07 2.946613226452908e-07 2.946613226452908e-08
0.047414829659318605 3.613627254509017e-06 1.3583166332665287e-06 5.58316633266535 4.964408817635294e-07 4.964408817635294e-07 4.9644088176352934e-08
0.19062124248496967 2.828857715430861e-06 2.0695390781562995e-06 9.190380761523109 7.612765531062175e-07 7.612765531062175e-07 7.612765531062175e-08
0.1260521042084179 2.739679358717434e-06 3.0777555110220183e-06 11.855711422845786 8.531583166332726e-07 8.531583166332726e-07 8.531583166332725e-08
0.12677354709418942 3.5957915831663314e-06 1.6553106212424769e-06 5.36272545090182 5.054488977955936e-07 5.054488977955936e-07 5.0544889779559356e-08
0.11198396793587258 7.822845691382763e-06 3.788977955911789e-06 10.392785571142362 2.442084168336673e-08 2.442084168336673e-08 2.442084168336673e-09
0.14336673346693457 2.783567134268536e-07 2.7182364729458705e-06 13.53907815631274 2.1899398797595164e-07 2.1899398797595164e-07 2.1899398797595165e-08
0.10404809619238546 4.3627254509018025e-06 3.296593186372717e-06 4.0 8.94595190380768e-07 8.94595190380768e-07 8.94595190380768e-08
0.15635270541082208 4.665931863727454e-06 1.7725450901803512e-06 13.118236472946002 4.063527054108215e-08 4.063527054108215e-08 4.0635270541082155e-09
0.069058116232465 8.625450901803604e-06 1.0144288577154309e-06 6.104208416833693 7.216412825651349e-07 7.216412825651349e-07 7.21641282565135e-08
0.11667334669338769 4.969138276553105e-06 3.3669338677354415e-06 10.11222444889787 5.667034068136303e-07 5.667034068136303e-07 5.667034068136303e-08
0.15995991983967972 6.253306613226451e-06 1.811623246492976e-06 10.272545090180436 1.0549298597194401e-07 1.0549298597194401e-07 1.0549298597194402e-08
0.0672545090180361 4.388777555110219e-07 4.2044088176352735e-07 8.629258517034124 8.783807615230524e-07 8.783807615230524e-07 8.783807615230524e-08
0.02685370741482965 1.2414829659318633e-06 1.2567134268537044e-06 9.030060120240542 4.766232464929881e-07 4.766232464929881e-07 4.7662324649298814e-08
0.10981963927855791 6.788376753507012e-06 1.99138276553105e-06 9.270541082164392 6.387675350701441e-07 6.387675350701441e-07 6.38767535070144e-08
0.05174348697394786 7.787174348697392e-06 1.2020040080160297e-06 10.152304609218511 8.891903807615295e-07 8.891903807615295e-07 8.891903807615294e-08
0.1051302605210428 6.350701402805609e-07 1.467735470941878e-06 7.507014028056155 6.081402805611257e-07 6.081402805611257e-07 6.081402805611257e-08
0.12100200400801703 3.7028056112224436e-06 9.050100200400809e-07 12.136272545090279 8.621663326653368e-07 8.621663326653368e-07 8.621663326653368e-08
0.16356713426853736 2.4543086172344682e-06 3.468537074148266e-06 5.4629258517034245 2.2980360721442855e-07 2.2980360721442855e-07 2.2980360721442856e-08
0.057154308617234424 5.236673346693385e-06 3.2262525050099924e-06 5.863727454909842 2.4781963927855686e-07 2.4781963927855686e-07 2.4781963927855688e-08
0.03659318637274547 3.845490981963927e-06 1.5771543086172274e-06 11.555110220440973 1.9016032064128256e-08 1.9016032064128256e-08 1.9016032064128256e-09
0.13434869739479047 4.879959919839678e-06 2.2258517034067986e-06 13.378757515030173 3.144789579158321e-07 3.144789579158321e-07 3.1447895791583214e-08
0.0524649298597194 1.3306613226452901e-06 1.999198396793575e-06 5.342685370741499 8.027054108216437e-08 8.027054108216437e-08 8.027054108216437e-09
0.08853707414829701 3.52444889779559e-06 1.0535070140280556e-06 8.188376753507065 7.504669338677404e-07 7.504669338677404e-07 7.504669338677405e-08
0.08276553106212456 8.340080160320638e-06 9.98797595190381e-07 9.090180360721504 5.865210420841716e-07 5.865210420841716e-07 5.8652104208417156e-08
0.04525050100200398 2.0701402805611217e-07 2.5384769539077966e-06 12.016032064128353 5.396793587174376e-07 5.396793587174376e-07 5.3967935871743763e-08
0.13975951903807693 7.983366733466931e-06 1.7569138276553013e-06 7.827655310621289 8.099198396793643e-07 8.099198396793643e-07 8.099198396793642e-08
0.08060120240480989 5.432865731462924e-06 2.3821643286572976e-06 10.13226452905819 5.883226452905844e-07 5.883226452905844e-07 5.8832264529058445e-08
0.07519038076152322 2.2937875751503e-06 3.6639278557113896e-06 9.531062124248564 7.036252505010065e-07 7.036252505010065e-07 7.036252505010065e-08
0.14192384769539151 7.64448897795591e-06 7.7995991983968e-07 4.741482965931873 7.937054108216487e-07 7.937054108216487e-07 7.937054108216488e-08
0.11306613226452991 5.0048096192384755e-06 3.960921843687338e-06 12.1563126252506 7.486573146292588e-08 7.486573146292588e-08 7.486573146292588e-09
0.024328657314629253 8.312625250500999e-07 1.547094188376754e-07 11.214428857715518 4.351863727454927e-07 4.351863727454927e-07 4.3518637274549267e-08
0.15454909819639326 4.344889779559117e-06 3.421643286573116e-06 10.833667334669421 5.86513026052104e-08 5.86513026052104e-08 5.86513026052104e-09
0.10801603206412902 6.529058116232462e-07 1.2176352705410796e-06 11.69539078156322 8.549599198396854e-07 8.549599198396854e-07 8.549599198396854e-08
0.11090180360721524 8.304408817635268e-06 2.311823647294573e-06 10.092184368737549 8.423486973947955e-07 8.423486973947955e-07 8.423486973947955e-08
0.08781563126252545 1.1523046092184365e-06 7.565130260521048e-07 6.565130260521073 8.729759519038139e-07 8.729759519038139e-07 8.729759519038138e-08
0.03947895791583164 8.090380761523043e-06 1.639679358717427e-06 12.39679358717445 6.369659318637312e-07 6.369659318637312e-07 6.369659318637312e-08
0.16176352705410854 6.21763527054108e-06 3.4997995991983657e-06 5.543086172344708 6.441723446893826e-07 6.441723446893826e-07 6.441723446893826e-08
0.09430861723446946 6.610020040080158e-06 1.8194388777555009e-06 13.879759519038195 2.6222444889779554e-08 2.6222444889779554e-08 2.6222444889779553e-09
0.12713426853707518 3.0607214428857706e-06 8.112224448897802e-07 11.074148296593272 2.6763727454909815e-07 2.6763727454909815e-07 2.6763727454909814e-08
0.04669338677354706 1.1701402805611219e-06 2.641282565130262e-07 8.368737474949953 1.5233466933867737e-07 1.5233466933867737e-07 1.523346693386774e-08
0.09322645290581212 8.036873747494987e-06 2.663527054108196e-06 4.300601202404813 7.973086172344744e-07 7.973086172344744e-07 7.973086172344744e-08
0.1823246492985971 1.080961923847695e-06 1.7256513026052014e-06 7.767535070140326 5.721082164328688e-07 5.721082164328688e-07 5.721082164328688e-08
0.04849699398797592 8.768136272545087e-06 2.3509018036071978e-06 13.639278557114345 4.89234468937878e-07 4.89234468937878e-07 4.89234468937878e-08
0.17078156312625264 6.734869739478956e-06 2.5697394789578964e-06 7.026052104208453 6.892124248497037e-07 6.892124248497037e-07 6.892124248497037e-08
0.04597194388777552 5.557715430861722e-06 6.549098196392791e-07 8.428857715430915 3.865430861723459e-07 3.865430861723459e-07 3.865430861723459e-08
0.047775551102204376 7.145090180360719e-06 2.2414829659318485e-06 6.404809619238506 2.892565130260523e-07 2.892565130260523e-07 2.892565130260523e-08
0.14589178356713492 5.165330661322644e-06 5.298597194388782e-07 11.795591182364824 8.206412825651303e-09 8.206412825651303e-09 8.206412825651303e-10
0.19494989979959884 7.91202404809619e-06 3.460721442885741e-06 13.29859719438889 2.8385170340681375e-07 2.8385170340681375e-07 2.8385170340681377e-08
0.040200400801603184 5.860921843687373e-06 3.7030060120240144e-06 6.6653306613226775 3.27090180360722e-07 3.27090180360722e-07 3.27090180360722e-08
0.12641282565130366 6.3781563126252485e-06 2.3977955911823475e-06 4.501002004008022 5.973306613226486e-07 5.973306613226486e-07 5.973306613226487e-08
0.1682565130260523 1.3663326653306609e-06 3.929659318637238e-06 11.675350701402898 8.405470941883827e-07 8.405470941883827e-07 8.405470941883827e-08
0.037314629258517015 5.629058116232463e-06 7.87775551102205e-07 12.196392785571241 1.5053306613226456e-07 1.5053306613226456e-07 1.5053306613226457e-08
0.1339879759519047 2.400801603206412e-06 1.4989979959919779e-06 9.67134268537081 4.2617835671342847e-07 4.2617835671342847e-07 4.2617835671342844e-08
0.19999999999999954 8.8751503006012e-06 3.749899799599164e-06 12.076152304609316 5.901242484969973e-07 5.901242484969973e-07 5.901242484969973e-08
0.02288577154308617 3.274749498997995e-06 8.971943887775558e-07 4.661322645290589 5.504809619238475e-08 5.504809619238475e-08 5.504809619238475e-09
0.07086172344689388 5.700400801603205e-06 3.0230460921843436e-06 4.120240480961925 2.766452905811624e-07 2.766452905811624e-07 2.7664529058116236e-08
0.1083767535070148 2.686172344689378e-06 2.484969939879761e-07 6.344689378757543 2.4241482965931833e-07 2.4241482965931833e-07 2.4241482965931832e-08
0.1862925851703405 8.322244488977953e-06 3.445090180360691e-06 6.1442885771543345 3.955511022044101e-07 3.955511022044101e-07 3.9555110220441014e-08
0.0968336673346699 1.669539078156312e-06 3.3591182364729165e-06 8.569138276553161 4.279799599198413e-07 4.279799599198413e-07 4.279799599198413e-08
0.1469739478957922 2.1867735470941878e-06 1.6162324649298521e-06 13.398797595190494 2.7124048096192384e-07 2.7124048096192384e-07 2.7124048096192384e-08
0.1722244488977957 3.1498997995991974e-06 3.5232464929859405e-06 10.913827655310705 1.4152505010020047e-07 1.4152505010020047e-07 1.4152505010020046e-08
0.1570741482965936 1.0631262525050097e-06 2.5228456913827467e-06 4.0801603206412835 3.7213026052104313e-07 3.7213026052104313e-07 3.721302605210431e-08
0.1974749498997992 7.109418837675348e-06 1.9288577154308504e-06 4.961923847695402 6.477755511022083e-07 6.477755511022083e-07 6.477755511022082e-08
0.11883767535070236 1.6873747494989974e-06 1.7022044088176266e-06 6.124248496994014 9.828657314629269e-08 9.828657314629269e-08 9.828657314629268e-09
0.08925851703406856 5.040480961923846e-06 1.0222444889779558e-06 10.533066132264608 1.721442885771543e-08 1.721442885771543e-08 1.7214428857715431e-09
0.09503006012024101 7.573146292585168e-06 3.1871743486973676e-06 5.202404809619253 7.774909819639331e-07 7.774909819639331e-07 7.774909819639331e-08
0.19783567134268495 1.8835671342685364e-06 1.0613226452905806e-06 9.110220440881825 6.261563126252542e-07 6.261563126252542e-07 6.261563126252542e-08
0.19963927855711378 2.2581162324649292e-06 1.1238476953907802e-06 9.791583166332735 4.0095591182364865e-07 4.0095591182364865e-07 4.0095591182364866e-08
0.1018837675350708 2.632665330661322e-06 1.9210420841683254e-06 9.511022044088243 4.928376753507037e-07 4.928376753507037e-07 4.9283767535070364e-08
0.09394789579158368 3.042885771543085e-06 3.1793587174348426e-06 8.248496993988027 7.360541082164377e-07 7.360541082164377e-07 7.360541082164376e-08
0.08024048096192411 5.379358717434868e-06 1.4521042084168281e-06 11.655310621242577 8.765791583166395e-07 8.765791583166395e-07 8.765791583166396e-08
0.07735470941883789 5.272344689378756e-06 3.890581162324613e-06 11.414829659318727 4.802264529058138e-07 4.802264529058138e-07 4.802264529058138e-08
0.04885771543086169 8.233066132264526e-06 2.819839679358695e-06 7.84769539078161 4.027575150300615e-07 4.027575150300615e-07 4.027575150300615e-08
0.08132264529058145 1.9905811623246488e-06 3.288777555110192e-06 11.054108216432951 5.324729458917862e-07 5.324729458917862e-07 5.324729458917862e-08
0.022164328657314627 7.055911823647292e-06 2.8757515030060137e-07 13.31863727454921 3.342885771543085e-08 3.342885771543085e-08 3.3428857715430854e-09
0.082044088176353 4.327054108216432e-06 2.460320641282547e-06 5.482965931863745 5.14448897795591e-08 5.14448897795591e-08 5.14448897795591e-09
0.05318637274549094 2.543486973947895e-06 2.8511022044087947e-06 6.8256513026052446 4.189719438877771e-07 4.189719438877771e-07 4.189719438877771e-08
0.1834068136272544 7.0202404809619216e-06 1.0769539078156305e-06 12.056112224448995 6.459739478957954e-07 6.459739478957954e-07 6.459739478957954e-08
0.18665330661322627 7.466132264529056e-06 2.4134268537073974e-06 6.965931863727491 7.126252505010022e-08 7.126252505010022e-08 7.126252505010022e-09
0.05462925851703403 4.113026052104207e-06 1.624048096192377e-06 6.585170340681394 7.576733466933918e-07 7.576733466933918e-07 7.576733466933919e-08
0.18052104208416828 1.5446893787575145e-06 2.444689378757497e-06 7.887775551102251 8.567615230460983e-07 8.567615230460983e-07 8.567615230460983e-08
0.04308617234468935 4.7551102204408805e-06 2.788577154308595e-06 12.977955911823756 4.2436873747494976e-08 4.2436873747494976e-08 4.243687374749497e-09
0.14661322645290645 1.2058116232464926e-06 3.945290581162288e-06 10.513026052104287 5.342745490981991e-07 5.342745490981991e-07 5.342745490981991e-08
0.1361523046092193 4.8086172344689366e-06 6.236472945891788e-07 6.745490981963961 4.712184368737496e-07 4.712184368737496e-07 4.7121843687374956e-08
0.12569138276553213 7.697995991983965e-06 2.655711422845671e-06 9.971943887775623 3.703286573146303e-07 3.703286573146303e-07 3.703286573146303e-08
0.16068136272545125 3.132064128256512e-06 3.969939879759522e-07 10.432865731463004 5.288697394789606e-07 5.288697394789606e-07 5.288697394789605e-08
0.1181162324649308 1.3567134268537072e-07 2.944889779559094e-06 7.567134268537117 3.9735270541082296e-07 3.9735270541082296e-07 3.9735270541082296e-08
0.07410821643286589 6.592184368737473e-06 2.0460921843687247e-06 4.340681362725455 1.9016833667334655e-07 1.9016833667334655e-07 1.9016833667334657e-08
0.1632064128256516 2.5078156312625243e-06 1.6252505010020045e-07 8.348697394789632 2.0818436873747473e-07 2.0818436873747473e-07 2.0818436873747475e-08
0.14841683366733527 4.92384769539078e-07 2.79639278557112e-06 10.57314629258525 4.603206412825652e-09 4.603206412825652e-09 4.603206412825652e-10
0.0705010020040081 7.073747494989978e-06 1.96012024048095e-06 5.162324649298611 4.6581362725451105e-07 4.6581362725451105e-07 4.6581362725451104e-08
0.18268537074148286 6.5743486973947875e-06 2.178957915831649e-06 9.310621242485034 3.1267735470941926e-07 3.1267735470941926e-07 3.1267735470941925e-08
0.051022044088176316 8.161723446893785e-06 3.6795591182364395e-06 13.338677354709532 3.523046092184368e-08 3.523046092184368e-08 3.5230460921843676e-09
0.09899799599198457 5.093987975951902e-06 3.953106212424813e-06 12.6372745490983 8.927935871743551e-07 8.927935871743551e-07 8.927935871743552e-08
0.1520240480961929 5.522044088176351e-06 1.0781563126252505e-07 8.809619238477012 1.4873146292585174e-07 1.4873146292585174e-07 1.4873146292585173e-08
0.03515030060120239 4.98697394789579e-06 2.0773547094188245e-06 7.286573146292625 6.982204408817679e-07 6.982204408817679e-07 6.98220440881768e-08
0.02324649298597194 8.732464929859716e-06 1.4208416833667283e-06 4.040080160320642 1.9196993987975937e-07 1.9196993987975937e-07 1.919699398797594e-08
0.161042084168337 8.661122244488975e-06 1.9366733466933754e-06 13.919839679358837 7.702845691382817e-07 7.702845691382817e-07 7.702845691382817e-08
0.14372745490982033 1.9192384769539073e-06 2.3743486973947726e-06 4.801603206412835 7.540701402805661e-07 7.540701402805661e-07 7.540701402805661e-08
0.07158316633266544 6.057114228456912e-06 1.2957915831663291e-06 11.174348697394876 5.00044088176355e-07 5.00044088176355e-07 5.0004408817635504e-08
0.13723446893787658 3.9703406813627245e-06 3.344689378757517e-07 4.22044088176353 3.252885771543092e-07 3.252885771543092e-07 3.252885771543092e-08
0.06941883767535077 2.0619238476953902e-06 9.597194388777562e-07 10.633266533066212 9.108016032064136e-08 9.108016032064136e-08 9.108016032064136e-09
0.11234468937875836 6.752705410821641e-06 1.6943887775551016e-06 5.062124248497007 1.2350901803607228e-07 1.2350901803607228e-07 1.2350901803607228e-08
0.11378757515030147 8.44709418837675e-06 3.280961923847667e-06 9.931863727454981 4.2077354709418994e-07 4.2077354709418994e-07 4.207735470941899e-08
0.10693386773547169 8.696793587174346e-06 2.1164328657314492e-06 4.4208416833667386 3.0366933867735504e-07 3.0366933867735504e-07 3.03669338677355e-08
0.1541883767535075 1.2949899799599194e-06 2.5631262525050114e-07 13.418837675350815 8.873887775551166e-07 8.873887775551166e-07 8.873887775551166e-08
0.15238476953907867 6.520841683366731e-06 6.627254509018041e-07 8.54909819639284 1.253106212424851e-07 1.253106212424851e-07 1.253106212424851e-08
0.029018036072144277 3.827655310621242e-06 3.5623246492985653e-06 13.458917835671457 1.9737474949899782e-07 1.9737474949899782e-07 1.9737474949899784e-08
0.12064128256513125 6.663527054108214e-06 2.335270541082148e-06 5.042084168336686 6.585851703406854e-07 6.585851703406854e-07 6.585851703406854e-08
0.027214428857715422 6.707414829659316e-07 1.3348697394789539e-06 10.673346693386854 3.577174348697404e-07 3.577174348697404e-07 3.5771743486974036e-08
0.16969939879759535 8.490981963927852e-07 2.624448897795571e-06 13.699398797595308 6.964188376753551e-07 6.964188376753551e-07 6.964188376753551e-08
0.09178356713426901 7.751503006012021e-06 8.581162324649306e-07 10.733466933867817 7.306412825651305e-08 7.306412825651305e-08 7.3064128256513045e-09
0.1953106212424846 3.881162324649298e-06 3.2418837675350423e-06 7.046092184368774 1.6674749498997992e-07 1.6674749498997992e-07 1.6674749498997993e-08
0.053547094188376713 1.5090180360721438e-06 1.8585170340681256e-06 8.669338677354766 7.792925851703459e-07 7.792925851703459e-07 7.79292585170346e-08
0.16753507014028077 7.501803607214426e-06 3.742084168336639e-06 10.853707414829742 7.864989979959973e-07 7.864989979959973e-07 7.864989979959973e-08
0.13687374749499082 4.202204408817634e-06 1.6006012024048022e-06 5.723446893787596 1.4332665330661328e-07 1.4332665330661328e-07 1.4332665330661328e-08
0.06833667334669344 3.5066132264529046e-06 1.147294589178355e-06 6.024048096192409 2.69438877755511e-07 2.69438877755511e-07 2.69438877755511e-08
0.033707414829659305 1.5625250501001999e-06 3.3903807615230163e-06 8.849699398797654 7.738877755511074e-07 7.738877755511074e-07 7.738877755511074e-08
0.09106212424849745 9.917835671342682e-07 2.9995991983967688e-06 8.909819639278616 1.451282565130261e-07 1.451282565130261e-07 1.451282565130261e-08
0.03010020040080159 1.3484969939879755e-06 2.483767535070122e-06 12.436873747495092 4.676152304609239e-07 4.676152304609239e-07 4.676152304609239e-08
0.13543086172344776 3.2034068136272535e-06 4.438877755511025e-07 13.278557114228569 2.3881162324649264e-07 2.3881162324649264e-07 2.3881162324649265e-08
0.07266533066132277 2.240280561122244e-06 1.5302605210420777e-06 5.523046092184387 8.47753507014034e-07 8.47753507014034e-07 8.477535070140341e-08
0.10116232464929924 5.2010020040080145e-06 4.985971943887779e-07 8.789579158316691 4.838296593186394e-07 4.838296593186394e-07 4.838296593186394e-08
0.10152304609218502 3.853707414829658e-07 7.174348697394795e-07 13.779559118236591 8.225310621242542e-07 8.225310621242542e-07 8.225310621242542e-08
0.199278557114228 5.45070140280561e-06 3.3278557114228167e-06 8.889779559118296 8.36943887775557e-07 8.36943887775557e-07 8.369438877755569e-08
0.03046092184368736 4.5671342685370725e-07 1.006613226452906e-06 11.515030060120331 3.991543086172358e-07 3.991543086172358e-07 3.991543086172358e-08
0.19675350701402766 7.769338677354707e-06 6.158316633266538e-07 11.394789579158406 6.928156312625294e-07 6.928156312625294e-07 6.928156312625294e-08
0.19314629258517002 5.967935871743485e-06 1.4689378757515034e-07 8.448897795591236 2.0097795591182346e-07 2.0097795591182346e-07 2.0097795591182347e-08
0.10945891783567213 5.646893787575149e-06 2.8745490981963695e-06 5.222444889779574 7.919038076152359e-07 7.919038076152359e-07 7.919038076152358e-08
0.17547094188376758 1.7765531062124242e-06 1.7100200400801515e-06 7.667334669338722 6.404809619238477e-09 6.404809619238477e-09 6.404809619238478e-10
0.19458917835671308 7.376953907815629e-06 3.0308617234468686e-06 9.711422845691452 1.2170741482965947e-07 1.2170741482965947e-07 1.2170741482965946e-08
0.11955911823647392 6.074949899799597e-06 3.593587174348665e-06 6.084168336673372 3.342965931863734e-07 3.342965931863734e-07 3.342965931863734e-08
0.040561122244488955 5.308016032064127e-06 1.1316633266533051e-06 7.226452905811662 6.765931863727455e-08 6.765931863727455e-08 6.765931863727456e-09
0.17907815631262522 4.701603206412824e-06 3.773346693386739e-06 4.240480961923851 2.4421643286573117e-07 2.4421643286573117e-07 2.4421643286573117e-08
0.135070140280562 8.17955911823647e-06 2.7104208416833456e-06 6.4849699398797895 5.306713426853734e-07 5.306713426853734e-07 5.306713426853734e-08
0.02 1.223647294589178e-06 7.721442885771549e-07 4.320641282565134 5.685050100200431e-07 5.685050100200431e-07 5.685050100200431e-08
0.08492985971943923 1.891783567134268e-07 9.12825651302606e-07 12.537074148296696 8.603647294589239e-07 8.603647294589239e-07 8.60364729458924e-08
0.08601202404809656 3.221242484969939e-06 2.929258517034044e-06 5.382765531062141 2.6403406813627246e-07 2.6403406813627246e-07 2.6403406813627247e-08
0.033346693386773534 7.965531062124246e-06 1.975751503006e-06 7.466933867735513 1.9917635270541064e-07 1.9917635270541064e-07 1.9917635270541066e-08
0.023967935871743482 4.25571142284569e-06 3.859318637274513e-06 5.923847695390805 1.1990581162324665e-07 1.1990581162324665e-07 1.1990581162324665e-08
0.13579158316633352 6.128456913827653e-06 1.0456913827655307e-06 9.831663326653377 4.4239278557114407e-07 4.4239278557114407e-07 4.423927855711441e-08
0.16789579158316653 6.877555110220439e-06 1.6631262525050018e-06 12.577154308617338 1.7215230460921837e-07 1.7215230460921837e-07 1.721523046092184e-08
0.18448897795591168 6.164128256513024e-06 9.675350701402812e-07 12.83767535070151 2.730420841683367e-07 2.730420841683367e-07 2.730420841683367e-08
0.10909819639278635 5.076152304609217e-06 1.0847695390781554e-06 10.032064128256586 9.000000000000065e-07 9.000000000000065e-07 9.000000000000065e-08
0.07482965931863744 2.9715430861723437e-06 7.018036072144294e-07 4.561122244488985 2.2800200400801573e-07 2.2800200400801573e-07 2.2800200400801574e-08
0.05607214428857711 3.5601202404809607e-06 2.616633266533046e-06 8.32865731462931 6.603867735470982e-07 6.603867735470982e-07 6.603867735470982e-08
0.0640080160320641 9.382765531062121e-07 3.992184368737438e-06 12.37675350701413 8.297374749499056e-07 8.297374749499056e-07 8.297374749499056e-08
0.061122244488977906 3.496993987975951e-07 1.5693386773547024e-06 6.224448897795618 6.693947895791624e-07 6.693947895791624e-07 6.693947895791625e-08
0.08889779559118278 3.809819639278556e-06 2.2805611222444732e-06 13.198396793587285 1.0188977955911835e-07 1.0188977955911835e-07 1.0188977955911835e-08
0.13254509018036165 7.1629258517034045e-06 2.7260521042083955e-06 11.815631262525145 7.414589178356762e-07 7.414589178356762e-07 7.414589178356762e-08
0.18376753507014015 5.458917835671341e-07 1.6787575150300517e-06 11.615230460921936 7.955070140280615e-07 7.955070140280615e-07 7.955070140280616e-08
0.08745490981963967 3.720641282565129e-06 1.2488977955911794e-06 12.797595190380868 8.837855711422909e-07 8.837855711422909e-07 8.83785571142291e-08
0.12028056112224547 5.1474949899799584e-06 2.804208416833645e-06 8.128256513026102 2.8016032064128258e-09 2.8016032064128258e-09 2.801603206412826e-10
0.04272545090180358 7.537474949899797e-06 3.5545090180360403e-06 13.799599198396912 3.216853707414835e-07 3.216853707414835e-07 3.216853707414835e-08
0.1642885771543089 4.237875751503005e-06 4.829659318637278e-07 6.905811623246528 4.874328657314651e-07 4.874328657314651e-07 4.874328657314651e-08
0.18917835671342662 2.96192384769539e-07 3.7108216432865393e-06 11.194388777555197 7.072284569138322e-07 7.072284569138322e-07 7.072284569138322e-08
0.05967935871743482 5.468537074148295e-06 3.5310621242484655e-06 4.020040080160321 6.045290581162323e-08 6.045290581162323e-08 6.045290581162323e-09
0.128937875751504 4.9513026052104195e-06 6.939879759519044e-07 9.551102204408885 4.4959919839679545e-07 4.4959919839679545e-07 4.495991983967955e-08
0.11703406813627347 2.8645290581162316e-06 2.5775551102204214e-06 9.631262525050168 5.108537074148321e-07 5.108537074148321e-07 5.108537074148321e-08
0.10873747494990058 2.7575150300601194e-06 3.765531062124214e-06 12.116232464929958 2.8745490981963944e-07 2.8745490981963944e-07 2.8745490981963943e-08
0.05643286573146288 3.470941883767534e-06 3.437274549098166e-06 7.787575150300647 8.927855711422853e-08 8.927855711422853e-08 8.927855711422852e-09
0.13146292585170435 8.536272545090177e-06 2.7494989979959703e-06 9.01002004008022 7.666733466933871e-08 7.666733466933871e-08 7.666733466933871e-09
0.0935871743486979 7.483967935871741e-06 3.6951903807614894e-06 11.575150300601294 4.910360721442908e-07 4.910360721442908e-07 4.910360721442908e-08
0.12965931863727553 9.739478957915829e-07 4.126252505010023e-07 12.036072144288674 4.55004008016034e-07 4.55004008016034e-07 4.55004008016034e-08
0.11847695390781658 4.2104208416833653e-07 2.5150300601202218e-06 4.360721442885776 1.1809619238476955e-08 1.1809619238476955e-08 1.1809619238476954e-09
0.07338677354709433 6.931062124248495e-06 2.094188376753508e-07 9.871743486974019 1e-09 1e-09 1e-10
0.08637274549098234 4.059519038076151e-06 1.0378757515030057e-06 6.244488977955939 4.514008016032083e-07 4.514008016032083e-07 4.514008016032083e-08
0.11739478957915925 6.342484969939878e-06 3.0621242484969684e-06 4.721442885771552 3.180821643286578e-07 3.180821643286578e-07 3.180821643286578e-08
0.1491382765531068 5.5398797595190364e-06 1.9523046092184253e-06 8.609218436873803 6.802044088176395e-07 6.802044088176395e-07 6.802044088176395e-08
0.037675350701402786 2.79318637274549e-06 2.147695390781549e-06 11.71543086172354 3.73931863727456e-07 3.73931863727456e-07 3.73931863727456e-08
0.06220440881763522 6.538677354709417e-06 3.0152304609218187e-06 4.060120240480963 1.8296192384769528e-07 1.8296192384769528e-07 1.829619238476953e-08
0.16464929859719465 3.328256513026051e-06 2.475951903807597e-06 12.897795591182472 7.684829659318689e-07 7.684829659318689e-07 7.684829659318689e-08
0.11126252505010102 1.4911823647294584e-06 1.4130260521042034e-06 7.1863727454910205 6.27957915831667e-07 6.27957915831667e-07 6.27957915831667e-08
0.078797595190381 2.5613226452905804e-06 2.2571142284568984e-06 11.134268537074234 3.0727254509018073e-07 3.0727254509018073e-07 3.072725450901807e-08
0.19278557114228426 7.955911823647291e-07 1.2723446893787543e-06 8.52905811623252 6.405691382765569e-07 6.405691382765569e-07 6.40569138276557e-08
0.09971943887775613 3.7919839679358704e-06 3.8436873747494635e-06 6.545090180360752 5.3246492985971924e-08 5.3246492985971924e-08 5.324649298597192e-09
0.1379559118236481 7.252104208416831e-06 3.609218436873715e-06 8.76953907815637 1.2711222444889792e-07 1.2711222444889792e-07 1.2711222444889792e-08
0.15490981963927902 4.541082164328656e-06 2.0539078156312496e-06 11.915831663326749 6.946172344689422e-07 6.946172344689422e-07 6.946172344689423e-08
0.09070140280561168 3.98817635270541e-06 1.8272545090180258e-06 6.26452905811626 8.74769539078157e-08 8.74769539078157e-08 8.74769539078157e-09
0.14877755511022103 3.3995991983967925e-06 7.408817635270547e-07 7.727454909819684 7.594749498998047e-07 7.594749498998047e-07 7.594749498998047e-08
0.12857715430861824 8.714629258517031e-06 3.101202404809593e-06 12.817635270541189 7.43260521042089e-07 7.43260521042089e-07 7.43260521042089e-08
0.08420841683366767 8.054709418837673e-06 3.5388777555109904e-06 7.106212424849737 1.541362725450902e-07 1.541362725450902e-07 1.541362725450902e-08
0.024689378757515024 5.914428857715429e-06 2.343086172344673e-06 11.354709418837764 7.018236472945936e-07 7.018236472945936e-07 7.018236472945936e-08
0.16248496993988007 8.785971943887772e-06 3.984368737474913e-06 9.390781563126318 7.756893787575203e-07 7.756893787575203e-07 7.756893787575203e-08
0.17294589178356723 3.1142284569138266e-06 3.4919839679358407e-06 9.45090180360728 5.739098196392817e-07 5.739098196392817e-07 5.7390981963928164e-08
0.054268537074148256 7.6088176352705385e-06 1.8741482965931755e-06 7.967935871743535 2.7484368737474953e-07 2.7484368737474953e-07 2.7484368737474954e-08
0.02649298597194388 8.108216432865729e-06 2.983967935871719e-06 5.242484969939895 9.468336673346702e-08 9.468336673346702e-08 9.468336673346703e-09
0.18412825651302592 8.393587174348695e-06 1.983567134268525e-06 6.284569138276581 2.9825651302605204e-08 2.9825651302605204e-08 2.9825651302605205e-09
0.044168336673346666 8.464929859719436e-06 3.4841683366733158e-06 5.8236472945892 4.1356713426853856e-07 4.1356713426853856e-07 4.135671342685386e-08
0.18773547094188356 6.6278557114228436e-06 3.0386773547093935e-06 10.953907815631347 7.883006012024102e-07 7.883006012024102e-07 7.883006012024102e-08
0.11919839679358814 4.006012024048095e-06 3.4060120240480662e-06 12.096192384769637 4.784248496994009e-07 4.784248496994009e-07 4.784248496994009e-08
0.13867735470941964 7.5553106212424824e-06 1.8350701402805508e-06 9.470941883767601 7.522685370741533e-07 7.522685370741533e-07 7.522685370741533e-08
0.027575150300601193 3.2569138276553096e-06 2.8589178356713196e-06 4.380761523046097 8.387454909819698e-07 8.387454909819698e-07 8.387454909819699e-08
0.18557114228456897 7.305611222444887e-06 1.803807615230451e-06 13.619238476954024 3.50511022044089e-07 3.50511022044089e-07 3.50511022044089e-08
0.1480561122244495 8.964328657314626e-06 3.3356713426853417e-06 13.258517034068248 7.486653306613276e-07 7.486653306613276e-07 7.486653306613276e-08
0.08565130260521078 4.576753507014027e-06 9.440881763527062e-07 11.334669338677443 4.604088176352725e-07 4.604088176352725e-07 4.604088176352725e-08
0.14480961923847763 1.3841683366733462e-06 3.5010020040080183e-07 6.364729458917864 6.225450901803606e-08 6.225450901803606e-08 6.225450901803606e-09
0.11018036072144369 8.001202404809617e-06 2.9136272545089943e-06 5.082164328657328 3.7753507014028167e-07 3.7753507014028167e-07 3.775350701402817e-08
0.1913426853707412 5.111823647294588e-06 3.304408817635242e-06 8.388777555110273 2.532244488977954e-07 2.532244488977954e-07 2.532244488977954e-08
0.16501002004008042 2.3651302605210414e-06 8.737474949899807e-07 10.993987975951988 5.162585170340706e-07 5.162585170340706e-07 5.162585170340707e-08
0.10296593186372813 6.039278557114227e-06 1.7803607214428761e-06 8.288577154308669 1.55937875751503e-07 1.55937875751503e-07 1.5593787575150302e-08
0.14949899799599256 6.88577154308617e-07 2.6791583166332457e-06 5.563126252505029 1.5773947895791583e-07 1.5773947895791583e-07 1.5773947895791584e-08
0.027935871743486964 7.269939879759517e-06 8.190380761523053e-07 8.949899799599258 2.5142284569138255e-07 2.5142284569138255e-07 2.5142284569138254e-08
0.19819639278557072 7.127254509018034e-06 6.002004008016037e-07 5.603206412825671 6.315611222444927e-07 6.315611222444927e-07 6.315611222444927e-08
0.10729458917835746 8.357915831663324e-06 2.468136272545072e-06 4.90180360721444 8.639679358717496e-07 8.639679358717496e-07 8.639679358717496e-08
0.09539078156312679 2.5256513026052097e-06 3.820240480961889e-06 5.9839679358717675 4.081623246493e-07 4.081623246493e-07 4.081623246493e-08
0.15166332665330715 7.662324649298595e-06 2.6869739478957707e-06 5.1222444889779695 8.675711422845753e-07 8.675711422845753e-07 8.675711422845753e-08
0.17186372745490994 1.0987975951903804e-06 1.5615230460921775e-06 12.997995991984077 5.486873747495018e-07 5.486873747495018e-07 5.4868737474950186e-08
0.1924248496993985 6.94889779559118e-06 3.61703406813624e-06 13.579158316633382 8.585631262525111e-07 8.585631262525111e-07 8.585631262525111e-08
0.18701402805611203 1.1344689378757512e-06 2.3899799599198225e-06 11.01402805611231 7.252444889779606e-07 7.252444889779606e-07 7.252444889779606e-08
0.17042084168336688 4.041683366733466e-06 1.1160320641282552e-06 6.04408817635273 2.9105811623246513e-07 2.9105811623246513e-07 2.9105811623246514e-08
0.1116232464929868 4.790781563126251e-06 1.3973947895791535e-06 4.68136272545091 3.3249498997996055e-07 3.3249498997996055e-07 3.324949899799606e-08
0.17006012024048112 4.862124248496993e-06 3.422845691382768e-07 10.893787575150384 5.757114228456945e-07 5.757114228456945e-07 5.757114228456945e-08
0.13831663326653387 5.9857715430861705e-06 3.6717434869739146e-06 10.8136272545091 5.414809619238505e-07 5.414809619238505e-07 5.4148096192385045e-08
0.034068136272545076 2.426853707414829e-07 3.1949899799598925e-06 13.498997995992099 6.639899799599239e-07 6.639899799599239e-07 6.639899799599239e-08
0.03911823647294587 2.4721442885771536e-06 3.1559118236472678e-06 5.102204408817649 3.757334669338688e-07 3.757334669338688e-07 3.757334669338688e-08
0.12496993987976059 2.151102204408817e-06 2.327454909819623e-06 11.154308617234555 3.1628056112224495e-07 3.1628056112224495e-07 3.1628056112224495e-08
0.036953907815631244 3.4531062124248485e-06 2.8432865731462697e-06 11.895791583166428 8.045150300601258e-07 8.045150300601258e-07 8.045150300601258e-08
0.021803607214428856 7.394789579158314e-06 2.8667334669338446e-06 6.384769539078185 6.063386773547129e-07 6.063386773547129e-07 6.063386773547129e-08
0.18484969939879745 4.380561122244488e-06 2.1086172344689243e-06 4.100200400801604 8.207294589178414e-07 8.207294589178414e-07 8.207294589178414e-08
0.18953907815631238 3.0250501002004e-06 6.080160320641287e-07 10.172344689378832 3.8113827655310736e-07 3.8113827655310736e-07 3.811382765531073e-08
0.04200400801603204 6.306813627254507e-06 2.7026052104208206e-06 12.657314629258622 9.288176352705419e-08 9.288176352705419e-08 9.28817635270542e-09
0.13759519038076234 2.0262525050100195e-06 2.76513026052102e-06 4.9418837675350815 6.766012024048138e-07 6.766012024048138e-07 6.766012024048139e-08
0.14228456913827728 6.44949899799599e-06 8.346693386773554e-07 10.192384769539153 2.92859719438878e-07 2.92859719438878e-07 2.92859719438878e-08
0.17871743486973946 3.0963927855711413e-06 3.914028056112188e-06 9.771543086172414 2.856533066132266e-07 2.856533066132266e-07 2.856533066132266e-08
0.07374749498998011 8.197394789579156e-06 7.486973947895798e-07 8.869739478957975 7.991102204408872e-07 7.991102204408872e-07 7.991102204408872e-08
0.13038076152304706 5.807414829659317e-06 7.252505010020046e-07 13.659318637274666 1.739539078156312e-07 1.739539078156312e-07 1.739539078156312e-08
0.19098196392785544 4.897795591182363e-06 4.7515030060120275e-07 5.763527054108238 5.649018036072174e-07 5.649018036072174e-07 5.649018036072174e-08
0.1213627254509028 3.381763527054107e-06 2.02264529058115e-06 6.50501002004011 5.018456913827679e-07 5.018456913827679e-07 5.0184569138276786e-08
0.17402805611222452 8.803807615230458e-06 1.5849699398797523e-06 13.098196392785681 6.171482965931899e-07 6.171482965931899e-07 6.1714829659319e-08
0.1801603206412825 8.286573146292582e-06 3.124649298597168e-06 4.46092184368738 1.8656513026052092e-07 1.8656513026052092e-07 1.8656513026052093e-08
0.18196392785571133 4.148697394789578e-06 1.647494989979952e-06 7.0060120240481325 3.433046092184376e-07 3.433046092184376e-07 3.433046092184376e-08
0.19855711422845648 2.7218436873747487e-06 2.124248496993974e-06 6.424849699398827 4.856312625250523e-07 4.856312625250523e-07 4.856312625250523e-08
0.06581162324649299 4.398396793587173e-06 1.3895791583166285e-06 7.306613226452946 2.2079559118236446e-07 2.2079559118236446e-07 2.2079559118236447e-08
0.12244488977956014 7.3591182364729435e-06 1.7412825651302514e-06 5.262525050100216 6.423707414829698e-07 6.423707414829698e-07 6.423707414829698e-08
0.15130260521042138 6.360320641282563e-06 3.8046092184368388e-06 14.00000000000012 2.784468937875752e-07 2.784468937875752e-07 2.784468937875752e-08
0.16861723446893806 5.771743486973946e-06 1.4286573146292533e-06 8.829659318637333 4.6221042084168536e-07 4.6221042084168536e-07 4.622104208416853e-08
0.17655310621242487 5.3436873747494974e-06 2.4212424849699223e-06 11.49498997996001 2.568276553106211e-07 2.568276553106211e-07 2.568276553106211e-08
0.1430060120240488 3.7563126252504997e-06 5.767535070140285e-07 5.14228456913829 1.108977955911825e-07 1.108977955911825e-07 1.108977955911825e-08
0.1942284569138273 5.129659318637273e-06 1.631863727454902e-06 4.881763527054119 8.243326653306671e-07 8.243326653306671e-07 8.24332665330667e-08
0.1761923847695391 8.892985971943885e-06 3.0699398797594933e-06 7.947895791583214 4.6040080160320626e-08 4.6040080160320626e-08 4.6040080160320626e-09
0.043446893787575123 8.554108216432863e-06 1.3817635270541036e-06 6.865731462925886 5.919258517034101e-07 5.919258517034101e-07 5.919258517034101e-08
0.17474949899799605 4.737274549098195e-06 3.937474949899763e-06 10.252505010020116 8.117214428857771e-07 8.117214428857771e-07 8.117214428857772e-08
0.11595190380761614 1.4376753507014023e-06 2.8823647294588945e-06 10.35270541082172 7.198396793587221e-07 7.198396793587221e-07 7.19839679358722e-08
0.050300601202404774 7.064128256513023e-07 1.4442885771543032e-06 5.843687374749521 3.5591583166332753e-07 3.5591583166332753e-07 3.5591583166332755e-08
0.05571142284569134 6.71703406813627e-06 1.2645290581162293e-06 11.234468937875839 2.406132264529055e-07 2.406132264529055e-07 2.4061322645290547e-08
0.14625250501002068 2.1689378757515024e-06 3.3825651302604914e-06 6.204408817635297 3.6852705410821744e-07 3.6852705410821744e-07 3.685270541082175e-08
0.14084168336673422 6.841883767535068e-06 9.284569138276561e-07 4.160320641282567 4.982424849699422e-07 4.982424849699422e-07 4.982424849699422e-08
0.17799599198396793 4.1665330661322635e-06 9.90981963927856e-07 4.400801603206418 8.20721442885772e-08 8.20721442885772e-08 8.20721442885772e-09
0.022525050100200398 3.6753507014028044e-07 3.0855711422845432e-06 7.5270541082164755 7.180380761523092e-07 7.180380761523092e-07 7.180380761523092e-08
0.14444889779559186 8.215230460921841e-06 2.0070140280561e-06 9.751503006012094 3.378997995991991e-07 3.378997995991991e-07 3.378997995991991e-08
0.19170340681362696 8.250901803607212e-06 2.507214428857697e-06 12.877755511022151 3.595190380761532e-07 3.595190380761532e-07 3.5951903807615325e-08
0.07663326653306633 7.626653306613224e-06 8.424849699398804e-07 4.641282565130268 3.793366733466945e-07 3.793366733466945e-07 3.793366733466945e-08
0.11342685370741569 3.3460921843687364e-06 2.2727454909819483e-06 6.94589178356717 1.3611222444889782e-08 1.3611222444889782e-08 1.361122244488978e-09
0.173306613226453 8.589779559118233e-06 3.2184368737474674e-06 7.126252505010058 1.7035070140280555e-07 1.7035070140280555e-07 1.7035070140280557e-08
0.12280561122244592 5.3971943887775535e-06 3.5466933867735154e-06 4.761523046092194 6.333627254509055e-07 6.333627254509055e-07 6.333627254509056e-08
0.09286573146292634 5.254509018036071e-06 3.5701402805610902e-06 8.208416833667386 5.829178356713459e-07 5.829178356713459e-07 5.8291783567134586e-08
0.1552705410821648 1.419839679358717e-06 3.452905811623216e-06 8.048096192384818 6.009338677354743e-07 6.009338677354743e-07 6.009338677354743e-08
0.16573146292585195 2.3829659318637268e-06 2.6010020040079962e-06 9.951903807615302 3.6492384769539176e-07 3.6492384769539176e-07 3.649238476953918e-08
0.060761523046092135 4.5589178356713415e-06 3.757715430861689e-06 5.442885771543104 8.027134268537129e-07 8.027134268537129e-07 8.02713426853713e-08
0.10657314629258591 6.172344689378755e-07 2.5931863727454713e-06 11.114228456913914 7.000220440881808e-07 7.000220440881808e-07 7.000220440881808e-08
0.13182364729459012 1.473346693386773e-06 5.220440881763531e-07 8.108216432865781 4.7302004008016243e-07 4.7302004008016243e-07 4.7302004008016244e-08
0.19386773547094155 5.7895791583166315e-06 2.7573146292584953e-06 11.294589178356802 4.2978156312625416e-07 4.2978156312625416e-07 4.2978156312625414e-08
0.1772745490981964 1.5268537074148291e-06 2.304008016032048e-06 5.683366733466954 3.3609819639278624e-07 3.3609819639278624e-07 3.360981963927862e-08
0.03478957915831662 5.71823647294589e-06 3.1637274549097927e-06 13.819639278557233 4.3338476953907985e-07 4.3338476953907985e-07 4.3338476953907985e-08
0.05282565130260517 6.021442885771541e-06 1.2254509018036046e-06 10.212424849699474 1.0369138276553118e-07 1.0369138276553118e-07 1.0369138276553118e-08
0.06148296593186368 1.7134268537074145e-07 3.132464929859693e-06 10.653306613226533 5.46885771543089e-07 5.46885771543089e-07 5.46885771543089e-08
0.15887775551102243 8.928657314629255e-06 1.1863727454909798e-06 9.070140280561183 6.585771543086172e-08 6.585771543086172e-08 6.585771543086172e-09
0.1963927855711419 7.038076152304607e-06 1.491182364729453e-06 9.150300601202467 2.5502605210420824e-07 2.5502605210420824e-07 2.5502605210420825e-08
0.15058116232464985 5.815631262525048e-07 4.282565130260524e-07 8.589178356713482 4.5320240480962114e-07 4.5320240480962114e-07 4.532024048096211e-08
0.028296593186372735 6.271142284569136e-06 3.148096192384743e-06 10.693386773547175 4.640120240480982e-07 4.640120240480982e-07 4.640120240480982e-08
0.06184368737474945 1.1783567134268536e-07 1.3426853707414788e-06 8.709418837675408 6.027354709418872e-07 6.027354709418872e-07 6.027354709418871e-08
0.025771543086172338 1.954909819639278e-06 1.5458917835671276e-06 11.03406813627263 1.6134268537074146e-07 1.6134268537074146e-07 1.6134268537074148e-08
0.13326653306613317 4.648096192384768e-06 2.3665330661322477e-06 12.957915831663435 8.171262525050157e-07 8.171262525050157e-07 8.171262525050156e-08
0.15959919839679396 3.1402805611222435e-07 1.475551102204403e-06 9.330661322645355 1.36120240480962e-07 1.36120240480962e-07 1.36120240480962e-08
0.0387575150300601 2.6683366733466926e-06 2.8979959919839444e-06 7.40681362725455 6.045370741483e-07 6.045370741483e-07 6.045370741483001e-08
0.08673346693386812 7.733667334669336e-06 3.796793587174314e-06 12.697394789579263 5.360761523046119e-07 5.360761523046119e-07 5.360761523046119e-08
0.09611222444889835 5.058316633266532e-06 5.689378757515034e-07 5.503006012024066 5.378777555110248e-07 5.378777555110248e-07 5.3787775551102475e-08
0.16392785571142313 3.577955911823646e-06 3.413827655310591e-06 4.821643286573156 6.85609218436878e-07 6.85609218436878e-07 6.856092184368781e-08
0.14264529058116304 2.347294589178356e-06 1.9378757515030068e-07 13.358717434869853 1.0008016032064129e-08 1.0008016032064129e-08 1.0008016032064128e-09
0.14769539078156374 1.027454909819639e-06 1.2344689378757517e-07 10.292585170340757 6.729979959919881e-07 6.729979959919881e-07 6.729979959919881e-08
0.12208416833667436 7.18076152304609e-06 3.265330661322617e-06 13.05811623246504 8.567535070140287e-08 8.567535070140287e-08 8.567535070140287e-09
0.14156312625250575 1.7943887775551096e-06 2.82765531062122e-06 10.973947895791667 9.648496993987986e-08 9.648496993987986e-08 9.648496993987986e-09
0.14048096192384846 5.932264529058114e-06 4.3607214428857746e-07 12.256513026052204 4.3698797595190554e-07 4.3698797595190554e-07 4.3698797595190555e-08
0.18088176352705404 1.1166332665330658e-06 5.06412825651303e-07 13.959919839679479 1.649458917835671e-07 1.649458917835671e-07 1.649458917835671e-08
0.19603206412825613 8.429258517034065e-06 1.8663326653306506e-06 4.981963927855723 3.0006613226452935e-07 3.0006613226452935e-07 3.000661322645293e-08
0.075551102204409 6.110621242484968e-06 1.7815631262525057e-07 7.366733466933908 8.495551102204469e-07 8.495551102204469e-07 8.495551102204469e-08
0.08961923847695434 5.5933867735470925e-06 8.893787575150308e-07 8.929859719438937 7.162364729458964e-07 7.162364729458964e-07 7.162364729458964e-08
0.09466933867735523 5.896593186372744e-06 7.643286573146299e-07 12.85771543086183 8.153246492986028e-07 8.153246492986028e-07 8.153246492986028e-08
0.04633266533066129 4.71943887775551e-06 1.303607214428854e-06 9.050100200400863 6.74799599198401e-07 6.74799599198401e-07 6.747995991984009e-08
0.07446893787575166 8.67895791583166e-06 7.330661322645296e-07 13.178356713426965 6.405611222444889e-08 6.405611222444889e-08 6.405611222444889e-09
0.09214428857715479 6.7705410821643265e-06 1.2332665330661295e-06 9.91182364729466 8.963967935871808e-07 8.963967935871808e-07 8.963967935871808e-08
0.06509018036072144 4.683767535070139e-06 2.671342685370721e-06 9.591182364729526 3.162725450901803e-08 3.162725450901803e-08 3.1627254509018027e-09
0.16284569138276583 6.146292585170339e-06 3.882765531062088e-06 13.51903807615242 5.955290581162358e-07 5.955290581162358e-07 5.955290581162358e-08
0.1033266533066139 5.993987975951902e-07 2.1723446893787586e-07 9.851703406813698 7.054268537074193e-07 7.054268537074193e-07 7.054268537074193e-08
0.1329058116232474 8.482765531062121e-06 2.1008016032063993e-06 7.326653306613267 2.243987975951901e-07 2.243987975951901e-07 2.243987975951901e-08
0.15851703406813666 7.840681362725448e-06 1.9132264529058005e-06 7.446893787575192 3.5231262525050184e-07 3.5231262525050184e-07 3.5231262525050184e-08
0.10585170340681435 5.325851703406812e-06 2.319639278557098e-06 9.490981963927922 8.693727454909882e-07 8.693727454909882e-07 8.693727454909882e-08
0.16032064128256548 2.9180360721442877e-06 3.312224448897767e-06 13.238476953907927 4.477975951903826e-07 4.477975951903826e-07 4.477975951903826e-08
0.050661322645290545 2.204609218436873e-06 3.2028056112224175e-06 6.845691382765565 3.70320641282565e-08 3.70320641282565e-08 3.7032064128256502e-09
0.1902605210420839 5.183166332665329e-06 2.171142284569124e-06 11.374749498998085 7.306492985971991e-07 7.306492985971991e-07 7.306492985971992e-08
0.11631262525050191 8.019038076152302e-06 1.6084168336673272e-06 4.921843687374761 5.252665330661349e-07 5.252665330661349e-07 5.252665330661349e-08
0.085290581162325 5.878757515030058e-06 1.967935871743475e-06 12.937875751503114 3.2348697394789633e-07 3.2348697394789633e-07 3.2348697394789636e-08
0.15743486973947937 2.1332665330661317e-06 6.47094188376754e-07 7.807615230460968 1.1810420841683383e-07 1.1810420841683383e-07 1.1810420841683383e-08
0.0870941883767539 3.863326653306612e-06 5.611222444889784e-07 5.783567134268559 5.594969939879789e-07 5.594969939879789e-07 5.594969939879789e-08
0.12424849699398903 6.413827655310619e-06 2.8354709418837448e-06 12.737474949899905 4.31583166332667e-07 4.31583166332667e-07 4.31583166332667e-08
0.06256513026052099 7.519639278557112e-06 2.2180360721442736e-06 13.859719438877875 3.108757515030064e-07 3.108757515030064e-07 3.1087575150300643e-08
0.18304609218436863 8.072545090180358e-06 2.960521042084144e-06 9.811623246493056 8.1352304609219e-07 8.1352304609219e-07 8.1352304609219e-08
0.10476953907815702 4.505410821643285e-06 5.14228456913828e-07 12.757515030060226 1.8836673346693373e-07 1.8836673346693373e-07 1.8836673346693375e-08
0.07807615230460944 3.3104208416833656e-06 3.6573146292585195e-07 12.216432865731562 3.306933867735477e-07 3.306933867735477e-07 3.306933867735477e-08
0.0903406813627259 2.596993987975951e-06 3.7264529058115892e-06 12.17635270541092 7.378557114228505e-07 7.378557114228505e-07 7.378557114228505e-08
0.1000801603206419 7.323446893787573e-06 2.9214428857715192e-06 7.8677354709419305 3.469078156312633e-07 3.469078156312633e-07 3.469078156312633e-08
0.09142284569138323 1.865731462925851e-06 3.9999999999999625e-06 12.236472945891883 3.018677354709422e-07 3.018677354709422e-07 3.018677354709422e-08
0.1451703406813634 1.7408817635270535e-06 3.6561122244488647e-06 9.731462925851773 2.5862925851703393e-07 2.5862925851703393e-07 2.586292585170339e-08
0.1812424849699398 1.2593186372745487e-06 3.0543086172344434e-06 10.312625250501078 6.135450901803642e-07 6.135450901803642e-07 6.135450901803643e-08
0.02360721442885771 4.933466933867734e-06 2.7338677354709204e-06 7.707414829659363 8.009118236473001e-07 8.009118236473001e-07 8.009118236473e-08
0.030821643286573133 1e-07 1.4052104208416784e-06 5.903807615230484 8.459519038076212e-07 8.459519038076212e-07 8.459519038076211e-08
0.17366733466933876 6.485170340681361e-06 1.0691382765531055e-06 9.410821643286639 2.15390781563126e-07 2.15390781563126e-07 2.1539078156312602e-08
0.17979959919839675 6.092785571142283e-06 3.5154308617234156e-06 10.492985971943966 2.622324649298596e-07 2.622324649298596e-07 2.6223246492985962e-08
0.07122244488977966 6.503006012024046e-06 3.968737474949863e-06 12.777555110220547 2.658356713426853e-07 2.658356713426853e-07 2.6583567134268532e-08
0.17438877755511029 5.48637274549098e-06 3.3981963927855413e-06 8.9899799599199 7.234428857715478e-07 7.234428857715478e-07 7.234428857715478e-08
0.13074148296593283 6.9667334669338655e-06 2.78076152304607e-06 8.74949899799605 4.946392785571165e-07 4.946392785571165e-07 4.946392785571165e-08
0.15346693386773597 2.9002004008016023e-06 2.155511022044074e-06 12.336673346693487 7.126332665330707e-07 7.126332665330707e-07 7.126332665330707e-08
0.05895791583166328 1.812224448897795e-06 2.797595190380763e-07 5.402805611222462 5.522905811623275e-07 5.522905811623275e-07 5.5229058116232756e-08
0.03551102204408816 8.982164328657311e-06 5.376753507014032e-07 12.356713426853808 7.288476953907863e-07 7.288476953907863e-07 7.288476953907862e-08
0.1148697394789588 6.699198396793585e-06 3.2106212424849424e-06 10.613226452905892 5.540921843687404e-07 5.540921843687404e-07 5.540921843687404e-08
0.04813627254509015 3.631462925851702e-06 1.162925851703405e-06 10.553106212424929 4.42384769539078e-08 4.42384769539078e-08 4.42384769539078e-09
0.10765531062124324 2.2224448897795585e-06 2.0851703406813494e-06 12.517034068136375 3.541142284569147e-07 3.541142284569147e-07 3.5411422845691466e-08
0.17511022044088181 5.611222444889778e-06 2.5541082164328465e-06 8.148296593186423 7.90102204408823e-07 7.90102204408823e-07 7.90102204408823e-08
0.10549098196392857 2.1154308617234463e-06 3.3513026052103916e-06 11.314629258517122 5.180601202404835e-07 5.180601202404835e-07 5.180601202404835e-08
0.07302605210420855 3.078557114228456e-06 1.1004008016032053e-06 5.643286573146312 3.919478957915844e-07 3.919478957915844e-07 3.9194789579158444e-08
0.12533066132264636 2.097595190380761e-06 2.6947895791582956e-06 10.012024048096265 6.153466933867771e-07 6.153466933867771e-07 6.153466933867771e-08
0.03190380761523045 1.9370741482965927e-06 2.7416833667334454e-06 4.180360721442888 2.820501002004009e-07 2.820501002004009e-07 2.820501002004009e-08
0.13218436873747588 6.913226452905809e-06 2.0160320641282574e-07 7.386773547094229 2.0638276553106191e-07 2.0638276553106191e-07 2.0638276553106193e-08
0.06328657314629255 2.9537074148296584e-06 8.815631262525057e-07 9.170340681362788 1.3972344689378765e-07 1.3972344689378765e-07 1.3972344689378764e-08
0.09755511022044146 1.0096192384769536e-06 1.0925851703406804e-06 7.747494989980005 4.7482164328657527e-07 4.7482164328657527e-07 4.7482164328657526e-08
0.02973947895791582 2.846693386773546e-06 1.5224448897795527e-06 12.597194388777659 5.612985971943918e-07 5.612985971943918e-07 5.612985971943918e-08
0.05210420841683363 8.41142284569138e-06 1.459919839679353e-06 10.773547094188459 8.981983967935937e-07 8.981983967935937e-07 8.981983967935937e-08
0.049939879759519 1.9014028056112218e-06 2.0929859719438744e-06 5.302605210420857 2.2619238476953905e-08 2.2619238476953905e-08 2.2619238476953904e-09
0.13470941883767623 1.7587174348697389e-06 3.273146292585142e-06 13.839679358717554 8.387374749499004e-08 8.387374749499004e-08 8.387374749499004e-09
0.10368737474949968 5.843086172344688e-06 3.8136272545090206e-07 11.25450901803616 5.144569138276578e-07 5.144569138276578e-07 5.144569138276578e-08
0.18989979959919814 5.361523046092183e-06 2.9539078156312643e-07 6.525050100200431 6.567835671342725e-07 6.567835671342725e-07 6.567835671342725e-08
0.17763527054108216 5.637274549098194e-07 3.429458917835641e-06 8.08817635270546 2.2259719438877728e-07 2.2259719438877728e-07 2.225971943887773e-08
0.09575150300601257 3.898997995991983e-06 1e-07 5.002004008016044 3.4510621242485047e-07 3.4510621242485047e-07 3.4510621242485044e-08
0.16645290581162347 5.280561122244487e-07 6.861723446893793e-07 11.755511022044182 8.801823647294652e-07 8.801823647294652e-07 8.801823647294652e-08
0.1884569138276551 7.091583166332663e-06 2.288376753506998e-06 11.47494989979969 5.81116232464933e-07 5.81116232464933e-07 5.8111623246493304e-08
0.08168336673346722 2.2759519038076146e-06 2.2102204408817487e-06 10.232464929859795 7.828957915831716e-07 7.828957915831716e-07 7.828957915831716e-08
0.1711422845691384 4.594589178356712e-06 3.5076152304608906e-06 8.488977955911878 7.846973947895845e-07 7.846973947895845e-07 7.846973947895845e-08
0.15779559118236514 4.772945891783566e-06 9.75350701402806e-07 11.975951903807712 4.6941683366733674e-07 4.6941683366733674e-07 4.6941683366733674e-08
0.0362324649298597 6.395991983967934e-06 1.327054108216429e-06 11.454909819639369 3.4870941883767615e-07 3.4870941883767615e-07 3.4870941883767614e-08
0.09647294589178412 1.5981963927855706e-06 3.109018036072118e-06 13.73947895791595 7.32450901803612e-07 7.32450901803612e-07 7.32450901803612e-08
0.12352705410821747 6.431663326653305e-06 3.60140280561119e-06 8.649298597194445 7.55871743486979e-07 7.55871743486979e-07 7.558717434869789e-08
0.057875751503005966 3.7384769539078144e-06 3.249699398797567e-06 13.158316633266644 8.063166332665386e-07 8.063166332665386e-07 8.063166332665386e-08
0.10044088176352768 4.451903807615229e-06 3.8358717434869386e-06 8.268537074148348 1.5412825651302606e-08 1.5412825651302606e-08 1.5412825651302607e-09
0.15563126252505055 7.805010020040078e-06 2.9058116232464693e-06 13.438877755511136 6.784028056112266e-07 6.784028056112266e-07 6.784028056112267e-08
0.19206412825651273 4.309218436873746e-06 1.795991983967926e-06 4.701402805611231 3.667254509018046e-07 3.667254509018046e-07 3.667254509018046e-08
0.15382765531062173 8.750300601202402e-06 1.5146292585170278e-06 4.581162324649306 8.513567134268597e-07 8.513567134268597e-07 8.513567134268597e-08
0.19891783567134225 5.682565130260519e-06 2.1945891783566988e-06 10.79358717434878 2.081763527054108e-08 2.081763527054108e-08 2.081763527054108e-09
0.08096192384769567 9.026052104208413e-07 2.0617234468937746e-06 11.094188376753593 2.135891783567132e-07 2.135891783567132e-07 2.135891783567132e-08
0.18160320641282557 4.2200400801603196e-06 6.314629258517039e-07 12.557114228457017 2.0998597194388755e-07 2.0998597194388755e-07 2.0998597194388756e-08
0.057515030060120195 8.84769539078156e-07 6.39278557114229e-07 8.228456913827706 8.261342685370799e-07 8.261342685370799e-07 8.261342685370799e-08
0.04921843687374746 1.4555110220440877e-06 4.673346693386777e-07 8.969939879759579 6.117434869739514e-07 6.117434869739514e-07 6.117434869739513e-08
0.1873747494989978 1.5350701402805608e-07 9.519038076152313e-07 10.873747494990063 1.95573146292585e-07 1.95573146292585e-07 1.9557314629258502e-08
0.11775551102204503 1.1879759519038072e-06 3.140280561122218e-06 5.883767535070163 5.504889779559147e-07 5.504889779559147e-07 5.504889779559147e-08
0.15671342685370784 2.044088176352705e-06 3.579158316633269e-07 13.07815631262536 3.6132064128256607e-07 3.6132064128256607e-07 3.6132064128256607e-08
0.06436873747494988 2.436472945891783e-06 6.705410821643292e-07 7.266533066132304 3.901462925851716e-07 3.901462925851716e-07 3.9014629258517155e-08
0.07843687374749522 3.3639278557114217e-06 1.5537074148296525e-06 11.995991983968032 6.657915831663367e-07 6.657915831663367e-07 6.657915831663367e-08
0.09250501002004057 3.667134268537073e-06 3.0464929859719185e-06 13.038076152304718 8.315390781563184e-07 8.315390781563184e-07 8.315390781563185e-08
0.08997995991984012 4.0320641282565117e-07 6.783567134268542e-07 4.440881763527059 1.6314428857715428e-07 1.6314428857715428e-07 1.631442885771543e-08
0.06977955911823655 8.375751503006009e-06 4.0480961923847723e-07 13.719438877755628 5.23464929859722e-07 5.23464929859722e-07 5.23464929859722e-08
0.12821643286573248 5.9501002004008e-06 1.2801603206412792e-06 5.8036072144288795 4.9643286573146275e-08 4.9643286573146275e-08 4.964328657314628e-09
0.06869739478957922 2.989378757515029e-06 1.7647294589178262e-06 4.140280561122246 2.262004008016029e-07 2.262004008016029e-07 2.2620040080160293e-08
0.060400801603206364 7.94769539078156e-06 1.1941883767535047e-06 11.535070140280652 5.93727454909823e-07 5.93727454909823e-07 5.93727454909823e-08
0.025050100200400795 5.825250501002002e-06 1.7334669338677264e-06 9.69138276553113 1.0909619238476967e-07 1.0909619238476967e-07 1.0909619238476967e-08
0.03298597194388776 8.571943887775548e-06 1.15511022044088e-06 8.729458917835728 5.450841683366762e-07 5.450841683366762e-07 5.4508416833667615e-08
0.07627254509018055 8.999999999999997e-06 2.0382765531061997e-06 4.521042084168343 1.2891382765531074e-07 1.2891382765531074e-07 1.2891382765531074e-08
0.10224448897795657 1.8300601202404803e-06 1.9444889779559003e-06 8.468937875751557 3.8474148296593305e-07 3.8474148296593305e-07 3.84741482965933e-08
0.08240480961923878 5.2188376753507e-06 1.13947895791583e-06 4.200400801603209 1.6854909819639274e-07 1.6854909819639274e-07 1.6854909819639275e-08
0.07951903807615256 8.91082164328657e-06 2.2336673346693235e-06 4.7815631262525145 2.35208416833667e-07 2.35208416833667e-07 2.3520841683366702e-08
0.08817635270541123 4.915631262525049e-06 2.5462925851703216e-06 6.304609218436902 7.468637274549147e-07 7.468637274549147e-07 7.468637274549147e-08
0.04488977955911821 8.857314629258514e-06 3.3200400801602918e-06 6.765531062124282 6.51378757515034e-07 6.51378757515034e-07 6.51378757515034e-08
0.16140280561122278 7.2164328657314605e-06 8.034068136272552e-07 11.735470941883861 1.7755711422845683e-07 1.7755711422845683e-07 1.7755711422845684e-08
0.06364729458917832 6.895390781563124e-06 3.476352705410791e-06 9.651302605210489 3.883366733466933e-08 3.883366733466933e-08 3.883366733466933e-09
0.043807615230460895 1.9727454909819634e-06 2.014829659318625e-06 6.805611222444924 7.630781563126303e-07 7.630781563126303e-07 7.630781563126303e-08
0.1693386773547096 1.0452905811623243e-06 7.955911823647301e-07 9.43086172344696 6.243547094188413e-07 6.243547094188413e-07 6.243547094188413e-08
0.11450901803607302 6.324649298597192e-06 1.5380761523046026e-06 13.138276553106323 6.495771543086211e-07 6.495771543086211e-07 6.495771543086212e-08
0.031182364729458904 5.022645290581161e-06 3.976553106212388e-06 13.939879759519158 8.855871743487038e-07 8.855871743487038e-07 8.855871743487038e-08
0.1852104208416832 8.268737474949897e-06 3.6482965931863397e-06 4.841683366733477 7.450621242485019e-07 7.450621242485019e-07 7.450621242485019e-08
0.07771543086172367 4.434068136272544e-06 1.6709418837675268e-06 11.95591182364739 4.0455911823647433e-07 4.0455911823647433e-07 4.0455911823647436e-08
0.07591182364729478 6.199799599198395e-06 4.517034068136276e-07 8.06813627254514 6.207515030060156e-07 6.207515030060156e-07 6.207515030060156e-08
0.09719438877755568 3.435270541082163e-06 2.3286573146292597e-07 4.2605210420841715 4.4599599198396976e-07 4.4599599198396976e-07 4.459959919839698e-08
0.03839679358717433 4.095190380761522e-06 1.1082164328657303e-06 6.444889779559148 2.496212424849697e-07 2.496212424849697e-07 2.496212424849697e-08
0.1621242484969943 3.6492985971943875e-06 2.7194388777555126e-07 5.322645290581178 8.351422845691441e-07 8.351422845691441e-07 8.351422845691441e-08
0.1660921843687377 7.198597194388775e-06 3.093386773547068e-06 13.559118236473061 3.054709418837679e-07 3.054709418837679e-07 3.054709418837679e-08
0.07194388777555122 2.008416833667334e-06 2.452505010020022e-06 10.372745490982041 5.6849699398797574e-08 5.6849699398797574e-08 5.6849699398797575e-09
0.09863727454909879 5.664729458917834e-06 1.311422845691379e-06 7.146292585170379 6.910140280561166e-07 6.910140280561166e-07 6.910140280561165e-08
0.06617234468937877 2.2484969939879754e-07 8.268537074148303e-07 7.587174348697438 1.3251703406813637e-07 1.3251703406813637e-07 1.3251703406813637e-08
0.10080160320641346 7.420841683366731e-07 2.5619238476953715e-06 10.933867735471026 2.045811623246491e-07 2.045811623246491e-07 2.045811623246491e-08
0.18881763527054085 7.430460921843685e-06 3.8515030060119885e-06 10.412825651302683 5.631002004008046e-07 5.631002004008046e-07 5.631002004008046e-08
0.1502204408817641 4.745490981963926e-07 3.577955911823615e-06 12.61723446893798 2.9646292585170366e-07 2.9646292585170366e-07 2.9646292585170366e-08
0.09791583166332724 7.71583166332665e-06 7.096192384769545e-07 5.6232464929859916 2.8024849699398806e-07 2.8024849699398806e-07 2.8024849699398806e-08
0.13651302605210505 4.469739478957915e-06 2.991783567134244e-06 11.835671342685465 2.802404809619238e-08 2.802404809619238e-08 2.802404809619238e-09
0.0549899799599198 7.234268537074146e-06 3.781162324649264e-06 9.89178356713434 5.270681362725477e-07 5.270681362725477e-07 5.270681362725477e-08
0.1401202404809627 4.6124248496993976e-06 2.632264529058096e-06 6.605210420841715 7.270460921843735e-07 7.270460921843735e-07 7.270460921843734e-08
0.16897795591182382 1.7230460921843681e-06 1.3661322645290537e-06 13.018036072144398 4.063607214428872e-07 4.063607214428872e-07 4.063607214428872e-08
0.04164328657314627 1.6338677354709413e-06 2.8901803607214194e-06 6.164328657314655 2.1178757515030037e-07 2.1178757515030037e-07 2.1178757515030038e-08
0.072304609218437 6.6813627254509e-06 9.20641282565131e-07 8.008016032064177 1.0729458917835684e-07 1.0729458917835684e-07 1.0729458917835684e-08
0.1300200400801613 3.0072144288577145e-06 3.906212424849663e-06 6.985971943887812 7.846893787575154e-08 7.846893787575154e-08 7.846893787575155e-09
0.06292585170340677 4.630260521042083e-06 3.3434869739478666e-06 6.685370741482998 6.711963927855753e-07 6.711963927855753e-07 6.711963927855753e-08
0.09827655310621301 4.077354709418837e-06 3.8124248496993637e-06 8.028056112224498 1.8116032064128246e-07 1.8116032064128246e-07 1.8116032064128248e-08
0.15599198396793632 2.7040080160320633e-06 2.976152304609194e-06 7.547094188376796 4.1717034068136425e-07 4.1717034068136425e-07 4.171703406813642e-08
0.05823647294589174 7.242484969939877e-07 2.163326653306599e-06 13.9799599198398 6.531803607214468e-07 6.531803607214468e-07 6.531803607214468e-08
0.07699398797595211 2.8110220440881755e-06 1.0300601202404808e-06 6.464929859719469 4.153687374749514e-07 4.153687374749514e-07 4.153687374749514e-08
