0.049387755102041624 8.426610644257763e-06 2.823289315726225e-06 12.25930372148909 3.125382152861091e-07 3.125382152861091e-07 3.125382152861091e-08
0.10398559423769839 7.3225690276110966e-06 9.630252100840438e-07 7.781512605042243 5.582432973189042e-07 5.582432973189042e-07 5.5824329731890425e-08
0.11997599039616251 1.011724689875953e-06 3.606242496998783e-07 10.65066026410604 8.661840736294059e-07 8.661840736294059e-07 8.661840736294059e-08
0.1858103241296472 3.5225290116046643e-06 2.941896758703411e-06 4.108043217286921 6.726418567426654e-07 6.726418567426654e-07 6.726418567426654e-08
0.17824729891956428 2.4291716686674807e-06 6.992797118847575e-07 13.139655862345485 2.3699199679871959e-07 2.3699199679871959e-07 2.3699199679871958e-08
0.1556302521008401 5.202480992396947e-07 2.795198079231628e-06 7.345338135254302 3.136174469787861e-07 3.136174469787861e-07 3.136174469787861e-08
0.17082833133253056 5.862384953981633e-06 1.410924369747891e-06 11.406962785114489 2.326750700280113e-07 2.326750700280113e-07 2.326750700280113e-08
0.08943577430972653 1.018847539015609e-06 7.663865546218541e-07 11.458983593437821 7.366762705081669e-07 7.366762705081669e-07 7.366762705081669e-08
0.18141656662664665 2.6036814725890507e-06 2.626650660264048e-06 13.48379351740753 4.060716286514484e-07 4.060716286514484e-07 4.060716286514484e-08
0.11695078031212876 1.720448179271717e-06 3.144777911164387e-06 6.05682272909176 6.715626250499884e-07 6.715626250499884e-07 6.715626250499884e-08
0.06321728691476734 4.758343337334966e-06 7.164465786314566e-07 10.350540216086815 5.478107242896933e-07 5.478107242896933e-07 5.478107242896933e-08
0.15001200480192137 7.276270508203333e-06 2.483073229291665e-06 6.016806722689196 2.402360944377752e-08 2.402360944377752e-08 2.402360944377752e-09
0.1865306122448932 3.5652661064425998e-06 2.753061224489733e-06 5.032412965186136 7.719311724689486e-07 7.719311724689486e-07 7.719311724689487e-08
0.0761104441776731 6.342136854741894e-07 1.0504201680672335e-06 9.602240896358879 3.8808443377349853e-07 3.8808443377349853e-07 3.8808443377349854e-08
0.021728691476590633 6.282633053221332e-06 2.3441776710683813e-06 6.464985994397907 8.787751100439708e-07 8.787751100439708e-07 8.787751100439708e-08
0.15973589435774227 6.0084033613445795e-06 1.7433373349339519e-06 9.790316126450927 8.039483793516994e-07 8.039483793516994e-07 8.039483793516995e-08
0.09879951980792624 5.666506602641095e-06 3.068307322929096e-06 5.232492997198953 3.28726690676264e-07 3.28726690676264e-07 3.28726690676264e-08
0.14100840336134646 8.059783913565483e-06 3.739375750300017e-06 10.970788315326548 4.6794757903159593e-07 4.6794757903159593e-07 4.6794757903159595e-08
0.1858823529411718 5.167907162865181e-06 3.2852340936373705e-06 12.199279711885245 6.647274909963674e-07 6.647274909963674e-07 6.647274909963674e-08
0.1078751500600275 2.934893957583051e-06 2.754621848739433e-06 11.446978791517052 6.197595038014928e-07 6.197595038014928e-07 6.197595038014928e-08
0.14144057623049405 5.791156462585074e-06 2.9621848739495085e-06 8.345738295318387 5.86303321328506e-07 5.86303321328506e-07 5.86303321328506e-08
0.05334933973589535 5.584593837535052e-06 2.3067226890755857e-06 4.804321728691525 4.1182753101239235e-07 4.1182753101239235e-07 4.1182753101239234e-08
0.1753661464585803 7.695478191276518e-07 3.7097238895557205e-06 6.004801920768427 2.9095358143256926e-07 2.9095358143256926e-07 2.9095358143256927e-08
0.02259303721488595 6.3574229691877195e-06 9.208883553421464e-07 5.7727090836335595 4.5139935974388205e-07 4.5139935974388205e-07 4.5139935974388204e-08
0.07812725090036227 7.005602240896408e-06 1.8271308523409322e-07 5.308523409363824 3.1757462985193506e-07 3.1757462985193506e-07 3.17574629851935e-08
0.09397358943577716 5.773349339735934e-06 9.801920768307418e-07 4.248099239695893 6.614897959183365e-07 6.614897959183365e-07 6.614897959183364e-08
0.06292917166866889 2.852981192477008e-06 9.723889555822427e-07 6.400960384153805 6.625690276110135e-07 6.625690276110135e-07 6.625690276110135e-08
0.02936374549819926 1.008163265306125e-06 3.577070828331236e-06 9.686274509804262 3.8340776310523156e-07 3.8340776310523156e-07 3.834077631052316e-08
0.14504201680672402 8.095398159263763e-06 2.2739495798318896e-06 10.838735494198088 8.341668667466552e-07 8.341668667466552e-07 8.341668667466551e-08
0.15030012004801976 2.040976390556233e-06 1.513925570228079e-06 11.498999599840385 4.2693677470987024e-07 4.2693677470987024e-07 4.2693677470987024e-08
0.18415366146458143 1.0473389355742327e-06 2.540816326530558e-06 12.011204481793197 1.7187835134053628e-07 1.7187835134053628e-07 1.718783513405363e-08
0.13178871548619775 4.658623449379783e-06 1.0816326530612298e-06 10.130452180872716 4.999647859143467e-07 4.999647859143467e-07 4.999647859143467e-08
0.06192076830732431 4.188515406162492e-06 2.2661464585833905e-06 7.065226090436358 4.434849939975841e-07 4.434849939975841e-07 4.434849939975841e-08
0.06876350540216256 8.287715086034473e-06 3.806482593037109e-06 11.627050820328588 7.856014405761905e-07 7.856014405761905e-07 7.856014405761905e-08
0.19358943577430393 5.629851940776302e-07 2.7343337334933354e-06 4.41616646658666 2.740456182472964e-07 2.740456182472964e-07 2.740456182472964e-08
0.19423769507802532 7.4187274909964515e-06 1.5763505402160715e-06 11.342937174870388 4.6255142056821097e-07 4.6255142056821097e-07 4.62551420568211e-08
0.13164465786314855 5.459943977591074e-06 7.554621848739547e-07 6.0648259303722725 5.661576630652022e-07 5.661576630652022e-07 5.661576630652022e-08
0.07668667466987 7.161264505802324e-07 2.0726290516206133e-06 10.03841536614682 3.017458983593392e-07 3.017458983593392e-07 3.017458983593392e-08
0.14108043217287106 2.495798319327731e-07 1.665306122448961e-06 9.090036014406067 5.039219687874957e-07 5.039219687874957e-07 5.039219687874957e-08
0.19841536614645208 6.040456182473031e-06 9.817527010804416e-07 9.650260104041955 5.643589435774072e-07 5.643589435774072e-07 5.643589435774072e-08
0.1466986794717898 1.3963585434173727e-06 2.6890756302520407e-06 8.913965586234788 3.9671828731491446e-07 3.9671828731491446e-07 3.9671828731491444e-08
0.17867947178871188 2.6962785114045777e-06 1.6387755102040642e-06 9.618247298919904 4.5463705482191303e-07 4.5463705482191303e-07 4.5463705482191304e-08
0.11738295318127644 1.7667466986794805e-06 1.835414165666241e-06 5.180472188875621 3.132577030812271e-07 3.132577030812271e-07 3.132577030812271e-08
0.13459783913565712 2.037414965986405e-06 8.319327731092509e-07 4.152060824329741 1.1432573029211688e-08 1.1432573029211688e-08 1.143257302921169e-09
0.19517406962784511 3.558143257302944e-06 1.974309723889525e-06 6.629051620648417 2.2619967987194887e-07 2.2619967987194887e-07 2.2619967987194887e-08
0.19337334933973013 4.75122048819531e-06 2.8529411764705214e-06 6.705082032813287 3.517503001200398e-07 3.517503001200398e-07 3.517503001200398e-08
0.09843937575030318 1.5566226490596309e-06 1.3453781512604987e-06 13.239695878351894 7.20487795118012e-07 7.20487795118012e-07 7.20487795118012e-08
0.030156062424969966 1.2503401360544263e-06 3.5630252100839378e-06 13.583833533413939 8.978415366145977e-07 8.978415366145977e-07 8.978415366145977e-08
0.11198079231693045 2.9633853541416746e-06 2.330132052821083e-06 8.793917567027098 6.424233693477096e-07 6.424233693477096e-07 6.424233693477096e-08
0.18134453781512205 2.3721888755502334e-06 2.186074429771902e-07 6.276910764305859 1.312272909163666e-07 1.312272909163666e-07 1.312272909163666e-08
0.16016806722688987 8.775630252100903e-06 1.6731092436974601e-06 6.01280512204894 4.877334933973408e-07 4.877334933973408e-07 4.877334933973408e-08
0.05111644657863234 1.0330932372949208e-06 3.569267707082737e-06 8.701880752301202 6.913485394157332e-07 6.913485394157332e-07 6.913485394157332e-08
0.06797118847539181 3.283913565426191e-06 3.101080432172792e-06 8.917967186875044 8.334473789515372e-07 8.334473789515372e-07 8.334473789515372e-08
0.09332533013205564 6.218527410964429e-06 2.1319327731092063e-06 10.450580232093223 5.219091636654455e-07 5.219091636654455e-07 5.2190916366544555e-08
0.18912364945977878 3.458423369347761e-06 3.670708283313225e-06 8.84593837535043 4.9565426170468204e-08 4.9565426170468204e-08 4.95654261704682e-09
0.10549819927971527 1.6919567827130933e-06 1.453061224489786e-06 12.971588635454719 8.410020008002761e-07 8.410020008002761e-07 8.410020008002761e-08
0.07733493397359152 1.7489395758303407e-06 2.390996398559376e-06 9.070028011204785 7.683337334933587e-07 7.683337334933587e-07 7.683337334933587e-08
0.15253301320528234 8.24141656662671e-06 6.665066026410591e-07 7.20528211284533 5.032024809923777e-07 5.032024809923777e-07 5.032024809923777e-08
0.17183673469387495 1.966186474589846e-06 3.197839135654181e-06 13.807923169268294 2.6253381352540847e-07 2.6253381352540847e-07 2.6253381352540846e-08
0.17133253301320275 3.2198079231692877e-06 2.857142857142846e-07 11.851140456182943 7.492673069227318e-07 7.492673069227318e-07 7.492673069227318e-08
0.054861944777912224 4.918607442977224e-06 3.1432172869146872e-06 6.821128451380721 4.2226010404160327e-07 4.2226010404160327e-07 4.222601040416033e-08
0.10693877551020753 4.042496998799546e-06 1.6418967587034638e-06 6.929171668667642 8.830920368146788e-07 8.830920368146788e-07 8.830920368146789e-08
0.1474189675870358 7.924449779912021e-06 3.4569027611043503e-06 13.339735894358302 8.100640256102024e-07 8.100640256102024e-07 8.100640256102024e-08
0.09923169267707392 6.368107242897203e-06 3.330492196878665e-06 6.985194077631231 6.255154061624367e-07 6.255154061624367e-07 6.255154061624367e-08
0.16268907563025084 8.76494597839142e-06 1.6559423769507622e-06 9.266106442577346 7.550232092836758e-07 7.550232092836758e-07 7.550232092836757e-08
0.17363745498198993 1.545938375350147e-06 3.2758703481391716e-06 9.214085634254014 7.007082833133256e-08 7.007082833133256e-08 7.007082833133256e-09
0.0443457382953187 8.65810324129658e-06 2.882593037214818e-06 7.089235694277896 4.1038855542215636e-07 4.1038855542215636e-07 4.103885554221564e-08
0.039807923169268074 4.94353741496602e-06 1.3063625450180033e-06 7.877551020408395 1.0532573029211689e-07 1.0532573029211689e-07 1.0532573029211688e-08
0.11298919567827503 4.911484593837568e-06 3.6316926770707297e-06 9.114045618247605 5.201104441776505e-07 5.201104441776505e-07 5.2011044417765056e-08
0.16412965186074283 2.673869547819126e-07 1.8583433373349296e-07 11.090836334534238 2.574973989595825e-07 2.574973989595825e-07 2.574973989595825e-08
0.16902761104441558 7.303721488595443e-07 2.739015606242435e-06 13.819927971189063 4.6399039615844696e-07 4.6399039615844696e-07 4.6399039615844694e-08
0.09109243697479263 1.8237294917967278e-06 2.4019207683072745e-06 11.651060424170126 8.892076830731818e-07 8.892076830731818e-07 8.892076830731818e-08
0.11162064825930738 5.912244897959225e-06 3.2665066026409727e-06 8.381752701080694 4.3629011604640417e-07 4.3629011604640417e-07 4.3629011604640414e-08
0.12170468187275323 4.131532613045245e-06 2.1662665066026023e-06 6.2168867547020135 7.136526610643911e-07 7.136526610643911e-07 7.13652661064391e-08
0.07157262905162247 3.5759503801520836e-06 1.0363745498199351e-06 12.323329331733191 1.4094037615046024e-07 1.4094037615046024e-07 1.4094037615046024e-08
0.07085234093637634 8.009923969587892e-06 3.6160864345737315e-06 8.417767106843002 1.9382272909163673e-07 1.9382272909163673e-07 1.9382272909163673e-08
0.1463385354141668 1.8379751900760396e-06 3.7861944777910115e-06 13.667867146859322 4.963673469387567e-07 4.963673469387567e-07 4.963673469387567e-08
0.038007202881152745 1.275270108043222e-06 3.2743097238894718e-06 12.027210884354222 3.5570748299318877e-07 3.5570748299318877e-07 3.557074829931888e-08
0.0815846338535437 2.6143657462985346e-06 3.450660264105551e-06 13.53981592637112 1.1827651060424174e-07 1.1827651060424174e-07 1.1827651060424174e-08
0.021080432172869146 6.952180872348989e-06 2.6157262905161493e-06 12.235294117647552 8.273317326930342e-07 8.273317326930342e-07 8.273317326930343e-08
0.09022809123649728 4.266866746698707e-06 2.7842737094837295e-06 11.76710684273756 1.934629851940777e-07 1.934629851940777e-07 1.9346298519407772e-08
0.11212484993997968 6.0938775510204505e-06 3.3975990396157573e-06 6.360944377751242 2.974289715886312e-07 2.974289715886312e-07 2.974289715886312e-08
0.16938775510203857 4.2561824729892235e-06 5.68187274909964e-07 8.477791116446847 2.959899959983952e-07 2.959899959983952e-07 2.9598999599839523e-08
0.18076830732292526 2.7318927571028573e-06 3.4225690276109543e-06 10.99079631852783 8.953233293316847e-07 8.953233293316847e-07 8.953233293316847e-08
0.028139255702280895 2.0196078431372654e-06 2.7140456182472378e-06 9.498199279712214 6.355882352940887e-07 6.355882352940887e-07 6.355882352940887e-08
0.11680672268907953 6.28619447779116e-06 3.093277310924293e-06 4.668267306922809 8.438799519807481e-07 8.438799519807481e-07 8.438799519807481e-08
0.07675870348139462 4.263305322128879e-06 2.712484993997538e-06 12.723489395758826 3.629023609443687e-07 3.629023609443687e-07 3.629023609443687e-08
0.1973349339735831 6.239895958383397e-06 4.667466986794694e-07 8.349739895958644 8.071860744297304e-07 8.071860744297304e-07 8.071860744297303e-08
0.04297719087635105 4.882993197278944e-06 3.7190876350539194e-06 13.119647859144203 2.2584633853541425e-08 2.2584633853541425e-08 2.2584633853541427e-09
0.07654261704682078 2.1905562224890074e-06 1.3999999999999923e-06 10.24649859944015 2.053345338135255e-07 2.053345338135255e-07 2.0533453381352548e-08
0.1379111644657887 2.7105242096838895e-06 3.7112845138054203e-06 12.687474989996518 8.420812324929531e-07 8.420812324929531e-07 8.420812324929531e-08
0.18861944777910658 2.5431372549019754e-06 3.8845138055221e-06 8.305722288915824 1.3554421768707488e-07 1.3554421768707488e-07 1.3554421768707488e-08
0.11010804321729051 8.697278911564688e-06 1.780312124849936e-07 5.660664265706382 1.7943297318927578e-07 1.7943297318927578e-07 1.7943297318927578e-08
0.10009603841536928 2.917086834733911e-06 3.960984393757391e-06 7.425370148059429 4.4024729891955314e-07 4.4024729891955314e-07 4.4024729891955315e-08
0.1232172869147701 6.029771908763547e-06 2.794717887154851e-07 12.851540616247028 6.161620648259028e-07 6.161620648259028e-07 6.161620648259028e-08
0.08950780312125114 4.6942376950780625e-06 1.709003601440556e-06 7.245298119247893 1.0388675470188079e-07 1.0388675470188079e-07 1.0388675470188079e-08
0.19891956782712428 2.8173669467787283e-06 2.7093637454981383e-06 5.84873949579843 2.5210124049619755e-07 2.5210124049619755e-07 2.5210124049619754e-08
0.16917166866746478 5.776910764305762e-06 2.387875150059976e-06 12.983593437375488 7.650960384153277e-07 7.650960384153277e-07 7.650960384153277e-08
0.19373349339735313 1.364305722288921e-06 2.0351740696278177e-06 6.75710284113662 8.489163665465741e-07 8.489163665465741e-07 8.489163665465741e-08
0.104057623049223 3.0452981192477177e-06 3.8283313325329065e-06 10.598639455782708 6.352284913965297e-07 6.352284913965297e-07 6.352284913965297e-08
0.15930372148859467 3.839495798319352e-06 3.179111644657783e-06 11.43897559023654 5.208363345338137e-08 5.208363345338137e-08 5.208363345338137e-09
0.038439375750300424 5.787595038015246e-06 1.5264105642256774e-06 13.827931172469576 5.675966386554382e-07 5.675966386554382e-07 5.6759663865543815e-08
0.035702280912365124 7.268107242897163e-07 3.826770708283207e-06 12.7074829931978 2.100112044817928e-07 2.100112044817928e-07 2.100112044817928e-08
0.09555822328931865 4.861624649859977e-06 3.417887154861855e-06 9.35014005602273 4.859347739095458e-07 4.859347739095458e-07 4.859347739095458e-08
0.08806722689075888 4.088795518207309e-06 1.1830732292917179e-06 8.077631052421212 6.003333333333069e-07 6.003333333333069e-07 6.003333333333069e-08
0.19301320528210714 3.3159663865546426e-06 3.8876350540214996e-06 10.626650660264502 4.150652260904233e-07 4.150652260904233e-07 4.1506522609042334e-08
0.027995198079231676 6.471388555422214e-06 3.5505402160863393e-06 5.724689875950483 5.891876750700282e-08 5.891876750700282e-08 5.891876750700282e-09
0.08713085234093891 8.159503801520666e-06 1.852581032412939e-06 6.869147659063797 1.6396398559423776e-07 1.6396398559423776e-07 1.6396398559423775e-08
0.0783433373349361 4.822448979591869e-06 6.68067226890759e-07 4.8483393357343445 7.737298919567436e-07 7.737298919567436e-07 7.737298919567437e-08
0.06206482593037354 5.406522609043654e-06 2.5782713085233538e-06 13.57182873149317 5.452925170067803e-07 5.452925170067803e-07 5.452925170067804e-08
0.07322929171668857 6.549739895958429e-06 2.2489795918366925e-06 4.588235294117682 5.95296918767481e-07 5.95296918767481e-07 5.9529691876748096e-08
0.1972629051620585 3.095158063225309e-06 1.7464585834333515e-06 8.181672669067877 1.9849939975990404e-07 1.9849939975990404e-07 1.9849939975990404e-08
0.1562064825930369 8.722208883553484e-06 3.890756302520899e-06 4.564225690276144 4.794593837534838e-07 4.794593837534838e-07 4.794593837534838e-08
0.09563025210084326 8.601120448179333e-06 1.0769507803121304e-06 9.810324129652209 4.470824329731741e-07 4.470824329731741e-07 4.4708243297317406e-08
0.19445378151259912 3.3861544617847074e-07 4.6518607442976953e-07 12.251300520208577 8.460384153661021e-07 8.460384153661021e-07 8.460384153661021e-08
0.05687875150060139 2.2048019207683193e-06 1.8026410564225449e-06 4.188075230092048 6.471000400159766e-07 6.471000400159766e-07 6.471000400159765e-08
0.09930372148859853 8.46578631452587e-06 2.6641056422568436e-06 9.02200880352171 5.93498199279686e-07 5.93498199279686e-07 5.93498199279686e-08
0.16521008403361181 3.273229291716707e-06 7.851140456182532e-07 5.9487795118048385 2.456258503401356e-07 2.456258503401356e-07 2.456258503401356e-08
0.08561824729892203 6.870268107242946e-06 2.653181272508945e-06 7.121248499399947 6.992629051620312e-07 6.992629051620312e-07 6.992629051620311e-08
0.10110444177671386 7.083953581432623e-06 1.6465786314525633e-06 4.884353741496652 5.769499799919721e-07 5.769499799919721e-07 5.769499799919721e-08
0.12228091236495013 7.486394557823183e-06 2.362905162064779e-06 13.98799519807983 8.51434573829487e-07 8.51434573829487e-07 8.51434573829487e-08
0.07459783913565622 1.0722689075630284e-06 3.8704681872748016e-06 6.689075630252262 7.755286114445386e-07 7.755286114445386e-07 7.755286114445386e-08
0.08511404561824974 4.590956382553052e-06 2.3831932773108767e-06 11.466986794718334 4.54996798719472e-07 4.54996798719472e-07 4.54996798719472e-08
0.0333973589435775 6.6280912364946445e-06 1.2548619447779094e-06 9.202080832333245 8.068263305321714e-07 8.068263305321714e-07 8.068263305321714e-08
0.02201680672268907 5.6415766306523e-06 2.0944777911164107e-06 9.330132052821448 2.7261304521808734e-08 2.7261304521808734e-08 2.7261304521808734e-09
0.03397358943577441 8.074029611844795e-06 2.5049219687874624e-06 7.4573829531814795 7.330852340936377e-08 7.330852340936377e-08 7.330852340936377e-09
0.06098439375750434 4.302480992396987e-06 2.475270108043166e-06 4.360144057623071 8.194237695078034e-08 8.194237695078034e-08 8.194237695078034e-09
0.12242496998799936 3.465546218487417e-06 3.358583433373262e-06 13.203681472589587 4.308939575830192e-07 4.308939575830192e-07 4.308939575830192e-08
0.1755102040816295 3.742296918767498e-07 1.2454981992797105e-06 10.714685874350142 2.1505402160864354e-08 2.1505402160864354e-08 2.1505402160864353e-09
0.08900360144057885 5.826770708283354e-06 3.6691476590635253e-06 11.779111644658329 8.097042817126434e-07 8.097042817126434e-07 8.097042817126434e-08
0.1765186074429739 5.950380152060818e-07 2.0382953181272174e-06 13.2116846738701 1.5749499799919973e-08 1.5749499799919973e-08 1.5749499799919974e-09
0.16009603841536527 8.985754301720753e-06 3.9469387755100926e-06 7.573429371748913 8.032288915565814e-07 8.032288915565814e-07 8.032288915565814e-08
0.09721488595438475 9.2981192476991e-07 3.3710684273708604e-06 5.488595438175359 2.603753501400545e-07 2.603753501400545e-07 2.603753501400545e-08
0.020864345738295317 6.154421768707526e-06 8.990396158463475e-07 5.7607042817127905 9.381392557022813e-08 9.381392557022813e-08 9.381392557022813e-09
0.0266986794717887 7.717887154862e-06 3.842376950780205e-06 4.692276910764347 3.6254901960784325e-08 3.6254901960784325e-08 3.6254901960784324e-09
0.06552220888355496 5.709243697479031e-06 4.963985594237676e-07 9.002000800320427 4.449239695878201e-07 4.449239695878201e-07 4.449239695878201e-08
0.19927971188474727 8.665226090436236e-06 1.6793517406962594e-06 13.783913565426756 2.3879071628651465e-07 2.3879071628651465e-07 2.3879071628651466e-08
0.166074429771907 3.4975990396158685e-06 2.8623049219687203e-06 6.657062825130211 1.9706682673069235e-08 1.9706682673069235e-08 1.9706682673069234e-09
0.1762304921968755 1.549499799919975e-06 3.20564225690268e-06 4.352140856342558 1.859083633453382e-07 1.859083633453382e-07 1.859083633453382e-08
0.15505402160864332 1.9376950780312223e-06 8.132052821128518e-07 7.9135654261707025 3.24769507803115e-07 3.24769507803115e-07 3.24769507803115e-08
0.18840336134453278 4.712044817927202e-06 3.622328931572531e-06 11.787114845938842 1.3050780312124855e-07 1.3050780312124855e-07 1.3050780312124855e-08
0.08677070828331584 2.638255302120847e-07 3.0402160864344994e-06 10.746698679472193 6.294725890355857e-07 6.294725890355857e-07 6.294725890355858e-08
0.02957983193277309 1.8308523409363837e-06 1.1955582232893164e-06 7.7735094037617305 2.3303481392557032e-07 2.3303481392557032e-07 2.3303481392557034e-08
0.11255702280912736 1.6171668667467062e-06 1.8385354141656407e-06 13.971988795518804 7.438775510204084e-08 7.438775510204084e-08 7.438775510204084e-09
0.09987995198079544 1.3561424569827933e-07 8.803121248499484e-07 10.954781912765522 7.884793917566625e-07 7.884793917566625e-07 7.884793917566625e-08
0.028643457382953163 5.053941576630686e-06 1.42028811524609e-06 9.694277711084775 6.999823929571492e-07 6.999823929571492e-07 6.999823929571492e-08
0.13265306122449294 8.44337735094039e-07 1.6715486194477603e-06 13.643857543017784 5.510484193677243e-07 5.510484193677243e-07 5.510484193677243e-08
0.023817527010804314 5.687875150060063e-06 1.936374549819923e-07 9.598239295718622 4.481616646658511e-07 4.481616646658511e-07 4.481616646658511e-08
0.14115246098439566 8.052661064425827e-06 3.7019207683072214e-06 4.620248099239733 2.441868747498996e-07 2.441868747498996e-07 2.4418687474989962e-08
0.021584633853541414 3.5688275310124277e-06 8.974789915966476e-07 6.236894757903295 5.424145658263084e-07 5.424145658263084e-07 5.4241456582630834e-08
0.11522208883553804 3.0524209683873736e-06 4.152460984393737e-07 8.253701480592492 8.554621848739498e-09 8.554621848739498e-09 8.554621848739498e-10
0.14129651860744485 6.457142857142902e-06 7.055222088835572e-07 12.611444577831648 1.0352701080432177e-07 1.0352701080432177e-07 1.0352701080432177e-08
0.13330132052821433 1.8700280112044913e-06 1.818247298919543e-06 5.652661064425869 2.6182072829131663e-08 2.6182072829131663e-08 2.6182072829131664e-09
0.15879951980792248 1.53421368547419e-07 1.4343337334933883e-06 4.0640256102441015 1.1503881552621053e-07 1.1503881552621053e-07 1.1503881552621054e-08
0.13855942376951008 4.099479791916793e-06 3.0807923169266946e-06 4.560224089635888 4.798191276510428e-07 4.798191276510428e-07 4.7981912765104285e-08
0.19971188475389487 5.021888755502235e-06 2.331692677070783e-06 7.277310924369944 3.9779751900759146e-07 3.9779751900759146e-07 3.977975190075915e-08
0.0920288115246126 1.3393757503001253e-06 3.1494597839134865e-06 9.430172068827856 6.373869547818837e-07 6.373869547818837e-07 6.373869547818837e-08
0.06631452581032571 8.57262905162071e-06 1.206482593037215e-06 9.366146458583755 5.690356142456742e-07 5.690356142456742e-07 5.690356142456742e-08
0.10535414165666604 4.993397358943611e-06 5.947178871548627e-07 13.675870348139835 7.733701480591846e-07 7.733701480591846e-07 7.733701480591847e-08
0.16060024009603746 8.158463385354153e-07 2.679711884753842e-06 10.430572228891942 6.035774309723892e-08 6.035774309723892e-08 6.035774309723891e-09
0.13819927971188709 2.2867146858743623e-06 2.2989195678270867e-06 6.905162064826104 4.5931372549018e-07 4.5931372549018e-07 4.5931372549018e-08
0.11090036014406125 1.891396558623459e-06 9.115246098439469e-07 10.042416966787076 5.114765906362346e-07 5.114765906362346e-07 5.114765906362346e-08
0.04996398559423853 2.5502601040416313e-06 7.89795918367353e-07 10.358543417367327 2.6397278911564446e-07 2.6397278911564446e-07 2.6397278911564447e-08
0.023313325330132046 6.909443777511053e-06 3.425690276110354e-06 4.796318527411012 5.794681872748851e-07 5.794681872748851e-07 5.794681872748851e-08
0.08100840336134679 1.4925170068027276e-06 3.3851140456181587e-06 9.946378551420924 6.909887955181743e-07 6.909887955181743e-07 6.909887955181743e-08
0.18084033613444986 3.123649459783933e-06 1.556062424969974e-06 12.551420568227803 4.0212084833933586e-08 4.0212084833933586e-08 4.021208483393359e-09
0.10038415366146773 8.383873549419828e-06 4.761104441776686e-07 6.456982793117394 7.388347338935209e-07 7.388347338935209e-07 7.388347338935208e-08
0.11630252100840724 3.921408563425395e-06 2.4534213685473685e-06 12.603441376551135 3.546282513005118e-07 3.546282513005118e-07 3.546282513005118e-08
0.15411764705882353 6.702881152461032e-06 3.4288115246097536e-06 10.922769107643472 1.6109243697478997e-08 1.6109243697478997e-08 1.6109243697478996e-09
0.06091236494597973 6.677951180472236e-06 1.5342136854741765e-06 8.269707883153517 4.071508603441254e-07 4.071508603441254e-07 4.071508603441254e-08
0.15829531812725028 1.9234493797519105e-06 2.0133253301320203e-06 13.351740696279071 5.5321328531412584e-08 5.5321328531412584e-08 5.5321328531412586e-09
0.11601440576230879 8.957262905162129e-06 1.4842737094837824e-06 10.942777110844753 4.988855542216697e-07 4.988855542216697e-07 4.988855542216697e-08
0.026410564225690263 3.034613845538234e-06 1.810444177671044e-06 7.581432573029426 5.100376150459986e-07 5.100376150459986e-07 5.100376150459986e-08
0.15440576230492192 1.4284113645458243e-06 3.925090036014295e-06 6.052821128451503 3.661464585834335e-08 3.661464585834335e-08 3.661464585834335e-09
0.06545018007203035 2.927771108443395e-06 1.8229291716686425e-06 6.677070828331493 1.6684193677470995e-07 1.6684193677470995e-07 1.6684193677470994e-08
0.0651620648259319 8.608243297318989e-06 1.657503001200462e-06 5.964785914365864 1.2691036414565831e-07 1.2691036414565831e-07 1.2691036414565831e-08
0.07819927971188688 5.705682272909203e-06 1.2283313325330125e-06 12.811524609844465 1.765550220088036e-07 1.765550220088036e-07 1.7655502200880358e-08
0.16067226890756206 4.1707082833133524e-06 1.955582232893127e-06 10.33453381352579 5.168727490996196e-07 5.168727490996196e-07 5.1687274909961956e-08
0.1777430972388921 3.5795118047219116e-06 3.6842737094837765e-07 8.30972388955608 1.7691476590636262e-07 1.7691476590636262e-07 1.769147659063626e-08
0.12458583433373775 1.1424569827931173e-07 3.5750300120047856e-07 10.470588235294505 1.4417807122849145e-07 1.4417807122849145e-07 1.4417807122849146e-08
0.1361824729891983 4.968467386954815e-06 1.615366146458567e-06 9.7102841136458 4.949283713485207e-07 4.949283713485207e-07 4.9492837134852075e-08
0.1956062424969927 7.018807523009206e-07 3.681632653061124e-06 13.523809523810094 5.650784313725252e-07 5.650784313725252e-07 5.650784313725252e-08
0.08799519807923427 8.478991596638669e-07 2.890396158463317e-06 12.539415766307034 2.222424969987996e-07 2.222424969987996e-07 2.2224249699879962e-08
0.18444177671067982 5.246258503401396e-06 1.3672268907562962e-06 13.671868747499579 5.9565666266504e-07 5.9565666266504e-07 5.9565666266504e-08
0.16088835534213586 8.32689075630258e-06 2.9731092436974073e-06 7.517406962785325 2.4166866746698663e-07 2.4166866746698663e-07 2.4166866746698663e-08
0.037070828331332774 9.013205282112863e-07 1.598199279711869e-06 8.48579431772736 4.6578911564624194e-07 4.6578911564624194e-07 4.657891156462419e-08
0.058103241296519816 1.4747098839535878e-06 2.6734693877550425e-06 13.263705482193432 6.265946378551137e-07 6.265946378551137e-07 6.265946378551137e-08
0.09008403361344805 8.964385754301785e-06 1.6086434573829505e-07 8.285714285714542 2.970692276910722e-07 2.970692276910722e-07 2.970692276910722e-08
0.05298919567827228 6.7990396158463865e-06 8.943577430972477e-07 4.264105642256919 4.5175910364144105e-07 4.5175910364144105e-07 4.517591036414411e-08
0.11262905162065197 3.814565826330557e-06 3.5146458583432435e-06 11.454981992797565 6.233569427770828e-07 6.233569427770828e-07 6.233569427770827e-08
0.1258823529411806 9.547418967587057e-07 1.4686674669867842e-06 8.261704681873004 5.96735894357717e-07 5.96735894357717e-07 5.967358943577169e-08
0.18069627851140066 7.130252100840387e-06 2.1490996398559043e-06 11.899159663866019 2.373517406962786e-07 2.373517406962786e-07 2.373517406962786e-08
0.1766626650660231 8.967947178871613e-06 1.1034813925570272e-06 13.891956782713677 4.942088835534027e-07 4.942088835534027e-07 4.9420888355340274e-08
0.1959663865546157 5.616646658663504e-06 2.1038415366146096e-06 7.893557422969421 3.812492997198776e-07 3.812492997198776e-07 3.8124929971987757e-08
0.08064825930372373 3.013245298119266e-06 2.6469387755101457e-06 7.237294917967381 5.211896758703275e-07 5.211896758703275e-07 5.2118967587032754e-08
0.0958463385354171 8.212925170068086e-06 1.1893157262905171e-06 12.63145258103293 1.6432372949179678e-07 1.6432372949179678e-07 1.643237294917968e-08
0.021152460984393755 3.632933173269331e-06 3.765906362544914e-06 8.797919167667354 2.610948379351725e-07 2.610948379351725e-07 2.6109483793517248e-08
0.12847539015606618 4.530412164865976e-06 3.864225690276002e-06 6.681072428971749 3.657803121248407e-07 3.657803121248407e-07 3.657803121248407e-08
0.12509003601441002 9.761104441776735e-07 5.588235294117645e-07 9.54621848739529 4.294549819927832e-07 4.294549819927832e-07 4.294549819927832e-08
0.07891956782713301 1.1328131252501037e-06 1.785474189675847e-06 9.758303321328876 3.9635854341735547e-07 3.9635854341735547e-07 3.9635854341735547e-08
0.10881152460984747 6.553301320528257e-06 1.4920768307322815e-06 8.76990796318556 4.165106042416968e-08 4.165106042416968e-08 4.1651060424169684e-09
0.08223289315726522 4.355902360944406e-06 2.543937575029958e-06 4.688275310124091 1.6720168067226897e-07 1.6720168067226897e-07 1.6720168067226898e-08
0.05997599039615976 7.269147659063677e-06 1.7792316926770477e-06 9.398159263705805 4.1434573829530533e-07 4.1434573829530533e-07 4.143457382953053e-08
0.04679471788715555 8.875350140056086e-06 2.406602641056374e-06 7.209283713485586 8.712204881952319e-07 8.712204881952319e-07 8.712204881952319e-08
0.046218487394958645 1.9982392957182976e-06 2.2172869147658995e-07 11.242897158863979 5.078791516606446e-07 5.078791516606446e-07 5.078791516606446e-08
0.12235294117647474 6.065386154461827e-06 1.1066026410564269e-06 12.00720288115294 1.7439655862344945e-07 1.7439655862344945e-07 1.7439655862344946e-08
0.1659303721488578 3.5866346538615675e-06 9.037214885954473e-07 4.720288115246142 3.265746298519409e-08 3.265746298519409e-08 3.2657462985194086e-09
0.05277310924369844 4.7761504601841056e-06 2.169387755102002e-06 11.346938775510644 4.460032012804971e-07 4.460032012804971e-07 4.460032012804971e-08
0.16391356542616903 3.002561024409782e-06 7.258103241296562e-07 6.128851540616374 2.7620408163265037e-07 2.7620408163265037e-07 2.7620408163265038e-08
0.11759903961585028 4.619447779111675e-06 3.655102040816227e-06 7.181272509003792 2.826794717887123e-07 2.826794717887123e-07 2.826794717887123e-08
0.09541416566626942 1.7631852741096525e-06 1.0936374549819929e-07 11.002801120448598 8.726594637854679e-07 8.726594637854679e-07 8.726594637854679e-08
0.1654261704681856 7.514885954381806e-06 2.5548619447778565e-06 6.581032412965341 2.7836254501800435e-07 2.7836254501800435e-07 2.7836254501800437e-08
0.15260504201680694 6.054701880752343e-06 4.729891956782689e-07 10.77070828331373 5.075194077630856e-07 5.075194077630856e-07 5.0751940776308566e-08
0.1563505402160861 2.300960384153674e-06 5.104441776710669e-07 4.944377751100497 7.776870748298926e-07 7.776870748298926e-07 7.776870748298926e-08
0.0640816326530627 8.740016006402624e-06 2.7858343337334293e-06 9.454181672669394 1.826770708283314e-08 1.826770708283314e-08 1.826770708283314e-09
0.021656662665066023 6.115246098439418e-06 1.7495798319327511e-06 5.9007603041217624 7.25524209683838e-07 7.25524209683838e-07 7.25524209683838e-08
0.14374549819928123 4.003321328531438e-06 4.105642256902741e-07 8.873949579832225 4.5319807923167704e-07 4.5319807923167704e-07 4.53198079231677e-08
0.0498199279711893 8.123889555822387e-06 1.7230492196878543e-06 4.436174469787941 8.104237695077614e-07 8.104237695077614e-07 8.104237695077613e-08
0.1870348139255654 3.19843937575032e-06 3.389795918367258e-06 6.949179671868924 2.6469227691076246e-07 2.6469227691076246e-07 2.6469227691076245e-08
0.031092436974789892 4.655062024809955e-06 1.9675870348139204e-07 7.037214885954564 8.136614645857923e-07 8.136614645857923e-07 8.136614645857923e-08
0.043913565426171024 8.237855142056881e-06 3.4912364945977462e-06 11.915166066427044 7.798519407763108e-08 7.798519407763108e-08 7.798519407763108e-09
0.028859543817526992 1.8415366146458676e-06 2.0476590636254162e-06 8.32172869147685 7.812845138054826e-07 7.812845138054826e-07 7.812845138054826e-08
0.19812725090035369 2.062344937975201e-06 1.6980792316926572e-06 7.833533413365576 6.859523809523483e-07 6.859523809523483e-07 6.859523809523483e-08
0.1853781512604996 4.448499399759933e-06 1.0394957983193348e-06 6.1008403361345795 9.417366946778715e-08 9.417366946778715e-08 9.417366946778715e-09
0.07985594237695298 6.86314525810329e-06 1.5435774309723754e-06 8.841936774710174 4.992452981192287e-07 4.992452981192287e-07 4.9924529811922867e-08
0.02900360144057621 8.796998799519871e-06 1.7058823529411563e-06 6.981192476990975 5.204701880752095e-07 5.204701880752095e-07 5.204701880752095e-08
0.03382953181272518 3.098719487795137e-06 2.295318127250893e-07 10.36654661864784 5.751512605041771e-07 5.751512605041771e-07 5.7515126050417713e-08
0.07114045618247479 8.034853941576688e-06 3.737815126050317e-06 4.036014405762307 7.575414165665887e-07 7.575414165665887e-07 7.575414165665888e-08
0.11954381752701483 6.49631852741101e-06 5.697478991596639e-07 6.525010004001752 2.1504761904761914e-07 2.1504761904761914e-07 2.1504761904761915e-08
0.17140456182472735 4.0984393757502887e-07 6.321728691476608e-07 5.336534613845618 6.866718687474663e-07 6.866718687474663e-07 6.866718687474662e-08
0.1271788715486234 5.962104841936816e-06 1.6965186074429574e-06 4.300120048019226 7.463893557422598e-07 7.463893557422598e-07 7.463893557422599e-08
0.13106842737095176 2.5217687074830077e-06 1.0223289315726368e-06 13.787915166067013 8.147406962784693e-07 8.147406962784693e-07 8.147406962784694e-08
0.1051380552220922 6.631652661064472e-06 4.35534213685472e-07 10.294517807123226 7.845222088835135e-07 7.845222088835135e-07 7.845222088835136e-08
0.13027611044418116 1.2182873149259747e-06 1.5030012004801802e-06 6.7210884353743126 5.783953581432575e-08 5.783953581432575e-08 5.783953581432575e-09
0.051692677070829245 4.224129651860772e-06 3.559423769507787e-07 11.254901960784748 2.7908203281312235e-07 2.7908203281312235e-07 2.7908203281312234e-08
0.15908763505402088 5.5667867146859125e-06 2.085114045618212e-06 4.128051220488203 7.453101240495828e-07 7.453101240495828e-07 7.453101240495828e-08
0.10088835534214002 6.7064425770308596e-06 3.3086434573828677e-06 5.224489795918441 6.953057222888822e-07 6.953057222888822e-07 6.953057222888822e-08
0.19870348139255048 8.269907963185333e-06 1.606002400960368e-06 11.827130852341405 7.122136854741551e-07 7.122136854741551e-07 7.122136854741551e-08
0.028067226890756285 1.724009603841545e-06 2.3733493397358864e-07 5.408563425370232 8.251732693076802e-07 8.251732693076802e-07 8.251732693076802e-08
0.13452581032413252 4.184953981592664e-06 1.5930372148859518e-07 9.890356142457335 3.420372148859469e-07 3.420372148859469e-07 3.420372148859469e-08
0.11054021608643819 3.5011604641856965e-06 2.4206482593036723e-06 7.24929971988815 2.859171668667433e-07 2.859171668667433e-07 2.8591716686674328e-08
0.04549819927971251 4.3452180872349225e-06 1.8666266506602374e-06 6.5450180072030335 3.380800320127979e-07 3.380800320127979e-07 3.380800320127979e-08
0.07423769507803316 3.643617446978815e-06 1.8837935174069353e-06 8.993997599039915 4.5032012805120506e-07 4.5032012805120506e-07 4.5032012805120506e-08
0.15217286914765935 6.656582633053268e-06 3.867346938775402e-06 12.767507002801645 5.424209683873551e-08 5.424209683873551e-08 5.424209683873552e-09
0.15231692677070854 3.4299319727891373e-06 3.339855942376864e-06 7.805522208883781 1.2403241296518612e-07 1.2403241296518612e-07 1.2403241296518613e-08
0.03656662665066048 7.678711484593892e-06 2.5142857142856613e-06 7.381352541016609 7.30200880352105e-07 7.30200880352105e-07 7.30200880352105e-08
0.05666266506602755 3.5118447378951804e-06 3.926650660263995e-06 11.979191676671146 7.043057222889158e-08 7.043057222889158e-08 7.0430572228891586e-09
0.15339735894357753 6.250580232092881e-06 2.5642256902760554e-06 10.830732292917576 9.992957182873153e-08 9.992957182873153e-08 9.992957182873153e-09
0.08028811524610066 7.624249699879959e-07 6.789915966386585e-07 5.416566626650745 3.895234093637345e-07 3.895234093637345e-07 3.895234093637345e-08
0.040096038415366526 1.6990796318527492e-06 5.198079231692664e-07 6.537014805922521 4.837763105241918e-07 4.837763105241918e-07 4.837763105241918e-08
0.09080432172869418 4.843817527010837e-06 1.7558223289315504e-06 11.182873149260134 6.251620648259306e-08 6.251620648259306e-08 6.251620648259306e-09
0.11558223289316111 5.534733893557461e-06 1.275150060024007e-06 8.81392557022838 2.0173709483793526e-07 2.0173709483793526e-07 2.0173709483793524e-08
0.0244657863145258 7.294077631052473e-06 2.09915966386551e-06 4.004001600640256 1.7583553421368555e-07 1.7583553421368555e-07 1.7583553421368554e-08
0.16492196878751342 7.82116846738701e-06 2.634453781512547e-06 9.998399359744257 7.395542216886389e-07 7.395542216886389e-07 7.395542216886389e-08
0.18869147659063118 2.2724689875950505e-06 2.9122448979591144e-06 12.599439775910879 2.9275230092036425e-07 2.9275230092036425e-07 2.9275230092036426e-08
0.08072028811524834 2.1015206082433084e-06 2.2084033613444973e-06 11.739095638255765 3.787310924369646e-07 3.787310924369646e-07 3.787310924369646e-08
0.14158463385354325 5.309323729491785e-07 3.272749099639772e-06 13.463785514206249 3.2908643457382297e-07 3.2908643457382297e-07 3.2908643457382296e-08
0.10319327731092764 5.947859143657504e-06 9.08403361344547e-07 11.639055622249357 4.7622168867545287e-07 4.7622168867545287e-07 4.762216886754529e-08
0.17169267707082575 7.2335334133653976e-06 9.926770708283403e-07 11.579031612645512 8.122224889955563e-07 8.122224889955563e-07 8.122224889955563e-08
0.08857142857143117 3.971268507402987e-06 3.0756302521008275e-07 6.5210084033614955 7.963937575029605e-07 7.963937575029605e-07 7.963937575029604e-08
0.0952701080432202 7.044777911164516e-06 1.6044417767106682e-06 5.200480192076903 1.1359983993597443e-07 1.1359983993597443e-07 1.1359983993597444e-08
0.17032412965185836 3.2376150460184275e-06 9.911164465786405e-07 12.823529411765234 4.801788715486018e-07 4.801788715486018e-07 4.801788715486018e-08
0.08518607442977436 4.996958783513439e-06 3.920408163265196e-06 5.3565426170469 8.12228891556623e-08 8.12228891556623e-08 8.12228891556623e-09
0.1763025210084001 8.943017206882817e-06 2.1080432172869086e-07 6.268907563025346 6.363077230892067e-07 6.363077230892067e-07 6.363077230892066e-08
0.18890756302520498 7.984993997599096e-06 2.899759903961516e-06 8.205682272909415 6.481792717086536e-07 6.481792717086536e-07 6.481792717086536e-08
0.1862424969987948 4.213445378151288e-06 2.435774309723881e-07 13.395758303321891 5.837851140455931e-07 5.837851140455931e-07 5.83785114045593e-08
0.12292917166867165 4.149339735894385e-06 1.3719087635053956e-06 6.793117246898927 4.58594237695062e-07 4.58594237695062e-07 4.58594237695062e-08
0.07373349339736086 3.243697478991591e-07 3.0152460984393023e-06 8.541816726690948 4.967270908363157e-07 4.967270908363157e-07 4.9672709083631574e-08
0.1160864345738334 5.410084033613482e-06 3.6675870348138255e-06 10.186474589836305 3.5930492196877874e-07 3.5930492196877874e-07 3.5930492196877876e-08
0.052629051620649216 3.2482993197279114e-06 3.1380552220888223e-07 8.209683873549672 2.8340536214485805e-08 2.8340536214485805e-08 2.8340536214485803e-09
0.14979591836734757 3.00612244897961e-06 3.1088835534212913e-06 11.731092436975253 6.359543817527013e-08 6.359543817527013e-08 6.359543817527013e-09
0.13236494597839454 4.38439375750303e-06 6.462184873949601e-07 6.973189275710462 2.3231532613045228e-07 2.3231532613045228e-07 2.3231532613045226e-08
0.16873949579831718 5.000520208083267e-06 1.7542617046818506e-06 11.050820328131675 7.802052821128056e-07 7.802052821128056e-07 7.802052821128055e-08
0.18811524609843439 9.689875950380175e-07 2.873229291716619e-06 5.528611444577923 4.2621728691475224e-07 4.2621728691475224e-07 4.262172869147522e-08
0.09433373349340023 1.5103241296518674e-06 1.7448979591836517e-06 4.592236894757939 1.071308523409364e-08 1.071308523409364e-08 1.071308523409364e-09
0.08129651860744525 1.8629051620648354e-06 1.190876350540217e-06 5.252501000400235 2.2332172869147668e-07 2.2332172869147668e-07 2.2332172869147667e-08
0.06782713085234258 2.578751500600255e-06 2.788955582232829e-06 11.715086034414227 7.406334533813159e-07 7.406334533813159e-07 7.406334533813158e-08
0.1960384153661403 5.5703481392557405e-06 1.0894357743097289e-06 11.058823529412187 2.485038015206076e-07 2.485038015206076e-07 2.4850380152060757e-08
0.06948379351740869 5.095638255302108e-07 3.2150060024008788e-06 7.7855142056824995 2.9419127651060023e-07 2.9419127651060023e-07 2.9419127651060024e-08
0.03771908763505429 8.40776310524211e-07 5.541416566626647e-07 7.033213285314307 8.59348939575785e-07 8.59348939575785e-07 8.593489395757849e-08
0.051044417767107726 2.411364545818341e-06 3.6831932773108236e-06 6.529011604642008 5.611212484993762e-07 5.611212484993762e-07 5.611212484993762e-08
0.0701320528211302 4.409323729491826e-06 3.9963985594237503e-07 10.058423369348102 6.510572228891256e-07 6.510572228891256e-07 6.510572228891256e-08
0.10866746698679824 3.6863545418167504e-06 3.1224489795918236e-07 10.554621848739888 4.5427731092435403e-07 4.5427731092435403e-07 4.54277310924354e-08
0.06494597839135806 4.775110044017591e-07 2.821728691476525e-06 12.699479791917287 1.7475630252100847e-07 1.7475630252100847e-07 1.7475630252100846e-08
0.14957983193277377 3.0844737895158252e-06 2.4424969987994697e-06 7.493397358943787 7.985522208883144e-07 7.985522208883144e-07 7.985522208883145e-08
0.03476590636254515 5.25694277711088e-06 2.517406962785061e-06 7.273309323729688 6.769587835133734e-07 6.769587835133734e-07 6.769587835133734e-08
0.09346938775510487 1.0509003601440606e-06 3.297719087634969e-06 5.868747498999712 2.9203281312524625e-07 2.9203281312524625e-07 2.9203281312524625e-08
0.0706362545018025 6.674389755902408e-06 3.7331332533012177e-06 12.071228491397042 7.481880752300548e-07 7.481880752300548e-07 7.481880752300549e-08
0.07596638655462387 5.068187274909998e-06 2.729651860744236e-06 13.935974389756497 8.255330132052392e-07 8.255330132052392e-07 8.255330132052393e-08
0.10744297719087982 1.5281312525010072e-06 1.9696278511404254e-06 11.122849139656289 6.643677470988085e-07 6.643677470988085e-07 6.643677470988085e-08
0.19495798319327132 2.4647859143657603e-06 7.382953181272555e-07 11.334933973589875 1.3086754701880757e-07 1.3086754701880757e-07 1.3086754701880757e-08
0.12364945978391778 5.905122048819569e-06 2.7327731092436356e-06 6.480992396958932 2.7764305722288636e-07 2.7764305722288636e-07 2.7764305722288636e-08
0.17327731092436693 7.339335734293722e-07 2.7671068427370315e-06 9.938375350140412 8.413617446978351e-07 8.413617446978351e-07 8.413617446978351e-08
0.16276110444177544 5.299679871948816e-06 1.1549819927971212e-06 11.374949979992438 9.273469387755106e-08 9.273469387755106e-08 9.273469387755105e-09
0.1969027611044355 2.913525410164083e-06 3.865786314525702e-06 4.552220888355375 5.625602240896122e-07 5.625602240896122e-07 5.625602240896122e-08
0.1979111644657799 2.8636654661864918e-06 3.0636254501799966e-06 9.378151260504524 7.125734293717141e-07 7.125734293717141e-07 7.125734293717141e-08
0.1965426170468125 6.6245298119248165e-06 2.6422569027610462e-06 4.832332933173319 3.952793117246785e-07 3.952793117246785e-07 3.952793117246785e-08
0.17342136854741613 6.895198079231741e-06 1.9243697478991308e-06 8.625850340136331 1.3734293717487e-07 1.3734293717487e-07 1.3734293717487e-08
0.10355342136855071 8.209363745498258e-06 1.9087635054021326e-06 13.371748699480353 5.985346138455119e-07 5.985346138455119e-07 5.985346138455119e-08
0.17205282112844875 6.410844337735139e-06 7.211284513805564e-07 4.808323329331781 2.0965146058423378e-07 2.0965146058423378e-07 2.096514605842338e-08
0.18977190876350017 5.131252501000387e-07 4.854741896758681e-07 7.869547819127883 1.1539855942376955e-07 1.1539855942376955e-07 1.1539855942376956e-08
0.12897959183673838 8.953701480592301e-06 2.26926770708279e-06 11.082833133253725 5.8486434573827e-07 5.8486434573827e-07 5.848643457382701e-08
0.08504201680672513 8.319767907162924e-06 8.178871548619516e-07 12.88355342136908 8.708607442976729e-07 8.708607442976729e-07 8.708607442976729e-08
0.10924369747899515 8.220048019207741e-06 2.7015606242496392e-06 12.82753101240549 5.600420168066992e-07 5.600420168066992e-07 5.6004201680669924e-08
0.12199279711885168 6.649459783913612e-06 1.93061224489793e-06 11.747098839536278 4.2585754301719324e-07 4.2585754301719324e-07 4.2585754301719326e-08
0.16895558223289098 7.97787114845944e-06 2.473709483793466e-06 7.825530212085063 2.1720608243297328e-07 2.1720608243297328e-07 2.1720608243297327e-08
0.13301320528211594 2.0801520608243407e-06 3.2493397358942747e-06 11.707082833133715 8.312889155661832e-07 8.312889155661832e-07 8.312889155661832e-08
0.0810804321728714 7.867466986794774e-06 1.1721488595438191e-06 8.097639055622494 2.1648659463785523e-07 2.1648659463785523e-07 2.1648659463785523e-08
0.045786314525810966 1.638535414165674e-06 8.069627851140521e-07 5.544617847138948 3.013925570228092e-08 3.013925570228092e-08 3.0139255702280922e-09
0.11752701080432566 1.6456582633053298e-06 1.7355342136854528e-06 12.747498999600364 2.693689475790294e-07 2.693689475790294e-07 2.6936894757902943e-08
0.19380552220887773 7.518447378951634e-06 9.442977190876452e-07 7.097238895558409 5.90979991996773e-07 5.90979991996773e-07 5.90979991996773e-08
0.053493397358944574 8.30908363345344e-06 2.9356542617046117e-06 13.551820728291888 4.1074829931971536e-07 4.1074829931971536e-07 4.1074829931971536e-08
0.12141656662665477 2.4434173669467925e-06 2.167827130852302e-06 12.66346538615498 8.007106842736684e-07 8.007106842736684e-07 8.007106842736685e-08
0.1878991596638606 4.412885154061654e-06 2.7265306122448363e-06 7.53341336534635 3.5786594637854276e-07 3.5786594637854276e-07 3.5786594637854274e-08
0.14388955582233043 6.727811124449827e-06 1.9072028811524326e-06 10.526610644258094 9.885034013605446e-08 9.885034013605446e-08 9.885034013605447e-09
0.0399519807923173 8.024169667867204e-06 7.523409363745548e-07 5.940776310524326 4.880932372948998e-07 4.880932372948998e-07 4.880932372948998e-08
0.1773829531812691 1.3429371748699533e-06 3.4990396158462453e-06 9.278111244498115 8.733789515805859e-07 8.733789515805859e-07 8.733789515805859e-08
0.022809123649459778 3.846618647459008e-06 1.8369747899159408e-06 7.393357342937378 4.888127250900178e-07 4.888127250900178e-07 4.888127250900178e-08
0.13279711884754214 5.951420568227332e-06 3.2160864345738157e-07 5.504601840736385 6.179671868747501e-08 6.179671868747501e-08 6.179671868747501e-09
0.04672268907563094 8.373189275710344e-06 3.188475390155982e-06 9.482192877151189 8.496358543416921e-07 8.496358543416921e-07 8.49635854341692e-08
0.14993997599039677 7.0661464585834835e-06 3.4397358943576523e-06 10.37855142056861 4.208211284513673e-07 4.208211284513673e-07 4.208211284513673e-08
0.1471308523409374 4.067426970788342e-06 2.7187274909963372e-06 4.888355342136908 2.204437775110045e-07 2.204437775110045e-07 2.204437775110045e-08
0.07265306122449167 1.7560624249699966e-06 2.9887154861944054e-06 6.096838735494323 4.1398599439774633e-07 4.1398599439774633e-07 4.1398599439774636e-08
0.02496998799519807 7.511324529811978e-06 6.836734693877583e-07 13.071628651461127 1.0496598639455786e-07 1.0496598639455786e-07 1.0496598639455786e-08
0.037575030012005066 6.0048419367747516e-06 1.1846338535414177e-06 11.134853941577058 4.064313725490074e-07 4.064313725490074e-07 4.064313725490074e-08
0.1553421368547417 1.1221288515406198e-06 3.931332533013094e-06 8.217687074830184 3.765726290516106e-07 3.765726290516106e-07 3.765726290516106e-08
0.14828331332533098 1.0900760304121682e-06 2.498679471788663e-06 4.32813125250102 3.8484673869546755e-07 3.8484673869546755e-07 3.8484673869546754e-08
0.14216086434574005 2.333013205282126e-06 1.8291716686674418e-06 11.118847539016032 2.470648259303716e-07 2.470648259303716e-07 2.470648259303716e-08
0.16441776710684122 2.4398559423769646e-06 1.1534213685474214e-06 11.567026810724743 4.416926770708285e-08 4.416926770708285e-08 4.416926770708284e-09
0.08605042016806971 4.829571828731525e-06 3.127611044417689e-06 11.655062024810382 5.208299319727685e-07 5.208299319727685e-07 5.208299319727685e-08
0.07049219687875327 1.553061224489803e-06 3.221248499399678e-06 11.563025210084486 8.6114765906358e-07 8.6114765906358e-07 8.611476590635799e-08
0.10629051620648601 3.974829931972815e-06 3.953181272508892e-06 5.808723489395867 3.664997999199587e-07 3.664997999199587e-07 3.664997999199587e-08
0.03584633853541435 7.144497799119699e-06 2.422208883553372e-06 5.060424169667931 8.672633053220829e-07 8.672633053220829e-07 8.67263305322083e-08
0.02662665066026409 8.657062825130067e-07 3.603601440576133e-06 6.87715086034431 6.438623449379456e-07 6.438623449379456e-07 6.438623449379457e-08
0.12105642256903171 1.969747899159674e-06 1.0535414165666331e-06 8.60584233693505 3.377202881152389e-07 3.377202881152389e-07 3.377202881152389e-08
0.04722689075630323 3.889355742296944e-06 1.8260504201680421e-06 13.89995998399419 4.56795518207267e-07 4.56795518207267e-07 4.56795518207267e-08
0.12336134453781933 3.4762304921969008e-06 1.8463385354141397e-06 4.136054421768716 8.60068427370903e-07 8.60068427370903e-07 8.60068427370903e-08
0.08626650660264355 6.2755102040816765e-06 3.0355342136854e-06 6.6730692276912364 5.327014805922154e-07 5.327014805922154e-07 5.327014805922155e-08
0.09274909963985874 4.826010404161697e-06 1.571668667466972e-06 11.290916366547055 4.287354941976652e-07 4.287354941976652e-07 4.287354941976652e-08
0.15159663865546255 3.647178871548643e-06 8.475390156062501e-07 9.614245698279648 1.0784393757503005e-07 1.0784393757503005e-07 1.0784393757503006e-08
0.03987995198079269 6.022649059623891e-06 1.724609843937554e-06 13.175670268107792 4.0930932372947937e-07 4.0930932372947937e-07 4.0930932372947934e-08
0.16931572629051397 2.048099239695889e-06 3.8111644657862086e-06 10.094437775110409 2.0641376550620257e-07 2.0641376550620257e-07 2.0641376550620256e-08
0.055798319327732195 4.526850740296148e-06 1.376590636254495e-06 9.314125650260422 3.7477390956381563e-07 3.7477390956381563e-07 3.747739095638156e-08
0.1365426170468213 3.4334933973589653e-06 2.5611044417766558e-06 10.390556222489378 6.539415766306525e-08 6.539415766306525e-08 6.539415766306525e-09
0.1869627851140408 2.3508203281312656e-06 1.6075630252100679e-06 7.677470988395578 3.110992396958731e-07 3.110992396958731e-07 3.110992396958731e-08
0.05522208883553529 6.448979591836732e-07 3.0121248499399027e-06 7.637454981993015 8.938843537414487e-07 8.938843537414487e-07 8.938843537414488e-08
0.11507803121248882 7.974309723889612e-06 3.0573829531811973e-06 13.087635054022153 8.722997198879089e-07 8.722997198879089e-07 8.72299719887909e-08
0.1356062424970015 5.594237695078022e-07 3.1307322929170887e-06 6.232893157263039 2.161268507402962e-07 2.161268507402962e-07 2.161268507402962e-08
0.06112845138055357 3.4192476990796534e-06 1.087875150060029e-06 7.90556222489019 1.5281192476990802e-07 1.5281192476990802e-07 1.5281192476990803e-08
0.06141656662665202 2.318767507002814e-06 5.510204081632649e-07 10.11444577831169 4.57874749899944e-07 4.57874749899944e-07 4.57874749899944e-08
0.06696278511404723 7.094637855142107e-06 7.67947178871554e-07 5.156462585034083 4.219003601440443e-07 4.219003601440443e-07 4.2190036014404425e-08
0.14064825930372346 5.146538615446213e-06 1.1019207683073274e-06 11.42697078831577 6.222777110844058e-07 6.222777110844058e-07 6.222777110844058e-08
0.1007442977190908 3.4797919167667287e-06 3.605162064825833e-06 6.857142857143028 4.812581032412788e-07 4.812581032412788e-07 4.812581032412788e-08
0.17522208883553111 6.346738695478236e-06 2.86386554621842e-06 8.249699879952235 6.208387354941698e-07 6.208387354941698e-07 6.208387354941698e-08
0.13085234093637796 1.10432172869148e-06 6.228091236494613e-07 10.44257703081271 5.010440176070237e-07 5.010440176070237e-07 5.0104401760702365e-08
0.15138055222088875 7.746378551420623e-06 2.500240096038363e-06 10.710684273709886 1.8662785114045626e-07 1.8662785114045626e-07 1.8662785114045625e-08
0.18436974789915522 1.2076030412164908e-06 3.4459783913564516e-06 8.645858343337613 6.039307723088969e-07 6.039307723088969e-07 6.039307723088969e-08
0.0854021608643482 4.979151660664299e-06 3.6941176470587223e-06 5.436574629852027 8.848907563024738e-07 8.848907563024738e-07 8.848907563024738e-08
0.13899159663865768 5.58815526210488e-06 2.6921968787514403e-06 8.537815126050692 1.297883153261305e-07 1.297883153261305e-07 1.297883153261305e-08
0.05291716686674767 4.327410964385783e-06 3.653061224489779e-07 4.916366546618702 5.287442977190665e-07 5.287442977190665e-07 5.2874429771906646e-08
0.15512605042016792 2.7212084833933734e-06 1.1503001200480217e-06 8.433773509404027 1.420196078431373e-07 1.420196078431373e-07 1.4201960784313732e-08
0.1358943577430999 8.950140056022473e-06 3.9807923169267516e-07 13.447779111645223 1.4525730292116853e-07 1.4525730292116853e-07 1.4525730292116852e-08
0.03908763505402194 5.723489395758343e-06 3.4444177671067517e-06 12.523409363746008 3.301720688275311e-08 3.301720688275311e-08 3.301720688275311e-09
0.1953181272508943 1.449779911964792e-06 8.350540216086507e-07 7.717486994798142 3.089407763105191e-07 3.089407763105191e-07 3.0894077631051914e-08
0.186386554621844 1.4675870348139319e-06 4.511404561824707e-07 12.091236494598324 2.690092036814704e-07 2.690092036814704e-07 2.6900920368147043e-08
0.17370948379351453 1.7703081232493084e-06 3.4303721488594534e-06 8.893957583033506 5.92418967587009e-07 5.92418967587009e-07 5.92418967587009e-08
0.04240096038415415 5.370908363345375e-06 2.888355342136843e-07 11.719087635054484 3.3016566626649996e-07 3.3016566626649996e-07 3.3016566626649994e-08
0.1029771908763538 1.8771508603441472e-06 1.1248499399759905e-07 10.87074829932014 6.704833933573114e-07 6.704833933573114e-07 6.704833933573114e-08
0.033901560624249795 8.330452180872408e-06 5.744297719087637e-07 6.993197278911744 1.416598639455783e-07 1.416598639455783e-07 1.4165986394557828e-08
0.1658583433373332 6.125930372148902e-06 2.373829531812678e-06 5.872749099639968 4.334121648659322e-07 4.334121648659322e-07 4.334121648659322e-08
0.09807923169268011 5.160784313725525e-06 2.9777911164465067e-06 10.698679471789116 4.2333933573428026e-07 4.2333933573428026e-07 4.2333933573428026e-08
0.18184873949579425 1.371428571428577e-06 1.7121248499399556e-06 9.866346538615797 4.6435014005600595e-07 4.6435014005600595e-07 4.64350140056006e-08
0.12076830732293325 2.649979991996814e-06 1.3204081632653017e-06 7.537414965986606 8.856102440975918e-07 8.856102440975918e-07 8.856102440975918e-08
0.08180072028811754 6.766986794717935e-06 2.8186074429771255e-06 9.034013605442478 4.704657863145089e-07 4.704657863145089e-07 4.704657863145089e-08
0.13488595438175552 3.725530212084858e-06 3.8798319327730005e-06 13.73589435774368 8.035886354541404e-07 8.035886354541404e-07 8.035886354541404e-08
0.09030012004802189 1.1755502200880392e-06 1.8494597839135394e-06 7.021208483393538 4.6363065226088796e-07 4.6363065226088796e-07 4.63630652260888e-08
0.10657863145258446 8.323329331732752e-06 2.5626650660263556e-06 11.158863545418596 8.737386954781449e-07 8.737386954781449e-07 8.737386954781448e-08
0.045570228091237126 7.810484193677526e-06 2.8763505402160187e-06 9.930372148859899 1.0136854741896763e-07 1.0136854741896763e-07 1.0136854741896763e-08
0.07344537815126241 3.2269307723089436e-06 6.009603841536624e-07 13.179671868748049 3.0822128851540113e-07 3.0822128851540113e-07 3.082212885154011e-08
0.09757503001200782 3.1414565826330726e-06 2.678151260504142e-06 9.030012004802222 6.816354541816403e-07 6.816354541816403e-07 6.816354541816404e-08
0.056950780312126005 3.72196878751503e-06 3.829891956782606e-06 6.188875550220219 8.967623049219207e-07 8.967623049219207e-07 8.967623049219207e-08
0.10463385354141991 2.8707883153261477e-06 3.817406962785008e-06 10.794717887155269 5.499691876750473e-07 5.499691876750473e-07 5.499691876750473e-08
0.03332533013205289 1.022408963585437e-06 3.6909963985593227e-06 10.062424969988358 1.5748859543817533e-07 1.5748859543817533e-07 1.5748859543817535e-08
0.18228091236494184 3.02392957182875e-06 2.5891956782712525e-06 4.3921568627451215 3.2297078831532e-07 3.2297078831532e-07 3.2297078831532e-08
0.12350540216086855 2.2938375350140182e-06 2.7780312124849302e-06 10.850740296118857 6.215646258503404e-08 6.215646258503404e-08 6.215646258503403e-09
0.13438175270108332 1.3464985994397812e-06 2.991836734693805e-06 12.567426970788828 1.6108603441376557e-07 1.6108603441376557e-07 1.610860344137656e-08
0.047370948379352455 4.313165266106471e-06 3.876710684273601e-06 6.729091636654825 3.3448259303720793e-07 3.3448259303720793e-07 3.344825930372079e-08
0.10974789915966744 2.2689075630252225e-06 2.5138055222088746e-07 12.479391756703189 8.133017206882333e-07 8.133017206882333e-07 8.133017206882334e-08
0.086554621848742 2.5395758303321474e-06 6.4777911164466e-07 12.12725090036063 4.078703481392434e-07 4.078703481392434e-07 4.078703481392434e-08
0.07409363745498393 2.4719087635054162e-06 8.163265306122516e-07 6.140856342537143 5.571640656262273e-07 5.571640656262273e-07 5.571640656262273e-08
0.11464585834334114 2.304521808723502e-06 1.842737094837931e-07 7.057222889155845 3.7334133653461396e-08 3.7334133653461396e-08 3.73341336534614e-09
0.023601440576230485 1.4853941576630717e-06 2.27082833133249e-06 6.144857943177399 1.646898759503802e-08 1.646898759503802e-08 1.646898759503802e-09
0.06472989195678422 4.6016406562625355e-06 3.3773109243696597e-06 13.063625450180615 2.869963985594203e-07 2.869963985594203e-07 2.869963985594203e-08
0.0794237695078053 7.183673469387806e-06 2.9138055222088142e-06 11.386954781913207 7.589803921568247e-07 7.589803921568247e-07 7.589803921568248e-08
0.08388955582233132 1.5637454981992868e-06 6.29051620648261e-07 11.430972388956027 6.111256502600769e-07 6.111256502600769e-07 6.111256502600768e-08
0.08965186074430037 3.383633453381374e-06 3.647298919567728e-06 11.062825130052444 8.305694277710652e-07 8.305694277710652e-07 8.305694277710651e-08
0.16052821128451286 2.7817527010804487e-06 9.302521008403459e-07 6.13285314125663 4.747827130852169e-07 4.747827130852169e-07 4.7478271308521686e-08
0.19020408163264776 2.9811924769908144e-06 3.406962785113956e-06 7.353341336534815 8.52873549419723e-07 8.52873549419723e-07 8.52873549419723e-08
0.036638655462185095 5.285434173669504e-06 1.5857142857142704e-06 13.28771508603497 8.62586634653816e-07 8.62586634653816e-07 8.625866346538159e-08
0.13510204081632932 6.823969587835182e-06 1.8900360144057346e-06 6.889155662265079 8.841776710684277e-08 8.841776710684277e-08 8.841776710684277e-09
0.08021608643457605 5.727050820328171e-06 2.6126050420167497e-06 5.300520208083311 1.3338575430172074e-07 1.3338575430172074e-07 1.3338575430172074e-08
0.06566626650660419 4.5589035614246e-06 8.912364945978479e-07 11.871148459384225 1.2762985194077636e-07 1.2762985194077636e-07 1.2762985194077637e-08
0.05767106842737214 2.329451780712298e-06 3.5989195678270336e-06 9.518207282913496 7.20847539015571e-07 7.20847539015571e-07 7.20847539015571e-08
0.03454981992797131 5.858823529411805e-06 3.9734693877549894e-06 10.162464985994767 2.071332533013206e-07 2.071332533013206e-07 2.071332533013206e-08
0.13063625450180416 5.427891156462622e-06 3.1478991596637867e-06 10.70668267306963 6.647338935574232e-08 6.647338935574232e-08 6.647338935574232e-09
0.1665786314525792 8.715086034413828e-06 1.3589435774309714e-07 8.981992797119146 5.161532613045016e-07 5.161532613045016e-07 5.1615326130450155e-08
0.060120048019208984 7.105322128851591e-06 1.8993997599039335e-06 13.231692677071381 2.6505202080832145e-07 2.6505202080832145e-07 2.6505202080832145e-08
0.127250900360148 4.370148059223718e-06 2.1459783913565047e-06 5.584633853541511 1.2115446178471393e-07 1.2115446178471393e-07 1.2115446178471393e-08
0.15109243697479036 8.002801120448236e-06 2.2677070828330903e-06 5.212484993997672 8.705010004001139e-07 8.705010004001139e-07 8.70501000400114e-08
0.1768787515005969 7.57899159663871e-06 1.181512605042018e-06 12.075230092037298 8.474773909563381e-07 8.474773909563381e-07 8.474773909563381e-08
0.19157262905161515 8.579751900760365e-06 1.0738295318127307e-06 7.217286914766099 2.297971188475391e-07 2.297971188475391e-07 2.297971188475391e-08
0.03195678271308524 4.309603841536643e-06 1.6590636254501618e-06 5.076430572228956 8.057470988394944e-07 8.057470988394944e-07 8.057470988394944e-08
0.04225690276110492 5.228451380552256e-06 1.2033613445378155e-06 8.973989595838633 3.6110364145657373e-07 3.6110364145657373e-07 3.6110364145657374e-08
0.07070828331332711 1.4889555822328996e-06 3.7424969987994166e-06 13.979991996799317 8.356058423368912e-07 8.356058423368912e-07 8.356058423368911e-08
0.13258103241296834 4.936414565826364e-06 2.2162064825929964e-06 6.484993997599188 6.708431372548704e-07 6.708431372548704e-07 6.708431372548705e-08
0.17515006002400652 6.4535814325730744e-06 9.739495798319425e-07 4.464185674269736 8.197771108442953e-07 8.197771108442953e-07 8.197771108442952e-08
0.11968787515006406 2.0328131252501005e-07 1.7136854741896554e-06 5.744697879151765 3.100200080031961e-07 3.100200080031961e-07 3.100200080031961e-08
0.023025210084033607 7.087515006002451e-06 1.3297719087635006e-06 13.267707082833688 5.190312124849735e-07 5.190312124849735e-07 5.190312124849735e-08
0.08000000000000221 6.140176070428214e-06 1.5654261704681728e-06 10.438575430172454 5.733525410163821e-07 5.733525410163821e-07 5.7335254101638215e-08
0.18984393757502477 7.35106042416972e-06 2.600120048019151e-06 5.984793917567146 3.790908363345236e-07 3.790908363345236e-07 3.790908363345236e-08
0.06933973589435946 4.312124849939963e-07 2.5220888355341604e-06 9.198079231692988 1.477755102040817e-07 1.477755102040817e-07 1.477755102040817e-08
0.15195678271308555 1.456902761104448e-06 2.4846338535413648e-06 5.648659463785613 5.276650660263895e-07 5.276650660263895e-07 5.276650660263895e-08
0.07524609843937774 8.650980392156925e-06 1.1300120048019241e-06 13.431772709084198 1.4597679071628657e-07 1.4597679071628657e-07 1.4597679071628658e-08
0.04045618247298959 6.193597438975633e-06 1.2470588235294103e-06 6.172869147659194 2.952705082032772e-07 2.952705082032772e-07 2.9527050820327722e-08
0.06357743097239041 6.413365346138453e-07 8.241296518607512e-07 13.76790716286573 3.128979591836681e-07 3.128979591836681e-07 3.128979591836681e-08
0.126890756302525 2.0872749099639966e-06 1.5150060024009584e-07 7.693477390956604 1.0568547418967591e-07 1.0568547418967591e-07 1.056854741896759e-08
0.03930372148859578 6.270908363345334e-07 3.79711884753891e-06 11.02280912364988 3.4599439775909584e-07 3.4599439775909584e-07 3.4599439775909584e-08
0.048307322929172426 7.5932372949180215e-06 3.5817527010803356e-06 9.826330532213234 5.298235294117435e-07 5.298235294117435e-07 5.2982352941174344e-08
0.04110444177671111 8.558383353341398e-06 9.177671068427466e-07 10.32252901160502 3.1793437374949406e-07 3.1793437374949406e-07 3.179343737494941e-08
0.056014405762306034 8.576190476190537e-06 3.135414165666188e-06 12.939575830332668 2.431076430572226e-07 2.431076430572226e-07 2.431076430572226e-08
0.16355342136854603 4.815326130452213e-06 9.9579831932774e-07 12.24729891956832 5.129155662264706e-07 5.129155662264706e-07 5.129155662264706e-08
0.11745498199280105 6.966426570628301e-06 9.052821128451472e-07 4.112044817927178 6.366674669867657e-07 6.366674669867657e-07 6.366674669867657e-08
0.147563025210085 8.259223689475849e-06 1.5154861944777787e-06 12.243297318928064 4.319731892756962e-07 4.319731892756962e-07 4.319731892756962e-08
0.1256662665066068 6.9699879951981286e-06 3.2446578631451753e-06 8.329731892757362 7.604193677470607e-07 7.604193677470607e-07 7.604193677470607e-08
0.1199039615846379 4.106602641056449e-06 1.9680672268907256e-06 12.61944777911216 7.852416966786315e-07 7.852416966786315e-07 7.852416966786315e-08
0.19315726290515634 4.626570628251331e-06 1.6106842737094675e-06 8.173669467787365 8.266186474589839e-08 8.266186474589839e-08 8.26618647458984e-09
0.1373349339735919 2.2653461384553946e-06 1.577430972388953e-07 8.809923969588123 7.29841136454546e-07 7.29841136454546e-07 7.298411364545459e-08
0.16456182472989042 4.7868347338935894e-06 2.041416566626617e-06 13.455782312925736 5.215494197678865e-07 5.215494197678865e-07 5.215494197678865e-08
0.1364705882352967 8.857543017206946e-06 3.399159663865457e-06 5.376550620248182 2.981484593837492e-07 2.981484593837492e-07 2.981484593837492e-08
0.08230492196878983 6.685074029611892e-06 4.558223289315703e-07 11.166866746699109 7.420724289715519e-07 7.420724289715519e-07 7.420724289715518e-08
0.05313325330132151 9.725490196078455e-07 2.61104441776705e-06 12.771508603441902 4.201016406562493e-07 4.201016406562493e-07 4.2010164065624926e-08
0.044849939975990995 1.3108843537415017e-06 2.881032412965118e-06 4.912364945978446 6.348687474989707e-07 6.348687474989707e-07 6.348687474989707e-08
0.047803121248500134 6.80972388955587e-06 2.6698679471788615e-07 6.8731492597040535 3.945598239295605e-07 3.945598239295605e-07 3.945598239295605e-08
0.04902761104441856 5.363785514205719e-06 7.991596638655525e-07 7.941576630652497 1.146790716286515e-07 1.146790716286515e-07 1.146790716286515e-08
0.09130852340936647 5.0396958783513746e-06 3.0480192076829984e-06 11.819127651060892 5.143545418167066e-07 5.143545418167066e-07 5.1435454181670657e-08
0.12890756302521378 5.273709483793506e-07 3.222809123649378e-06 13.33173269307779 1.6540296118447386e-07 1.6540296118447386e-07 1.6540296118447386e-08
0.1680192076830712 3.6756702681072665e-06 3.993757503001087e-06 12.003201280512684 6.575326130451875e-07 6.575326130451875e-07 6.575326130451875e-08
0.08669867947179123 5.139415766306557e-06 3.699879951980775e-07 10.514605842337325 5.593225290115812e-07 5.593225290115812e-07 5.593225290115812e-08
0.04571428571428635 6.328931572629096e-06 3.271188475390072e-06 8.457783113245565 2.6577150860343945e-07 2.6577150860343945e-07 2.6577150860343946e-08
0.11219687875150429 7.564745898359398e-06 3.4725090036013484e-06 5.740696278511509 6.075282112844869e-07 6.075282112844869e-07 6.075282112844868e-08
0.12069627851140864 1.360744297719093e-06 4.4333733493397137e-07 12.779511804722414 7.140124049619501e-07 7.140124049619501e-07 7.140124049619501e-08
0.05025210084033698 7.80336134453787e-06 3.060504201680597e-06 9.318127250900679 8.287707082832702e-07 8.287707082832702e-07 8.287707082832702e-08
0.19942376950779647 3.892917166866772e-06 2.9793517406962065e-06 6.8251300520209774 4.186626650660133e-07 4.186626650660133e-07 4.186626650660133e-08
0.14496998799519942 1.3892356942777168e-06 7.913565426170529e-07 10.538615446178863 6.683249299719574e-07 6.683249299719574e-07 6.683249299719574e-08
0.14367346938775663 9.939175670268133e-07 1.827611044417742e-06 9.006002400960684 8.949635854341257e-07 8.949635854341257e-07 8.949635854341257e-08
0.1772388955582199 6.0119647859144075e-06 2.380072028811477e-06 12.471388555422676 8.003509403761094e-07 8.003509403761094e-07 8.003509403761095e-08
0.03145258103241295 4.4306922769107935e-06 1.5685474189675725e-06 5.980792316926889 2.2296198479391766e-07 2.2296198479391766e-07 2.2296198479391766e-08
0.13956782713085447 3.9559823929571724e-07 3.8626650660263025e-06 6.62505002000816 1.463365346138456e-07 1.463365346138456e-07 1.463365346138456e-08
0.04787515006002475 2.5324529811924915e-06 1.5701080432172723e-06 8.673869547819407 5.147142857142656e-07 5.147142857142656e-07 5.147142857142656e-08
0.19416566626650072 2.780712284913963e-07 3.8376950780311054e-06 7.929571828731728 1.600068027210885e-07 1.600068027210885e-07 1.600068027210885e-08
0.11702280912365337 2.065906362545029e-06 1.2813925570228063e-06 7.0252100840337945 7.316398559423409e-07 7.316398559423409e-07 7.316398559423409e-08
0.10254501800720613 6.82753101240501e-06 2.5470588235293574e-06 7.2933173269309695 6.855926370547893e-07 6.855926370547893e-07 6.855926370547893e-08
0.10564225690276449 7.080392156862795e-06 3.868907563025102e-06 5.852741096438686 5.560848339335503e-07 5.560848339335503e-07 5.560848339335503e-08
0.12501800720288542 6.699319727891204e-06 7.648259303721542e-07 10.674669867947578 4.6686834733891894e-07 4.6686834733891894e-07 4.668683473389189e-08
0.19042016806722156 3.9071628651460834e-06 1.5451380552220752e-06 9.358143257303242 2.999471788715442e-07 2.999471788715442e-07 2.999471788715442e-08
0.046938775510204776 2.596558623449395e-06 3.4647058823528494e-06 9.802320928371696 8.258927571027982e-07 8.258927571027982e-07 8.258927571027983e-08
0.18213685474189265 5.843537414965979e-07 3.5895558223288347e-06 8.153661464586083 1.7007963185274116e-07 1.7007963185274116e-07 1.7007963185274118e-08
0.027563025210084018 8.982192877150925e-06 3.848619447779004e-06 4.500200080032043 1.5461064425770314e-07 1.5461064425770314e-07 1.5461064425770315e-08
0.15246098439375774 4.205282112845126e-07 3.902761104441758e-07 5.484593837535103 1.0064905962384958e-07 1.0064905962384958e-07 1.0064905962384959e-08
0.05018007202881237 5.10024009603845e-06 3.465786314525795e-07 13.143657462985741 6.935070028010872e-07 6.935070028010872e-07 6.935070028010872e-08
0.08280912364946212 8.191556622649118e-06 2.668787515005943e-06 7.477390956382761 8.302096838735062e-07 8.302096838735062e-07 8.302096838735062e-08
0.06969987995198253 4.494797919167697e-06 2.8935174069627166e-06 12.187274909964476 3.8448699479790856e-07 3.8448699479790856e-07 3.844869947979086e-08
0.07308523409363935 5.093117246898794e-06 2.4971188475389633e-06 13.687875150060604 2.988679471788672e-07 2.988679471788672e-07 2.988679471788672e-08
0.07207683073229476 4.416446578631482e-06 2.796758703481328e-06 10.478591436575018 5.121960784313526e-07 5.121960784313526e-07 5.121960784313526e-08
0.17983193277310547 8.508523409363806e-06 2.244297719087593e-06 10.93477390956424 6.751600640255784e-07 6.751600640255784e-07 6.751600640255784e-08
0.09707082833133553 7.980392156862755e-07 7.024009603841573e-07 10.81472589035655 3.776518607442876e-07 3.776518607442876e-07 3.776518607442876e-08
0.19142857142856595 7.354621848739548e-06 1.2517406962785098e-06 12.54341736694729 2.985082032813082e-07 2.985082032813082e-07 2.985082032813082e-08
0.09116446578631725 8.825490196078495e-06 1.9051620648259256e-07 9.51420568227324 5.334209683873334e-07 5.334209683873334e-07 5.334209683873334e-08
0.19402160864345153 3.351580632252922e-06 2.888835534213617e-06 8.045618247299162 8.665438175269649e-07 8.665438175269649e-07 8.665438175269649e-08
0.12465786314526237 4.103041216486621e-06 3.051140456182398e-06 13.815926370548807 5.481704681872523e-07 5.481704681872523e-07 5.4817046818725234e-08
0.034837935174069766 8.636734693877613e-06 1.8978391356542337e-06 4.140056022408972 1.6252501000400167e-07 1.6252501000400167e-07 1.6252501000400167e-08
0.17291716686674394 7.436534613845591e-06 3.129171668667389e-06 9.45818327330965 2.733261304521784e-07 2.733261304521784e-07 2.7332613045217838e-08
0.09001200480192344 4.006882753101266e-06 2.685954381752641e-06 11.414965986395002 7.2840216086431e-07 7.2840216086431e-07 7.2840216086431e-08
0.17190876350539955 2.1834333733493515e-06 7.835534213685533e-07 5.3285314125651055 6.524961984793615e-07 6.524961984793615e-07 6.524961984793615e-08
0.025186074429771898 1.6670268107242976e-06 9.193277310924465e-07 11.202881152461416 7.485478191276138e-07 7.485478191276138e-07 7.485478191276138e-08
0.038727490996398876 3.102280912364965e-06 1.234093637454982e-07 12.58743497399011 5.676670668267308e-09 5.676670668267308e-09 5.676670668267308e-10
0.14849939975990478 8.36250500200086e-06 1.8822328931572355e-06 7.3293317326932765 2.8987434973989227e-07 2.8987434973989227e-07 2.8987434973989226e-08
0.09548619447779404 6.3645458183273755e-06 1.4015606242496921e-06 7.225290116046612 2.686494597839114e-07 2.686494597839114e-07 2.6864945978391143e-08
0.19459783913564832 7.774869947979247e-06 3.54273709483784e-06 9.050020008003504 8.194173669467363e-07 8.194173669467363e-07 8.194173669467363e-08
0.07078031212485172 6.0155262104842354e-06 2.4705882352940664e-06 10.5626250500204 7.29481392556987e-07 7.29481392556987e-07 7.29481392556987e-08
0.17478991596638352 7.304761904761957e-06 6.602641056422594e-07 13.323729491797277 4.895322128851358e-07 4.895322128851358e-07 4.895322128851358e-08
0.12300120048019626 6.12949179671873e-06 6.415366146458604e-07 9.91836734693913 1.4669627851140462e-07 1.4669627851140462e-07 1.4669627851140462e-08
0.16182472989195565 4.953181272508989e-07 2.0008403361344218e-06 9.834333733493747 7.535842336934398e-07 7.535842336934398e-07 7.535842336934398e-08
0.13294117647059134 7.386674669868e-06 1.3812725090035945e-06 7.9375750300122405 7.18689075630217e-07 7.18689075630217e-07 7.18689075630217e-08
0.1472749099639866 5.018327330932407e-06 3.940696278511293e-06 4.932372949179728 3.492320928371268e-07 3.492320928371268e-07 3.4923209283712685e-08
0.05370948379351841 6.763425370148107e-06 2.6484993997598455e-06 7.821528611444807 2.4094917967186863e-07 2.4094917967186863e-07 2.4094917967186862e-08
0.15058823529411816 5.185714285714321e-06 2.916926770708214e-06 6.312925170068166 8.158199279711463e-07 8.158199279711463e-07 8.158199279711463e-08
0.05457382953181377 6.4500200080032465e-06 2.320768307322884e-06 10.806722689076038 8.345266106442142e-07 8.345266106442142e-07 8.345266106442142e-08
0.17061224489795676 8.978631452581097e-06 3.96722689075619e-06 10.97879151660706 2.967094837935132e-07 2.967094837935132e-07 2.967094837935132e-08
0.027923169267707066 8.13457382953187e-06 2.628211284513748e-06 12.203281312525501 4.2765626250498823e-07 4.2765626250498823e-07 4.2765626250498824e-08
0.035990396158463576 8.889595838335398e-06 2.5314525810323593e-06 13.383753501401122 4.855750300119868e-07 4.855750300119868e-07 4.855750300119868e-08
0.14857142857142938 3.1343337334934167e-06 1.9181272509003315e-06 4.20808323329333 1.344649859943978e-07 1.344649859943978e-07 1.344649859943978e-08
0.10052821128451696 1.8272909163665558e-06 1.3360144057622998e-06 12.595438175270623 2.7692356942776836e-07 2.7692356942776836e-07 2.7692356942776835e-08
0.14468187274910102 1.6029211684673943e-06 1.7022809123649427e-07 11.959183673469864 4.0067547018806343e-07 4.0067547018806343e-07 4.0067547018806345e-08
0.10773109243697827 1.1506202480992435e-06 2.2240096038414955e-06 5.412565026010489 3.8664545818326254e-07 3.8664545818326254e-07 3.866454581832625e-08
0.10945978391356899 1.7346938775510288e-06 8.412965186074504e-07 8.05762304921993 3.5642697078830677e-07 3.5642697078830677e-07 3.564269707883068e-08
0.14165666266506785 1.6100440176070502e-06 2.108523409363709e-06 11.675070028011664 5.93138455382127e-07 5.93138455382127e-07 5.93138455382127e-08
0.09606242496999094 6.752741096438623e-06 1.7152460984393552e-06 6.476990796318676 1.4849499799919974e-07 1.4849499799919974e-07 1.4849499799919974e-08
0.042833133253301826 7.19435774309729e-06 2.2770708283312892e-06 9.062024809924273 1.3662344937975195e-07 1.3662344937975195e-07 1.3662344937975196e-08
0.050108043217287755 3.7504601840736537e-06 3.450180072028796e-07 7.985594237695317 6.611300520207775e-07 6.611300520207775e-07 6.611300520207774e-08
0.16463385354141502 4.761904761904794e-06 3.3960384153660574e-06 11.138855542217314 8.974817927170387e-07 8.974817927170387e-07 8.974817927170388e-08
0.1376230492196903 3.729091636654686e-06 2.4768307322928657e-06 5.56462585034023 6.082476990796049e-07 6.082476990796049e-07 6.082476990796049e-08
0.1277551020408202 5.114485794317762e-06 2.6219687875149486e-06 13.859943977591627 3.229771908763506e-08 3.229771908763506e-08 3.229771908763506e-09
0.07150060024009786 7.36886754701886e-06 1.5618247298919544e-07 7.149259703881741 6.305518207282627e-07 6.305518207282627e-07 6.305518207282627e-08
0.10412965186074762 7.232492997198883e-07 3.3882352941175584e-06 7.417366946778916 4.352108843537272e-07 4.352108843537272e-07 4.3521088435372716e-08
0.14007202881152667 7.190796318527462e-06 2.5486194477790572e-06 5.7847138855543285 6.309115646258217e-07 6.309115646258217e-07 6.309115646258216e-08
0.09382953181272793 4.277551020408191e-06 2.2567827130851916e-06 13.799919967987782 8.053873549419354e-07 8.053873549419354e-07 8.053873549419353e-08
0.03671068427370971 8.469347739095699e-06 2.601680672268851e-06 13.399759903962147 5.830656262504751e-07 5.830656262504751e-07 5.830656262504751e-08
0.1460504201680684 6.991356542617096e-06 2.4034813925569743e-06 13.299719887955739 5.787486994797671e-07 5.787486994797671e-07 5.787486994797671e-08
0.09296518607443258 4.437815126050449e-06 2.6406962785113464e-06 13.567827130852914 6.323569427771111e-08 6.323569427771111e-08 6.323569427771111e-09
0.11659063625450569 5.844577831132493e-06 1.0597839135654324e-06 6.665066026410724 1.9130452180872357e-07 1.9130452180872357e-07 1.9130452180872357e-08
0.14295318127251064 4.801080432172901e-06 3.3507803121247628e-06 8.689875950380433 3.8304801920767257e-07 3.8304801920767257e-07 3.8304801920767255e-08
0.11176470588235661 4.640816326530643e-06 3.383553421368459e-06 10.754701880752705 8.762569027610579e-07 8.762569027610579e-07 8.762569027610579e-08
0.17356542617046533 6.318247298919612e-06 3.085474189675794e-06 4.508203281312555 2.3663225290116056e-07 2.3663225290116056e-07 2.3663225290116057e-08
0.15174069627851175 8.522769107643118e-06 4.948379351740677e-07 6.324929971988935 1.855486194477792e-07 1.855486194477792e-07 1.8554861944777917e-08
0.1226410564225732 7.621728691476645e-06 3.528691476590542e-06 13.271708683473944 5.316222488995384e-07 5.316222488995384e-07 5.316222488995384e-08
0.02453781512605041 3.4929971988795446e-07 8.849939975990482e-07 6.797118847539183 6.578923569427465e-07 6.578923569427465e-07 6.578923569427464e-08
0.07603841536614848 6.856022408963634e-06 3.723769507803019e-06 10.018407362945538 2.5174149659863855e-07 2.5174149659863855e-07 2.5174149659863854e-08
0.1575030012004797 8.960824329731957e-06 2.984033613445306e-06 4.792316926770756 4.5103961584632305e-07 4.5103961584632305e-07 4.510396158463231e-08
0.1372629051620673 8.17018807523015e-06 1.0301320528211359e-06 5.388555422168951 4.902517006802538e-07 4.902517006802538e-07 4.9025170068025373e-08
0.12148859543817939 6.068947579031655e-06 1.5966386554621692e-06 9.550220088035546 3.143369347739041e-07 3.143369347739041e-07 3.143369347739041e-08
0.03743097238895584 2.653541416566642e-06 3.5552220888354387e-06 8.633853541416844 1.538911564625851e-07 1.538911564625851e-07 1.538911564625851e-08
0.12833133253301698 1.8664665866346633e-06 3.918367346938757e-07 10.106442577031178 1.1108163265306127e-07 1.1108163265306127e-07 1.1108163265306126e-08
0.12249699879952397 4.359463785514234e-06 2.557983193277256e-06 4.828331332533063 4.2477831132451625e-07 4.2477831132451625e-07 4.247783113245163e-08
0.07056422569027788 2.486154461784728e-06 2.976230492196807e-06 10.346538615446558 5.524873949579603e-07 5.524873949579603e-07 5.524873949579603e-08
0.02432172869147658 6.834653861544666e-06 4.807923169267684e-07 13.37575030012061 4.6758783513403693e-07 4.6758783513403693e-07 4.675878351340369e-08
0.18501800720287662 5.321048419367783e-06 2.8201680672268253e-06 13.791916766707269 5.636394557822892e-07 5.636394557822892e-07 5.636394557822892e-08
0.186026410564221 1.3917567026810726e-07 2.6297719087634477e-06 5.824729891956892 1.3950780312124855e-08 1.3950780312124855e-08 1.3950780312124855e-09
0.18033613445377766 2.856542617046836e-06 1.351620648259298e-06 5.704681872749202 3.146966786714631e-07 3.146966786714631e-07 3.146966786714631e-08
0.020720288115246097 5.506242496998837e-06 9.536614645858448e-07 12.919567827131386 4.298147258903422e-07 4.298147258903422e-07 4.298147258903422e-08
0.1978391356542553 1.015286114445781e-06 1.50456182472988e-06 10.134453781512972 5.496158463385356e-08 5.496158463385356e-08 5.496158463385356e-09
0.023961584633853533 2.1585034013605558e-06 3.9219687875148955e-06 13.651860744298297 7.654557823128867e-07 7.654557823128867e-07 7.654557823128867e-08
0.08396158463385593 7.935134053621505e-06 1.8057623049219445e-06 12.483393357343445 2.4922328931572557e-07 2.4922328931572557e-07 2.4922328931572558e-08
0.07582232893157465 4.095918367346965e-06 2.0117647058823205e-06 12.363345338135755 7.19408563425335e-07 7.19408563425335e-07 7.194085634253351e-08
0.021008403361344536 5.730612244897999e-06 2.4268907563024716e-06 5.764705882353047 2.6289355742296747e-07 2.6289355742296747e-07 2.6289355742296746e-08
0.06674669867947339 5.979911964785956e-06 5.806722689075634e-07 5.9247699079633005 2.956302521008362e-07 2.956302521008362e-07 2.9563025210083622e-08
0.17198079231692415 4.284673869547847e-06 1.7527010804321508e-06 10.318527410964764 6.035710284113379e-07 6.035710284113379e-07 6.035710284113379e-08
0.1253781512605084 8.514605842336949e-07 3.332052821128365e-06 8.961984793917864 3.650608243297227e-07 3.650608243297227e-07 3.650608243297227e-08
0.052412965186075376 3.793197278911589e-06 2.5294117647058733e-07 8.493797519007872 1.783537414965987e-07 1.783537414965987e-07 1.783537414965987e-08
0.13474189675870632 3.4869147659063847e-06 2.659423769507744e-06 4.2521008403361495 1.8987194877951187e-08 1.8987194877951187e-08 1.898719487795119e-09
0.04881152460984472 6.560424169667913e-06 3.2337334933972766e-06 5.132452981192545 4.722645058023039e-07 4.722645058023039e-07 4.722645058023039e-08
0.02021608643457383 8.305522208883613e-06 1.983193277310919e-07 12.875550220088567 8.52513805522164e-07 8.52513805522164e-07 8.525138055221641e-08
0.11370948379352117 4.726290516206514e-06 2.874789915966319e-06 6.152861144457912 5.816266506602391e-07 5.816266506602391e-07 5.816266506602391e-08
0.04405762304922025 3.917847138855567e-06 3.313325330131967e-06 12.67547018807575 1.4130012004801926e-07 1.4130012004801926e-07 1.4130012004801926e-08
0.039159663865546555 2.3401360544217817e-06 2.3847539015605765e-06 8.365746298519669 1.704393757503002e-07 1.704393757503002e-07 1.7043937575030018e-08
0.08698679471788968 5.969227691076472e-06 2.906002400960315e-06 12.899559823930105 4.427655062024661e-07 4.427655062024661e-07 4.4276550620246614e-08
0.08849939975990656 3.031052420968406e-06 2.3020408163264863e-06 5.064425770308187 7.712116846738306e-07 7.712116846738306e-07 7.712116846738306e-08
0.1368307322929197 3.387194877951202e-06 9.28691476590646e-07 7.101240496198665 5.86663065226065e-07 5.86663065226065e-07 5.8666306522606506e-08
0.17248499399759634 7.871028411364601e-06 2.0211284513805194e-06 8.037615046018649 2.3591276510604251e-07 2.3591276510604251e-07 2.359127651060425e-08
0.15094837935174116 2.592997198879567e-06 5.775510204081636e-07 11.238895558223723 1.100024009603842e-07 1.100024009603842e-07 1.100024009603842e-08
0.1558463385354139 8.113205282112903e-06 2.032052821128418e-06 10.566626650660657 8.348863545417732e-07 8.348863545417732e-07 8.348863545417732e-08
0.1672268907563006 7.301200480192129e-06 3.783073229291612e-06 12.55542216886806 5.827058823529161e-07 5.827058823529161e-07 5.8270588235291605e-08
0.06890756302521178 8.248539415766365e-06 2.654261704681863e-07 11.086834733893982 4.024741896758584e-07 4.024741896758584e-07 4.0247418967585843e-08
0.14936374549819997 3.9000400160064275e-06 3.836134453781406e-06 6.408963585434318 2.0137735094037623e-07 2.0137735094037623e-07 2.0137735094037624e-08
0.1868187274909916 4.964905962384987e-06 2.651620648259245e-06 10.810724289716294 3.495918367346858e-07 3.495918367346858e-07 3.495918367346858e-08
0.05162064825930463 3.1485794317727285e-06 2.133493397358906e-06 4.028011204481794 7.643765506202097e-07 7.643765506202097e-07 7.643765506202098e-08
0.10650660264105985 5.759103641456622e-06 2.645378151260446e-06 9.67827130852375 4.031936774709764e-07 4.031936774709764e-07 4.0319367747097644e-08
0.03512605042016822 1.0758303321328563e-06 2.891956782713017e-06 10.266506602641432 6.542949179671565e-07 6.542949179671565e-07 6.542949179671565e-08
0.06926770708283485 5.602400960384192e-06 1.2028811524609845e-07 6.909163665466361 2.1792557022809133e-07 2.1792557022809133e-07 2.179255702280913e-08
0.09959183673469699 1.106842737094838e-07 1.512364945978379e-06 12.403361344538318 3.8592597038814454e-07 3.8592597038814454e-07 3.859259703881445e-08
0.04124849939976034 5.93717486994802e-06 1.648139255702263e-06 6.7130852340938 2.22248899559824e-08 2.22248899559824e-08 2.22248899559824e-09
0.08014405762305143 7.375990396158516e-06 1.9352941176470295e-06 8.165666266506852 3.553477390956298e-07 3.553477390956298e-07 3.5534773909562975e-08
0.14403361344537963 8.412364945978451e-06 9.349339735894457e-07 11.278911564626286 8.769763905561759e-07 8.769763905561759e-07 8.769763905561758e-08
0.18509003601440122 2.1727490996398676e-06 2.008643457382921e-06 5.560624249699973 2.618143257302905e-07 2.618143257302905e-07 2.618143257302905e-08
0.12480192076831159 8.166626650660322e-06 3.746698679471771e-07 10.17046818727528 6.219179671868468e-07 6.219179671868468e-07 6.219179671868467e-08
0.07877551020408378 7.4116046418567955e-06 7.398559423769554e-07 4.900360144057677 4.3988755502199414e-07 4.3988755502199414e-07 4.398875550219941e-08
0.043481392557023345 7.5896758703481935e-06 3.76230492196877e-07 10.298519407763482 1.07124449779912e-07 1.07124449779912e-07 1.07124449779912e-08
0.1255222088835576 4.847378951580665e-06 2.7249699879951365e-06 10.758703481392962 1.5928731492597045e-07 1.5928731492597045e-07 1.5928731492597047e-08
0.059471788715487466 5.684313725490235e-06 2.2817527010803887e-06 13.475790316127018 5.438535414165444e-07 5.438535414165444e-07 5.4385354141654436e-08
0.12112845138055632 6.243457382953225e-06 3.024609843937501e-06 8.941976790716582 6.247959183673187e-07 6.247959183673187e-07 6.247959183673187e-08
0.1778151260504167 2.126450580232104e-06 1.6809123649459592e-06 12.343337334934473 7.341580632252539e-07 7.341580632252539e-07 7.34158063225254e-08
0.16960384153661237 5.349539815926407e-06 1.9774309723889245e-06 11.935174069628326 7.945950380151655e-07 7.945950380151655e-07 7.945950380151654e-08
0.08749099639856198 7.422288915566279e-06 2.8950780312124164e-06 12.275310124050115 4.193821528611313e-07 4.193821528611313e-07 4.193821528611313e-08
0.15037214885954436 3.82525010004004e-06 1.8681872749099372e-06 5.1524609843938265 1.1395958383353346e-07 1.1395958383353346e-07 1.1395958383353346e-08
0.05659063625450294 1.7097639055622331e-06 1.479591836734683e-06 6.5570228091238025 2.0893197278911573e-07 2.0893197278911573e-07 2.0893197278911572e-08
0.14316926770708444 5.985994397759098e-07 1.7776710684273478e-06 11.64705882352987 8.812933173268838e-07 8.812933173268838e-07 8.812933173268839e-08
0.06249699879952122 7.2370948379352255e-06 2.209963985594197e-06 12.163265306122938 8.417214885953941e-07 8.417214885953941e-07 8.417214885953942e-08
0.12494597839136082 5.271188475390192e-06 6.961584633853576e-07 6.717086834734056 6.629287715085725e-07 6.629287715085725e-07 6.629287715085724e-08
0.09390156062425255 7.226410564225742e-06 1.1253301320528247e-06 12.407362945178575 8.316486594637422e-07 8.316486594637422e-07 8.316486594637422e-08
0.04837935174069704 5.171468587435009e-06 3.6098439375749323e-06 13.719887955182655 4.916906762704897e-07 4.916906762704897e-07 4.9169067627048975e-08
0.17046818727490756 2.393557422969201e-06 1.2767106842737068e-06 4.58023209283717 3.654205682272817e-07 3.654205682272817e-07 3.654205682272817e-08
0.126530612244902 6.307563025210128e-06 2.2146458583432966e-06 6.653061224489955 7.654621848739499e-08 7.654621848739499e-08 7.654621848739498e-09
0.057166866746699845 8.93945578231299e-06 2.8727490996398445e-07 5.540616246498692 6.787575030011683e-07 6.787575030011683e-07 6.787575030011683e-08
0.12984393757503357 8.229691876750712e-07 8.584633853541495e-07 9.170068027211194 2.1972428971588644e-07 2.1972428971588644e-07 2.1972428971588643e-08
0.15901560624249628 2.3579431772709215e-06 1.4156062424969905e-06 11.48299319727936 6.136438575429898e-07 6.136438575429898e-07 6.136438575429899e-08
0.11327731092437349 1.3999199679872006e-06 5.869147659063631e-07 6.468987595038163 1.5964705882352948e-07 1.5964705882352948e-07 1.5964705882352947e-08
0.04088835534213727 1.9092036814725986e-06 3.452220888355251e-06 5.840736294517917 7.582609043617067e-07 7.582609043617067e-07 7.582609043617067e-08
0.0756062424970008 3.120088035214105e-06 1.4639855942376848e-06 12.83953581432626 2.3843097238895565e-07 2.3843097238895565e-07 2.3843097238895566e-08
0.13963985594237907 5.288995598239332e-06 2.7156062424969376e-06 4.728291316526654 8.050276110443764e-07 8.050276110443764e-07 8.050276110443764e-08
0.02036014405762305 5.014765906362579e-06 3.8247298919567647e-07 13.311724689876508 3.25848739495792e-07 3.25848739495792e-07 3.25848739495792e-08
0.10067226890756618 7.40448179271714e-06 9.380552220888456e-07 10.522609043617837 8.55032012805077e-07 8.55032012805077e-07 8.55032012805077e-08
0.1462665066026422 4.4235694277711376e-06 2.139255702280906e-07 7.437374949980198 6.600508203281005e-07 6.600508203281005e-07 6.600508203281005e-08
0.039591836734694234 7.781992797118902e-06 1.0145258103241377e-06 11.951180472189352 6.453013205281816e-07 6.453013205281816e-07 6.453013205281815e-08
0.16924369747898937 6.546178471388601e-06 9.708283313325429e-07 13.043617446979333 2.819599839935943e-07 2.819599839935943e-07 2.8195998399359434e-08
0.04513805522208945 1.4212885154061684e-06 2.1537815126050038e-06 8.753901560624534 8.791348539415298e-07 8.791348539415298e-07 8.791348539415298e-08
0.12869147659063998 1.9448179271708782e-06 2.934093637454912e-06 5.096438575430238 4.452901160464187e-08 4.452901160464187e-08 4.452901160464187e-09
0.11961584633853944 5.677190876350579e-06 1.1284513805522243e-06 12.847539015606772 2.0821248499399768e-07 2.0821248499399768e-07 2.0821248499399768e-08
0.10492196878751836 2.8875550220088005e-07 8.522208883553498e-07 5.668667466986895 5.409755902360724e-07 5.409755902360724e-07 5.409755902360724e-08
0.06537815126050574 2.0943977591036525e-06 7.632653061224543e-07 10.57462985194117 7.028603441376212e-07 7.028603441376212e-07 7.028603441376211e-08
0.15267707082833154 8.106082432973247e-06 3.6426170468186284e-06 4.760304121648705 8.654645858342879e-07 8.654645858342879e-07 8.65464585834288e-08
0.17154861944777655 5.385154061624687e-06 2.234933973589394e-06 8.997999199680171 2.97795118047219e-08 2.97795118047219e-08 2.97795118047219e-09
0.13935174069628067 2.215486194477803e-06 3.1322929171667885e-06 8.489795918367616 4.60752701080416e-07 4.60752701080416e-07 4.60752701080416e-08
0.02482593037214885 7.01984793917572e-06 7.49219687875155e-07 6.92116846738713 6.211984793917288e-07 6.211984793917288e-07 6.211984793917288e-08
0.09771908763505704 6.33961584633858e-06 3.7674669867946137e-06 4.936374549819984 6.172412965185798e-07 6.172412965185798e-07 6.172412965185798e-08
0.19178871548618895 7.4151660664266235e-06 2.481512605041965e-06 6.440976390556369 3.4311644657862387e-07 3.4311644657862387e-07 3.431164465786239e-08
0.06725090036014568 5.0432573029212025e-06 3.645738295318028e-06 12.91556622649113 6.564533813525105e-07 6.564533813525105e-07 6.564533813525106e-08
0.17457382953180972 2.069467787114857e-06 2.1631452581032026e-06 7.789515806322756 6.945862344937642e-07 6.945862344937642e-07 6.945862344937642e-08
0.1670828331332514 3.882232893157288e-06 1.6216086434573662e-06 10.010404161665026 1.22233693477391e-07 1.22233693477391e-07 1.2223369347739101e-08
0.07567827130852542 6.057222889155657e-07 3.3039615846337683e-06 5.364545818327413 4.913309323729308e-07 4.913309323729308e-07 4.913309323729308e-08
0.08122448979592063 6.738495398159311e-06 1.2891956782713054e-06 12.559423769508316 6.244361744697598e-07 6.244361744697598e-07 6.244361744697598e-08
0.06653061224489955 5.353101240496235e-06 1.1404561824729894e-07 6.432973189275856 3.0570308123248815e-07 3.0570308123248815e-07 3.0570308123248813e-08
0.0947659063625479 6.859583833533462e-06 1.9540216086434273e-06 7.08523409363764 6.661664665866034e-07 6.661664665866034e-07 6.661664665866034e-08
0.10751500600240443 4.840256102441009e-06 2.542376950780258e-06 13.07963185274164 4.683073229291549e-07 4.683073229291549e-07 4.683073229291549e-08
0.16837935174069418 4.01756702681075e-06 9.9423769507804e-07 4.7082833133253725 5.186714685874145e-07 5.186714685874145e-07 5.1867146858741455e-08
0.12926770708283677 4.2526210484193955e-06 2.4112845138054734e-06 12.01920768307371 6.546546618647155e-07 6.546546618647155e-07 6.546546618647156e-08
0.16643457382953 4.028251300520234e-06 1.0051620648259388e-06 11.995198079232171 4.524849939975992e-08 4.524849939975992e-08 4.524849939975992e-09
0.16247298919567704 1.7774309723889643e-06 2.2224489795917957e-06 4.94037615046024 6.449415766306226e-07 6.449415766306226e-07 6.449415766306226e-08
0.16153661464585725 7.796238495398214e-06 2.1054021608643094e-06 11.410964385754745 2.1180992396958792e-07 2.1180992396958792e-07 2.118099239695879e-08
0.05939975990396285 8.51920768307329e-06 5.385354141656655e-07 12.37935174069678 6.129243697478718e-07 6.129243697478718e-07 6.129243697478718e-08
0.1655702280912348 4.4271308523409655e-06 2.2052821128450977e-06 5.4805922368948465 6.399051620647966e-07 6.399051620647966e-07 6.399051620647966e-08
0.1873949579831884 8.768507402961247e-06 1.9056422569027328e-06 11.955182072829608 1.0208803521408567e-07 1.0208803521408567e-07 1.0208803521408567e-08
0.1953901560624189 3.4014405762305136e-06 2.7078031212484385e-06 13.879951980792908 2.114565826330533e-08 2.114565826330533e-08 2.114565826330533e-09
0.11414165666266884 2.678471388555438e-06 2.0612244897959126e-07 8.565826330532486 7.510660264105268e-07 7.510660264105268e-07 7.510660264105268e-08
0.13099639855942716 4.113725490196105e-06 9.162064825930466e-07 6.160864345738425 5.622004801920532e-07 5.622004801920532e-07 5.622004801920532e-08
0.16240096038415244 4.587394957983224e-06 1.6606242496998616e-06 10.974789915966804 4.719047619047449e-07 4.719047619047449e-07 4.719047619047449e-08
0.16859543817526798 1.285954381752706e-06 2.746818727490934e-06 11.759103641457047 8.748179271708219e-07 8.748179271708219e-07 8.748179271708219e-08
0.036854741896758934 9.511804721888777e-07 3.730012004801818e-06 5.452581032413052 2.963497398959542e-07 2.963497398959542e-07 2.9634973989595423e-08
0.12019207683073635 6.47851140456187e-06 7.351740696278557e-07 8.929971988795813 5.283845538215075e-07 5.283845538215075e-07 5.283845538215075e-08
0.04132052821128495 3.6543017206882988e-06 2.771788715486131e-06 5.636654661864844 1.1180112044817932e-07 1.1180112044817932e-07 1.1180112044817932e-08
0.0821608643457406 7.383113245298172e-06 2.397238895558175e-06 13.627851140456759 5.089583833533216e-07 5.089583833533216e-07 5.089583833533216e-08
0.08352941176470825 5.438575430172106e-06 2.534573829531759e-06 12.831532613045747 7.150916366546271e-07 7.150916366546271e-07 7.15091636654627e-08
0.17954381752700707 5.794717887154902e-06 8.210084033613514e-07 4.788315326130499 8.291304521808292e-07 8.291304521808292e-07 8.291304521808293e-08
0.06156062424970125 1.193357342937179e-06 2.3519807923168804e-06 7.745498199279936 5.96016406562599e-07 5.96016406562599e-07 5.9601640656259896e-08
0.0990876350540247 7.692957182873203e-06 2.0882352941176115e-06 9.418167266907087 2.355530212084835e-07 2.355530212084835e-07 2.355530212084835e-08
0.12040816326531019 6.371668667467031e-06 3.4553421368546505e-06 9.898359343737848 1.7727450980392164e-07 1.7727450980392164e-07 1.7727450980392165e-08
0.18393757503000763 7.055462184874e-06 2.7499399759903335e-06 4.732292917166911 3.5858543417366075e-07 3.5858543417366075e-07 3.5858543417366075e-08
0.06170468187275047 2.9598239295718467e-06 1.5326530612244767e-06 11.879151660664737 8.352460984393322e-07 8.352460984393322e-07 8.352460984393322e-08
0.08237695078031444 5.203521408563461e-06 3.7310924369747725e-07 8.061624649860187 1.5676910764305729e-07 1.5676910764305729e-07 1.5676910764305727e-08
0.05759903961584752 5.851700680272149e-06 2.01644657863142e-06 7.4693877551022485 9.63385354141657e-09 9.63385354141657e-09 9.63385354141657e-10
0.05493397358943684 8.408803521408623e-06 4.6986794717886914e-07 10.906762705082446 6.168815526210208e-07 6.168815526210208e-07 6.168815526210209e-08
0.17414165666266213 1.4629851940776312e-07 3.104201680672192e-06 11.03481392557065 5.319819927970974e-07 5.319819927970974e-07 5.3198199279709746e-08
0.17003601440575997 7.140936374549871e-06 2.94969987995191e-06 5.472589035614334 3.010264105642212e-07 3.010264105642212e-07 3.010264105642212e-08
0.04470588235294177 2.9491396558623628e-06 3.1837935174068824e-06 5.6206482593038185 5.309027611044205e-07 5.309027611044205e-07 5.309027611044205e-08
0.06595438175270264 4.398639455782342e-06 5.666266506602641e-07 7.593437374950195 2.0929171668667476e-07 2.0929171668667476e-07 2.0929171668667476e-08
0.13193277310924695 5.527611044417805e-06 6.88355342136858e-07 11.631052420968844 3.25488995598233e-07 3.25488995598233e-07 3.25488995598233e-08
0.020936374549819926 5.716366546618687e-06 2.704681872749039e-06 13.04761904761959 7.2480472188872e-07 7.2480472188872e-07 7.2480472188872e-08
0.1369027611044443 3.3052821128451587e-06 5.88475390156063e-07 8.10164065626275 1.1935574229691881e-07 1.1935574229691881e-07 1.1935574229691881e-08
0.11082833133253664 7.945818327330989e-06 1.4046818727490918e-06 8.237695078031466 6.899159663865549e-08 6.899159663865549e-08 6.899159663865549e-09
0.14986794717887217 6.296878751500644e-06 2.950780312124838e-07 7.261304521808919 4.4888115246096907e-07 4.4888115246096907e-07 4.4888115246096904e-08
0.08403361344538055 3.7682673069227935e-06 2.9372148859543115e-06 11.75510204081679 4.744229691876579e-07 4.744229691876579e-07 4.744229691876579e-08
0.14950780312124917 4.4342537014806214e-06 1.7480192076830513e-06 6.492997198879701 7.690532212884767e-07 7.690532212884767e-07 7.690532212884766e-08
0.1577911164465781 8.793437374950043e-06 9.146458583433467e-07 7.04121648659482 5.301832733093025e-07 5.301832733093025e-07 5.301832733093025e-08
0.07020408163265482 6.021608643457377e-07 3.052701080432098e-06 9.746298519408107 2.6721048419367544e-07 2.6721048419367544e-07 2.6721048419367544e-08
0.17493397358943272 5.638015206082472e-06 8.054021608643522e-07 4.6842737094838345 6.963849539815592e-07 6.963849539815592e-07 6.963849539815592e-08
0.10981992797119206 4.71560624249703e-06 2.0039615846338214e-06 9.246098439376064 5.755110044017361e-07 5.755110044017361e-07 5.755110044017361e-08
0.1363265306122475 6.076070428171311e-06 1.7823529411764473e-06 6.941176470588411 6.413441376550326e-07 6.413441376550326e-07 6.413441376550326e-08
0.05435774309723993 4.850940376150493e-06 1.0566626650660327e-06 7.36934773909584 8.374045618246861e-07 8.374045618246861e-07 8.374045618246861e-08
0.19207683073228735 6.086754701880795e-06 8.022809123649523e-07 13.055622248900102 3.23330532212879e-07 3.23330532212879e-07 3.23330532212879e-08
0.12271308523409781 4.679991996798751e-06 2.158463385354103e-06 8.169667867147108 7.435114045617879e-07 7.435114045617879e-07 7.435114045617879e-08
0.14230492196878924 5.805402160864386e-06 3.96878751500589e-06 7.405362144858147 3.884441776710575e-07 3.884441776710575e-07 3.884441776710575e-08
0.18710684273709 8.15238095238101e-06 2.806122448979527e-06 10.798719487795525 9.956982793117251e-08 9.956982793117251e-08 9.95698279311725e-09
0.1376950780312149 6.67082833133258e-06 2.0102040816326207e-06 13.759903961585218 5.679563825529972e-07 5.679563825529972e-07 5.679563825529972e-08
0.02266506602641056 2.297398959583846e-06 2.982472989195606e-06 9.806322529011952 2.560584233693465e-07 2.560584233693465e-07 2.5605842336934652e-08
0.19272509003600874 2.7140856342537175e-06 3.5396158463384405e-06 5.23649459783921 2.841184473789483e-07 2.841184473789483e-07 2.841184473789483e-08
0.15282112845138074 5.823209283713526e-06 6.056422569027621e-07 4.5562224889956315 4.57515006002385e-07 4.57515006002385e-07 4.57515006002385e-08
0.043697478991597184 7.522008803521462e-06 1.0004801920768394e-06 9.17406962785145 4.283757503001062e-07 4.283757503001062e-07 4.2837575030010625e-08
0.054645858343338384 4.551780712284944e-06 2.415966386554573e-06 9.79831932773144 5.373781512604824e-07 5.373781512604824e-07 5.373781512604824e-08
0.032965186074429824 2.739015606242513e-06 1.1331332533013237e-06 7.793517406963012 4.906114445778128e-07 4.906114445778128e-07 4.906114445778128e-08
0.026338535414165653 7.410564225690281e-07 2.287995198079188e-06 6.509003601440726 2.2404121648659473e-07 2.2404121648659473e-07 2.2404121648659474e-08
0.035054021608643605 3.3444577831132663e-06 3.954741896758592e-06 8.421768707483258 6.204789915966108e-07 6.204789915966108e-07 6.204789915966108e-08
0.1576470588235289 8.533453381352602e-06 3.689435774309623e-06 5.02841136454588 6.949459783913232e-07 6.949459783913232e-07 6.949459783913232e-08
0.09599039615846633 3.871548619447804e-06 1.7043217286914565e-06 12.463385354142163 5.639991996798482e-07 5.639991996798482e-07 5.639991996798482e-08
0.0931092436974818 3.2447378951580834e-06 1.139375750300123e-06 11.30692276910808 7.093357342936831e-07 7.093357342936831e-07 7.093357342936831e-08
0.15022809123649516 5.848139255702321e-06 2.5813925570227534e-06 5.008403361344598 6.463805522208586e-07 6.463805522208586e-07 6.463805522208586e-08
0.029867947178871528 5.734173669467827e-06 1.0753901560624305e-06 6.633053221288673 6.014125650259839e-07 6.014125650259839e-07 6.014125650259839e-08
0.04247298919567876 6.4464585834334185e-06 1.343817527010799e-06 12.443377350940882 4.042729091636534e-07 4.042729091636534e-07 4.042729091636534e-08
0.12919567827131218 1.5779911964785986e-06 3.7846338535413117e-06 12.41136454581883 7.920768307322525e-07 7.920768307322525e-07 7.920768307322525e-08
0.032100840336134466 8.376750700280172e-06 1.4249699879951894e-06 4.0 6.283933573429087e-07 6.283933573429087e-07 6.283933573429087e-08
0.023889555822328924 4.704921968787546e-06 3.525570228091142e-06 12.059223689476273 3.158463385354142e-09 3.158463385354142e-09 3.158463385354142e-10
0.09944777911164776 1.460464185674276e-06 2.184993997599e-06 4.104041616646665 3.6002440976389674e-07 3.6002440976389674e-07 3.6002440976389677e-08
0.09815126050420472 2.1941176470588354e-06 3.706602641056321e-06 7.1652661064427665 1.5173269307723095e-07 1.5173269307723095e-07 1.5173269307723095e-08
0.09656662665066323 6.681512605042064e-06 2.2848739495797883e-06 9.958383353341693 7.942416966786718e-08 7.942416966786718e-08 7.942416966786718e-09
0.04945978391356624 8.22360944377757e-06 3.3460984393756633e-06 13.707883153261886 8.63306122448934e-07 8.63306122448934e-07 8.63306122448934e-08
0.08777911164466043 1.0544617847138886e-06 2.8451380552220223e-06 12.46738695478242 5.765902360944131e-07 5.765902360944131e-07 5.765902360944131e-08
0.14208883553421545 7.290516206482645e-06 1.9883553421368232e-06 4.644257703081271 6.841536614645533e-07 6.841536614645533e-07 6.841536614645533e-08
0.03692677070828355 2.507523009203696e-06 5.026410564225673e-07 11.535014005602692 4.970868347338747e-07 4.970868347338747e-07 4.970868347338747e-08
0.11046818727491357 6.613845538215333e-06 2.1069627851140093e-06 13.379751900760866 4.729839935974219e-07 4.729839935974219e-07 4.729839935974219e-08
0.06264105642257044 5.43145258103245e-06 1.393757503001193e-06 5.880752300920481 8.60787915166021e-07 8.60787915166021e-07 8.60787915166021e-08
0.02244897959183673 1.713325330132061e-06 7.195678271308565e-07 12.951580632253437 3.510308123249218e-07 3.510308123249218e-07 3.5103081232492183e-08
0.053277310924370734 2.942016806722707e-06 3.392917166866658e-06 9.486194477791445 3.3304361744697194e-07 3.3304361744697194e-07 3.33043617446972e-08
0.12285714285714704 5.79827931172473e-06 2.966866746698608e-06 8.225690276110697 5.111168467386756e-07 5.111168467386756e-07 5.111168467386756e-08
0.06509003601440728 3.109403761504621e-06 2.607442977190867e-07 12.435374149660369 1.510132052821129e-07 1.510132052821129e-07 1.510132052821129e-08
0.14511404561824862 7.4970788315326666e-06 4.464585834333711e-07 5.580632252901255 3.3160464185673595e-07 3.3160464185673595e-07 3.3160464185673595e-08
0.08172869147659292 1.2645858343337382e-06 9.895558223289407e-07 12.623449379752417 8.5035534213681e-07 8.5035534213681e-07 8.5035534213681e-08
0.04139255702280956 4.380832332933202e-06 2.2318127250899946e-06 6.332933173269447 8.392032813124811e-07 8.392032813124811e-07 8.392032813124811e-08
0.10557022809123988 5.157222889155697e-06 1.6777911164465596e-06 13.843937575030601 2.0426170468187282e-08 2.0426170468187282e-08 2.0426170468187283e-09
0.18833133253300818 6.998479391756752e-06 2.6547418967586448e-06 7.133253301320716 6.287531012404677e-07 6.287531012404677e-07 6.287531012404677e-08
0.1262424969988036 2.7781912765106207e-06 2.1116446578631087e-06 6.452981192477138 6.920680272108512e-07 6.920680272108512e-07 6.920680272108512e-08
0.06328931572629196 2.8138055222089003e-06 2.252100840336092e-06 9.87434973989631 2.621740696278495e-07 2.621740696278495e-07 2.621740696278495e-08
0.08288115246098673 1.2289715886354586e-06 2.6048019207682506e-06 8.773909563825816 2.3915046018407365e-07 2.3915046018407365e-07 2.3915046018407364e-08
0.12948379351741057 6.983193277310926e-07 5.120048019207668e-07 5.044417767106905 8.359655862344502e-07 8.359655862344502e-07 8.359655862344501e-08
0.027779111644657847 8.946578631452645e-06 3.4381752701079525e-06 13.919967987195472 3.697438975590237e-08 3.697438975590237e-08 3.6974389755902373e-09
0.02727490996398558 1.5210084033613513e-06 3.5240096038414424e-06 8.717887154862227 3.553541416566628e-08 3.553541416566628e-08 3.553541416566628e-09
0.11241296518607813 4.0628251300520096e-07 1.9602641056422265e-06 11.462985194078078 2.175658263305323e-07 2.175658263305323e-07 2.175658263305323e-08
0.06400960384153809 7.1480592236895265e-06 2.405042016806674e-06 5.26850740296126 2.2871788715486204e-07 2.2871788715486204e-07 2.2871788715486203e-08
0.1456902761104454 5.598839535814364e-06 2.813925570228026e-06 9.042016806722991 1e-09 1e-09 1e-10
0.16110444177670966 3.209123649459804e-06 1.045738295318134e-06 9.63425370148093 4.028339335734174e-07 4.028339335734174e-07 4.028339335734174e-08
0.145402160864347 3.7718287314926214e-06 2.1303721488595065e-06 9.310124049620166 4.5391756702679503e-07 4.5391756702679503e-07 4.5391756702679503e-08
0.0963505402160894 3.291036414565847e-06 2.35510204081628e-06 7.485394157663274 2.614545818327315e-07 2.614545818327315e-07 2.6145458183273148e-08
0.1573589435774305 8.910964385754366e-06 2.456542617046768e-06 13.291716686675226 1.1719727891156467e-07 1.1719727891156467e-07 1.1719727891156467e-08
0.06609843937575187 4.085234093637481e-06 1.470228091236484e-06 8.8579431772712 3.3376950780312135e-08 3.3376950780312135e-08 3.3376950780312135e-09
0.042328931572629534 3.2518607442977393e-06 3.483433373349247e-06 10.890756302521421 4.737034813925399e-07 4.737034813925399e-07 4.737034813925399e-08
0.027418967587034798 8.234293717487053e-06 2.4097238895557736e-06 9.154061624650168 3.3268387354941294e-07 3.3268387354941294e-07 3.326838735494129e-08
0.07474189675870545 5.435014005602278e-06 2.0273709483793186e-06 5.440576230492283 3.5714645858342476e-07 3.5714645858342476e-07 3.5714645858342473e-08
0.08144057623049447 1.5316926770708351e-06 2.175630252100801e-06 10.230492196879124 7.18329331732658e-07 7.18329331732658e-07 7.18329331732658e-08
0.0870588235294143 6.061824729891999e-06 1.768307322929149e-06 10.930772308923984 1.7331732693077238e-07 1.7331732693077238e-07 1.7331732693077238e-08
0.19099639855941836 5.085994397759138e-06 3.2009603841535804e-06 10.602641056422964 3.4635414165665484e-07 3.4635414165665484e-07 3.463541416566548e-08
0.09015606242497266 4.915046018407396e-06 3.3117647058822674e-06 8.741896758703765 3.1937334933973004e-07 3.1937334933973004e-07 3.1937334933973e-08
0.18206482593036805 8.74713885554228e-06 6.524609843937598e-07 9.402160864346062 3.150564225690221e-07 3.150564225690221e-07 3.150564225690221e-08
0.1204801920768348 3.9036014405762555e-06 3.441296518607352e-06 13.315726290516764 8.165394157662643e-07 8.165394157662643e-07 8.165394157662644e-08
0.13841536614646088 7.739255702280967e-06 2.0554621848739153e-06 5.592637054822024 6.280336134453497e-07 6.280336134453497e-07 6.280336134453498e-08
0.10247298919568151 4.4901960784313584e-07 1.4717887154861839e-06 10.914765906362959 3.154161664665811e-07 3.154161664665811e-07 3.154161664665811e-08
0.046650660264106324 5.445698279311762e-06 1.4593037214885853e-06 11.490996398559872 7.927963185273705e-07 7.927963185273705e-07 7.927963185273704e-08
0.060624249699881276 5.335294117647095e-06 2.389435774309676e-06 5.896758703481506 2.718871548619424e-07 2.718871548619424e-07 2.718871548619424e-08
0.15822328931572568 2.1752701080432178e-07 1.4213685474189662e-07 13.70388155262163 2.567779111644645e-07 2.567779111644645e-07 2.5677791116446453e-08
0.05846338535414288 6.581792717086881e-06 3.570828331332437e-06 11.663065226090895 1.5784833933573436e-07 1.5784833933573436e-07 1.5784833933573435e-08
0.18091236494597446 8.59043617446985e-06 9.09963985594247e-07 13.43977591036471 3.3484233693476693e-07 3.3484233693476693e-07 3.3484233693476696e-08
0.13920768307323148 1.0356142456982793e-07 1.3906362545017934e-06 4.576230492196913 2.715274109643834e-07 2.715274109643834e-07 2.715274109643834e-08
0.08864345738295579 2.211924769907975e-06 1.1612244897959204e-06 9.894357743097592 2.3447378951580642e-07 2.3447378951580642e-07 2.3447378951580642e-08
0.12328931572629472 6.300440176070472e-06 2.8498199279711218e-06 6.372949179672011 1.4670268107242902e-08 1.4670268107242902e-08 1.4670268107242902e-09
0.166794717887153 5.41364545818331e-06 2.6500600240095453e-06 13.947979191677266 9.453341336534617e-08 9.453341336534617e-08 9.453341336534617e-09
0.06501800720288267 2.0730292116846848e-06 3.722208883553319e-06 10.926770708283728 3.898831532612935e-07 3.898831532612935e-07 3.898831532612935e-08
0.11471788715486575 5.890876350540257e-06 7.367346938775556e-07 12.531412565026521 8.758971588634989e-07 8.758971588634989e-07 8.758971588634989e-08
0.15375750300120053 8.405242096838795e-06 2.3109243697478916e-07 5.084433773509469 8.730192076830269e-07 8.730192076830269e-07 8.730192076830269e-08
0.18285714285713864 3.8181272509003845e-06 3.1681872749098843e-06 8.817927170868636 1.3194677871148465e-07 1.3194677871148465e-07 1.3194677871148465e-08
0.18040816326530226 7.675150060024064e-06 2.7920768307322286e-06 5.856742697078943 8.60428171268462e-07 8.60428171268462e-07 8.60428171268462e-08
0.17039615846338296 5.061064425770342e-06 3.962545018007091e-06 5.344537815126131 3.8700520208082154e-07 3.8700520208082154e-07 3.8700520208082156e-08
0.029795918367346918 4.772589035614278e-06 3.6238895558222306e-06 9.670268107243237 3.3376310524208994e-07 3.3376310524208994e-07 3.337631052420899e-08
0.1968307322929109 6.913005202080881e-06 3.280552220888271e-06 10.66266506602681 1.707991196478592e-07 1.707991196478592e-07 1.7079911964785922e-08
0.16096038415366046 1.4782713085234157e-06 3.5661464585833374e-06 4.336134453781533 4.7658143257301186e-07 4.7658143257301186e-07 4.7658143257301185e-08
0.16369747899159523 7.172989195678322e-06 1.1175270108043256e-06 6.060824329732016 2.236814725890357e-07 2.236814725890357e-07 2.236814725890357e-08
0.06617046818727648 4.897238895558256e-06 1.0831932773109296e-06 7.049219687875333 3.118187274909911e-07 3.118187274909911e-07 3.118187274909911e-08
0.10002400960384467 2.0160464185674374e-06 2.2302521008402947e-06 9.95038015206118 8.025094037614634e-07 8.025094037614634e-07 8.025094037614634e-08
0.1767346938775477 6.343177270908408e-06 3.6847539015605234e-06 4.5322128851540935 1.7763425370148066e-07 1.7763425370148066e-07 1.7763425370148066e-08
0.06753901560624413 1.2218487394958027e-06 2.161584633853503e-06 12.763505402161389 2.9491076430571823e-07 2.9491076430571823e-07 2.949107643057182e-08
0.10031212484994312 6.731372549019655e-06 5.603841536614644e-07 13.611844737895733 1.448975590236095e-07 1.448975590236095e-07 1.448975590236095e-08
0.10686674669868292 2.1798719487795235e-06 1.2423769507803109e-06 13.163665466187023 3.754933973589336e-07 3.754933973589336e-07 3.7549339735893364e-08
0.02504201680672268 7.536254501800774e-06 2.202160864345698e-06 12.179271708683963 4.690268107242729e-07 4.690268107242729e-07 4.690268107242729e-08
0.07222088835534399 7.906642657062881e-06 1.495198079231681e-06 12.507402961184983 2.006642657062826e-08 2.006642657062826e-08 2.006642657062826e-09
0.09483793517407252 3.4573829531812655e-07 3.264945978391273e-06 10.590636254502195 2.744053621448554e-07 2.744053621448554e-07 2.744053621448554e-08
0.04773109243697552 8.298399359743957e-06 9.599039615846441e-07 5.508603441376641 6.460208083232996e-07 6.460208083232996e-07 6.460208083232996e-08
0.07625450180072232 2.1050820328131364e-06 2.1990396158462984e-06 5.5966386554622805 7.086162464985651e-07 7.086162464985651e-07 7.086162464985652e-08
0.037214885954382 4.395078031212514e-06 2.8685474189675196e-06 4.0760304121648705 3.398787515005929e-07 3.398787515005929e-07 3.398787515005929e-08
0.08115246098439602 5.81608643457387e-06 2.840456182472923e-06 12.51140456182524 8.330876350539782e-07 8.330876350539782e-07 8.330876350539782e-08
0.10830732292917518 1.5886754701880825e-06 9.989195678271395e-07 13.019607843137795 9.237494997999203e-08 9.237494997999203e-08 9.237494997999203e-09
0.18242496998799104 7.575430172068882e-06 3.1588235294116854e-06 13.115646258503947 8.816530612244428e-07 8.816530612244428e-07 8.816530612244428e-08
0.17176470588235035 2.30808323329333e-06 3.5833133253300354e-06 8.761904761905047 8.449591836734251e-07 8.449591836734251e-07 8.44959183673425e-08
0.15966386554621767 2.400680272108857e-06 9.411764705882454e-07 9.782312925170414 5.003245298119057e-07 5.003245298119057e-07 5.003245298119057e-08
0.18905162064825418 1.374989995998405e-06 1.8728691476590366e-06 9.690276110444518 6.679651860743984e-07 6.679651860743984e-07 6.679651860743984e-08
0.07697478991596846 3.472669067627073e-06 4.370948379351719e-07 4.092036814725896 8.914365746298522e-09 8.914365746298522e-09 8.914365746298522e-10
0.16024009603841446 2.824489795918384e-06 3.989075630251988e-06 10.046418567427333 3.909623849539705e-07 3.909623849539705e-07 3.909623849539705e-08
0.1477070828331342 7.126690676270559e-06 2.1912364945977993e-06 12.107242897159349 8.61507402961139e-07 8.61507402961139e-07 8.61507402961139e-08
0.11709483793517798 8.177310924369806e-06 2.1709483793517017e-06 6.54901960784329 8.539527811124e-07 8.539527811124e-07 8.539527811124e-08
0.10103241296518925 4.466306522609073e-06 2.4893157262904642e-06 6.344937975190216 7.769675870347746e-07 7.769675870347746e-07 7.769675870347747e-08
0.15310924369747914 1.2040416166466629e-06 3.502160864345645e-06 11.863145258103712 4.776606642656889e-07 4.776606642656889e-07 4.776606642656888e-08
0.07380552220888548 9.226890756302541e-07 2.5907563025209523e-06 5.612645058023306 7.294877951180475e-08 7.294877951180475e-08 7.2948779511804745e-09
0.09512605042017097 1.538815526210491e-06 3.979711884753789e-06 10.12645058023246 6.794769907962863e-07 6.794769907962863e-07 6.794769907962863e-08
0.146122448979593 4.281112444978019e-06 3.747178871548516e-06 8.833933573429661 4.3844857943175815e-07 4.3844857943175815e-07 4.3844857943175816e-08
0.06912364945978562 5.634453781512644e-06 1.2595438175270089e-06 4.012004801920769 4.960076030411977e-07 4.960076030411977e-07 4.960076030411977e-08
0.11817527010804718 4.5970388155261956e-07 4.1836734693877346e-07 9.162064825930681 5.021232492997007e-07 5.021232492997007e-07 5.021232492997007e-08
0.14136854741896945 4.701360544217718e-06 2.8545018007202212e-06 13.60384153661522 5.542861144457553e-07 5.542861144457553e-07 5.542861144457553e-08
0.18307322929171244 4.273989595838363e-06 8.89675870348148e-07 8.465786314526078 5.474509803921343e-07 5.474509803921343e-07 5.474509803921343e-08
0.0601920768307336 7.461464585834387e-06 1.6013205282112686e-06 5.776710684273816 7.881196478591035e-07 7.881196478591035e-07 7.881196478591035e-08
0.12206482593037629 8.366066426570688e-06 6.540216086434597e-07 12.615446178471904 8.269719887954752e-07 8.269719887954752e-07 8.269719887954752e-08
0.15346938775510213 3.536774709883976e-06 1.9009603841536333e-06 11.218887555022441 1.8051220488195285e-07 1.8051220488195285e-07 1.8051220488195285e-08
0.10996398559424128 6.524809923969634e-06 5.915966386554629e-07 9.26210484193709 4.172236894757773e-07 4.172236894757773e-07 4.172236894757773e-08
0.10189675870348461 7.792677070828386e-06 2.6313325330131475e-06 13.023609443778051 4.1326650660262834e-07 4.1326650660262834e-07 4.1326650660262835e-08
0.07740696278511613 5.420768307322966e-06 5.307322929171659e-07 13.411764705882916 4.61112444977975e-07 4.61112444977975e-07 4.61112444977975e-08
0.18019207683072846 5.7484193677471385e-06 2.5454981992796576e-06 9.474189675870676 7.625778311324147e-07 7.625778311324147e-07 7.625778311324148e-08
0.17421368547418672 5.8303321328531815e-06 1.7386554621848524e-06 7.65346138455404 5.312625050019795e-07 5.312625050019795e-07 5.3126250500197945e-08
0.058535414165667495 4.4545818327330793e-07 2.7436974789915343e-06 12.30332132853191 1.024477791116447e-07 1.024477791116447e-07 1.024477791116447e-08
0.15836734693877488 6.336054421768752e-06 2.4128451380551732e-06 12.079231692677554 6.773185274109324e-07 6.773185274109324e-07 6.773185274109323e-08
0.12192076830732707 2.051660664265717e-06 3.347659063625363e-06 7.853541416566857 3.9563905562223747e-07 3.9563905562223747e-07 3.9563905562223746e-08
0.18177671068426965 4.1635854341736965e-06 5.08883553421367e-07 4.484193677471017 8.338071228490962e-07 8.338071228490962e-07 8.338071228490961e-08
0.08547418967587281 6.770548219287763e-06 2.924729891956713e-06 12.807523009204209 9.201520608243301e-08 9.201520608243301e-08 9.201520608243301e-09
0.1267466986794758 4.156462585034041e-06 3.1572629051619856e-06 8.14565826330557 2.452661064425766e-07 2.452661064425766e-07 2.452661064425766e-08
0.058319327731093655 5.965666266506644e-06 3.356542617046804e-07 10.310524209684251 8.050340136054425e-08 8.050340136054425e-08 8.050340136054424e-09
0.04182472989195724 8.67591036414572e-06 3.0979591836733926e-06 8.745898359344022 4.808983593437198e-07 4.808983593437198e-07 4.808983593437198e-08
0.05918367346938901 4.537535014005632e-06 1.020768307322937e-06 12.18327330932422 6.571728691476285e-07 6.571728691476285e-07 6.571728691476285e-08
0.04629051620648326 8.088275310124107e-06 3.9812725090034885e-06 8.705882352941458 8.697815126049959e-07 8.697815126049959e-07 8.697815126049959e-08
0.15987995198079147 5.737735094037655e-06 6.899159663865579e-07 11.93117246898807 2.5425970388155153e-07 2.5425970388155153e-07 2.5425970388155153e-08
0.17860744297718728 2.7888755502201046e-06 3.009003601440503e-06 8.437775110044283 3.9995598239294544e-07 3.9995598239294544e-07 3.9995598239294544e-08
0.15498199279711872 7.2406562625050535e-06 9.78631452581042e-07 12.09523809523858 2.1037094837935183e-07 2.1037094837935183e-07 2.1037094837935183e-08
0.13092436974790256 3.821688675470212e-06 2.033613445378118e-06 12.519407763105752 8.902869147658588e-07 8.902869147658588e-07 8.902869147658588e-08
0.19474189675869752 2.144257703081244e-06 1.011404561824738e-06 11.226890756302954 1.3806242496998805e-07 1.3806242496998805e-07 1.3806242496998804e-08
0.12840336134454158 7.073269307723139e-06 1.5950780312124693e-06 8.80192076830761 8.935246098438897e-07 8.935246098438897e-07 8.935246098438897e-08
0.11687875150060414 1.6563425370148137e-06 2.576710684273654e-06 6.072829131652785 2.427478991596636e-07 2.427478991596636e-07 2.427478991596636e-08
0.19070828331331996 3.87867146858746e-06 3.161944777911085e-06 6.300920368147397 1.2295318127250905e-07 1.2295318127250905e-07 1.2295318127250905e-08
0.05932773109243824 6.4428971588635906e-06 2.5954381752700517e-06 12.655462184874468 7.377555022008439e-07 7.377555022008439e-07 7.377555022008439e-08
0.084321728691479 1.634973989595846e-06 3.857983193277203e-06 10.742697078831936 3.085874349739897e-08 3.085874349739897e-08 3.0858743497398967e-09
0.10600240096038756 6.5319327731092896e-06 7.414165666266554e-07 7.617446978791733 2.2008403361344547e-07 2.2008403361344547e-07 2.2008403361344547e-08
0.18112845138054826 2.2831532613045344e-06 2.2396158463384936e-06 8.521808723489666 5.10044017607043e-08 5.10044017607043e-08 5.10044017607043e-09
0.12912364945978758 5.801840736294558e-06 3.6270108043216302e-06 13.983993597439573 7.668947579031227e-07 7.668947579031227e-07 7.668947579031227e-08
0.16405762304921823 7.030532212885204e-06 1.1971188475390162e-06 8.23369347739121 6.575390156062427e-08 6.575390156062427e-08 6.575390156062427e-09
0.1871788715486146 8.440856342537075e-06 1.7729891956782484e-06 13.16766706682728 7.19768307322894e-07 7.19768307322894e-07 7.19768307322894e-08
0.03130852340936372 5.007643057222923e-06 1.2533013205282096e-06 10.630652260904759 2.294437775110045e-08 2.294437775110045e-08 2.2944377751100447e-09
0.07517406962785313 1.4960784313725555e-06 1.0941176470588283e-06 4.504201680672299 5.485302120848113e-07 5.485302120848113e-07 5.485302120848113e-08
0.14893157262905238 3.803881552621073e-06 3.0214885954381016e-06 9.534213685474521 5.668771508603202e-07 5.668771508603202e-07 5.668771508603202e-08
0.1666506602641038 5.691436574629891e-06 3.0308523409363005e-06 13.343737494998559 2.8951460584233327e-07 2.8951460584233327e-07 2.8951460584233326e-08
0.06869147659063794 8.430172068827591e-06 1.8853541416566352e-06 13.81192476990855 5.053609443777316e-07 5.053609443777316e-07 5.053609443777316e-08
0.05896758703481517 2.6855942376950938e-06 1.9103241296518324e-06 5.228491396558697 4.844957983193098e-07 4.844957983193098e-07 4.844957983193098e-08
0.02929171668667465 2.2108843537414972e-07 2.592316926770652e-06 13.547819127651632 4.290952380952242e-07 4.290952380952242e-07 4.290952380952242e-08
0.08993997599039882 5.278311324529848e-06 1.8088835534213442e-06 8.009603841536855 5.632797118847302e-07 5.632797118847302e-07 5.6327971188473024e-08
0.15274909963985614 1.0712284913965586e-07 2.871668667466919e-06 5.380552220888438 1.7907322929171676e-07 1.7907322929171676e-07 1.7907322929171677e-08
0.020504201680672268 7.963625450180128e-06 1.5919567827130697e-06 13.895958383353934 1.387819127651061e-07 1.387819127651061e-07 1.387819127651061e-08
0.024105642256902753 4.276510604241684e-07 2.770228091236431e-06 6.38495398159278 4.035534213685354e-07 4.035534213685354e-07 4.035534213685354e-08
0.052124849939976924 1.1292517006802757e-06 3.0620648259302968e-06 5.036414565826393 3.1865386154461205e-07 3.1865386154461205e-07 3.186538615446121e-08
0.1278271308523448 6.777671068427419e-06 1.2938775510204048e-06 7.373349339736096 4.6327090836332896e-07 4.6327090836332896e-07 4.6327090836332894e-08
0.035486194477791284 2.5146458583433517e-06 1.5108043217286793e-06 9.846338535414516 3.488723489395678e-07 3.488723489395678e-07 3.488723489395678e-08
0.09836734693877856 4.797519007603073e-06 3.7955582232892104e-06 11.15486194477834 6.712028811524294e-07 6.712028811524294e-07 6.712028811524294e-08
0.113925570228095 5.897999199679913e-06 2.404561824729884e-07 6.50500200080047 3.7045698279310766e-07 3.7045698279310766e-07 3.7045698279310765e-08
0.08036014405762527 8.515646258503462e-06 2.5735894357742543e-06 6.316926770708422 4.711852741096269e-07 4.711852741096269e-07 4.711852741096269e-08
0.18933973589435257 8.120328131252559e-06 2.144417767106805e-06 8.42977190876377 7.424321728691109e-07 7.424321728691109e-07 7.424321728691108e-08
0.021440576230492194 7.837935174069637e-07 2.297358943577387e-06 6.645058023209442 4.211808723489263e-07 4.211808723489263e-07 4.211808723489263e-08
0.1127731092437012 4.544657863145288e-06 3.3554621848738622e-06 10.254501800720663 4.597438975590237e-09 4.597438975590237e-09 4.597438975590237e-10
0.09289315726290796 5.581032412965224e-06 3.8969987995196984e-06 4.4041616646658905 6.017723089235429e-07 6.017723089235429e-07 6.017723089235429e-08
0.18062424969987606 8.757823129251763e-06 2.039855942376917e-06 4.472188875550248 1.2870908363345343e-07 1.2870908363345343e-07 1.2870908363345343e-08
0.1560624249699877 5.342416966786751e-06 1.062905162064832e-06 9.558223289316059 4.60033213285298e-07 4.60033213285298e-07 4.60033213285298e-08
0.10312124849940303 2.3615046018407495e-06 2.1725090036014015e-06 5.556622649059717 4.783801520608068e-07 4.783801520608068e-07 4.7838015206080684e-08
0.14338535414165823 6.439335734293763e-06 2.1818727490996004e-06 8.213685474189928 1.402208883553422e-07 1.402208883553422e-07 1.402208883553422e-08
0.13517406962785392 4.2597438975590514e-06 2.1288115246098067e-06 6.020808323329453 3.3196438575429495e-07 3.3196438575429495e-07 3.319643857542949e-08
0.17918367346938407 6.521248499399806e-06 5.962785114045626e-07 5.31252501000408 4.632773109243699e-08 4.632773109243699e-08 4.632773109243699e-09
0.18458583433372902 3.37294917967189e-06 1.3656662665065964e-06 4.476190476190505 6.805562224889633e-07 6.805562224889633e-07 6.805562224889633e-08
0.17450180072028512 8.277030812324989e-06 3.6660264105641256e-06 9.014005602241197 4.2297959183672127e-07 4.2297959183672127e-07 4.229795918367213e-08
0.1459063625450192 9.404961984793939e-07 1.1939975990396166e-06 4.784313725490243 1.5820808323329338e-07 1.5820808323329338e-07 1.582080832332934e-08
0.13020408163265657 6.389475790316171e-06 2.3597839135653795e-06 12.979591836735231 8.658243297318469e-07 8.658243297318469e-07 8.65824329731847e-08
0.039375750300120395 5.99059623849544e-06 3.3804321728690593e-06 8.413765506202745 3.798103241296416e-07 3.798103241296416e-07 3.798103241296416e-08
0.19164465786313975 2.4469787915166205e-06 2.745258103241234e-06 10.998799519808342 5.406158463385134e-07 5.406158463385134e-07 5.4061584633851335e-08
0.0296518607442977 4.334533813525439e-06 1.0082833133253384e-06 8.401760704281976 5.460120048018983e-07 5.460120048018983e-07 5.460120048018983e-08
0.021368547418967584 6.645898359343784e-06 2.7936374549819284e-06 7.11724689875969 4.3808883553419915e-07 4.3808883553419915e-07 4.380888355341991e-08
0.09188475390156338 4.142216886754729e-06 2.2505402160863924e-06 4.712284913965629 7.143721488595091e-07 7.143721488595091e-07 7.143721488595091e-08
0.1866026410564178 8.202240896358602e-06 6.805522208883584e-07 5.536614645858435 2.8160024009603533e-07 2.8160024009603533e-07 2.8160024009603534e-08
0.1248739495798362 1.9412565026010503e-06 3.381992797118759e-06 10.218487394958355 7.895586234493395e-07 7.895586234493395e-07 7.895586234493396e-08
0.1271068427370988 2.6464185674269862e-06 2.3613445378150793e-06 6.192877150860475 8.877687074829458e-07 8.877687074829458e-07 8.877687074829457e-08
0.18300120048018784 2.2795918367347064e-06 3.0074429771908032e-06 7.173269307723279 6.485390156062126e-07 6.485390156062126e-07 6.485390156062125e-08
0.12998799519808277 3.6970388155262343e-06 1.3016806722689039e-06 11.823129251701149 6.431428571428276e-07 6.431428571428276e-07 6.431428571428276e-08
0.18948379351740177 8.928771508603505e-06 5.213685474189664e-07 11.162865146058852 6.891900760303793e-07 6.891900760303793e-07 6.891900760303793e-08
0.02684273709483792 2.8066826730692444e-06 3.0386554621847995e-06 13.419767907163429 7.068175270107701e-07 7.068175270107701e-07 7.068175270107702e-08
0.02028811524609844 5.78047218887559e-06 3.3367346938774644e-06 8.293717486995055 6.827146858743173e-07 6.827146858743173e-07 6.827146858743173e-08
0.1577190876350535 4.145778311324557e-06 1.070708283313331e-06 13.443777511004967 8.399227691075991e-07 8.399227691075991e-07 8.399227691075992e-08
0.14180072028811705 6.866706682673118e-06 1.691836734693858e-06 4.212084833933586 1.2619087635054027e-07 1.2619087635054027e-07 1.2619087635054027e-08
0.05594237695078142 9.440576230492218e-07 2.6906362545017405e-06 11.60304121648705 4.478019207682921e-07 4.478019207682921e-07 4.4780192076829207e-08
0.1150060024009642 8.550220088035228e-07 2.2797118847538942e-07 9.778311324530158 6.557338935573925e-07 6.557338935573925e-07 6.557338935573925e-08
0.14194477791116625 8.098959583833591e-06 1.5903961584633699e-06 11.807122849140123 7.042993197278572e-07 7.042993197278572e-07 7.042993197278571e-08
0.08756302521008659 3.136854741896754e-07 3.37262905162056e-06 5.092436974789981 5.91699479791891e-07 5.91699479791891e-07 5.91699479791891e-08
0.19322929171668093 8.779191676670731e-06 7.757503001200537e-07 13.00360144057677 1.5030012004801926e-08 1.5030012004801926e-08 1.5030012004801927e-09
0.027635054021608627 6.955742296918817e-06 2.9559423769507093e-06 4.488195278111274 7.082565026010061e-07 7.082565026010061e-07 7.082565026010061e-08
0.15332533013205293 1.0046018407362971e-06 1.5482593037214749e-06 7.005202080832513 1.812316926770709e-07 1.812316926770709e-07 1.812316926770709e-08
0.08914765906362808 8.971508603441441e-06 8.818727490996484e-07 4.0880352140856395 6.388259303721196e-07 6.388259303721196e-07 6.388259303721197e-08
0.0897959183673496 3.732653061224514e-06 3.7596638655461146e-06 6.997198879552 7.787663065225696e-07 7.787663065225696e-07 7.787663065225696e-08
0.0771908763505423 5.057503001200514e-06 1.8213685474189427e-06 11.326930772309362 8.204965986394133e-07 8.204965986394133e-07 8.204965986394133e-08
0.10304921968787842 1.7835134053621452e-07 1.5498199279711747e-06 12.295318127251397 8.845310124049148e-07 8.845310124049148e-07 8.845310124049147e-08
0.05961584633853669 3.1592637054822124e-06 5.635054021608643e-07 11.370948379352182 7.402801120448182e-08 7.402801120448182e-08 7.402801120448182e-09
0.054213685474190705 3.789635854341761e-06 6.243697478991612e-07 4.752300920368192 5.683161264505562e-07 5.683161264505562e-07 5.6831612645055616e-08
0.17298919567826854 2.771068427370965e-06 1.7308523409363533e-06 7.557422969187888 6.240764305722008e-07 6.240764305722008e-07 6.240764305722008e-08
0.19265306122448414 2.4245698279311726e-07 4.0276110444177477e-07 13.887955182073421 3.0678231292516514e-07 3.0678231292516514e-07 3.067823129251651e-08
0.1958943577430911 5.381592637054859e-06 3.932893157262794e-06 5.860744297719199 4.049923969587714e-07 4.049923969587714e-07 4.049923969587714e-08
0.10261704681873074 2.6998399359744056e-06 2.4201680672268825e-07 4.65626250500204 1.4237935174069634e-07 1.4237935174069634e-07 1.4237935174069634e-08
0.16484993997598882 6.214965986394601e-06 3.840816326530505e-06 11.987194877951659 6.737210884353424e-07 6.737210884353424e-07 6.737210884353424e-08
0.13286914765906674 4.3380952380952665e-06 1.2142857142857142e-06 5.688675470188176 7.528647458983218e-07 7.528647458983218e-07 7.528647458983218e-08
0.0437695078031218 7.696518607443031e-06 2.482593037214877e-07 7.725490196078654 8.338135254101644e-08 8.338135254101644e-08 8.338135254101644e-09
0.1770948379351707 2.682032813125266e-06 1.9274909963985304e-06 13.663865546219066 4.3736934773908116e-07 4.3736934773908116e-07 4.373693477390812e-08
0.04456182472989254 5.110924369747934e-06 2.10072028811521e-06 5.332533013205362 1.7871348539415774e-07 1.7871348539415774e-07 1.7871348539415774e-08
0.15123649459783955 6.377751100440173e-07 1.4733493397358837e-06 5.800720288115354 7.539439775909988e-07 7.539439775909988e-07 7.539439775909988e-08
0.05154861944778002 4.765466186474622e-06 2.804561824729827e-06 11.555022008803974 8.402825130051581e-07 8.402825130051581e-07 8.402825130051582e-08
0.04657863145258171 8.861104441776774e-06 1.3703481392556958e-06 8.97799119647889 8.499955982392511e-07 8.499955982392511e-07 8.49995598239251e-08
0.14057623049219886 1.7596238495398245e-06 1.3126050420168026e-06 11.847138855542687 6.201192476990518e-07 6.201192476990518e-07 6.201192476990517e-08
0.10153661464586154 5.7412965186074826e-06 4.995198079231674e-07 10.610644257703477 7.960340136054015e-07 7.960340136054015e-07 7.960340136054014e-08
0.1555582232893155 1.6527811124449858e-06 4.3865546218487176e-07 8.621848739496075 9.34541816726691e-08 9.34541816726691e-08 9.345418167266911e-09
0.14072028811524806 8.72933173269314e-06 1.7979591836734454e-06 4.680272108843578 2.7584433773509137e-07 2.7584433773509137e-07 2.7584433773509137e-08
0.0908763505402188 6.927250900360193e-06 3.0667466986793962e-06 10.142456982793485 7.032200880351802e-07 7.032200880351802e-07 7.032200880351802e-08
0.061056422569028955 6.482072829131698e-06 1.966506602641026e-06 5.396558623449463 3.643413365346047e-07 3.643413365346047e-07 3.643413365346047e-08
0.13992797118847747 1.2930772308923619e-06 8.381752701080505e-07 12.207282913165757 8.715802320927909e-07 8.715802320927909e-07 8.715802320927909e-08
0.12177671068427784 8.244977991196537e-06 3.6145258103240317e-06 9.18607442977222 7.971132452980785e-07 7.971132452980785e-07 7.971132452980785e-08
0.1273229291716726 2.1193277310924482e-06 1.1112845138055263e-06 8.749899959984278 3.4455542216885986e-07 3.4455542216885986e-07 3.445554221688598e-08
0.11623049219688263 3.5723889555822557e-06 1.5373349339735761e-06 5.888755502200993 7.992717086834324e-07 7.992717086834324e-07 7.992717086834324e-08
0.11723889555822721 1.4248499399759964e-06 1.1872749099639858e-07 7.461384553821736 2.488635454181666e-07 2.488635454181666e-07 2.4886354541816658e-08
0.032749099639855984 5.976350540216128e-06 3.695678271308422e-06 4.272108843537431 7.877599039615445e-07 7.877599039615445e-07 7.877599039615446e-08
0.16139255702280805 6.400160064025655e-06 3.9641056422567905e-06 10.48659463785553 8.766166466586169e-07 8.766166466586169e-07 8.766166466586169e-08
0.14878751500600318 3.800320128051245e-06 1.3828331332532943e-06 11.450980392157309 3.7225570228090265e-07 3.7225570228090265e-07 3.7225570228090263e-08
0.1872509003601392 6.464265706282558e-06 1.7647058823529374e-07 4.040016006402563 1.7619527811124457e-07 1.7619527811124457e-07 1.7619527811124458e-08
0.13423769507803412 6.229211684673913e-06 6.743097238895587e-07 6.416966786714831 1.8374989995998407e-07 1.8374989995998407e-07 1.8374989995998405e-08
0.16823529411764498 4.1671468587435245e-06 3.492797118847446e-06 11.84313725490243 6.345090036014117e-07 6.345090036014117e-07 6.345090036014116e-08
0.035270108043217445 3.205562224889976e-06 1.436974789915965e-07 4.276110444177688 6.683313325330134e-08 6.683313325330134e-08 6.683313325330135e-09
0.06833133253301488 8.772068827531075e-06 3.687875150059923e-06 10.54261704681912 1.7403681472589043e-07 1.7403681472589043e-07 1.7403681472589042e-08
0.025546218487394946 6.467827130852386e-06 2.135054021608606e-06 12.535414165666777 8.230212084833937e-08 8.230212084833937e-08 8.230212084833936e-09
0.06213685474189815 6.0974389755902785e-06 3.299279711884669e-06 7.961584633853779 8.154601840735873e-07 8.154601840735873e-07 8.154601840735873e-08
0.11133253301320893 5.766226490596278e-06 2.9309723889555122e-06 13.835934373750089 7.20128051220453e-07 7.20128051220453e-07 7.20128051220453e-08
0.1778871548619413 7.475710284113699e-06 1.4515006002400862e-06 4.008003201280513 7.489075630251728e-07 7.489075630251728e-07 7.489075630251728e-08
0.12472989195678698 9.33373349339738e-07 2.498199279711876e-07 13.127651060424716 2.862769107643023e-07 2.862769107643023e-07 2.862769107643023e-08
0.03865546218487426 2.8102440976390724e-06 3.1822328931571826e-06 7.229291716686868 6.377466986794427e-07 6.377466986794427e-07 6.377466986794426e-08
0.04744297719087707 3.5189675870348363e-06 3.2025210084032802e-06 9.286114445778628 3.0498999599839944e-08 3.0498999599839944e-08 3.0498999599839943e-09
0.1963265306122387 3.6649859943977826e-06 1.699639855942357e-06 6.969187675070206 2.578571428571415e-07 2.578571428571415e-07 2.578571428571415e-08
0.04340936374549873 8.835134053621465e-07 2.999639855942304e-06 9.738295318127594 7.593401360543837e-07 7.593401360543837e-07 7.593401360543838e-08
0.10593037214886294 3.935654261704707e-06 8.28811524609851e-07 7.769507803121474 5.445730292116624e-07 5.445730292116624e-07 5.4457302921166236e-08
0.07920768307323146 1.9615846338535419e-07 3.664465786314426e-06 5.828731492597148 8.140212084833513e-07 8.140212084833513e-07 8.140212084833513e-08
0.15915966386554548 6.617406962785161e-06 3.982833133253188e-06 5.428571428571514 3.4383593437374186e-07 3.4383593437374186e-07 3.438359343737419e-08
0.09159663865546493 7.162304921968838e-06 8.4909963985595e-07 5.928771508603557 7.413529411764339e-07 7.413529411764339e-07 7.413529411764339e-08
0.03469387755102054 7.828291316526666e-06 3.7034813925569212e-06 4.61224489795922 3.8232853141255457e-07 3.8232853141255457e-07 3.8232853141255455e-08
0.04859543817527088 3.3408963585434383e-06 2.846698679471722e-06 9.394157663065549 3.8736494597838053e-07 3.8736494597838053e-07 3.8736494597838053e-08
0.18264105642256484 1.9341336534613943e-06 3.1229291716685896e-06 4.292116846738713 6.276738695477907e-07 6.276738695477907e-07 6.276738695477908e-08
0.16434573829531662 6.5390556222489455e-06 2.6999999999999394e-06 13.303721488595995 3.0750180072028313e-07 3.0750180072028313e-07 3.075018007202831e-08
0.09851140456182779 8.081152460984451e-06 3.4038415366145565e-06 12.819527811124978 8.827322929171198e-07 8.827322929171198e-07 8.827322929171198e-08
0.10794717887155211 7.098199279711935e-06 3.901680672268798e-06 4.652260904361784 7.999911964785504e-07 7.999911964785504e-07 7.999911964785504e-08
0.15865546218487328 6.578231292517053e-06 2.050780312124816e-06 11.09883953581475 8.424409763905121e-07 8.424409763905121e-07 8.424409763905121e-08
0.1469867947178882 1.2681472589035661e-06 1.9290516206482302e-06 7.4453781512607105 3.521100440175988e-07 3.521100440175988e-07 3.521100440175988e-08
0.10420168067227223 6.8026010404162145e-06 3.494357743097146e-06 7.917567026810959 8.284109643857112e-07 8.284109643857112e-07 8.284109643857112e-08
0.12134453781513016 3.807442977190901e-06 1.964945978391326e-06 7.553421368547632 2.697286914765884e-07 2.697286914765884e-07 2.697286914765884e-08
0.03591836734693896 2.493277310924384e-06 2.8342136854741236e-06 7.233293317327124 2.1576710684273718e-07 2.1576710684273718e-07 2.157671068427372e-08
0.17817527010803969 7.279831932773161e-06 2.0144057623049165e-07 13.359743897559584 1.3230652260904367e-07 1.3230652260904367e-07 1.3230652260904367e-08
0.1863145258103194 5.869507803121289e-06 3.6582232893156266e-06 6.320928371348678 7.791260504201286e-07 7.791260504201286e-07 7.791260504201286e-08
0.059255702280913626 3.194877951180492e-06 9.848739495798412e-07 11.26290516206526 2.1216966786714695e-07 2.1216966786714695e-07 2.1216966786714695e-08
0.11637454981993185 7.778431372549075e-06 8.709483793517489e-07 9.438175270108369 2.0425530212084842e-07 2.0425530212084842e-07 2.0425530212084844e-08
0.14835534213685558 5.558623449379743e-07 1.4525810324129636e-07 9.646258503401699 6.654469787914854e-07 6.654469787914854e-07 6.654469787914855e-08
0.1473469387755112 8.878911564625914e-06 1.3500600240095982e-06 11.246898759504235 3.6901800720287167e-07 3.6901800720287167e-07 3.690180072028717e-08
0.11493397358943959 7.283393357342989e-06 6.072028811524621e-07 7.689475790316347 2.592961184473775e-07 2.592961184473775e-07 2.592961184473775e-08
0.1084513805522244 5.267627050820364e-06 5.166866746698666e-07 11.258903561425004 1.841096438575431e-07 1.841096438575431e-07 1.841096438575431e-08
0.15858343337334868 1.1150060024009639e-06 2.117887154861908e-06 13.391756702681635 1.9310324129651869e-07 1.9310324129651869e-07 1.931032412965187e-08
0.07978391356542837 5.46706682673073e-06 2.5969987995197516e-06 12.151260504202169 5.94577430972363e-07 5.94577430972363e-07 5.9457743097236295e-08
0.1567827130852337 7.169427771108494e-06 2.756182472989133e-06 11.971188475390633 2.12889155662265e-07 2.12889155662265e-07 2.12889155662265e-08
0.0903721488595465 7.1516206482593545e-06 3.027731092436901e-06 8.229691876750953 5.92778711484568e-07 5.92778711484568e-07 5.9277871148456796e-08
0.09743097238895859 3.3017206882753308e-06 1.6091236494597677e-06 5.020408163265367 2.823197278911533e-07 2.823197278911533e-07 2.823197278911533e-08
0.05615846338535526 7.048339335734344e-06 3.5162064825929433e-06 13.959983993598035 5.686758703481152e-07 5.686758703481152e-07 5.686758703481152e-08
0.06523409363745651 4.57671068427374e-06 1.793277310924346e-06 7.429371748699685 5.535666266506373e-07 5.535666266506373e-07 5.535666266506373e-08
0.023457382953181265 8.355382152861204e-06 8.272509003601511e-07 13.559823929572401 1.963409363745499e-07 1.963409363745499e-07 1.963409363745499e-08
0.08410564225690516 3.1663865546218683e-06 2.2006002400959982e-06 11.667066826731151 4.341316526610502e-07 4.341316526610502e-07 4.341316526610502e-08
0.08785114045618504 6.555822328931571e-07 5.057623049219671e-07 8.885954381752994 8.010704281712274e-07 8.010704281712274e-07 8.010704281712274e-08
0.04081632653061266 8.679471788715548e-06 3.814285714285608e-06 4.928371348539471 4.6722809123647793e-07 4.6722809123647793e-07 4.6722809123647795e-08
0.03375750300120057 8.091836734693935e-06 2.5657863145257552e-06 4.3681472589035835 6.395518207282915e-08 6.395518207282915e-08 6.395518207282915e-09
0.06271308523409505 6.667266906762752e-06 2.0195678271308196e-06 8.609843937575306 3.1578231292517016e-08 3.1578231292517016e-08 3.1578231292517017e-09
0.12415366146459007 3.910724289715911e-06 1.9509003601440276e-06 6.781112444978158 4.3700960384152216e-07 4.3700960384152216e-07 4.3700960384152215e-08
0.15923169267707007 8.06690676270514e-06 3.4189675870347987e-07 11.59103641456628 4.9571828731492604e-09 4.9571828731492604e-09 4.957182873149261e-10
0.1237214885954424 6.916566626650709e-06 2.5798319327730536e-06 11.511004401761154 4.992517006802723e-08 4.992517006802723e-08 4.992517006802723e-09
0.02489795918367346 3.2162464985994597e-06 3.6410564225689286e-06 9.09803921568658 4.701060424169499e-07 4.701060424169499e-07 4.701060424169499e-08
0.165354141656661 1.7881152460984482e-06 1.75894357743095e-06 10.790716286515012 5.463717486994573e-07 5.463717486994573e-07 5.4637174869945735e-08
0.18278511404561404 3.362264905962406e-06 1.1346938775510236e-06 11.3509403761509 1.8626810724289723e-07 1.8626810724289723e-07 1.8626810724289725e-08
0.16146458583433265 6.599599839936021e-06 1.9789915966386243e-06 13.219687875150612 6.503441376550623e-08 6.503441376550623e-08 6.503441376550623e-09
0.17054021608643216 7.390236094437828e-06 3.586434573829435e-06 8.141656662665314 8.62946378551375e-07 8.62946378551375e-07 8.629463785513749e-08
0.15325330132052833 1.7952380952381041e-06 3.2321728691475767e-06 4.192076830732304 5.305430172068615e-07 5.305430172068615e-07 5.3054301720686144e-08
0.06256902761104582 8.540576230492258e-06 2.0773109243697128e-06 7.605442176870964 4.61831932773093e-07 4.61831932773093e-07 4.61831932773093e-08
0.03267707082833137 3.0417366946778897e-06 4.2929171668667254e-07 5.288515406162542 7.83449379751901e-08 7.83449379751901e-08 7.83449379751901e-09
0.07193277310924553 8.006362545018064e-06 1.3157262905162022e-06 5.19247699079639 4.978063225289927e-07 4.978063225289927e-07 4.978063225289927e-08
0.030876350540216063 1.5698279311724692e-07 2.1647058823529025e-06 13.427771108443942 6.791236494597842e-08 6.791236494597842e-08 6.791236494597842e-09
0.1566386554621845 5.207082833133289e-06 2.074189675870313e-06 4.876350540216139 8.841712685073558e-07 8.841712685073558e-07 8.841712685073558e-08
0.0777671068427392 1.813045218087244e-06 3.918847539015496e-06 8.821928771508892 2.1073069227691085e-07 2.1073069227691085e-07 2.1073069227691084e-08
0.07200480192077015 7.860344137655118e-06 3.822088835534107e-06 11.378951580632695 7.496270508202908e-07 7.496270508202908e-07 7.496270508202908e-08
0.025258103241296508 4.363025210084062e-06 2.60948379351735e-06 13.36374549819984 7.823637454981596e-07 7.823637454981596e-07 7.823637454981596e-08
0.04153661464585879 6.083193277310967e-06 1.326650660264101e-06 11.97519007603089 8.64025610244052e-07 8.64025610244052e-07 8.64025610244052e-08
0.16189675870348025 7.546938775510258e-06 2.4690276110443666e-06 5.780712284914072 1.82670668267307e-07 1.82670668267307e-07 1.82670668267307e-08
0.13142857142857475 4.900800320128084e-06 2.9871548619447056e-06 13.771908763505987 6.978239295717952e-07 6.978239295717952e-07 6.978239295717953e-08
0.07769507803121459 7.457903161264559e-06 3.0885954381751937e-06 8.201680672269159 2.844781912765073e-07 2.844781912765073e-07 2.844781912765073e-08
0.08417767106842977 8.88603441376557e-06 1.7963985594237456e-06 8.729891956782996 6.981836734693542e-07 6.981836734693542e-07 6.981836734693542e-08
0.09937575030012315 2.8992797118847714e-06 1.0270108043217362e-06 13.15566226490651 2.2907763105242106e-07 2.2907763105242106e-07 2.2907763105242106e-08
0.03217286914765908 3.551020408163288e-06 6.040816326530622e-07 10.766706682673474 4.0103521408562243e-07 4.0103521408562243e-07 4.010352140856224e-08
0.023529411764705875 3.5286114445778236e-07 2.1412965186074052e-06 10.982793117247317 7.370360144057259e-07 7.370360144057259e-07 7.370360144057259e-08
0.03181272509003601 3.9890756302521265e-06 6.821128451380583e-07 5.884753901560737 5.093181272508806e-07 5.093181272508806e-07 5.0931812725088064e-08
0.14813925570228179 6.8845138055222575e-06 2.9262905162064128e-06 9.274109643857859 6.719223689475474e-07 6.719223689475474e-07 6.719223689475474e-08
0.16290516206482464 8.18799519807929e-06 1.1752701080432188e-06 10.862745098039627 1.5029371748699486e-07 1.5029371748699486e-07 1.5029371748699487e-08
0.16261704681872624 7.265586234493849e-06 1.8541416566626388e-06 7.365346138455584 1.4381832733093243e-07 1.4381832733093243e-07 1.4381832733093244e-08
0.1679471788715466 3.172468987595033e-07 3.951620648259192e-06 6.761104441776876 6.237166866746418e-07 6.237166866746418e-07 6.237166866746417e-08
0.17839135654261348 7.938695478191333e-06 1.0519807923169333e-06 12.055222088836016 8.57909963985549e-07 8.57909963985549e-07 8.57909963985549e-08
0.1763745498199247 7.5967987194878494e-06 5.931572629051628e-07 12.191276510604732 6.107659063625179e-07 6.107659063625179e-07 6.107659063625178e-08
0.024249699879951972 6.200720288115289e-06 1.0582232893157326e-06 4.424169667867172 4.075106042416844e-07 4.075106042416844e-07 4.0751060424168436e-08
0.12220888355342552 4.647939175670299e-06 2.3925570228090756e-06 5.196478591436646 8.719399759903499e-07 8.719399759903499e-07 8.719399759903498e-08
0.19351740696277933 2.0837134853941686e-06 2.747899159663855e-07 12.887555022009336 3.6937775110043067e-07 3.6937775110043067e-07 3.693777511004307e-08
0.13373349339736193 4.736974789915998e-06 3.5739495798318365e-06 13.423769507803685 7.938755502200475e-07 7.938755502200475e-07 7.938755502200475e-08
0.04751500600240168 3.3978791516606857e-06 3.5973589435773337e-06 13.191676670668818 7.409931972788749e-07 7.409931972788749e-07 7.409931972788749e-08
0.16513805522208722 3.706682673069219e-07 1.73349339735894e-07 12.239295718287808 8.59708683473344e-07 8.59708683473344e-07 8.59708683473344e-08
0.11594237695078417 7.319007603041269e-06 3.909483793517297e-06 4.180072028811535 7.2120728291313e-07 7.2120728291313e-07 7.212072829131301e-08
0.02468187274909963 8.255662264906021e-06 2.2583433373348914e-06 6.120848339335861 1.949019607843138e-07 1.949019607843138e-07 1.949019607843138e-08
0.1657863145258086 1.025970388155265e-06 9.130852340936468e-07 7.969587835134291 2.6757022809123443e-07 2.6757022809123443e-07 2.6757022809123445e-08
0.07827130852341149 9.796718687475014e-07 3.0136854741896025e-06 8.733893557423253 1.690004001600641e-07 1.690004001600641e-07 1.690004001600641e-08
0.10369747899159994 5.0503801520608584e-06 1.403121248499392e-06 6.420968387355087 1.3626370548219293e-07 1.3626370548219293e-07 1.3626370548219292e-08
0.17334933973589153 4.195638255302148e-06 1.105042016806727e-06 4.288115246098457 6.499779911964486e-07 6.499779911964486e-07 6.499779911964486e-08
0.14122448979592025 4.637254901960815e-06 2.721848739495737e-06 9.706282513005544 6.722821128451064e-07 6.722821128451064e-07 6.722821128451063e-08
0.1263865546218528 8.544137655062086e-06 2.856062424969921e-06 13.731892757103424 6.319907963184987e-07 6.319907963184987e-07 6.319907963184987e-08
0.14014405762305127 8.64029611844744e-06 3.410084033613356e-06 10.534613845538606 4.6614885954380094e-07 4.6614885954380094e-07 4.66148859543801e-08
0.04614645858343403 7.849659863945634e-06 3.11824729891949e-06 5.448579431772796 7.23365746298484e-07 7.23365746298484e-07 7.23365746298484e-08
0.08093637454982218 9.654261704681896e-07 3.9339735894357555e-07 6.388955582233036 3.0498359343737015e-07 3.0498359343737015e-07 3.049835934373701e-08
0.05824729891956904 1.0793917567026843e-06 3.12136854741889e-06 12.459383753501907 8.410084033613449e-08 8.410084033613449e-08 8.410084033613448e-09
0.048019207683073974 8.604681872749161e-06 1.5935174069627695e-06 4.1000400160064085 5.553653461384323e-07 5.553653461384323e-07 5.553653461384323e-08
0.07092436974790095 6.695758303321376e-06 1.6710684273709453e-07 4.056022408963589 1.6828091236494605e-07 1.6828091236494605e-07 1.6828091236494606e-08
0.1089555822328967 6.574669867947225e-06 1.1861944777911175e-06 11.751100440176534 5.193909563825325e-07 5.193909563825325e-07 5.1939095638253255e-08
0.17313325330131774 3.177070828331352e-06 3.999999999999886e-06 11.55902360944423 8.63665866346493e-07 8.63665866346493e-07 8.63665866346493e-08
0.026050420168067214 6.407282913165311e-06 3.2867947178870703e-06 6.613045218087391 4.57155262104826e-07 4.57155262104826e-07 4.5715526210482604e-08
0.03627851140456203 6.403721488595483e-06 2.3675870348138786e-06 5.100440176070494 4.0931572629051634e-08 4.0931572629051634e-08 4.0931572629051635e-09
0.1971908763505339 2.767507002801137e-06 3.1650660264104846e-06 11.322929171669106 2.5462585034013615e-08 2.5462585034013615e-08 2.5462585034013615e-09
0.04535414165666329 2.240416166466599e-06 2.575150060023954e-06 10.7827130852345 2.0605402160864354e-07 2.0605402160864354e-07 2.0605402160864355e-08
0.15447779111644652 3.016806722689094e-06 4.901560624249679e-07 9.122048819528118 4.273029211684675e-08 4.273029211684675e-08 4.273029211684675e-09
0.0712124849939994 9.974789915966412e-07 2.152220888355304e-06 12.05122048819576 8.481968787514561e-07 8.481968787514561e-07 8.48196878751456e-08
0.127611044417771 1.2325330132052865e-06 1.4780312124849831e-06 9.434173669468112 6.528559423769205e-07 6.528559423769205e-07 6.528559423769206e-08
0.19092436974789376 6.563985594237741e-06 7.601440576230544e-07 7.589435774309939 8.802140856342068e-07 8.802140856342068e-07 8.802140856342068e-08
0.025834333733493385 2.9669467787115026e-06 1.385954381752694e-06 6.336934773909704 2.341140456182474e-07 2.341140456182474e-07 2.3411404561824738e-08
0.16031212484993906 4.988795518207269e-07 3.180672268907483e-06 10.634653861545015 3.8556622649058555e-07 3.8556622649058555e-07 3.8556622649058555e-08
0.1957503001200419 7.17655062024815e-06 1.0472989195678339e-06 12.263305322129346 4.4996038415364606e-07 4.4996038415364606e-07 4.499603841536461e-08
0.034333733493397474 6.375230092036859e-06 2.0897959183673113e-06 7.5974389755904514 4.733437374949809e-07 4.733437374949809e-07 4.733437374949809e-08
0.04686674669868016 2.828051220488212e-06 3.7939975990395106e-06 10.222488995598612 9.561264505802325e-08 9.561264505802325e-08 9.561264505802325e-09
0.03750300120048045 8.387434973989656e-06 3.850180072028704e-06 12.231292517007295 8.215758303320903e-07 8.215758303320903e-07 8.215758303320902e-08
0.13891956782713308 5.556102440976429e-06 1.9118847539015322e-06 8.133653461384801 7.546634653861168e-07 7.546634653861168e-07 7.546634653861167e-08
0.1353901560624277 6.14729891956787e-06 3.847058823529304e-06 11.895158063225763 5.521276510604013e-07 5.521276510604013e-07 5.521276510604013e-08
0.08151260504201908 6.122368947579074e-06 3.6348139255701293e-06 9.066026410564529 7.600596238495017e-07 7.600596238495017e-07 7.600596238495017e-08
0.11421368547419346 2.924209683873567e-06 1.7277310924369537e-06 4.8363345338135755 7.161708683473041e-07 7.161708683473041e-07 7.161708683473041e-08
0.18897959183672958 2.0684273709483798e-07 2.211524609843897e-06 7.989595838335573 8.52154061624605e-07 8.52154061624605e-07 8.52154061624605e-08
0.028715486194477773 7.219287715086086e-06 3.500600240095945e-06 4.5442176870748625 1.3518447378951586e-07 1.3518447378951586e-07 1.3518447378951586e-08
0.08648259303721739 7.707202881152515e-06 1.0254501800720364e-06 9.74229691876785 5.517679071628423e-07 5.517679071628423e-07 5.517679071628423e-08
0.12163265306122861 3.7789515806322773e-06 6.649459783913592e-07 8.02561024409788 6.906290516206153e-07 6.906290516206153e-07 6.906290516206153e-08
0.13013205282113197 2.2582232893157387e-06 2.550180072028757e-06 4.396158463385378 6.028515406162199e-07 6.028515406162199e-07 6.0285154061622e-08
0.07006002400960559 2.1086434573829644e-06 2.8170468187274256e-06 7.501400560224299 7.352372949179309e-07 7.352372949179309e-07 7.352372949179309e-08
0.1961824729891895 6.756302521008451e-06 3.2696278511403723e-06 12.923569427771643 5.8846178471386e-07 5.8846178471386e-07 5.8846178471386005e-08
0.10665066026410908 6.1010004001601065e-06 1.530612244897957e-07 10.382553021208865 6.762392957182554e-07 6.762392957182554e-07 6.762392957182554e-08
0.1480672268907572 4.818887555022041e-06 4.2460984393757294e-07 5.700680272108945 4.5283833533411804e-07 4.5283833533411804e-07 4.5283833533411805e-08
0.07135654261704863 6.6209683873549885e-06 1.2314525810324122e-06 7.053221288515589 8.895674269707408e-07 8.895674269707408e-07 8.895674269707407e-08
0.17025210084033376 5.474189675870386e-06 3.435054021608553e-06 11.531012404962436 1.6936014405762312e-07 1.6936014405762312e-07 1.693601440576231e-08
0.1278991596638694 2.3543817527010936e-06 3.8049219687874093e-06 12.495398159264214 2.0569427771108452e-07 2.0569427771108452e-07 2.0569427771108452e-08
0.0630012004801935 1.951940776310534e-06 3.154141656662586e-06 5.68467386954792 3.661400560223997e-07 3.661400560223997e-07 3.6614005602239967e-08
0.06364945978391502 2.9989995998399542e-06 2.1381752701080056e-06 11.623049219688331 2.6433253301320346e-07 2.6433253301320346e-07 2.6433253301320345e-08
0.147202881152462 3.202000800320148e-06 6.727490996398588e-07 9.762304921969132 8.428007202880711e-07 8.428007202880711e-07 8.428007202880711e-08
0.11342136854742271 2.0231692677070933e-06 1.2954381752701046e-06 6.424969987995343 7.942352941176065e-07 7.942352941176065e-07 7.942352941176064e-08
0.1467707082833144 8.017046818727548e-06 3.856422569027503e-06 6.256902761104577 7.931560624249295e-07 7.931560624249295e-07 7.931560624249295e-08
0.18336134453781083 3.777911164465777e-07 5.993997599039625e-07 7.69747899159686 7.564621848739118e-07 7.564621848739118e-07 7.564621848739117e-08
0.19481392557022212 4.612324929972019e-06 2.3410564225689817e-06 10.354541816727071 3.4779311724689083e-07 3.4779311724689083e-07 3.477931172468908e-08
0.04196878751500647 5.5774709883953964e-06 3.0963985594236927e-06 9.058023209284016 2.5533893557422853e-07 2.5533893557422853e-07 2.553389355742285e-08
0.061992797118848926 3.736214485794342e-06 4.324129651860723e-07 11.114845938375776 7.442308923569058e-07 7.442308923569058e-07 7.442308923569058e-08
0.11889555822329331 3.280352140856363e-06 3.37418967587026e-06 13.743897559024193 8.482032813125253e-08 8.482032813125253e-08 8.482032813125254e-09
0.10290516206482919 6.774109643857591e-06 5.151260504201667e-07 10.762705082033218 6.125646258503128e-07 6.125646258503128e-07 6.125646258503128e-08
0.1062184873949614 2.53141256502601e-07 1.2653061224489793e-07 8.617847138855819 8.992805122048337e-07 8.992805122048337e-07 8.992805122048337e-08
0.0657382953181288 4.444937975190105e-06 3.6218487394957817e-07 6.621048419367904 5.87022809123624e-07 5.87022809123624e-07 5.87022809123624e-08
0.13135654261705015 8.063345338135311e-06 3.680072028811424e-06 7.709483793517629 8.079055622248484e-07 8.079055622248484e-07 8.079055622248484e-08
0.10124849939976309 3.84305722288918e-06 2.194357743097199e-06 11.474989995998847 9.813085234093641e-08 9.813085234093641e-08 9.813085234093641e-09
0.06372148859543963 7.1551820728291825e-06 2.4362545018006705e-06 7.297318927571226 4.773009203681299e-07 4.773009203681299e-07 4.7730092036812986e-08
0.09663865546218785 1.3785514205682329e-06 3.4537815126049506e-06 7.397358943577634 5.704745898359102e-07 5.704745898359102e-07 5.704745898359102e-08
0.1677310924369728 1.7026410564225772e-06 5.369747899159656e-07 13.763905562225474 6.535754301720385e-07 6.535754301720385e-07 6.535754301720385e-08
0.13243697478991914 2.1620648259303837e-06 2.567346938775455e-06 4.260104041616662 6.780380152060503e-07 6.780380152060503e-07 6.780380152060504e-08
0.06379351740696425 4.049619847939202e-06 2.670348139255643e-06 12.299319727891653 1.736770708283314e-07 1.736770708283314e-07 1.736770708283314e-08
0.037791116446578905 7.429411764705935e-06 3.1931572629050813e-06 12.4233693477396 7.1760984393754e-07 7.1760984393754e-07 7.176098439375401e-08
0.19488595438174672 4.722729091636686e-06 1.529531812725077e-06 4.196078431372561 6.586118447378645e-07 6.586118447378645e-07 6.586118447378645e-08
0.1676590636254482 7.125650260104045e-07 1.7292917166866535e-06 9.858343337335285 5.442132853141034e-07 5.442132853141034e-07 5.442132853141033e-08
0.10175270108043538 7.970748299319784e-06 8.428571428571503e-07 7.777511004401987 3.780116046418466e-07 3.780116046418466e-07 3.780116046418466e-08
0.19056422569027076 4.623009203681503e-06 9.661464585834434e-07 11.486994797919616 5.028491396558625e-08 5.028491396558625e-08 5.028491396558625e-09
0.16448979591836582 5.524049619847977e-06 3.477190876350448e-06 11.883153261304994 6.435026010403866e-07 6.435026010403866e-07 6.435026010403866e-08
0.09570228091236788 5.665466186474581e-07 3.0995198079230924e-06 4.996398559423829 7.805650260103646e-07 7.805650260103646e-07 7.805650260103646e-08
0.10636254501801062 8.198679471788774e-06 3.2072028811523797e-06 8.001600640256342 9.993597438975593e-09 9.993597438975593e-09 9.993597438975593e-10
0.023385354141656656 7.571868747499054e-06 2.1475390156062045e-06 5.628651460584331 8.946038415365667e-07 8.946038415365667e-07 8.946038415365667e-08
0.14079231692677266 6.934373749499849e-06 2.508043217286862e-06 13.24369747899215 7.25883953581397e-07 7.25883953581397e-07 7.25883953581397e-08
0.12084033613445787 5.281872749099676e-06 3.3180072028810666e-06 5.204481792717159 3.485126050420088e-07 3.485126050420088e-07 3.4851260504200884e-08
0.18400960384153223 7.196878751500604e-07 3.937575030011894e-06 10.558623449380145 8.625930372148863e-08 8.625930372148863e-08 8.625930372148863e-09
0.19863145258102588 2.660664265706298e-06 1.240816326530611e-06 11.6350540216091 5.434937975189854e-07 5.434937975189854e-07 5.434937975189854e-08
0.047154861944778616 4.633693477390987e-06 3.1915966386553815e-06 7.497398959584043 2.5102200880352056e-07 2.5102200880352056e-07 2.5102200880352057e-08
0.04794717887154936 2.1396558623449385e-07 3.71284513805512e-06 8.117647058823776 4.215406162464853e-07 4.215406162464853e-07 4.215406162464853e-08
0.040744297719088045 4.904361744697912e-06 3.1057623049218916e-06 4.400160064025634 1.207947178871549e-07 1.207947178871549e-07 1.2079471788715491e-08
0.08957983193277576 5.712805122048859e-06 3.672268907562925e-06 10.362545018007584 2.5497919167666953e-07 2.5497919167666953e-07 2.5497919167666954e-08
0.05205282112845231 3.946338535414191e-06 1.3469387755101986e-06 5.908763505402275 8.151004401760283e-07 8.151004401760283e-07 8.151004401760283e-08
0.18048019207682686 8.34469787915172e-06 2.787394957983129e-06 6.66906762705098 6.532156862744795e-07 6.532156862744795e-07 6.532156862744796e-08
0.10218487394958306 3.8964785914365996e-06 2.8357743097238234e-06 11.126850740296545 3.916818727490885e-07 3.916818727490885e-07 3.916818727490885e-08
0.1367587034813951 5.627330932372988e-06 8.725090036014488e-07 12.375350140056524 5.97095638255276e-07 5.97095638255276e-07 5.97095638255276e-08
0.11126050420168432 5.075310124049654e-06 2.347298919567781e-06 12.195278111244988 5.506886754701653e-07 5.506886754701653e-07 5.506886754701653e-08
0.0591116446578644 7.87458983593443e-06 2.1834333733493003e-06 4.428171268507429 7.694129651860357e-07 7.694129651860357e-07 7.694129651860356e-08
0.04175270108043263 2.564505802320943e-06 1.913445378151232e-06 13.131652661064972 4.56435774309708e-07 4.56435774309708e-07 4.56435774309708e-08
0.19956782713084567 2.8850340136054595e-06 2.5564225690275563e-06 9.570228091236828 1.9885914365746307e-07 1.9885914365746307e-07 1.9885914365746308e-08
0.04888355342136933 2.8209283713485562e-06 1.1627851140456203e-06 7.421368547419172 1.8087194877951188e-07 1.8087194877951188e-07 1.808719487795119e-08
0.17925570228090867 1.7916766706682762e-06 3.534933973589341e-06 7.86154461784737 1.3302601040416172e-07 1.3302601040416172e-07 1.3302601040416172e-08
0.07510204081632851 1.0010404161664692e-06 3.9141656662663964e-06 5.360544217687156 7.24444977991161e-07 7.24444977991161e-07 7.24444977991161e-08
0.1571428571428567 4.73341336534617e-06 3.322689075630166e-06 12.395358143257805 3.920416166466475e-07 3.920416166466475e-07 3.920416166466475e-08
0.055366146458584516 4.206322529011632e-06 1.147178871548622e-06 11.47098839535859 5.88102040816301e-07 5.88102040816301e-07 5.88102040816301e-08
0.15433373349339732 3.1521408563425565e-06 2.049219687875116e-06 7.145258103241485 8.874089635853868e-07 8.874089635853868e-07 8.874089635853868e-08
0.09519807923169558 7.012725090036064e-06 1.1456182472989223e-06 4.8603441376551135 4.2513805522207525e-07 4.2513805522207525e-07 4.2513805522207525e-08
0.13913565426170688 7.944777911164475e-07 2.831092436974724e-06 4.420168067226916 5.801876750700031e-07 5.801876750700031e-07 5.8018767507000306e-08
0.13207683073229615 6.3040016006403e-06 1.9415366146458287e-06 6.769107643057389 5.809071628651211e-07 5.809071628651211e-07 5.8090716286512106e-08
0.030660264105642234 6.425090036014451e-06 1.1206482593037252e-06 9.30612244897991 2.6613125250099845e-07 2.6613125250099845e-07 2.6613125250099843e-08
0.09210084033613722 1.3002000800320178e-06 2.8420168067226227e-06 6.8371348539417465 7.690596238495401e-08 7.690596238495401e-08 7.6905962384954e-09
0.11983193277311328 3.54745898359346e-06 3.4803121248498475e-06 6.661064425770467 8.208563425369723e-07 8.208563425369723e-07 8.208563425369723e-08
0.06977190876350714 7.00204081632658e-06 1.4577430972388855e-06 9.442176870748625 3.085810324129601e-07 3.085810324129601e-07 3.085810324129601e-08
0.1057142857142891 5.103801520608278e-06 1.980552220888324e-06 7.921568627451215 5.665174069627612e-07 5.665174069627612e-07 5.665174069627612e-08
0.06026410564225821 3.1272108843537608e-06 1.4296518607442888e-06 11.102841136455007 3.121848739495799e-08 3.121848739495799e-08 3.121848739495799e-09
0.061488595438176634 2.945578231292535e-06 3.3008403361343687e-06 7.213285314125843 4.780204081632479e-07 4.780204081632479e-07 4.7802040816324787e-08
0.11767106842737489 1.6492196878751578e-06 1.0316926770708357e-06 10.938775510204497 1.2259343737495003e-07 1.2259343737495003e-07 1.2259343737495003e-08
0.09368547418967871 2.8814725890356316e-06 1.0426170468187344e-06 6.745098039215851 5.780292116846491e-07 5.780292116846491e-07 5.780292116846491e-08
0.0750300120048039 2.496838735494212e-06 9.86434573829541e-07 7.545418167267119 2.6685074029611644e-07 2.6685074029611644e-07 2.6685074029611644e-08
0.0914525810324157 4.135094037615073e-06 2.1210084033613076e-06 13.051620648259846 4.157847138855413e-07 4.157847138855413e-07 4.1578471388554135e-08
0.07301320528211473 1.962625050020018e-06 2.968427370948308e-06 9.386154461785036 5.726330532212641e-07 5.726330532212641e-07 5.7263305322126414e-08
0.15815126050420109 8.109643857543075e-06 2.0695078031212137e-06 12.039215686274991 6.431492597038818e-08 6.431492597038818e-08 6.431492597038818e-09
0.1678031212484974 7.835414165666322e-06 1.3141656662665024e-06 13.939975990396754 9.705162064825934e-08 9.705162064825934e-08 9.705162064825935e-09
0.07366146458583625 4.484113645458213e-06 8.116446578631519e-07 12.963585434174206 1.1324009603841541e-07 1.1324009603841541e-07 1.1324009603841542e-08
0.10499399759904297 1.2360944377751145e-06 3.0324129651860003e-06 5.068427370948443 3.2045258103240704e-07 3.2045258103240704e-07 3.2045258103240706e-08
0.11875150060024409 7.76774709883959e-06 1.4671068427370844e-06 10.45458183273348 7.27682673069192e-07 7.27682673069192e-07 7.27682673069192e-08
0.1877551020408114 4.5197278911564925e-06 1.4998799519807806e-06 8.677871148459664 4.5211884753900005e-07 4.5211884753900005e-07 4.5211884753900005e-08
0.10427370948379684 3.853741496598664e-06 1.982112845138024e-06 10.270508203281688 1.5568987595038021e-07 1.5568987595038021e-07 1.5568987595038023e-08
0.19344537815125473 7.400920368147312e-06 3.7081632653060207e-06 8.937975190076326 1.97779911964786e-07 1.97779911964786e-07 1.97779911964786e-08
0.14489795918367482 5.011204481792751e-06 3.2945978391355694e-06 11.503001200480641 7.26603441376515e-07 7.26603441376515e-07 7.26603441376515e-08
0.17118847539015355 4.4189675870348e-07 2.005522208883521e-06 11.543017206883205 6.640080032012495e-07 6.640080032012495e-07 6.640080032012495e-08
0.0662424969988011 2.860104041616664e-06 2.450300120047969e-06 13.587835134054195 7.726506602640666e-07 7.726506602640666e-07 7.726506602640666e-08
0.0355582232893159 7.468587434974043e-06 1.6247298919567658e-06 10.61864745898399 7.874001600639855e-07 7.874001600639855e-07 7.874001600639855e-08
0.18825930372148358 4.181392557022836e-06 1.097238895558228e-06 5.992797118847658 1.3950140056022414e-07 1.3950140056022414e-07 1.3950140056022414e-08
0.1477791116446588 2.0908363345338246e-06 1.5420168067226756e-06 6.048819527811247 3.4275670268106487e-07 3.4275670268106487e-07 3.4275670268106484e-08
0.16967587034813697 3.957022809123675e-06 3.5224489795917426e-06 5.080432172869212 9.849059623849544e-08 9.849059623849544e-08 9.849059623849543e-09
0.1654981992797102 7.493517406962839e-06 3.584873949579735e-06 4.956382553021266 6.427831132452686e-07 6.427831132452686e-07 6.427831132452686e-08
0.16211284513805405 1.535254101640663e-06 9.61464585834344e-07 8.26570628251326 4.3772909163664015e-07 4.3772909163664015e-07 4.3772909163664015e-08
0.06487394957983345 2.5253301320528356e-06 8.569027611044496e-07 4.16406562625051 4.467226890756151e-07 4.467226890756151e-07 4.467226890756151e-08
0.09887154861945086 1.747899159663866e-07 2.8591836734693207e-06 8.357743097239156 2.27998399359744e-07 2.27998399359744e-07 2.27998399359744e-08
0.08641056422569278 3.091596638655481e-06 1.4681872749099623e-07 11.611044417767562 1.5353141256502607e-07 1.5353141256502607e-07 1.5353141256502607e-08
0.026122448979591824 2.709483793517405e-07 5.557022809123646e-07 11.314925970388593 1.5209243697478998e-07 1.5209243697478998e-07 1.5209243697479e-08
0.0717166866746717 6.692196878751548e-06 3.912605042016697e-06 7.521408563425581 8.809335734293248e-07 8.809335734293248e-07 8.809335734293248e-08
0.14273709483793684 1.5815526210484266e-06 3.561464585834238e-06 9.966386554622206 7.22646258503366e-07 7.22646258503366e-07 7.22646258503366e-08
0.19438175270107452 8.334013605442236e-06 3.364825930372061e-06 10.242496998799894 7.23006002400925e-07 7.23006002400925e-07 7.23006002400925e-08
0.15418967587034813 8.056222488995655e-06 1.7959183673469348e-07 11.094837935174494 5.366586634653644e-07 5.366586634653644e-07 5.366586634653644e-08
0.14288115246098604 8.494277711084494e-06 3.740936374549717e-06 13.335734293718046 5.568107242897161e-08 5.568107242897161e-08 5.568107242897161e-09
0.03851140456182504 1.9259703881552625e-07 1.2267707082833127e-06 9.234093637455295 6.042905162064559e-07 6.042905162064559e-07 6.04290516206456e-08
0.18350540216086003 2.50040016006404e-06 3.831452581032306e-06 7.513405362145068 7.21567026810689e-07 7.21567026810689e-07 7.21567026810689e-08
0.07243697478991783 3.3195278111244706e-06 3.5318127250899415e-06 9.290116046418884 3.7081672669066666e-07 3.7081672669066666e-07 3.708167266906667e-08
0.027707082833133237 2.479031612645072e-06 9.973589435774397e-07 12.087234893958067 3.668595438175177e-07 3.668595438175177e-07 3.668595438175177e-08
0.1354621848739523 2.1763105242096956e-06 7.28931572629056e-07 13.69187675070086 8.687022809123189e-07 8.687022809123189e-07 8.68702280912319e-08
0.07683073229291923 6.9771108443377845e-06 2.337935174069582e-06 6.977190876350718 6.186802721088158e-07 6.186802721088158e-07 6.186802721088158e-08
0.17378151260503913 4.20988395358146e-06 6.587034813925595e-07 12.015206082433453 5.812669067626801e-07 5.812669067626801e-07 5.812669067626801e-08
0.07647058823529616 7.108883553421419e-06 3.20408163265298e-06 10.014405762305282 6.870316126450253e-07 6.870316126450253e-07 6.870316126450253e-08
0.07848739495798533 7.657342937174924e-06 1.4483793517406866e-06 7.3173269307725075 7.17969587835099e-07 7.17969587835099e-07 7.179695878350991e-08
0.19877551020407508 8.975070028011269e-06 2.3785114045617773e-06 5.572629051620742 5.71200480192077e-08 5.71200480192077e-08 5.7120048019207705e-09
0.19466986794717292 7.967186874749956e-06 7.070828331332571e-07 12.503401360544727 2.2260224089635863e-07 2.2260224089635863e-07 2.2260224089635863e-08
0.05860744297719211 7.760624249699935e-06 3.8033613445377095e-06 5.284513805522286 1.0353341336534617e-08 1.0353341336534617e-08 1.0353341336534617e-09
0.18249699879951564 4.6871148459384066e-06 2.312965186074385e-06 8.47378951580659 7.636570628250917e-07 7.636570628250917e-07 7.636570628250917e-08
0.12357743097239317 1.2574629851940823e-06 1.2965186074429767e-07 8.029611844738136 8.190576230491773e-07 8.190576230491773e-07 8.190576230491773e-08
0.18004801920767927 2.4683473389355883e-06 3.6394957983192288e-06 6.517006802721239 8.910064025609767e-07 8.910064025609767e-07 8.910064025609767e-08
0.10837935174069979 6.058263305322171e-06 1.3890756302520936e-06 9.986394557823488 4.197418967586903e-07 4.197418967586903e-07 4.197418967586903e-08
0.04384153661464641 7.016286514605892e-06 3.854861944777803e-06 5.932773109243813 6.798367346938453e-07 6.798367346938453e-07 6.798367346938454e-08
0.03563025210084051 4.91756702681071e-07 2.6141656662664495e-06 4.596238495398195 2.6541816726690686e-08 2.6541816726690686e-08 2.6541816726690685e-09
0.15202881152461015 4.120848339335761e-06 1.171668667466987e-07 13.619847939176246 4.4132653061223013e-07 4.4132653061223013e-07 4.413265306122301e-08
0.027851140456182456 3.3124049619848146e-06 1.6356542617046646e-06 7.757503001200705 5.280312124849942e-08 5.280312124849942e-08 5.280312124849942e-09
0.18292917166866324 5.516926770708321e-06 8.506602641056499e-07 13.415766306523173 5.557250900359913e-07 5.557250900359913e-07 5.5572509003599125e-08
0.07906362545018224 2.9231692677070795e-07 2.617286914765849e-06 7.657462985194297 4.1110804321727436e-07 4.1110804321727436e-07 4.111080432172743e-08
0.09872749099640163 2.8672268907563197e-06 2.7686674669867313e-06 11.96318527411012 3.675790316126357e-07 3.675790316126357e-07 3.675790316126357e-08
0.15404561824729893 8.586874749900021e-06 3.091236494597826e-07 8.629851940776588 2.8088075230091733e-07 2.8088075230091733e-07 2.8088075230091733e-08
0.11867947178871947 3.3266506602641265e-06 1.521728691476578e-06 12.111244497799605 7.30560624249664e-07 7.30560624249664e-07 7.30560624249664e-08
0.10873949579832286 5.44925970388159e-06 2.6843937575029413e-06 12.583433373349854 2.1828531412565035e-07 2.1828531412565035e-07 2.1828531412565035e-08
0.0618487394957997 1.3144457783113296e-06 3.3289315726289653e-06 13.459783913565992 2.6325330132052647e-07 2.6325330132052647e-07 2.6325330132052647e-08
0.10060024009604157 1.1363745498199316e-06 2.4549819927970683e-06 8.87795118047248 7.118539415765961e-07 7.118539415765961e-07 7.11853941576596e-08
0.09404561824730177 8.284153661464645e-06 1.6668667466986609e-06 11.266906762705517 6.064489795918099e-07 6.064489795918099e-07 6.064489795918099e-08
0.028211284513805505 3.4904761904762126e-06 3.3539015606241624e-06 9.334133653461704 5.604017607042582e-07 5.604017607042582e-07 5.604017607042582e-08
0.03534213685474206 1.7525010004001686e-06 2.7234093637454367e-06 11.214885954382185 5.265858343337125e-07 5.265858343337125e-07 5.265858343337125e-08
0.10708283313325676 6.571108443377397e-06 1.9758703481392247e-06 11.791116446579098 7.417126850739929e-07 7.417126850739929e-07 7.417126850739929e-08
0.16002400960384067 1.6054421768707486e-07 2.603241296518551e-06 7.269307723089431 4.981660664265517e-07 4.981660664265517e-07 4.981660664265517e-08
0.1776710684273675 1.6955182072829213e-06 3.7175270108042196e-06 5.168467386954852 3.0462384953981116e-07 3.0462384953981116e-07 3.0462384953981116e-08
0.05219687875150154 8.41592637054828e-06 3.8018007202880097e-06 10.586634653861939 4.431252501000251e-07 4.431252501000251e-07 4.431252501000251e-08
0.14943577430972457 5.994157663065268e-06 8.69387755102049e-07 5.240496198479466 5.050012004801726e-07 5.050012004801726e-07 5.0500120048017266e-08
0.05061224489796005 3.6044417767107073e-06 2.9663865546218367e-07 7.077230892357127 6.140036014405488e-07 6.140036014405488e-07 6.140036014405488e-08
0.14244897959183844 8.932332933173333e-06 2.007082833133221e-06 5.6406562625051 8.744581832732629e-07 8.744581832732629e-07 8.744581832732629e-08
0.14352941176470743 8.50140056022415e-06 1.716806722689055e-06 13.7799119647865 7.467490996398188e-07 7.467490996398188e-07 7.467490996398189e-08
0.056518607442978326 6.733893557422969e-07 1.0332533013205355e-06 12.223289315726783 8.446058423369351e-08 8.446058423369351e-08 8.446058423369352e-09
0.09073229291716957 4.455622248899589e-06 5.27611044417766e-07 9.714285714286056 8.51794317727046e-07 8.51794317727046e-07 8.51794317727046e-08
0.19027611044417236 5.673629451780751e-06 3.083913565426094e-06 12.339335734294217 4.237695078031213e-09 4.237695078031213e-09 4.2376950780312127e-10
0.031164465786314502 7.728571428571483e-06 3.949579831932754e-07 9.082032813125554 4.58953981592621e-07 4.58953981592621e-07 4.58953981592621e-08
0.021944777911164462 7.660904361744752e-06 1.1362545018007234e-06 11.402961184474233 5.316286514605844e-08 5.316286514605844e-08 5.316286514605844e-09
0.11356542617047194 1.3251300520208135e-06 3.0230492196878014e-06 13.183673469388305 3.006666666666622e-07 3.006666666666622e-07 3.006666666666622e-08
0.14280912364946144 4.501920768307353e-06 3.875150060023901e-06 8.005602240896598 5.355794317726874e-07 5.355794317726874e-07 5.355794317726874e-08
0.1281152460984432 8.782753101240559e-06 3.754981992797015e-06 12.855542216887285 4.812645058023211e-08 4.812645058023211e-08 4.812645058023211e-09
0.1554861944777909 4.231252501000428e-06 3.6863145258102233e-06 4.160064025610254 2.2116326530612254e-07 2.2116326530612254e-07 2.2116326530612255e-08
0.19819927971187828 4.063865546218514e-06 3.3695078031211606e-06 9.106042416967092 6.402649059623556e-07 6.402649059623556e-07 6.402649059623557e-08
0.11378151260504578 6.7171268507403434e-06 1.889555822328927e-07 12.331332533013704 5.377378951580414e-07 5.377378951580414e-07 5.377378951580414e-08
0.07899159663865762 5.3068027210884715e-06 6.69627851140459e-07 7.193277310924561 6.287595038015208e-08 6.287595038015208e-08 6.287595038015208e-09
0.18148859543817125 5.150100040016041e-06 1.300120048019204e-06 11.771108443377816 5.139947979191476e-07 5.139947979191476e-07 5.139947979191476e-08
0.11831932773109641 1.289515806322534e-06 1.4436974789915872e-06 4.880352140856395 1.2151420568227296e-07 1.2151420568227296e-07 1.2151420568227295e-08
0.1667226890756284 1.1470588235294155e-06 3.087034813925494e-06 12.759503801521133 4.3090036014405776e-08 4.3090036014405776e-08 4.3090036014405774e-09
0.12962785114045977 2.9954381752701263e-06 1.6262905162064657e-06 5.43257302921177 4.7586194477789387e-07 4.7586194477789387e-07 4.7586194477789384e-08
0.04427370948379409 3.4370548219287932e-06 2.1704681872749034e-07 11.146858743497827 5.006842737094647e-07 5.006842737094647e-07 5.006842737094647e-08
0.05234093637455076 1e-07 3.044897959183599e-06 11.683073229292177 6.503377350940076e-07 6.503377350940076e-07 6.503377350940075e-08
0.19992797118846867 1.5744297719087707e-06 1.7995198079231453e-06 12.063225290116529 2.751248499399734e-07 2.751248499399734e-07 2.7512484993997336e-08
0.1095318127250936 6.610284113645505e-06 2.2068427370947975e-06 5.9367747098840695 2.1864505802320937e-07 2.1864505802320937e-07 2.186450580232094e-08
0.17306122448979314 7.881712685074085e-06 2.932533013205212e-06 6.8611444577832845 6.877511004401433e-07 6.877511004401433e-07 6.877511004401433e-08
0.04845138055222165 6.432212885154107e-06 2.2895558223288878e-06 11.418967587035258 5.614809923969352e-07 5.614809923969352e-07 5.6148099239693525e-08
0.14576230492197 3.444177671068449e-06 3.262905162064812e-07 11.615046018407819 8.751776710683809e-07 8.751776710683809e-07 8.751776710683808e-08
0.08187274909964215 2.0018007202881256e-06 2.10228091236491e-06 6.364945978391498 7.521452581032038e-07 7.521452581032038e-07 7.521452581032038e-08
0.07546218487395158 6.051140456182515e-06 2.177190876350501e-06 6.028811524609965 6.417038815525916e-07 6.417038815525916e-07 6.417038815525916e-08
0.1188235294117687 7.090036014405765e-07 2.545018007202872e-07 7.909563825530446 4.870140056022228e-07 4.870140056022228e-07 4.870140056022228e-08
0.15843937575029948 3.5901960784313955e-06 3.6254501800719304e-06 8.22168867547044 2.704481792717064e-07 2.704481792717064e-07 2.704481792717064e-08
0.0892917166866773 8.216486594637914e-06 2.710924369747838e-06 8.665866346538895 7.762480992396566e-07 7.762480992396566e-07 7.762480992396566e-08
0.0344777911164467 8.98931572629058e-06 1.6138055222088671e-06 5.844737895158174 8.143809523809103e-07 8.143809523809103e-07 8.143809523809103e-08
0.044201680672269476 2.1040416166466592e-07 2.8248499399759247e-06 4.364145658263327 6.456610644257406e-07 6.456610644257406e-07 6.456610644257406e-08
0.09894357743097547 4.947098839535848e-06 1.4421368547418874e-06 9.722288915566569 3.924013605442065e-07 3.924013605442065e-07 3.924013605442065e-08
0.07949579831932992 8.252100840336193e-06 1.1690276110444195e-06 7.549419767907375 6.582521008403055e-07 6.582521008403055e-07 6.582521008403055e-08
0.05068427370948466 3.1735094037615242e-06 9.69267707082843e-07 4.740296118447423 6.122048819527538e-07 6.122048819527538e-07 6.122048819527538e-08
0.1474909963985604 1.95906362545019e-06 1.5794717887154712e-06 12.29131652661114 6.190400160063748e-07 6.190400160063748e-07 6.190400160063748e-08
0.0382953181272512 3.5082833133253524e-06 1.639855942376948e-07 11.815126050420636 5.492496998799293e-07 5.492496998799293e-07 5.492496998799293e-08
0.1266026410564266 8.341136454581892e-06 2.228691476590595e-06 8.245698279311979 4.057182873149261e-08 4.057182873149261e-08 4.057182873149261e-09
0.09469387755102329 7.817607042817182e-06 7.944777911164527e-07 12.683473389356262 3.794505802320826e-07 3.794505802320826e-07 3.794505802320826e-08
0.04038415366146498 3.0631052420968575e-06 1.2376950780312114e-06 8.577831132453255 8.73385354141657e-08 8.73385354141657e-08 8.73385354141657e-09
0.05543817527010913 4.879431772709116e-06 3.0901560624248935e-06 8.445778311324796 4.039131652660944e-07 4.039131652660944e-07 4.039131652660944e-08
0.11644657863145647 4.9613445378151594e-06 2.7593037214885324e-06 12.527410964386265 6.179607843136978e-07 6.179607843136978e-07 6.179607843136978e-08
0.06415366146458731 3.967707082833159e-06 1.8884753901560348e-06 9.282112845138371 4.952881152460797e-07 4.952881152460797e-07 4.952881152460797e-08
0.14266506602641224 1.5993597438975664e-06 3.509963985594144e-06 9.134053621448887 1.3158703481392562e-07 1.3158703481392562e-07 1.3158703481392563e-08
0.09685474189676169 1.2610244097639102e-06 4.620648259303698e-07 13.755902360944962 1.4561704681872755e-07 1.4561704681872755e-07 1.4561704681872756e-08
0.13121248499400096 1.4462184873949641e-06 1.3235294117647013e-06 6.444977991196625 3.949259703881554e-08 3.949259703881554e-08 3.949259703881554e-09
0.1275390156062464 1.3856742697078888e-06 3.934453781512494e-06 4.280112044817944 6.053697478991329e-07 6.053697478991329e-07 6.053697478991329e-08
0.08576230492197126 5.545418167266945e-06 3.7534213685473154e-06 5.088435374149725 8.467579031612201e-07 8.467579031612201e-07 8.4675790316122e-08
0.08439375750300361 5.2213285314126005e-06 2.4612244897958675e-06 5.552621048419461 3.783713485394056e-07 3.783713485394056e-07 3.783713485394056e-08
0.18364945978390923 1.427370948379352e-07 2.907563025210015e-06 10.210484193677843 1.7151860744297726e-07 1.7151860744297726e-07 1.7151860744297726e-08
0.19236494597838574 8.918087234894022e-06 2.515846338535361e-06 4.9763905562225474 1.6216526610644264e-07 1.6216526610644264e-07 1.6216526610644263e-08
0.08165666266506831 3.864425770308148e-06 3.5911164465785345e-06 8.781912765106329 6.676054421768394e-07 6.676054421768394e-07 6.676054421768395e-08
0.1362545018007229 1.189795918367351e-06 6.867947178871581e-07 9.322128851540935 6.150828331332258e-07 6.150828331332258e-07 6.150828331332259e-08
0.022953181272508998 3.0809123649459973e-06 3.54585834333724e-06 6.272909163665602 2.3951020408163265e-07 2.3951020408163265e-07 2.3951020408163264e-08
0.1963985594237633 6.428651460584279e-06 2.620408163265249e-06 11.270908363345773 1.553301320528212e-07 1.553301320528212e-07 1.553301320528212e-08
0.10722689075630598 4.014005602240922e-06 3.5208883553420427e-06 5.160464185674339 1.5137294917967193e-07 1.5137294917967193e-07 1.513729491796719e-08
0.19085234093636916 8.647418967587097e-06 1.1237695078031248e-06 13.347739095638815 5.798279311724441e-07 5.798279311724441e-07 5.798279311724441e-08
0.146482593037216 3.629371748699503e-06 2.3192076830731843e-06 7.509403761504812 7.614985994397377e-07 7.614985994397377e-07 7.614985994397377e-08
0.19935174069627187 5.260504201680708e-06 2.3426170468186815e-06 10.822729091637063 3.395190076030339e-07 3.395190076030339e-07 3.395190076030339e-08
0.11306122448979965 6.332492997198924e-06 2.95126050420161e-06 12.787515006002927 5.657979191676432e-07 5.657979191676432e-07 5.6579791916764317e-08
0.10362545018007532 8.871788715486258e-06 1.5513805522208745e-06 4.920368147258959 3.801700680272006e-07 3.801700680272006e-07 3.801700680272006e-08
0.03606242496998819 1.6207282913165341e-06 2.3082833133252856e-06 12.147258903561912 3.0606282513004715e-07 3.0606282513004715e-07 3.060628251300472e-08
0.025906362545017995 5.559663865546257e-06 2.737454981992735e-06 5.89275710284125 1.902252901160465e-07 1.902252901160465e-07 1.902252901160465e-08
0.15959183673469307 3.2554221688675673e-06 2.2177671068426962e-06 6.2288915566227825 1.9957863145258111e-07 1.9957863145258111e-07 1.9957863145258112e-08
0.14864345738295398 4.441376550620277e-06 3.7627851140455143e-06 13.555822328932145 8.082653061224074e-07 8.082653061224074e-07 8.082653061224074e-08
0.10938775510204438 6.474949979992042e-06 4.0900360144057424e-07 7.201280512205074 7.319995998398999e-07 7.319995998398999e-07 7.319995998399e-08
0.19214885954381195 4.056742697078858e-06 1.3843937575029942e-06 10.510604241697068 5.240676270507995e-07 5.240676270507995e-07 5.240676270507995e-08
0.0289315726290516 1.7845538215286203e-06 7.273709483793561e-07 9.346138455382473 7.19048819527776e-07 7.19048819527776e-07 7.19048819527776e-08
0.05795918367347059 5.331732693077267e-06 6.446578631452602e-07 8.585834333733768 5.402561024409544e-07 5.402561024409544e-07 5.402561024409544e-08
0.16218487394957865 6.749179671868795e-06 1.3921968787514932e-06 13.683873549420348 7.22292917166867e-08 7.22292917166867e-08 7.2229291716686704e-09
0.09454981992797407 3.369387755102062e-06 3.923529411764595e-06 13.903961584634446 5.136350540215886e-07 5.136350540215886e-07 5.1363505402158856e-08
0.16506602641056262 5.456382553021246e-06 8.256902761104512e-07 6.448979591836881 2.6541176470588045e-07 2.6541176470588045e-07 2.6541176470588046e-08
0.06336134453781657 7.336814725890408e-06 3.1260504201679892e-06 7.813525410164294 6.420636254501506e-07 6.420636254501506e-07 6.420636254501507e-08
0.14028811524610046 4.5126050420168366e-06 2.6563025210083446e-06 12.34733893557473 1.4741576630652267e-07 1.4741576630652267e-07 1.4741576630652267e-08
0.14302521008403524 4.480552220888385e-06 1.0785114045618302e-06 10.330532212885533 4.848619447779113e-08 4.848619447779113e-08 4.848619447779113e-09
0.16304921968787384 2.760384153661481e-06 1.5747899159663717e-06 8.325730292117106 5.179519807922966e-07 5.179519807922966e-07 5.1795198079229654e-08
0.029939975990396137 7.076830732292967e-06 2.294237695077987e-06 12.57543017206934 8.931648659463307e-07 8.931648659463307e-07 8.931648659463307e-08
0.08453781512605284 8.301960784313785e-06 3.4319327731091532e-06 5.600640256102537 7.838027210883956e-07 7.838027210883956e-07 7.838027210883955e-08
0.06818727490996565 5.819647859143698e-06 3.391356542616958e-06 4.716286514605885 6.823549419767583e-07 6.823549419767583e-07 6.823549419767583e-08
0.1969747899159601 8.38031212485e-06 3.936014405762194e-06 11.250900360144492 3.841336534613847e-08 3.841336534613847e-08 3.841336534613847e-09
0.12422569027611469 3.105842336934793e-06 3.4709483793516486e-06 7.993597438975829 8.014301720687864e-07 8.014301720687864e-07 8.014301720687864e-08
0.048523409363746266 7.764185674269763e-06 1.4265306122448892e-06 10.314525810324508 4.5967987194877966e-08 4.5967987194877966e-08 4.596798719487796e-09
0.127971188475394 6.788355342136903e-06 3.4132052821127554e-06 10.82673069227732 6.61136454581833e-08 6.61136454581833e-08 6.61136454581833e-09
0.08885954381752963 6.7135654261705155e-06 1.3375750300119997e-06 5.3165266106443365 3.096602641056371e-07 3.096602641056371e-07 3.0966026410563714e-08
0.15116446578631496 5.1322929171669015e-06 3.80024009603831e-06 7.4813925570230175 6.888303321328203e-07 6.888303321328203e-07 6.888303321328203e-08
0.07128451380552402 8.725770308123312e-06 2.568907563025155e-06 9.1420568227294 4.4960064025608707e-07 4.4960064025608707e-07 4.4960064025608705e-08
0.025690276110444166 1.5708683473389427e-06 2.44093637454977e-06 8.497799119648128 7.870404161664265e-07 7.870404161664265e-07 7.870404161664265e-08
0.0848979591836759 4.391516606642686e-06 3.861104441776603e-06 9.21808723489427 5.226286514605635e-07 5.226286514605635e-07 5.226286514605635e-08
0.03418967587034825 1.854741896758704e-07 1.7324129651860532e-06 9.326130452181191 3.877951180472189e-09 3.877951180472189e-09 3.877951180472189e-10
0.19135654261704135 2.418487394957997e-06 2.3270108043216833e-06 10.418567426971173 1.8195118047218895e-07 1.8195118047218895e-07 1.8195118047218894e-08
0.10521008403361681 5.27474989996002e-06 1.6512605042016627e-06 6.881152460984566 8.118627450979973e-07 8.118627450979973e-07 8.118627450979973e-08
0.048955582232893945 2.585874349739911e-06 3.893877551020299e-06 8.301720688275568 8.553981592637058e-08 8.553981592637058e-08 8.553981592637058e-09
0.1765906362544985 8.551260504201742e-06 4.932773109243678e-07 11.743097238896022 7.021408563425032e-07 7.021408563425032e-07 7.021408563425032e-08
0.1209843937575071 1.809483793517416e-06 2.3660264105641788e-06 12.639455782313442 3.1829411764705305e-07 3.1829411764705305e-07 3.1829411764705304e-08
0.04866746698679549 5.997719087635096e-06 3.04441776710683e-07 4.2160864345738425 7.075370148058881e-07 7.075370148058881e-07 7.075370148058881e-08
0.11248499399760274 1.9127651060424266e-06 2.431572629051571e-06 12.103241296519093 4.823373349339558e-07 4.823373349339558e-07 4.8233733493395585e-08
0.08734693877551275 4.729851940776342e-06 2.467466986794667e-06 5.876750700280224 3.686582633053127e-07 3.686582633053127e-07 3.6865826330531266e-08
0.1470588235294128 3.6827931172469224e-06 1.5997599039615688e-06 10.402561024410147 1.67561424569828e-07 1.67561424569828e-07 1.67561424569828e-08
0.057382953181273684 8.526330532212946e-06 1.9430972388955286e-06 10.642657062825528 2.2152300920368156e-07 2.2152300920368156e-07 2.2152300920368155e-08
0.187466986794713 3.533213285314148e-06 2.8872749099639174e-06 10.226490596238868 1.341052420968388e-07 1.341052420968388e-07 1.3410524209683879e-08
0.17162064825930115 6.66266506602641e-07 2.6250900360143482e-06 8.513805522209154 2.3304121648659472e-08 2.3304121648659472e-08 2.330412164865947e-09
0.04564225690276174 3.2304921968787716e-06 8.08523409363752e-07 9.818327330932721 6.068087234893689e-07 6.068087234893689e-07 6.068087234893689e-08
0.1572869147659059 4.90792316926774e-06 1.2049219687875153e-06 8.481792717087103 3.4563465386153685e-07 3.4563465386153685e-07 3.456346538615369e-08
0.1660024009603824 6.150860344137698e-06 2.025810324129619e-06 6.040816326530734 6.553741496598335e-07 6.553741496598335e-07 6.553741496598335e-08
0.14201680672269085 7.863905562224946e-06 3.851740696278404e-06 8.27771108443403 3.3088515406161796e-07 3.3088515406161796e-07 3.3088515406161795e-08
0.03260504201680676 6.8880752300920855e-06 1.7870348139255467e-06 8.109643857543263 5.722733093237051e-07 5.722733093237051e-07 5.722733093237052e-08
0.05867947178871672 5.6558223289316115e-06 1.6169267707082668e-06 12.135254101641143 1.0424649859943982e-07 1.0424649859943982e-07 1.0424649859943982e-08
0.1479951980792326 2.835174069627868e-06 3.3253301320528066e-07 7.069227691076614 2.873561424569793e-07 2.873561424569793e-07 2.873561424569793e-08
0.12991596638655817 8.718647458983656e-06 1.8166866746698432e-06 10.986794717887573 3.7441416566625663e-07 3.7441416566625663e-07 3.7441416566625666e-08
0.13070828331332876 1.282392957182878e-06 5.447779111644652e-07 11.442977190876796 5.352196878751284e-07 5.352196878751284e-07 5.352196878751284e-08
0.07747899159664075 3.6721088435374385e-06 3.517767106842643e-06 4.892356942777164 8.453189275709841e-07 8.453189275709841e-07 8.453189275709841e-08
0.11860744297719486 8.476470588235355e-06 3.3429771908762637e-06 10.962785114046035 2.085722288915567e-07 2.085722288915567e-07 2.085722288915567e-08
0.18876350540215578 7.21216486594643e-06 3.2196878751499782e-06 11.72308923569474 6.827210884353744e-08 6.827210884353744e-08 6.827210884353744e-09
0.1971188475390093 5.210644257703117e-06 3.010564225690203e-06 5.2925170068027985 5.0644657863145275e-08 5.0644657863145275e-08 5.064465786314528e-09
0.04016806722689114 1.200480192076835e-06 3.2524609843936744e-06 10.238495398159637 7.507062825129678e-07 7.507062825129678e-07 7.507062825129678e-08
0.13942376950780527 3.3480192076830942e-06 9.48979591836745e-07 9.902360944378104 3.934805922368835e-07 3.934805922368835e-07 3.934805922368835e-08
0.04448979591836793 8.597559023609505e-06 1.7199279711884546e-06 9.450180072029138 3.3340336134453094e-07 3.3340336134453094e-07 3.3340336134453094e-08
0.15426170468187272 8.732893157262968e-06 7.710684273709539e-07 9.96238495398195 2.0497478991596647e-07 2.0497478991596647e-07 2.0497478991596648e-08
0.14309723889555984 7.315446178471441e-06 3.7253301320527187e-06 8.021608643457624 3.481592637054823e-08 3.481592637054823e-08 3.481592637054823e-09
0.06811524609844104 8.369627851140516e-06 3.4974789915965455e-06 6.196878751500732 6.938667466986462e-07 6.938667466986462e-07 6.938667466986462e-08
0.10758703481392905 7.799799919968042e-06 1.257983193277309e-06 10.110444177671434 1.6576270508203288e-07 1.6576270508203288e-07 1.6576270508203287e-08
0.18854741896758198 4.36658663465389e-06 1.1768307322929186e-06 5.788715486194585 7.722909163665076e-07 7.722909163665076e-07 7.722909163665076e-08
0.1357503001200507 4.038935574229718e-06 2.245858343337293e-06 6.304921968787653 5.85943577430947e-07 5.85943577430947e-07 5.8594357743094705e-08
0.15368547418967593 5.491996798719525e-06 1.122208883553425e-06 5.052420968387418 8.388435374149221e-07 8.388435374149221e-07 8.388435374149221e-08
0.1976950780312061 7.846098439375806e-06 3.1744297719086835e-06 4.896358543417421 3.093005202080781e-07 3.093005202080781e-07 3.093005202080781e-08
0.18926770708282797 4.1340536214485677e-07 3.917286914765796e-06 10.506602641056812 3.4815286114444983e-07 3.4815286114444983e-07 3.481528611444498e-08
0.07704681872749307 8.643857543017269e-06 1.114405762304926e-06 12.547418967587546 7.989119647858734e-07 7.989119647858734e-07 7.989119647858735e-08
0.0317406962785114 4.298919567827159e-06 2.066386554621814e-06 12.1392557022814 2.467050820328126e-07 2.467050820328126e-07 2.467050820328126e-08
0.06451380552221038 1.2539015606242543e-06 3.697238895558122e-06 7.389355742297122 1.8339015606242504e-07 1.8339015606242504e-07 1.8339015606242505e-08
0.02 5.3993997599039985e-06 3.5474189675869396e-06 13.095638255302665 2.0065786314525818e-07 2.0065786314525818e-07 2.006578631452582e-08
0.07927971188475608 8.273469387755161e-06 1.573229291716672e-06 10.958783513405779 4.2369907963183926e-07 4.2369907963183926e-07 4.2369907963183923e-08
0.030084033613445357 2.6321728691476744e-06 3.016806722689002e-06 12.739495798319851 3.28366946778705e-07 3.28366946778705e-07 3.2836694677870495e-08
0.040528211284514205 5.812525010004042e-06 2.584513805522153e-06 13.851940776311114 3.366410564225619e-07 3.366410564225619e-07 3.3664105642256194e-08
0.17810324129651509 5.940736294517848e-06 3.8813925570227e-06 6.813125250100208 3.5750620248098376e-07 3.5750620248098376e-07 3.575062024809838e-08
0.11918367346939177 8.487154861944838e-06 2.5033613445377626e-06 7.16126450580251 1.8627450980392163e-08 1.8627450980392163e-08 1.8627450980392164e-09
0.17010804321728457 5.6629451780712675e-06 2.280192076830689e-06 7.681472589035835 7.596998799519427e-07 7.596998799519427e-07 7.596998799519427e-08
0.07164465786314708 4.811764705882385e-06 3.871548619447761e-07 6.104841936774836 6.658067226890444e-07 6.658067226890444e-07 6.658067226890445e-08
0.036422569027611255 5.670068027210923e-06 2.8373349339735232e-06 9.390156062425293 2.977887154861902e-07 2.977887154861902e-07 2.977887154861902e-08
0.0936134453781541 8.977591036414584e-07 2.687515006002341e-06 6.893157262905335 5.89900760304096e-07 5.89900760304096e-07 5.89900760304096e-08
0.18818727490995898 5.9727891156463e-06 1.8432172869147401e-06 6.78911564625867 5.262260904361535e-07 5.262260904361535e-07 5.2622609043615346e-08
0.16996398559423537 9.048819527811143e-07 1.9852340936374236e-06 11.330932372949619 2.9023409363745126e-07 2.9023409363745126e-07 2.9023409363745126e-08
0.030012004801920747 1.4818327330932437e-06 2.593877551020352e-06 5.6326530612245875 8.56111244497754e-07 8.56111244497754e-07 8.56111244497754e-08
0.18170468187274505 2.4362945178071366e-06 5.432172869147653e-07 6.352941176470729 3.24409763905556e-07 3.24409763905556e-07 3.24409763905556e-08
0.12977190876350897 8.194077631052432e-07 1.0956782713085282e-06 5.184473789515877 8.075458183272894e-07 8.075458183272894e-07 8.075458183272894e-08
0.07791116446578843 4.240896358543405e-07 1.1190876350540254e-06 11.927170868347813 5.258663465385945e-07 5.258663465385945e-07 5.258663465385945e-08
0.03786314525810352 7.899519807923225e-06 1.894717887154834e-06 13.259703881553175 4.2729651860742923e-07 4.2729651860742923e-07 4.272965186074292e-08
0.06861944777911333 4.117286914765933e-06 6.274909963985611e-07 10.050420168067589 4.8845938375350156e-08 4.8845938375350156e-08 4.884593837535016e-09
0.13394957983193573 2.568067226890771e-06 2.255222088835492e-06 11.735094037615509 6.873913565425843e-07 6.873913565425843e-07 6.873913565425843e-08
0.07935174069628069 2.931332533013223e-06 2.1959183673468988e-06 5.7486994797920214 8.107835134053203e-07 8.107835134053203e-07 8.107835134053203e-08
0.1670108043217268 5.487394957983183e-07 1.3563025210083975e-06 7.733493397359167 5.362989195678054e-07 5.362989195678054e-07 5.3629891956780544e-08
0.04002400960384191 8.914525810324194e-06 3.0823529411763944e-06 4.256102440976406 2.438271308523406e-07 2.438271308523406e-07 2.4382713085234062e-08
0.08468187274910206 4.202761104441804e-06 6.852340936374582e-07 7.349339735894558 6.3961584633853555e-09 6.3961584633853555e-09 6.396158463385355e-10
0.036206482593037416 4.092356942777137e-06 3.060024009603829e-07 12.043217286915247 4.017547018807404e-07 4.017547018807404e-07 4.017547018807404e-08
0.10211284513805845 8.683033213285376e-06 3.2274909963984773e-06 4.540216086434606 7.586206482592657e-07 7.586206482592657e-07 7.586206482592657e-08
0.09577430972389249 4.330972388955611e-06 5.49459783913565e-07 9.406162464986318 1.8015246098439383e-07 1.8015246098439383e-07 1.8015246098439382e-08
0.15224489795918394 2.4220488195278248e-06 3.46002400960375e-06 7.009203681472769 9.129571828731496e-08 9.129571828731496e-08 9.129571828731495e-09
0.0361344537815128 4.505482192877181e-06 7.975990396158526e-07 12.955582232893693 2.251204481792718e-07 2.251204481792718e-07 2.251204481792718e-08
0.18998799519807397 3.276790716286535e-06 6.930372148859578e-07 13.631852741097015 8.043081232492584e-07 8.043081232492584e-07 8.043081232492584e-08
0.051908763505403084 1.7738695478191364e-06 3.6082833133252325e-06 10.94677871148501 8.776958783512938e-07 8.776958783512938e-07 8.776958783512939e-08
0.06645858343337493 3.7860744297719333e-06 1.215846338535414e-06 5.208483393357415 2.887951180472153e-07 2.887951180472153e-07 2.8879511804721528e-08
0.0689795918367364 4.509043617447009e-06 5.853541416566632e-07 12.78351340536267 8.485566226490151e-07 8.485566226490151e-07 8.48556622649015e-08
0.17090036014405516 9.120048019207702e-07 1.6554621848739466e-07 9.574229691877084 1.9526170468187283e-07 1.9526170468187283e-07 1.9526170468187284e-08
0.13049219687875496 2.0089235694277815e-06 2.6984393757502396e-06 6.765106042417132 7.391944777910799e-07 7.391944777910799e-07 7.3919447779108e-08
0.16816326530612039 2.0979591836734805e-06 3.662905162064726e-06 12.991596638656 5.834253701480341e-07 5.834253701480341e-07 5.8342537014803406e-08
0.10204081632653383 3.599839935974382e-07 3.906362545017897e-06 8.089635854341982 6.852328931572303e-07 6.852328931572303e-07 6.852328931572303e-08
0.07214885954381937 6.69827931172469e-07 8.600240096038494e-07 10.682673069228091 6.143633453381078e-07 6.143633453381078e-07 6.143633453381078e-08
0.10434573829532146 1.0366546618647488e-06 2.9216086434573133e-06 13.831932773109832 6.060892356942509e-07 6.060892356942509e-07 6.06089235694251e-08
0.08295318127251135 8.789875950380215e-06 2.2484993997598969e-07 5.264505802321004 8.888479391756228e-07 8.888479391756228e-07 8.888479391756228e-08
0.04218487394958031 1.1791116446578672e-06 1.0660264105642316e-06 12.927571028411899 8.834517807122378e-07 8.834517807122378e-07 8.834517807122378e-08
0.12530612244898381 3.208083233293312e-07 1.6184873949579666e-06 6.561024409764059 1.646834733893558e-07 1.646834733893558e-07 1.6468347338935582e-08
0.10232893157263229 4.562464985994428e-06 2.057022809123615e-06 5.0724289715887 8.57190476190431e-07 8.57190476190431e-07 8.57190476190431e-08
0.1977671068427307 4.6052020808323635e-06 2.7905162064825288e-06 10.73869547819168 4.204613845538083e-07 4.204613845538083e-07 4.204613845538083e-08
0.08244897959183906 5.784033613445418e-06 3.3211284513804663e-06 5.836734693877661 7.035798319327392e-07 7.035798319327392e-07 7.035798319327392e-08
0.04477791116446638 6.047579031612687e-06 2.3265306122448903e-07 11.014805922369368 3.769323729491696e-07 3.769323729491696e-07 3.769323729491696e-08
0.0481632653061232 8.087234893957594e-07 2.8092436974789266e-06 6.541016406562777 4.067911164465664e-07 4.067911164465664e-07 4.067911164465664e-08
0.13308523409364054 5.876630652260945e-06 3.5645858343336376e-06 12.211284513806014 7.21926770708248e-07 7.21926770708248e-07 7.21926770708248e-08
0.09901560624250008 5.3139255702281274e-06 2.1132052821128085e-06 5.52060824329741 7.431516606642289e-07 7.431516606642289e-07 7.431516606642289e-08
0.07855942376950995 2.243977591036427e-06 2.9819927971188354e-07 6.577030812325084 8.647450980391699e-07 8.647450980391699e-07 8.647450980391699e-08
0.06825930372149026 7.632412965186128e-06 2.0367346938775175e-06 4.768307322929218 3.5894517807121975e-07 3.5894517807121975e-07 3.589451780712197e-08
0.1758703481392525 4.347739095638242e-07 1.8120048019207438e-06 12.727490996399082 1.2043497398959589e-07 1.2043497398959589e-07 1.204349739895959e-08
0.09325330132053103 7.910204081632709e-06 1.5357743097238763e-06 11.39495798319372 7.579011604641477e-07 7.579011604641477e-07 7.579011604641477e-08
0.03649459783913587 1.4319727891156523e-06 3.7268907563024185e-06 5.832733093237405 6.848731492596713e-07 6.848731492596713e-07 6.848731492596712e-08
0.1662905162064808 4.487675070028041e-06 8.834333733493483e-07 4.960384153661522 3.6973749499798967e-07 3.6973749499798967e-07 3.6973749499798964e-08
0.03426170468187286 3.928531412565051e-06 3.9391356542615935e-06 8.945978391356839 1.8806682673069235e-07 1.8806682673069235e-07 1.8806682673069237e-08
0.16175270108043105 6.742056822729139e-06 5.244897959183662e-07 9.41416566626683 7.23725490196043e-07 7.23725490196043e-07 7.23725490196043e-08
0.13222088835534535 3.5260904361744922e-06 1.3048019207683035e-06 9.814325730292465 3.9815726290515045e-07 3.9815726290515045e-07 3.9815726290515045e-08
0.08878751500600501 4.241936774709912e-06 2.5127250900359615e-06 12.743497398960107 6.158023209283438e-07 6.158023209283438e-07 6.158023209283438e-08
0.1356782713085261 6.175790316126494e-06 3.2509003601439745e-06 12.967587034814462 2.2727891156462594e-07 2.2727891156462594e-07 2.2727891156462594e-08
0.14518607442977322 4.583833533413396e-06 6.914765906362579e-07 12.671468587435493 6.323505402160577e-07 6.323505402160577e-07 6.323505402160577e-08
0.16427370948379202 4.17426970788318e-06 2.8607442977190205e-06 8.849939975990686 5.8199279711884774e-08 5.8199279711884774e-08 5.8199279711884774e-09
0.1668667466986776 4.5161664665866645e-06 3.9984393757501865e-06 6.068827531012529 5.697551020407922e-07 5.697551020407922e-07 5.697551020407922e-08
0.08691476590636507 6.873829531812774e-06 1.989915966386523e-06 11.967186874750377 3.679387755101947e-07 3.679387755101947e-07 3.6793877551019465e-08
0.1466266506602652 3.885794317727116e-06 3.611404561824632e-06 8.581832733093512 3.9887675070026845e-07 3.9887675070026845e-07 3.9887675070026846e-08
0.10909963985594592 2.6891556622649217e-06 2.703121248499339e-06 11.006802721088855 4.920568227290918e-08 4.920568227290918e-08 4.920568227290918e-09
0.052845138055223055 4.59451780712288e-06 2.701080432172859e-07 9.118047218887861 1.1683753501400565e-07 1.1683753501400565e-07 1.1683753501400565e-08
0.044417767106843316 3.6685474189676106e-06 1.0624249699879952e-07 8.949979991997095 7.891988795517805e-07 7.891988795517805e-07 7.891988795517805e-08
0.13927971188475607 7.685834333733548e-06 3.6067226890755326e-06 6.637054821928929 3.902428971588525e-07 3.902428971588525e-07 3.902428971588525e-08
0.16830732292916958 5.324609843937611e-06 3.2103241296517793e-06 9.854341736695028 2.607350940376135e-07 2.607350940376135e-07 2.6073509403761347e-08
0.19999999999999327 3.867987194877976e-06 1.3901560624249688e-07 12.39135654261755 8.226550620247673e-07 8.226550620247673e-07 8.226550620247673e-08
0.14345738295318283 8.661664665866408e-06 2.7655462184873317e-06 4.584233693477426 3.7189595838334365e-07 3.7189595838334365e-07 3.7189595838334366e-08
0.055582232893158355 7.041216486594688e-06 2.0601440576230148e-06 13.31972789115702 2.9383153261304124e-07 2.9383153261304124e-07 2.9383153261304124e-08
0.10614645858343678 2.122889155662276e-06 1.972749099639825e-06 9.046018407363247 7.475390156062427e-09 7.475390156062427e-09 7.475390156062427e-10
0.10384153661464916 7.66446578631458e-06 3.177551020408083e-06 13.747899159664449 7.071772709083291e-07 7.071772709083291e-07 7.071772709083292e-08
0.13042016806723036 6.905882352941225e-06 3.3102040816325676e-06 11.354941976791157 2.3339455782312935e-07 2.3339455782312935e-07 2.3339455782312934e-08
0.0733733493397378 2.7176470588235454e-06 1.2486194477791101e-06 9.83033213285349 8.697879151660668e-08 8.697879151660668e-08 8.697879151660668e-09
0.11543817527011188 6.945058023209333e-06 2.4799519807922653e-06 10.750700280112449 7.115646258503403e-09 7.115646258503403e-09 7.115646258503403e-10
0.13503001200480472 5.8338935574230095e-06 3.5068427370947444e-06 8.653861544618126 1.585678271308524e-07 1.585678271308524e-07 1.585678271308524e-08
0.025978391356542604 4.0816726690676535e-06 2.0304921968787183e-06 4.456182472989223 2.024565826330533e-07 2.024565826330533e-07 2.0245658263305332e-08
0.1665066026410546 6.247018807523053e-06 3.102641056422492e-06 8.601840736294793 1.3014805922368953e-07 1.3014805922368953e-07 1.3014805922368953e-08
0.17428571428571132 6.638775510204128e-06 3.349219687875063e-06 10.85874349739937 8.960428171268027e-07 8.960428171268027e-07 8.960428171268027e-08
0.09671068427371246 3.6899159663865783e-06 2.7608643457382323e-06 9.126050420168374 7.334385754301359e-07 7.334385754301359e-07 7.334385754301359e-08
0.03166866746698679 8.394557823129311e-06 3.97190876350529e-06 13.215686274510356 2.5030252100840256e-07 2.5030252100840256e-07 2.5030252100840256e-08
0.03944777911164501 4.031812725090062e-06 3.4022809123648567e-06 10.23449379751938 3.6074389755901473e-07 3.6074389755901473e-07 3.607438975590147e-08
0.025330132052821117 5.338855542216923e-06 1.741776710684252e-06 5.72869147659074 4.3593037214884517e-07 4.3593037214884517e-07 4.359303721488452e-08
0.0673949579831949 6.036894757903203e-06 7.741896758703537e-07 9.674269707883493 5.607615046018172e-07 5.607615046018172e-07 5.6076150460181724e-08
0.09267707082833412 7.650220088035268e-06 2.1397358943577054e-06 12.735494197679595 8.061068427370534e-07 8.061068427370534e-07 8.061068427370534e-08
0.08590636254502049 7.952941176470645e-06 3.0495798319326982e-06 13.607843137255477 4.56076030412149e-07 4.56076030412149e-07 4.56076030412149e-08
0.147923169267708 2.4825930372149e-06 1.3984393757502925e-06 13.991996798720086 8.643853541416109e-07 8.643853541416109e-07 8.643853541416109e-08
0.1269627851140496 4.238375350140084e-06 2.081992797118812e-06 11.671068427371408 2.2835814325730301e-07 2.2835814325730301e-07 2.2835814325730302e-08
0.1260984393757544 5.442136854741934e-06 2.5111644657862617e-06 9.166066426570938 1.1036214485794322e-07 1.1036214485794322e-07 1.1036214485794322e-08
0.03238895558223292 4.2276910764306e-06 1.5841536614645706e-06 9.410164065626574 3.9132853141256515e-08 3.9132853141256515e-08 3.913285314125652e-09
0.18105642256902366 8.262785114045677e-06 5.791116446578635e-07 8.193677470988646 2.9419767907162876e-08 2.9419767907162876e-08 2.9419767907162877e-09
0.19387755102040233 7.5861144457783656e-06 1.999279711884722e-06 6.17687074829945 6.521364545818025e-07 6.521364545818025e-07 6.521364545818025e-08
0.16881152460984178 2.5466986794718034e-06 1.2184873949579832e-07 13.591836734694452 8.233745498198853e-07 8.233745498198853e-07 8.233745498198852e-08
0.06581032412965342 5.178591436574665e-06 2.5298919567826595e-06 11.042817126851162 8.56470988395313e-07 8.56470988395313e-07 8.56470988395313e-08
0.09123649459784186 7.397358943577484e-06 1.938415366146429e-06 4.268107242897175 1.916642657062826e-07 1.916642657062826e-07 1.916642657062826e-08
0.12825930372149238 5.374469787915203e-06 1.5092436974789794e-06 5.588635454181768 4.424057623049071e-07 4.424057623049071e-07 4.424057623049071e-08
0.18098439375749906 7.432973189275763e-06 1.1159663865546258e-06 5.676670668267407 4.416862745097891e-07 4.416862745097891e-07 4.416862745097891e-08
0.13531812725090311 8.565506202481054e-06 8.194477791116515e-07 9.702280912365287 8.302160864345741e-08 8.302160864345741e-08 8.302160864345742e-09
0.10391356542617378 6.1864745898359775e-06 4.1992797118847333e-07 9.630252100840673 3.1685514205681706e-07 3.1685514205681706e-07 3.168551420568171e-08
0.07358943577431164 4.234813925570256e-06 3.6566626650659268e-06 11.69107643057269 1.8303041216486602e-07 1.8303041216486602e-07 1.83030412164866e-08
0.11450180072029191 1.1719887955182112e-06 4.7454981992796875e-07 12.903561424570361 1.8986554621848747e-07 1.8986554621848747e-07 1.898655462184875e-08
0.09181272509003877 6.164065626250496e-07 3.4147659063624552e-06 13.227691076431125 4.909711884753718e-07 4.909711884753718e-07 4.9097118847537174e-08
0.0552941176470599 4.54109643857546e-06 1.1799519807923182e-06 12.94757903161318 4.3880832332931715e-07 4.3880832332931715e-07 4.3880832332931713e-08
0.16989195678271077 6.489195678271354e-06 3.340936374549805e-07 12.815526210484721 1.9598119247699088e-07 1.9598119247699088e-07 1.9598119247699088e-08
0.047082833133254 5.887314925970429e-06 3.0542617046817977e-06 6.180872348939706 6.701236494597524e-07 6.701236494597524e-07 6.701236494597524e-08
0.042545018007203374 7.311884753901613e-06 2.2755102040815894e-06 12.867547018808054 1.2871548619447783e-08 1.2871548619447783e-08 1.2871548619447783e-09
0.18163265306122045 6.911964785914367e-07 2.3004801920767865e-06 9.774309723889901 8.899271708682998e-07 8.899271708682998e-07 8.899271708682997e-08
0.126170468187279 2.6927170868347497e-06 7.726290516206538e-07 4.82032813125255 3.355618247298849e-07 3.355618247298849e-07 3.355618247298849e-08
0.08727490996398814 4.060304121648686e-06 1.003601440576239e-06 7.473389355742505 4.740632252900989e-07 4.740632252900989e-07 4.7406322529009886e-08
0.19222088835533654 2.1976790716286633e-06 2.957503001200409e-06 12.679471788716006 1.9058503401360552e-07 1.9058503401360552e-07 1.9058503401360553e-08
0.13337334933973893 4.07098839535817e-06 4.1368547418967385e-07 13.083633453381896 6.078879551820459e-07 6.078879551820459e-07 6.078879551820459e-08
0.08331332533013441 1.0651460584233725e-06 1.4327731092436885e-06 6.589035614245853 5.996138455381889e-07 5.996138455381889e-07 5.99613845538189e-08
0.17896758703481028 7.262024809924021e-06 1.2018007202881157e-06 4.8243297318928064 6.730016006402244e-07 6.730016006402244e-07 6.730016006402244e-08
0.10542617046819065 7.714325730292171e-06 3.2415366146457756e-06 11.983193277311402 2.884353741496563e-07 2.884353741496563e-07 2.8843537414965628e-08
0.031020408163265283 1.6705882352941256e-06 2.01488595438172e-06 5.732693077230996 2.3807122849139666e-07 2.3807122849139666e-07 2.3807122849139666e-08
0.10016806722689389 1.9270108043217384e-06 3.200480192076817e-07 12.359343737495498 5.711940776310282e-07 5.711940776310282e-07 5.711940776310281e-08
0.18120048019207285 1.727571028411373e-06 3.9563025210082915e-06 8.865946378551712 4.58234493797503e-07 4.58234493797503e-07 4.58234493797503e-08
0.19121248499399215 8.195118047218946e-06 1.9930372148859227e-06 12.643457382953699 7.381152460984029e-07 7.381152460984029e-07 7.381152460984029e-08
0.09728691476590937 7.489955982393011e-06 3.959423769507691e-06 12.355342136855242 6.650872348939264e-07 6.650872348939264e-07 6.650872348939264e-08
0.09779111644658166 8.811244497799183e-06 6.945978391356577e-07 4.480192076830761 7.949547819127245e-07 7.949547819127245e-07 7.949547819127245e-08
0.19963985594237027 8.846858743497462e-06 6.306122448979609e-07 11.519007603041667 2.9060024009603853e-08 2.9060024009603853e-08 2.9060024009603853e-09
0.03152460984393756 7.3296918767507525e-06 2.295798319327687e-06 8.11364545818352 6.395454181672376e-07 6.395454181672376e-07 6.395454181672376e-08
0.17385354141656373 6.414405762304967e-06 3.3788715486193595e-06 6.356942777110985 5.273053221288305e-07 5.273053221288305e-07 5.273053221288305e-08
0.030516206482593015 5.60596238495402e-06 3.889195678271199e-06 10.154461784714254 7.057382953180931e-07 7.057382953180931e-07 7.057382953180931e-08
0.07863145258103456 5.23913565426174e-06 9.474189675870451e-07 11.859143657463456 7.701324529811537e-07 7.701324529811537e-07 7.701324529811537e-08
0.19049219687874616 5.8410164065626654e-06 2.6828331332532414e-06 7.885554221688908 8.240940376150032e-07 8.240940376150032e-07 8.240940376150033e-08
0.03836734693877581 1.4390956382553082e-06 3.282112845137971e-06 12.119247699080118 8.183381352540593e-07 8.183381352540593e-07 8.183381352540593e-08
0.030228091236494576 1.4141656662665125e-06 3.653541416566527e-06 12.911564625850874 1.9418247298919576e-07 1.9418247298919576e-07 1.9418247298919576e-08
0.17399759903961293 1.8842737094838031e-06 1.4093637454981912e-06 9.66626650660298 4.55356542617031e-07 4.55356542617031e-07 4.5535654261703105e-08
0.17911164465785948 2.0302921168467492e-06 1.8073229291716443e-06 8.661864745898638 6.604105642256595e-07 6.604105642256595e-07 6.604105642256595e-08
0.1580792316926765 4.2490596238495676e-06 2.68547418967586e-07 8.073629451780956 7.27322929171633e-07 7.27322929171633e-07 7.27322929171633e-08
0.05176470588235386 2.763945578231309e-06 2.3488595438174808e-06 7.341336534614046 8.61867146858698e-07 8.61867146858698e-07 8.61867146858698e-08
0.09735894357743398 7.909163665466196e-07 3.6769507803120244e-06 10.582633053221683 5.988943577430709e-07 5.988943577430709e-07 5.98894357743071e-08
0.053997599039616866 7.888835534213741e-06 3.978151260504089e-06 6.2529011604643205 3.647010804321637e-07 3.647010804321637e-07 3.647010804321637e-08
0.12883553421368918 1.4177270908363404e-06 2.1236494597839073e-07 7.841536614646088 7.22286514605807e-07 7.22286514605807e-07 7.22286514605807e-08
0.12004801920768712 1.097198879551824e-06 3.5723889555821367e-06 11.19887955182116 3.949195678271195e-07 3.949195678271195e-07 3.9491956782711945e-08
0.17111644657862896 7.931572629051677e-06 2.7322929171668563e-07 9.50220088035247 5.1723889555822346e-08 5.1723889555822346e-08 5.172388955582235e-09
0.05342136854741996 3.636494597839159e-06 1.3625450180071967e-06 10.214485794318099 5.596822729091402e-07 5.596822729091402e-07 5.5968227290914026e-08
0.10096038415366464 8.569067627050882e-06 3.772148859543713e-06 6.649059623849698 3.193797519007604e-08 3.193797519007604e-08 3.193797519007604e-09
0.18357743097238463 7.802320928371357e-07 7.117647058823569e-07 13.307723089236251 2.4958303321328457e-07 2.4958303321328457e-07 2.4958303321328458e-08
0.15181272509003635 3.6934773909564063e-06 1.5279711884753772e-06 11.523009203681923 5.229883953581225e-07 5.229883953581225e-07 5.229883953581225e-08
0.14446578631452722 7.5006402561024945e-06 2.192797118847499e-06 4.676270508203322 4.344913965586092e-07 4.344913965586092e-07 4.3449139655860915e-08
0.04701080432172939 8.027731092437032e-06 7.039615846338572e-07 10.446578631452967 7.618583433372967e-07 7.618583433372967e-07 7.618583433372967e-08
0.023169267707082827 2.8163265306122423e-07 1.3406962785113993e-06 7.197278911564817 5.9205922368945e-07 5.9205922368945e-07 5.9205922368945e-08
0.18991596638654937 5.591716686674708e-06 3.7440576230491165e-06 10.53061224489835 3.762128851540516e-07 3.762128851540516e-07 3.7621288515405164e-08
0.04585834333733558 7.895958383353397e-06 3.5130852340935437e-06 11.27490996398603 6.273141256502317e-07 6.273141256502317e-07 6.273141256502317e-08
0.16232893157262784 3.625810324129675e-06 3.239975990396076e-06 7.729491796718911 5.999799919967989e-08 5.999799919967989e-08 5.999799919967989e-09
0.14424969987995342 1.948379351740706e-06 3.6176470588234313e-06 6.565026010404315 3.003069227691032e-07 3.003069227691032e-07 3.003069227691032e-08
0.04067226890756343 8.996438575430237e-06 8.678271308523491e-07 12.891556622649592 5.963825530212087e-08 5.963825530212087e-08 5.963825530212087e-09
0.08043217286914989 3.269667867146879e-06 6.384153661464605e-07 11.174869947979621 4.5355782312923604e-07 4.5355782312923604e-07 4.5355782312923606e-08
0.14417767106842883 7.2442176870748814e-06 6.4933973589436e-07 4.5202080832333245 5.067999199679676e-07 5.067999199679676e-07 5.0679991996796765e-08
0.07042016806722866 7.842537014805978e-06 1.317286914765902e-06 13.255702280912919 2.7800280112044536e-07 2.7800280112044536e-07 2.7800280112044536e-08
0.05450180072028916 2.8957182873149434e-06 9.006002400960474e-07 10.15846338535451 5.359391756702464e-07 5.359391756702464e-07 5.359391756702464e-08
0.09951980792317237 1.6064825930372223e-06 6.977190876350576e-07 5.352541016406644 7.665350140055637e-07 7.665350140055637e-07 7.665350140055637e-08
0.18962785114045097 3.9926370548219545e-06 3.0651860744296964e-06 11.18687474990039 4.312537014805782e-07 4.312537014805782e-07 4.312537014805782e-08
0.1976230492196815 1.2849139655862346e-07 1.3745498199279701e-07 7.98159263705506 7.658155262104457e-07 7.658155262104457e-07 7.658155262104456e-08
0.08007202881152682 6.1829131652661495e-06 1.2298919567827123e-06 8.313725490196337 5.776694677870901e-07 5.776694677870901e-07 5.776694677870901e-08
0.14093637454982186 2.3757503001200613e-06 2.110084033613409e-06 6.412965186074574 7.168903561424221e-07 7.168903561424221e-07 7.16890356142422e-08
0.1371908763505427 1.3821128451380608e-06 2.2130852340935968e-06 5.348539415766387 5.294637855141845e-07 5.294637855141845e-07 5.2946378551418447e-08
0.06998799519808098 7.15874349739901e-06 3.943817527010693e-06 7.809523809524038 1.0028931572629055e-07 1.0028931572629055e-07 1.0028931572629055e-08
0.1166626650660303 2.147819127651072e-06 3.781512605041912e-06 10.886754701881165 5.97455382152835e-07 5.97455382152835e-07 5.97455382152835e-08
0.02943577430972387 7.988555422168924e-06 1.2876350540216055e-06 10.722689075630655 8.125822328931153e-07 8.125822328931153e-07 8.125822328931153e-08
0.1868907563025162 3.622248899559847e-06 3.11980792316919e-06 5.7967186874750976 7.632973189275327e-07 7.632973189275327e-07 7.632973189275327e-08
0.11068427370948741 4.708483393357374e-06 1.726170468187254e-06 6.749099639856107 3.2081232492996603e-07 3.2081232492996603e-07 3.2081232492996603e-08
0.15995198079231607 8.2912765106043e-06 3.1666266506601845e-06 10.638655462185271 4.474421768707331e-07 4.474421768707331e-07 4.474421768707331e-08
0.1456182472989208 7.64665866346544e-06 3.3679471788714608e-06 8.425770308123514 1.0640496198479396e-07 1.0640496198479396e-07 1.0640496198479396e-08
0.15296518607442994 7.78555422168873e-06 3.077671068427295e-06 8.869947979191968 2.3771148459383763e-07 2.3771148459383763e-07 2.3771148459383762e-08
0.15851140456182408 7.913765506202537e-06 1.93217286914763e-06 7.017206882753282 1.2942857142857148e-07 1.2942857142857148e-07 1.2942857142857149e-08
0.146842737094839 4.320288115246127e-06 2.0617046818727146e-06 8.177671068427621 1.6036654661864752e-07 1.6036654661864752e-07 1.603665466186475e-08
0.16297719087634924 9.26250500200082e-07 1.6528211284513625e-06 6.0888355342138105 6.104061624649589e-07 6.104061624649589e-07 6.104061624649589e-08
0.18919567827130337 2.575190076030427e-06 2.9809123649459063e-06 4.116046418567434 6.765990396158144e-07 6.765990396158144e-07 6.765990396158144e-08
0.05507803121248606 7.5042016806723225e-06 1.997719087635022e-06 9.566226490596572 8.086250500199664e-07 8.086250500199664e-07 8.086250500199663e-08
0.02475390156062424 7.85678271308529e-06 1.2496998799519806e-07 4.49219687875153 7.902781112444575e-07 7.902781112444575e-07 7.902781112444575e-08
0.16081632653061126 7.9600640256103e-06 3.4631452581031495e-06 4.868347338935626 4.6650860344135994e-07 4.6650860344135994e-07 4.6650860344135994e-08
0.041896758703481855 1.5922368947579104e-06 3.408523409363656e-06 10.502601040416556 3.021056422568982e-07 3.021056422568982e-07 3.0210564225689816e-08
0.11032412965186435 2.1691876750700397e-06 1.0312124849939976e-07 11.991196478591915 8.773361344537348e-07 8.773361344537348e-07 8.773361344537348e-08
0.11781512605042412 6.128451380552216e-07 3.0745498199278953e-06 6.701080432173031 1.236726690676271e-07 1.236726690676271e-07 1.236726690676271e-08
0.08360144057623287 2.3793117246898893e-06 4.88595438175268e-07 11.9191676670673 2.596558623449365e-07 2.596558623449365e-07 2.596558623449365e-08
0.06004801920768437 5.029011604641891e-06 1.4218487394957897e-06 9.978391356542975 3.888039215686165e-07 3.888039215686165e-07 3.8880392156861655e-08
0.1756542617046787 3.932092837134879e-06 1.3781512605041949e-06 4.376150460184096 5.197507002800915e-07 5.197507002800915e-07 5.197507002800915e-08
0.17961584633853167 6.603161264505849e-06 3.1244897959182894e-06 9.4261704681876 8.5755022008799e-07 8.5755022008799e-07 8.5755022008799e-08
0.15894357743097168 8.728291316526626e-07 3.731572629051518e-06 10.41056422569066 6.776782713084914e-07 6.776782713084914e-07 6.776782713084913e-08
0.1122689075630289 7.689395758303376e-06 4.168067226890736e-07 5.904761904762019 3.22611044417761e-07 3.22611044417761e-07 3.22611044417761e-08
0.15145258103241335 7.180112044817978e-06 3.1900360144056817e-06 10.414565826330916 7.543037214885578e-07 7.543037214885578e-07 7.543037214885578e-08
0.06429771908763654 7.999239695878408e-06 3.1416566626649874e-06 9.462184873949907 5.575238095237863e-07 5.575238095237863e-07 5.5752380952378624e-08
0.1144297719087673 2.2760304121648784e-06 3.5333733493396413e-06 6.8491396558625155 5.280248099239485e-07 5.280248099239485e-07 5.2802480992394845e-08
0.021872749099639852 5.3103641456582995e-06 1.7402160864345522e-06 4.168067226890766 7.014213685473852e-07 7.014213685473852e-07 7.014213685473852e-08
0.14050420168067426 2.407803121248513e-06 2.9278511404561126e-06 8.985994397759402 1.359039615846339e-07 1.359039615846339e-07 1.359039615846339e-08
0.12278511404562242 2.315206082432986e-06 1.5669867947178726e-06 8.901960784314019 8.679827931172009e-07 8.679827931172009e-07 8.679827931172009e-08
0.12379351740696701 4.0781112444978255e-06 2.0523409363745157e-06 5.424569827931258 5.84504601840711e-07 5.84504601840711e-07 5.8450460184071104e-08
0.04276110444177721 1.9875550220088137e-06 7.133253301320568e-07 5.248499399759979 1.4273909563825536e-07 1.4273909563825536e-07 1.4273909563825536e-08
0.04060024009603882 9.191276510604261e-07 3.2316926770708144e-07 13.65986394557881 6.312713085233807e-07 6.312713085233807e-07 6.312713085233808e-08
0.17219687875149794 7.3261304521809245e-06 2.4300120048018712e-06 13.03561424569882 1.359103641456583e-08 1.359103641456583e-08 1.359103641456583e-09
0.10196878751500922 7.831852741096494e-06 1.072268907563031e-06 7.125250100040203 7.100552220888011e-07 7.100552220888011e-07 7.10055222088801e-08
0.11154861944778277 6.841776710684322e-06 3.789315726290411e-06 13.715886354542398 3.8268827531011357e-07 3.8268827531011357e-07 3.826882753101136e-08
0.09440576230492484 8.92164865946385e-06 5.837935174069632e-07 12.131252501000887 5.94937174869922e-07 5.94937174869922e-07 5.94937174869922e-08
0.02734693877551019 9.903561424569853e-07 9.645858343337436e-07 13.93197278911624 2.5138175270107956e-07 2.5138175270107956e-07 2.5138175270107957e-08
0.025114045618247288 8.472909163665527e-06 4.527010804321706e-07 13.171668667467536 3.906026410564115e-07 3.906026410564115e-07 3.9060264105641154e-08
0.08367346938775748 1.9971988795518212e-07 2.3941176470587754e-06 6.7090836334535435 4.1254701880751034e-07 4.1254701880751034e-07 4.1254701880751034e-08
0.11270108043217658 8.265306122448992e-07 1.4993997599039597e-07 13.94397759103701 9.309443777511008e-08 9.309443777511008e-08 9.309443777511007e-09
0.07387755102041009 6.1045618247299344e-06 1.282953181272506e-06 11.687074829932433 7.816442577030416e-07 7.816442577030416e-07 7.816442577030415e-08
0.16283313325330004 7.297639055622301e-06 1.037935174069635e-06 11.038815526210906 5.992541016406299e-07 5.992541016406299e-07 5.9925410164063e-08
0.07762304921968997 4.9506602641056756e-06 2.832653061224424e-06 13.235694277711637 4.6687474989996014e-08 4.6687474989996014e-08 4.668747498999601e-09
0.0580312124849952 5.328171268507439e-06 6.509003601440599e-07 12.267306922769603 1.4310524209683878e-08 1.4310524209683878e-08 1.4310524209683877e-09
0.04765906362545091 6.745618247298967e-06 3.6441776710683282e-06 12.843537414966516 2.4058943577430964e-07 2.4058943577430964e-07 2.4058943577430965e-08
0.09699879951981091 4.986274509803955e-06 3.853301320528104e-06 8.861944777911456 2.6649099639855744e-07 2.6649099639855744e-07 2.6649099639855744e-08
0.06033613445378282 9.084433773509422e-07 1.0644657863145318e-06 6.965186074429949 7.686934773909177e-07 7.686934773909177e-07 7.686934773909177e-08
0.07531812725090235 3.635454181672661e-07 3.992196878751387e-06 10.950780312125266 2.1360864345738304e-07 2.1360864345738304e-07 2.1360864345738303e-08
0.12854741896759078 7.771308523409419e-06 3.619207683073131e-06 12.475390156062932 4.852152861144278e-07 4.852152861144278e-07 4.852152861144278e-08
0.06804321728691642 3.1628251300520403e-06 7.320528211284558e-07 4.980392156862804 3.370008003201209e-07 3.370008003201209e-07 3.370008003201209e-08
0.11536614645858727 8.799519807923186e-07 3.8205282112844075e-06 9.994397759104 9.48931572629052e-08 9.48931572629052e-08 9.489315726290519e-09
0.09822328931572934 4.747659063625482e-06 1.5462184873949557e-07 11.67907162865192 3.8628571428570354e-07 3.8628571428570354e-07 3.8628571428570356e-08
0.05630252100840449 6.660144057623096e-06 2.3863145258102764e-06 4.568227290916401 7.007018807522672e-07 7.007018807522672e-07 7.007018807522672e-08
0.10333733493397687 7.83897559023615e-06 1.5014405762304804e-06 6.024809923969709 8.669035614245239e-07 8.669035614245239e-07 8.66903561424524e-08
0.08302521008403596 2.567026810724289e-07 3.3258103241295657e-06 11.054821928771931 8.956830732292437e-07 8.956830732292437e-07 8.956830732292438e-08
0.10765906362545366 2.3889555822328935e-07 3.773709483793413e-06 4.37214885954384 2.1252941176470597e-07 2.1252941176470597e-07 2.1252941176470596e-08
0.06717887154862107 8.935894357743161e-06 2.6391356542616466e-06 12.155262104842425 1.8698759503801528e-07 1.8698759503801528e-07 1.869875950380153e-08
0.1378391356542641 3.650740296118471e-06 2.7166866746698576e-07 4.964385754301778 3.672192877150767e-07 3.672192877150767e-07 3.672192877150767e-08
0.12523409363745922 1.5138855542216953e-06 2.465906362544967e-06 9.542216886755034 5.388235294117649e-08 5.388235294117649e-08 5.388235294117649e-09
0.08482593037215129 2.9740696278511585e-06 3.929771908763395e-06 9.026010404161966 6.665262104841624e-07 6.665262104841624e-07 6.665262104841624e-08
0.05183673469387847 1.196918767507007e-06 3.2181272509002784e-06 11.23089235694321 8.017899159663454e-07 8.017899159663454e-07 8.017899159663454e-08
0.09066026410564496 4.662184873949611e-06 1.8588235294117383e-06 5.6086434573830495 5.017635054021417e-07 5.017635054021417e-07 5.0176350540214166e-08
0.09995198079232005 8.829051620648323e-06 6.103241296518619e-07 13.635854341737272 6.391856742696786e-07 6.391856742696786e-07 6.391856742696786e-08
0.10340936374550148 6.001280512204924e-06 1.2907563025210052e-06 9.726290516206825 1.0748419367747103e-07 1.0748419367747103e-07 1.0748419367747102e-08
0.17939975990395787 8.03129251700686e-06 3.602040816326433e-06 12.667466986795237 3.359215686274439e-07 3.359215686274439e-07 3.3592156862744393e-08
0.060840336134455116 2.226170468187287e-06 4.261704681872728e-07 4.468187274909992 6.895498199279383e-07 6.895498199279383e-07 6.895498199279383e-08
0.187827130852336 2.2464985994397765e-07 3.0043217286914036e-06 10.374549819928353 5.618407362944942e-07 5.618407362944942e-07 5.618407362944942e-08
0.1374069627851165 2.3828731492597172e-06 3.254021608643374e-06 10.734693877551424 3.9743777511003246e-07 3.9743777511003246e-07 3.9743777511003244e-08
0.1663625450180054 2.2511004401760827e-06 2.43937575030007e-06 5.624649859944075 7.935158063224885e-07 7.935158063224885e-07 7.935158063224885e-08
0.06048019207683205 8.401680672268967e-06 2.4669867947178785e-07 6.3689475790317545 1.4993397358943583e-07 1.4993397358943583e-07 1.4993397358943583e-08
0.05320528211284612 7.992116846738752e-06 3.37575030011996e-06 7.6214485794319895 8.942440976390077e-07 8.942440976390077e-07 8.942440976390077e-08
0.03246098439375753 1.27883153261305e-06 2.763985594237632e-06 8.825930372149148 2.7980152060824034e-07 2.7980152060824034e-07 2.7980152060824035e-08
0.07481392557023006 4.569587835134084e-06 2.9855942376950058e-06 4.496198479391786 4.862945178071048e-07 4.862945178071048e-07 4.862945178071048e-08
0.03807923169267736 7.009163665466236e-06 2.0300120048019152e-07 7.453381352541223 4.190224089635723e-07 4.190224089635723e-07 4.190224089635723e-08
0.19186074429771355 7.465026010404215e-06 2.9465786314525104e-06 7.661464585834553 1.6971988795518214e-07 1.6971988795518214e-07 1.6971988795518214e-08
0.07783913565426381 3.99975990396161e-06 1.6122448979591673e-06 7.045218087235076 1.5425090036014412e-07 1.5425090036014412e-07 1.542509003601441e-08
0.03923169267707117 2.7959983993597605e-06 2.9013205282112157e-06 5.988795518207402 6.334297719087347e-07 6.334297719087347e-07 6.334297719087347e-08
0.11183673469388122 6.161544617847182e-06 3.7159663865545198e-06 12.975590236094975 2.445466186474586e-07 2.445466186474586e-07 2.445466186474586e-08
0.09678271308523707 3.1450180072029006e-06 2.0960384153661106e-06 12.859543817527541 1.538975590236095e-08 1.538975590236095e-08 1.538975590236095e-09
0.0416086434573834 5.73669467787114e-07 3.1853541416565823e-06 7.625450180072246 4.6470988395356495e-07 4.6470988395356495e-07 4.6470988395356495e-08
0.06883553421368717 7.340376150460236e-06 5.619447779111643e-07 4.384153661464609 6.607703081232185e-07 6.607703081232185e-07 6.607703081232185e-08
0.17500600240095732 3.960584233693503e-06 3.0339735894357e-06 13.511804721889325 9.093597438975594e-08 9.093597438975594e-08 9.093597438975593e-09
0.16362545018007063 7.588635454181679e-07 3.211884753901479e-06 11.358943577431413 7.967535014005195e-07 7.967535014005195e-07 7.967535014005195e-08
0.06667466986794877 3.540336134453804e-06 3.661344537815026e-06 11.999199679872428 6.301920768307037e-07 6.301920768307037e-07 6.301920768307037e-08
0.13884753901560848 4.8651860744298045e-06 2.838895558223223e-06 7.845538215286345 5.4601840736294537e-08 5.4601840736294537e-08 5.460184073629454e-09
0.14914765906362618 3.2340536214485995e-06 1.7370948379351526e-06 12.515406162465496 8.201368547418543e-07 8.201368547418543e-07 8.201368547418543e-08
0.1974069627851077 8.051620648259314e-07 2.940336134453711e-06 10.678671468587835 7.154513805521861e-07 7.154513805521861e-07 7.15451380552186e-08
0.16974789915966157 1.464025610244104e-06 6.337334933973607e-07 9.954381752701437 4.708255302120679e-07 4.708255302120679e-07 4.708255302120679e-08
0.03879951980792349 2.6428571428571583e-06 3.678511404561724e-06 4.624249699879989 1.1971548619447784e-07 1.1971548619447784e-07 1.1971548619447783e-08
0.08533013205282358 6.813285314125698e-06 1.3875150060023938e-06 10.030412164866307 7.906442577030815e-08 7.906442577030815e-08 7.906442577030816e-09
0.1579351740696273 4.744097639055654e-06 3.5489795918366394e-06 12.703481392557544 7.29121648659428e-07 7.29121648659428e-07 7.29121648659428e-08
0.05954381752701208 7.201480592236946e-06 1.1081632653061267e-06 10.4985994397763 7.517855142056448e-07 7.517855142056448e-07 7.517855142056448e-08
0.0410324129651865 2.6214885954381905e-06 3.5037214885953448e-06 5.324529811924849 5.118363345337936e-07 5.118363345337936e-07 5.118363345337936e-08
0.030588235294117624 3.5154061624650083e-06 1.0468187274909964e-07 11.298919567827568 2.218827531012406e-07 2.218827531012406e-07 2.218827531012406e-08
0.06386554621848886 5.196398559423805e-06 1.198679471788716e-06 5.040416166466649 4.740696278511406e-08 4.740696278511406e-08 4.740696278511406e-09
0.06638655462185032 2.602641056422568e-07 2.1974789915965986e-06 7.313325330132251 4.790996398559248e-07 4.790996398559248e-07 4.7909963985592484e-08
0.13971188475390367 8.583313325330193e-06 7.08643457382957e-07 7.977591036414804 2.571376550620235e-07 2.571376550620235e-07 2.571376550620235e-08
0.030444177671068405 2.044537815126061e-06 3.928211284513695e-06 4.296118447378969 8.266122448979162e-07 8.266122448979162e-07 8.266122448979162e-08
0.17831932773108888 2.222609043617459e-06 1.9961584633853223e-06 11.222889155662697 8.435202080831891e-07 8.435202080831891e-07 8.435202080831892e-08
0.16132052821128345 8.419487795118107e-06 3.54429771908754e-06 8.957983193277608 2.477843137254896e-07 2.477843137254896e-07 2.477843137254896e-08
0.19286914765905794 1.9911164465786417e-06 2.116326530612208e-06 10.854741896759114 5.172324929971786e-07 5.172324929971786e-07 5.172324929971785e-08
0.03577430972388974 5.2177671068427725e-06 3.296158463385269e-06 4.144057623049228 8.794945978390888e-07 8.794945978390888e-07 8.794945978390889e-08
0.10715486194478137 2.938455382152879e-06 1.751140456182451e-06 4.172068827531023 4.2261984793916227e-07 4.2261984793916227e-07 4.2261984793916226e-08
0.1970468187274847 2.7034013605442336e-06 1.1581032412965208e-06 6.488995598239445 6.845134053621123e-07 6.845134053621123e-07 6.845134053621123e-08
0.16160864345738185 8.621448579431788e-07 3.1135654261703907e-06 4.812324929972037 5.528471388555193e-07 5.528471388555193e-07 5.528471388555193e-08
0.12055222088835942 1.9198879551820825e-06 1.67466986794716e-06 7.157262905162254 8.377643057222451e-07 8.377643057222451e-07 8.377643057222451e-08
0.1774549819927937 6.9735494197679565e-06 2.311404561824685e-06 6.6970788315327745 7.863209283713085e-07 7.863209283713085e-07 7.863209283713086e-08
0.030732292917166844 3.9961984793917824e-06 3.7518607442976155e-06 4.616246498599477 8.924453781512127e-07 8.924453781512127e-07 8.924453781512128e-08
0.10931572629051976 3.4833533413365567e-06 3.0027611044417038e-06 8.909963985594532 5.999735894357479e-07 5.999735894357479e-07 5.999735894357479e-08
0.06732292917167029 1.894957983193287e-06 5.042016806722672e-07 13.015606242497539 8.395630252100401e-07 8.395630252100401e-07 8.395630252100401e-08
0.05572629051620758 8.337575030012064e-06 2.52364945978386e-06 4.320128051220507 6.924277711084102e-07 6.924277711084102e-07 6.924277711084103e-08
0.10268907563025535 3.5047218887555245e-06 3.4033613445378e-07 11.026810724290137 8.172589035613823e-07 8.172589035613823e-07 8.172589035613823e-08
0.1662184873949562 8.786314525810387e-06 2.7483793517406337e-06 10.026410564226051 3.5966466586633774e-07 3.5966466586633774e-07 3.596646658663377e-08
0.13834333733493628 6.994917967186924e-06 1.223649459783913e-06 7.849539815926601 3.758531412564926e-07 3.758531412564926e-07 3.758531412564926e-08
0.15490996398559412 2.3533413365346145e-07 1.5825930372148708e-06 4.124049619847947 4.560824329731894e-08 4.560824329731894e-08 4.560824329731894e-09
0.17947178871548247 5.513365346138493e-06 1.3250900360144011e-06 9.682272909164006 1.9202400960384161e-07 1.9202400960384161e-07 1.920240096038416e-08
0.06393757503001347 8.622488995598301e-06 2.959063625450109e-06 13.059623849540358 6.748003201280194e-07 6.748003201280194e-07 6.748003201280194e-08
0.043049219687875666 1.5957983193277384e-06 1.8713085234093368e-06 11.599039615846793 1.4453781512605048e-07 1.4453781512605048e-07 1.4453781512605048e-08
0.10989195678271667 8.433733493397419e-06 8.007202881152524e-07 8.697879151660945 3.3232412965185395e-07 3.3232412965185395e-07 3.3232412965185396e-08
0.1067947178871583 8.839735894357806e-06 1.860384153661438e-06 10.466586634654249 2.4389755902360945e-09 2.4389755902360945e-09 2.4389755902360944e-10
0.13906362545018228 6.16510604241701e-06 2.7171668667466374e-06 10.342537014806302 3.0714205682272414e-07 3.0714205682272414e-07 3.0714205682272415e-08
0.15051620648259356 8.131012404962042e-06 2.2474189675869927e-06 10.338535414166046 3.24050020007997e-07 3.24050020007997e-07 3.2405002000799704e-08
0.1374789915966411 3.3943177270908577e-06 1.3313325330132004e-06 5.0124049619848545 7.096954781912421e-07 7.096954781912421e-07 7.096954781912421e-08
0.1669387755102022 1.1613045218087274e-06 2.898199279711816e-06 8.6378551420571 6.758795518206964e-07 6.758795518206964e-07 6.758795518206963e-08
0.1371188475390181 1.7453781512605127e-06 3.834573829531706e-06 10.002400960384513 3.384397759103569e-07 3.384397759103569e-07 3.384397759103569e-08
0.12386554621849162 1.5032012805122115e-06 2.78115246098433e-06 6.865146058423541 7.28761904761869e-07 7.28761904761869e-07 7.28761904761869e-08
0.1359663865546245 5.142977190876385e-06 6.711884753901589e-07 4.2280912364946115 1.992188875550221e-07 1.992188875550221e-07 1.9921888755502208e-08
0.10081632653061541 6.930812324930021e-06 2.3504201680671806e-06 8.121648659464032 8.989207683072747e-07 8.989207683072747e-07 8.989207683072746e-08
0.10809123649460134 6.092837134853936e-07 1.2205282112845135e-06 4.020008003201282 6.193997599039338e-07 6.193997599039338e-07 6.193997599039338e-08
0.19128451380551675 8.127450980392215e-06 2.7733493397358308e-06 6.585034013605597 8.53233293317282e-07 8.53233293317282e-07 8.53233293317282e-08
0.09591836734694172 7.481792717086841e-07 2.9699879951980076e-06 13.951980792317523 2.7728331332532736e-07 2.7728331332532736e-07 2.7728331332532735e-08
0.04362545018007257 6.1900360144058055e-06 3.1510204081631863e-06 9.210084033613757 5.046414565826137e-07 5.046414565826137e-07 5.046414565826136e-08
0.023673469387755094 5.1287314925970735e-06 4.6830732292916927e-07 11.194877951180903 3.2980592236894097e-07 3.2980592236894097e-07 3.2980592236894097e-08
0.15872749099639788 8.882472989195742e-06 4.839135654261682e-07 12.035214085634735 6.989031612644722e-07 6.989031612644722e-07 6.989031612644722e-08
0.06314525810324273 3.5973189275710514e-06 2.618847539015549e-06 6.156862745098168 8.651048419367289e-07 8.651048419367289e-07 8.65104841936729e-08
0.12941176470588597 5.5739095638255685e-06 1.2361344537815116e-06 4.600240096038451 1.0460624249699884e-07 1.0460624249699884e-07 1.0460624249699884e-08
0.1380552220888379 4.982713085234127e-06 2.582953181272453e-06 6.601040416166622 8.859699879951508e-07 8.859699879951508e-07 8.859699879951508e-08
0.11428571428571807 3.707723089235718e-06 1.1003601440576276e-06 13.847939175670858 3.22251300520202e-07 3.22251300520202e-07 3.2225130052020205e-08
0.09498199279712174 6.68863545418172e-06 3.7503001200479157e-06 10.282513005202457 3.535490196078348e-07 3.535490196078348e-07 3.5354901960783476e-08
0.19848739495797668 3.618687474990019e-06 7.617046818727544e-07 7.289315726290713 3.4419567827130086e-07 3.4419567827130086e-07 3.4419567827130086e-08
0.167515006002399 7.247779111644709e-06 1.6840336134453589e-06 6.164865946378681 5.136414565826332e-08 5.136414565826332e-08 5.136414565826332e-09
0.17255702280912094 2.749699879951997e-06 2.45138055222088e-07 6.501000400160214 1.4309883953581438e-07 1.4309883953581438e-07 1.4309883953581438e-08
0.020792316926770707 4.6326530612244746e-07 5.650660264105642e-07 11.0668267306927 8.194877951180474e-09 8.194877951180474e-09 8.194877951180474e-10
0.028787515006002382 7.99567827130858e-06 1.8115246098439335e-07 12.33533413365396 7.132929171668321e-07 7.132929171668321e-07 7.13292917166832e-08
0.030804321728691453 1.0402160864345767e-06 8.334933973589508e-07 10.882753101240908 6.755902360944379e-09 6.755902360944379e-09 6.75590236094438e-10
0.121560624249704 1.631412565026018e-06 1.2345738295318118e-06 7.0132052821130255 6.176010404161388e-07 6.176010404161388e-07 6.176010404161388e-08
0.02237695078031212 4.469867947178901e-06 2.7421368547418345e-06 5.048419367747162 7.794857943176876e-07 7.794857943176876e-07 7.794857943176876e-08
0.053061224489796895 6.520208083233292e-07 3.7612244897958144e-06 9.882352941176823 1.9562144857943185e-07 1.9562144857943185e-07 1.9562144857943185e-08
0.02705882352941175 2.13357342937176e-06 2.993397358943505e-06 11.494997999200129 1.628847539015607e-07 1.628847539015607e-07 1.628847539015607e-08
0.06458583433373499 6.840736294517808e-07 2.6750300120047424e-06 6.496998799519957 3.927611044417655e-07 3.927611044417655e-07 3.927611044417655e-08
0.03764705882352968 3.6578631452581267e-06 2.8701080432172194e-06 9.258103241296833 5.316926770708284e-09 5.316926770708284e-09 5.316926770708284e-10
0.13827130852341168 7.568307322929226e-06 3.873589435774201e-06 5.944777911164582 5.758707482992951e-07 5.758707482992951e-07 5.7587074829929514e-08
0.1465546218487406 6.133053221288558e-06 1.1659063625450199e-06 12.647458983593955 3.524697879151578e-07 3.524697879151578e-07 3.524697879151578e-08
0.18883553421368038 6.11168467386959e-06 3.1166866746697903e-06 10.458583433373736 2.8124049619847633e-07 2.8124049619847633e-07 2.8124049619847633e-08
0.14460984393757642 8.81480592236901e-06 2.2255702280911953e-06 12.067226890756785 4.5247859143655904e-07 4.5247859143655904e-07 4.52478591436559e-08
0.04729891956782784 4.306042416966815e-06 1.3953181272508929e-06 8.161664665866596 5.708343337334692e-07 5.708343337334692e-07 5.7083433373346915e-08
0.021296518607442975 1.9163265306122545e-06 2.848259303721422e-06 4.664265706282553 8.276914765905932e-07 8.276914765905932e-07 8.276914765905932e-08
0.11025210084033973 5.509803921568665e-06 1.6762304921968598e-06 9.506202480992727 7.499867947178498e-07 7.499867947178498e-07 7.499867947178499e-08
0.13366146458583733 5.9158063225290526e-06 3.0917166866745933e-06 12.79551820728344 8.50715086034369e-07 8.50715086034369e-07 8.507150860343691e-08
0.06307322929171812 4.373709483793546e-06 2.9200480192076135e-06 13.515806322529581 7.525050020007628e-07 7.525050020007628e-07 7.525050020007628e-08
0.05356542617046919 5.11804721888759e-06 1.0863145258103293e-06 13.135654261705229 1.3986114445778317e-07 1.3986114445778317e-07 1.3986114445778316e-08
0.04809123649459859 2.311644657863158e-06 1.4405762304921875e-06 9.270108043217602 2.5066226490596156e-07 2.5066226490596156e-07 2.5066226490596156e-08
0.1966866746698617 4.975590236094471e-06 3.984393757502888e-06 11.943177270908839 5.028427370948187e-07 5.028427370948187e-07 5.0284273709481864e-08
0.15318127250900374 2.7924369747899326e-06 9.677070828331432e-07 10.326530612245277 5.719135654261461e-07 5.719135654261461e-07 5.719135654261461e-08
0.12033613445378558 8.561944777911226e-06 2.2645858343336907e-06 13.86794717887214 3.9959623849538644e-07 3.9959623849538644e-07 3.995962384953865e-08
0.04499399759904022 7.885274109643913e-06 2.5064825930371622e-06 11.422969187675514 7.17250100039981e-07 7.17250100039981e-07 7.17250100039981e-08
0.09094837935174341 7.112444977991247e-06 6.181272509003615e-07 10.718687474990398 6.071748699479794e-08 6.071748699479794e-08 6.071748699479794e-09
0.10160864345738616 4.651500600240127e-06 1.1097238895558265e-06 8.3537414965989 2.726066426570604e-07 2.726066426570604e-07 2.726066426570604e-08
0.19171668667466435 5.541856742697117e-06 4.012004801920749e-07 6.080832332933298 1.52452180872349e-07 1.52452180872349e-07 1.52452180872349e-08
0.09793517406963088 6.947579031612647e-07 3.4054021608642563e-06 9.766306522609389 5.244273709483585e-07 5.244273709483585e-07 5.244273709483585e-08
0.07632653061224694 7.379551820728344e-06 3.5380552220887407e-06 9.770308123249645 1.1791676670668272e-07 1.1791676670668272e-07 1.1791676670668272e-08
0.1370468187274935 6.2683873549420206e-06 3.213445378151179e-06 5.80472188875561 7.953145258102835e-07 7.953145258102835e-07 7.953145258102835e-08
0.09764705882353243 8.102521008403419e-06 3.892316926770599e-06 12.895558223289848 1.3374549819927976e-07 1.3374549819927976e-07 1.3374549819927976e-08
0.0859783913565451 7.0590236094438276e-06 1.4124849939975908e-06 10.494597839136043 3.636218487394867e-07 3.636218487394867e-07 3.6362184873948674e-08
0.16225690276110324 4.473429371748729e-06 1.581032412965171e-06 8.51780712284941 5.93857943177245e-07 5.93857943177245e-07 5.93857943177245e-08
0.18969987995197557 3.451300520208105e-06 1.055102040816333e-06 5.112444977991263 4.927699079631667e-07 4.927699079631667e-07 4.927699079631667e-08
0.10117647058823848 1.4106042416966845e-06 2.3577430972388877e-07 13.487795118047787 8.51074829931928e-07 8.51074829931928e-07 8.510748299319281e-08
0.07106842737095018 2.1869947979191795e-06 1.7605042016806499e-06 10.286514605842713 8.917258903560947e-07 8.917258903560947e-07 8.917258903560947e-08
0.05723889555822446 6.108123249299762e-06 1.6684273709483607e-06 10.090436174470153 5.125558223289116e-07 5.125558223289116e-07 5.125558223289116e-08
0.167154861944776 3.86086434573832e-06 2.0804321728691124e-06 4.04401760704282 6.262348939575547e-07 6.262348939575547e-07 6.262348939575548e-08
0.05039615846338621 8.155942376950838e-06 3.6504201680671275e-06 9.138055222089143 8.87775110044018e-08 8.87775110044018e-08 8.87775110044018e-09
0.0509003601440585 4.804641856742729e-06 1.7012004801920568e-06 10.654661864746297 3.352020808323259e-07 3.352020808323259e-07 3.352020808323259e-08
0.0492436974789924 1.5601840736294588e-06 1.3282112845138008e-06 9.57823129251734 2.4383353341336544e-08 2.4383353341336544e-08 2.4383353341336545e-09
0.07186074429772092 5.125170068027246e-06 6.165666266506616e-07 12.711484593838057 3.2944617847138197e-07 3.2944617847138197e-07 3.29446178471382e-08
0.1580072028811519 4.024689875950406e-06 2.0024009603841216e-06 4.512204881952812 4.2549779911963425e-07 4.2549779911963425e-07 4.254977991196342e-08
0.05140456182473079 6.033333333333375e-06 1.1378151260504232e-06 5.256502601040491 5.578835534213453e-07 5.578835534213453e-07 5.578835534213453e-08
0.10917166866747054 1.1648659463785553e-06 2.5392557022808584e-06 5.320528211284593 1.9454221688675478e-07 1.9454221688675478e-07 1.9454221688675477e-08
0.1111884753901597 7.372428971588688e-06 2.857623049219621e-06 5.280512204882029 5.532068827530783e-07 5.532068827530783e-07 5.5320688275307826e-08
0.16074429771908666 5.078871548619482e-06 1.8135654261704436e-06 10.834733893557832 6.740808323329014e-07 6.740808323329014e-07 6.740808323329013e-08
0.14151260504201865 8.138135254101698e-06 1.8307322929171416e-06 10.118447378951947 8.780556222488528e-07 8.780556222488528e-07 8.780556222488529e-08
0.15166866746698715 2.6250500200080185e-06 2.52677070828326e-06 6.777110844337901 1.0964265706282517e-07 1.0964265706282517e-07 1.0964265706282518e-08
0.03858343337334965 6.585354141656709e-06 1.4608643457382851e-06 4.852340936374601 3.3052541016405896e-07 3.3052541016405896e-07 3.30525410164059e-08
0.05983193277311053 4.6977991196478904e-06 3.903241296518498e-06 11.783113245298585 5.85590236094438e-08 5.85590236094438e-08 5.8559023609443795e-09
0.17097238895557976 8.280592236894817e-06 2.728091236494536e-06 12.283313325330628 1.8914605842336942e-07 1.8914605842336942e-07 1.891460584233694e-08
0.1024009603841569 3.184193677471008e-06 3.748739495798216e-06 12.219287715086526 4.2010804321728705e-08 4.2010804321728705e-08 4.2010804321728705e-09
0.14900360144057698 5.62376950780316e-06 3.230612244897877e-06 12.491396558623958 6.021320528211019e-07 6.021320528211019e-07 6.021320528211019e-08
0.18480192076830282 5.3958383353341705e-06 7.88235294117653e-07 13.099639855942922 6.010528211284249e-07 6.010528211284249e-07 6.01052821128425e-08
0.1476350540216096 1.6136054421768782e-06 2.5018007202880628e-06 6.773109243697645 8.805738295317658e-07 8.805738295317658e-07 8.805738295317658e-08
0.13870348139255928 4.875870348139288e-06 2.6719087635053427e-06 10.898759503801934 5.747915166066181e-07 5.747915166066181e-07 5.747915166066181e-08
0.0788475390156084 3.711284513805546e-06 1.7490996398559387e-07 13.97599039615906 5.470912364945753e-07 5.470912364945753e-07 5.4709123649457536e-08
0.10816326530612595 3.020368147258922e-06 2.2016806722689008e-07 9.302120848339653 6.132841136454308e-07 6.132841136454308e-07 6.132841136454309e-08
0.06055222088835666 5.024409763905549e-07 3.758103241296415e-06 9.850340136054772 1.4058063225290122e-07 1.4058063225290122e-07 1.4058063225290122e-08
0.08136854741896986 3.065626250500196e-07 3.764345738295214e-06 9.926370548219642 3.618231292516917e-07 3.618231292516917e-07 3.6182312925169175e-08
0.08986794717887421 1.7122849139655865e-07 1.947779111644628e-06 10.994797919168086 2.1396838735494206e-07 2.1396838735494206e-07 2.1396838735494207e-08
0.043265306122449505 8.654541816726753e-06 2.591836734693868e-07 7.1532613045219975 1.1792316926770712e-08 1.1792316926770712e-08 1.1792316926770712e-09
0.04261704681872799 4.7797118847539335e-06 1.1705882352941193e-06 7.257302921168662 6.114853941576358e-07 6.114853941576358e-07 6.114853941576359e-08
0.1964705882352879 2.8743497398959756e-06 7.819927971188533e-07 13.479791916767274 4.456434573829381e-07 4.456434573829381e-07 4.456434573829381e-08
0.16319327731092304 4.972028811524643e-06 2.77959183673463e-06 8.75790316126479 1.7295758303321336e-07 1.7295758303321336e-07 1.7295758303321334e-08
0.10276110444177997 8.077591036414623e-06 6.212484993997614e-07 8.257703081232748 3.4527490996397785e-07 3.4527490996397785e-07 3.4527490996397784e-08
0.05118847539015695 6.311124449779956e-06 2.735894357743035e-06 7.48939575830353 2.434673869547816e-07 2.434673869547816e-07 2.434673869547816e-08
0.0426890756302526 7.814045618247354e-06 2.2599039615845913e-06 10.2785114045622 7.647362945177687e-07 7.647362945177687e-07 7.647362945177687e-08
0.18012004801920387 5.7448579431773105e-06 9.583433373349443e-07 12.451380552221394 2.3195558223289325e-07 2.3195558223289325e-07 2.3195558223289326e-08
0.17068427370948136 1.8201680672268999e-06 2.219327731092396e-06 8.597839135654537 2.5318047218887454e-07 2.5318047218887454e-07 2.5318047218887456e-08
0.19308523409363174 1.320528211284514e-07 2.150660264105604e-06 6.3809523809525235 7.07903161264506e-08 7.07903161264506e-08 7.079031612645061e-09
0.09447779111644945 1.641056422569028e-07 2.8669867947178198e-06 13.839935974390345 4.053521408563304e-07 4.053521408563304e-07 4.053521408563304e-08
0.0887154861944804 1.8522208883553515e-06 3.578631452580936e-06 9.530212084834265 1.3914165666266512e-07 1.3914165666266512e-07 1.3914165666266512e-08
0.19279711884753334 5.523009203681463e-07 4.12124849939974e-07 11.52701080432218 6.971108443377353e-08 6.971108443377353e-08 6.971108443377354e-09
0.16945978391356317 6.168667466986838e-06 3.1728691476589837e-06 9.510204081632983 1.5317166866746705e-07 1.5317166866746705e-07 1.5317166866746703e-08
0.1567106842737091 3.6008803521408794e-06 1.538895558223276e-06 9.662264905962724 1.7907963185274116e-08 1.7907963185274116e-08 1.7907963185274115e-09
0.061272509003602794 8.53701480592243e-06 1.267346938775508e-06 12.579431772709597 4.6542937174868295e-07 4.6542937174868295e-07 4.6542937174868296e-08
0.06069627851140589 8.300920368147271e-07 2.178751500600201e-06 6.008803521408684 2.9347178871548224e-07 2.9347178871548224e-07 2.9347178871548223e-08
0.09627851140456478 4.886554621848772e-06 7.539015606242547e-07 5.1644657863145955 2.8052100840335834e-07 2.8052100840335834e-07 2.8052100840335832e-08
0.14410564225690423 2.137134853941588e-06 8.444177671068502e-07 4.516206482593068 3.682985194077537e-07 3.682985194077537e-07 3.682985194077537e-08
0.09714285714286014 3.7575830332133096e-06 5.525810324129648e-07 8.641856742697357 5.747979191676673e-08 5.747979191676673e-08 5.7479791916766725e-09
0.08583433373349587 1.1541816726690714e-06 2.5720288115245545e-06 12.87154861944831 5.103973589435576e-07 5.103973589435576e-07 5.103973589435576e-08
0.13387755102041113 5.855262104841977e-06 1.5872749099639703e-06 6.124849939976118 2.851976790716253e-07 2.851976790716253e-07 2.851976790716253e-08
0.1360384153661491 5.9229291716687085e-06 2.9965186074429045e-06 8.9219687875153 4.0894957983192037e-07 4.0894957983192037e-07 4.089495798319204e-08
0.1568547418967583 1.9305722288915664e-06 1.6309723889555651e-06 11.36294517807167 9.741136454581836e-08 9.741136454581836e-08 9.741136454581837e-09
0.1355342136854769 2.560944377751115e-06 1.7636254501800495e-06 7.105242096838921 2.0749299719887964e-07 2.0749299719887964e-07 2.0749299719887964e-08
0.031596638655462174 8.711524609844e-06 1.877551020408136e-06 13.711884753902142 4.348511404561682e-07 4.348511404561682e-07 4.348511404561682e-08
0.062424969987996605 7.101760704281763e-06 2.408163265306074e-06 7.613445378151477 2.5461944777911053e-07 2.5461944777911053e-07 2.5461944777911054e-08
0.059687875150061305 3.0737895158063414e-06 1e-07 6.0768307322930415 3.27287715086028e-07 3.27287715086028e-07 3.27287715086028e-08
0.18472989195677822 4.922168867547052e-06 1.2111644657863146e-06 7.585434173669682 5.165130052020606e-07 5.165130052020606e-07 5.165130052020606e-08
0.07250900360144244 6.781232492997247e-06 1.4546218487394859e-06 7.669467787115066 5.87382553021183e-07 5.87382553021183e-07 5.87382553021183e-08
0.02921968787515004 8.85042016806729e-06 3.475630252100748e-06 8.281712685074286 1.8446938775510212e-07 1.8446938775510212e-07 1.8446938775510213e-08
0.12876350540216458 1.7809923969587923e-06 3.0199279711884017e-06 10.846738695478601 5.737122849139411e-07 5.737122849139411e-07 5.737122849139411e-08
0.13186074429772235 8.184433773509462e-06 2.490876350540164e-06 13.503801520608812 1.251116446578632e-07 1.251116446578632e-07 1.2511164465786319e-08
0.02713085234093636 7.757062825130107e-06 3.2087635054020795e-06 4.356142456982814 3.2656822729091e-07 3.2656822729091e-07 3.2656822729090996e-08
0.12400960384154085 4.858063225290149e-06 3.3721488595438026e-07 4.032012805122051 2.510284113645459e-08 2.510284113645459e-08 2.510284113645459e-09
0.12955582232893517 3.6614245698279547e-06 1.8322929171668414e-06 9.698279311725031 5.255066026410355e-07 5.255066026410355e-07 5.255066026410355e-08
0.09282112845138335 5.880192076830773e-06 2.4518607442976686e-06 12.691476590636775 3.942000800320015e-07 3.942000800320015e-07 3.942000800320015e-08
0.1182472989195718 6.816846738695526e-06 1.156542617046821e-06 12.099239695878836 8.212160864345313e-07 8.212160864345313e-07 8.212160864345312e-08
0.165714285714284 7.446178471388561e-07 1.9987995198079178e-07 9.942376950780668 7.129331732692731e-07 7.129331732692731e-07 7.129331732692731e-08
0.0739495798319347 5.95498199279716e-06 4.870348139255681e-07 8.897959183673763 8.014365746298522e-08 8.014365746298522e-08 8.014365746298522e-09
0.1958223289315665 3.5830732292917396e-06 2.1865546218487e-06 6.9891956782714875 4.715450180071859e-07 4.715450180071859e-07 4.715450180071859e-08
0.08569027611044665 8.743577430972452e-06 2.7515006002400334e-06 12.387354941977293 4.938491396558437e-07 4.938491396558437e-07 4.938491396558437e-08
0.09318127250900642 4.573149259703912e-06 1.0160864345738375e-06 13.279711884754457 5.604081632653063e-08 5.604081632653063e-08 5.6040816326530635e-09
0.07279711884754089 5.531172468987633e-06 9.240096038415463e-07 6.200880352140988 5.035622248899367e-07 5.035622248899367e-07 5.0356222488993665e-08
0.0826650660264129 3.4050020008003416e-06 3.4865546218486468e-06 13.11164465786369 7.780468187274516e-07 7.780468187274516e-07 7.780468187274516e-08
0.15044417767106896 4.939975990396192e-06 1.2626650660264085e-06 5.616646658663562 6.381064425770016e-07 6.381064425770016e-07 6.381064425770016e-08
0.1575750300120043 6.1793517406963216e-06 5.338535414165657e-07 11.030812324930393 7.503465386154088e-07 7.503465386154088e-07 7.503465386154088e-08
0.06422569027611193 3.9203681472588933e-07 3.833013205282006e-06 9.074029611845042 7.046590636254161e-07 7.046590636254161e-07 7.046590636254161e-08
0.15397358943577433 7.358183273309376e-06 3.400720288115157e-06 6.208883553421501 7.546698679471791e-08 7.546698679471791e-08 7.546698679471792e-09
0.16204081632652945 3.0595438175270295e-06 3.3877551020408013e-07 13.403761504602404 5.380976390556004e-07 5.380976390556004e-07 5.380976390556004e-08
0.07913565426170685 8.48359343737501e-06 1.4171668667466903e-06 11.727090836334996 1.722380952380953e-07 1.722380952380953e-07 1.722380952380953e-08
0.18408163265305683 1.0580232092837165e-06 3.5052821128450446e-06 13.563825530212657 8.158263305322132e-08 8.158263305322132e-08 8.158263305322132e-09
0.03303721488595444 6.46070428171273e-06 2.1740696278511014e-06 8.197679071628903 3.931208483393245e-07 3.931208483393245e-07 3.9312084833932446e-08
0.18256902761104024 5.232012805122084e-06 1.4749099639855835e-06 8.105642256903007 2.2080352140856352e-07 2.2080352140856352e-07 2.208035214085635e-08
0.17270108043217014 8.754261704681935e-06 1.6543817527010624e-06 10.098439375750665 8.62226890756257e-07 8.62226890756257e-07 8.62226890756257e-08
0.023097238895558217 3.0488595438175456e-06 2.9902761104441052e-06 8.96598639455812 4.805386154461608e-07 4.805386154461608e-07 4.8053861544616086e-08
0.1572148859543813 5.032573029211719e-06 2.414405762304873e-06 5.420568227291001 1.8770708283313333e-07 1.8770708283313333e-07 1.8770708283313333e-08
0.10607442977191217 4.295358143257331e-06 2.9450180072028106e-06 10.274509803921944 8.222953181272083e-07 8.222953181272083e-07 8.222953181272083e-08
0.02216086434573829 5.538295318127289e-06 8.225690276110513e-07 12.715486194478313 3.8520648259302655e-07 3.8520648259302655e-07 3.852064825930266e-08
0.15476590636254492 8.750700280112107e-06 3.872028811524501e-06 5.532613045218179 2.0353581432573038e-07 2.0353581432573038e-07 2.0353581432573036e-08
0.09411764705882639 3.981952781112471e-06 8.647058823529492e-07 6.184873949579963 2.9131332533012826e-07 2.9131332533012826e-07 2.9131332533012824e-08
0.1974789915966323 3.0381752701080618e-06 8.740696278511487e-07 13.82392957182932 6.071684673869279e-07 6.071684673869279e-07 6.071684673869279e-08
0.0799279711884776 5.908683473389397e-06 3.7779111644657686e-07 11.170868347339365 4.305342136854602e-07 4.305342136854602e-07 4.305342136854602e-08
0.04312124849940028 7.89239695878357e-06 2.7827130852340297e-06 10.72669067627091 7.010616246498262e-07 7.010616246498262e-07 7.010616246498261e-08
0.07639855942377155 5.452821128451418e-06 2.3254501800719835e-06 4.608243297318964 2.0785914365746306e-08 2.0785914365746306e-08 2.0785914365746308e-09
0.06163265306122586 7.582553021208538e-06 2.4003601440575747e-06 6.224889955982526 4.6506962785112395e-07 4.6506962785112395e-07 4.650696278511239e-08
0.1263145258103282 2.845858343337352e-06 1.546698679471775e-06 5.144457783113314 5.740720288115001e-07 5.740720288115001e-07 5.7407202881150016e-08
0.07963985594237914 4.672869147659095e-06 1.3578631452580973e-06 9.59023609443811 6.636482593036905e-07 6.636482593036905e-07 6.636482593036905e-08
0.0678991596638672 8.20580232092843e-06 4.3397358943577215e-07 4.340136054421789 7.36682673069228e-08 7.36682673069228e-08 7.3668267306922794e-09
0.05003601440576314 5.894437775110085e-06 1.8478991596638396e-06 9.538215286114777 2.690156062424971e-08 2.690156062424971e-08 2.690156062424971e-09
0.16045618247298826 7.272709083633505e-06 1.359423769507797e-06 6.204881952781244 6.967446978791182e-07 6.967446978791182e-07 6.967446978791182e-08
0.051476590636255405 1.5673069227691147e-06 1.9207683073229243e-07 11.434973989596283 8.320084033613012e-07 8.320084033613012e-07 8.320084033613012e-08
0.03635054021608664 2.058783513405373e-06 3.469387755101949e-06 10.122448979592203 7.104149659863601e-07 7.104149659863601e-07 7.104149659863602e-08
0.16981992797118617 3.7753901560624494e-06 1.8962785114045339e-06 10.578631452581426 6.996226490595902e-07 6.996226490595902e-07 6.996226490595902e-08
0.04823529411764781 7.482833133253355e-06 1.0488595438175337e-06 13.519807923169838 3.3124489795917696e-07 3.3124489795917696e-07 3.31244897959177e-08
0.11846338535414563 1.3286914765906414e-06 2.2411764705881935e-06 5.524609843937666 3.877310924369749e-08 3.877310924369749e-08 3.877310924369749e-09
0.15944777911164387 1.887835134053631e-06 3.907923169267597e-06 13.251700680272663 7.456698679471418e-07 7.456698679471418e-07 7.456698679471418e-08
0.1954621848739435 1.7382553021208568e-06 7.304921968787559e-07 6.725090036014569 5.071596638655266e-07 5.071596638655266e-07 5.071596638655266e-08
0.14223289315726464 4.790396158463417e-06 2.042977190876317e-06 7.185274109644048 3.751336534613746e-07 3.751336534613746e-07 3.751336534613746e-08
0.16340936374549683 3.2589835934373953e-06 1.5170468187274785e-06 13.599839935974964 7.996314525809914e-07 7.996314525809914e-07 7.996314525809914e-08
0.04492196878751561 1.2254101640656306e-06 2.1896758703480995e-06 8.989995998399658 2.5354021608643354e-07 2.5354021608643354e-07 2.5354021608643353e-08
0.09613445378151556 5.3032412965186436e-06 3.496998799519792e-07 4.648259303721527 1.1072188875550224e-07 1.1072188875550224e-07 1.1072188875550224e-08
0.15469387755102032 5.648699479791956e-06 2.092917166866711e-06 13.247699079632406 3.5182072829131658e-09 3.5182072829131658e-09 3.5182072829131656e-10
0.18379351740695843 4.6087635054021915e-06 3.152581032412886e-06 4.204081632653073 1.1288035214085639e-07 1.1288035214085639e-07 1.1288035214085638e-08
0.05428571428571532 2.6179271708683626e-06 1.173709483793519e-06 8.081632653061469 8.456786714685431e-07 8.456786714685431e-07 8.456786714685431e-08
0.0454261704681879 1.0437775110044047e-06 2.423769507803072e-06 7.765506202481218 4.1002881152459736e-07 4.1002881152459736e-07 4.1002881152459735e-08
0.094189675870351 3.0773509403761693e-06 2.0768307322929113e-07 11.835134053621918 5.384573829531594e-07 5.384573829531594e-07 5.384573829531594e-08
0.1570708283313321 1.3215686274509855e-06 3.305522208883468e-06 4.432172869147685 8.492761104441331e-07 8.492761104441331e-07 8.492761104441331e-08
0.11075630252101203 8.585834333733508e-07 4.4801920768307097e-07 11.478991596639103 3.8412725090034956e-07 3.8412725090034956e-07 3.841272509003495e-08
0.18494597839135202 4.383353341336521e-07 3.196278511404481e-06 4.70028011204486 5.6400560224089655e-08 5.6400560224089655e-08 5.6400560224089655e-09
0.07416566626650854 6.642336934773956e-06 3.553661464585739e-06 4.948379351740753 4.841360544217508e-07 4.841360544217508e-07 4.841360544217508e-08
0.10448979591837068 2.503961584633868e-06 1.733973589435753e-06 5.680672268907664 7.83513405362145e-09 7.83513405362145e-09 7.83513405362145e-10
0.06235294117647199 1.97687074829933e-06 4.823529411764683e-07 4.6722689075630655 1.3597438975590236e-09 1.3597438975590236e-09 1.3597438975590237e-10
0.03498199279711899 2.0765906362545127e-06 9.318127250900459e-07 8.71388555422197 2.1865146058423377e-08 2.1865146058423377e-08 2.1865146058423377e-09
0.047587034813926295 5.630892356942816e-06 5.400960384153654e-07 4.060024009603845 4.5571628651459e-07 4.5571628651459e-07 4.5571628651459e-08
0.07178871548619631 3.2126850740296318e-06 2.4596638655461677e-06 9.870348139256054 1.8482913165266114e-07 1.8482913165266114e-07 1.8482913165266113e-08
0.15354141656662673 6.902320928371397e-06 1.904081632653033e-06 6.292917166866884 1.9238375350140064e-07 1.9238375350140064e-07 1.9238375350140064e-08
0.09786314525810627 1.5245698279311792e-06 1.7178871548619413e-07 12.08323329331781 3.9923649459782744e-07 3.9923649459782744e-07 3.992364945978274e-08
0.18487394957982742 3.287474989996019e-06 2.5762304921968694e-07 11.867146858743968 2.067735094037616e-07 2.067735094037616e-07 2.067735094037616e-08
0.03289315726290521 1.3571828731492651e-06 2.142857142857105e-06 12.367346938776011 5.589627851140222e-07 5.589627851140222e-07 5.5896278511402226e-08
0.03519807923169283 4.8687474989996325e-06 1.84477791116444e-06 9.838335334134003 8.237342937174443e-07 8.237342937174443e-07 8.237342937174443e-08
0.17126050420167815 7.450780312124903e-06 1.3188475390156019e-06 8.953981592637351 6.258751500599957e-07 6.258751500599957e-07 6.258751500599958e-08
0.19034813925569696 3.0666666666666854e-06 1.4312124849939886e-06 8.573829531812999 2.5282072829131555e-07 2.5282072829131555e-07 2.5282072829131555e-08
0.13481392557023092 6.417967186874795e-06 1.9368547418967293e-06 13.907963185274703 1.2798959583833538e-07 1.2798959583833538e-07 1.2798959583833539e-08
0.05082833133253389 8.351820728291376e-06 3.620768307322831e-06 9.642256902761442 7.30920368147223e-07 7.30920368147223e-07 7.30920368147223e-08
0.1860984393757456 7.254901960784365e-06 3.043337334933899e-06 6.609043617447135 7.384749899959619e-07 7.384749899959619e-07 7.384749899959619e-08
0.1557743097238893 1.1434973989595876e-06 1.921248499399731e-06 6.248899559824064 3.7369467787113864e-07 3.7369467787113864e-07 3.7369467787113865e-08
0.0728691476590655 2.753261304521825e-06 1.7105642256902557e-06 4.348139255702302 5.514081632652833e-07 5.514081632652833e-07 5.514081632652833e-08
0.1656422569027594 4.580272108843568e-06 1.0410564225690346e-06 4.080032012805127 8.046678671468174e-07 8.046678671468174e-07 8.046678671468174e-08
0.10528211284514143 2.9883153261304703e-06 2.7577430972388326e-06 13.579831932773683 2.3627250900360154e-07 2.3627250900360154e-07 2.3627250900360154e-08
0.12343337334934394 5.620208083233332e-06 1.6855942376950587e-06 4.636254501800758 3.7333493397357964e-07 3.7333493397357964e-07 3.733349339735796e-08
0.09051620648259573 3.7433373349339977e-06 1.0156062424969988e-07 13.355742296919328 2.3519327731092447e-07 2.3519327731092447e-07 2.3519327731092446e-08
0.06854741896758872 6.072509003601483e-06 3.7456182472988163e-06 10.570628251300914 7.039395758302982e-07 7.039395758302982e-07 7.039395758302982e-08
0.03728691476590661 7.215726290516258e-06 3.3601440576229617e-06 4.756302521008449 3.28007202881146e-07 3.28007202881146e-07 3.28007202881146e-08
0.026266506602641043 3.8847539015606143e-07 2.1881152460983997e-06 12.695478191277031 8.089847939175254e-07 8.089847939175254e-07 8.089847939175253e-08
0.1574309723889551 8.37214885954383e-07 2.1241296518607072e-06 6.244897959183808 2.2476070428171278e-07 2.2476070428171278e-07 2.247607042817128e-08
0.13250900360144374 7.806922769107698e-06 2.3535414165665802e-06 5.276510604241773 2.2583993597438985e-07 2.2583993597438985e-07 2.2583993597438986e-08
0.09462184873949868 3.35514205682275e-06 3.110444177670991e-06 6.168867547018937 4.1362625050018734e-07 4.1362625050018734e-07 4.136262505001873e-08
0.1559903961584631 3.914285714285739e-06 7.507803121248549e-07 9.606242496999135 1.326662665066027e-07 1.326662665066027e-07 1.3266626650660269e-08
0.07589435774309926 3.116526610644277e-06 1.6434573829531636e-06 7.073229291716871 3.5678671468586576e-07 3.5678671468586576e-07 3.5678671468586576e-08
0.02460984393757502 2.2083633453381472e-06 7.788715486194535e-07 6.472989195678419 5.420548219287494e-07 5.420548219287494e-07 5.420548219287494e-08
0.030300120048019186 4.476990796318557e-06 1.0847539015606294e-06 5.664665866346638 8.230148059223263e-07 8.230148059223263e-07 8.230148059223262e-08
0.02691476590636253 6.026210484193719e-06 3.71440576230482e-06 11.070828331332956 3.26208483393351e-07 3.26208483393351e-07 3.26208483393351e-08
0.17104441776710436 7.205042016806774e-06 1.5201680672268782e-06 11.81112444978038 1.495742296918768e-07 1.495742296918768e-07 1.495742296918768e-08
0.16477791116446422 1.2111644657863188e-06 3.965186074429753e-07 5.3045218087235675 4.3557062825128617e-07 4.3557062825128617e-07 4.355706282512862e-08
0.17075630252100596 8.180872348939634e-06 3.433493397358853e-06 13.039615846339077 4.3809523809523824e-08 4.3809523809523824e-08 4.380952380952382e-09
0.14907563025210158 5.865946378551461e-06 1.0067226890756386e-06 9.370148059224011 7.064577831132111e-07 7.064577831132111e-07 7.064577831132111e-08
0.06343337334934118 2.475470188075244e-06 3.7924369747898108e-06 5.656662665066126 3.58951580632253e-08 3.58951580632253e-08 3.58951580632253e-09
0.02698679471788714 6.7100040016006875e-06 1.9618247298919264e-06 5.4565826330533085 2.9455102040815923e-07 2.9455102040815923e-07 2.9455102040815924e-08
0.13402160864346033 4.462745098039245e-06 1.3344537815126e-06 11.839135654262174 3.7405442176869763e-07 3.7405442176869763e-07 3.740544217686976e-08
0.1274669867947218 5.609523809523848e-06 2.127250900360107e-06 4.800320128051268 1.8159143657462993e-07 1.8159143657462993e-07 1.8159143657462993e-08
0.037358943577431226 3.832372949179696e-06 2.8259303721488484e-07 9.38215286114478 6.46746698679472e-08 6.46746698679472e-08 6.46746698679472e-09
0.12969987995198437 3.6080032012805353e-06 5.572629051620646e-07 8.149659863945827 5.546458583433143e-07 5.546458583433143e-07 5.546458583433143e-08
0.12012004801921174 7.251340536214537e-06 3.6925570228090225e-06 12.159263705482681 6.902693077230563e-07 6.902693077230563e-07 6.902693077230562e-08
0.17875150060023648 5.060024009603828e-07 7.585834333733545e-07 7.561424569828144 1.7547579031612652e-07 1.7547579031612652e-07 1.7547579031612653e-08
0.11399759903961962 5.9264905962385365e-06 1.2860744297719057e-06 12.167266906763194 1.1144137655062029e-07 1.1144137655062029e-07 1.114413765506203e-08
0.06775510204081797 4.719167667066858e-06 1.2127250900360144e-06 11.891156462585506 7.26963185274074e-07 7.26963185274074e-07 7.26963185274074e-08
0.06602641056422726 6.820408163265354e-06 3.8096038415365087e-06 6.913165266106617 1.0604521808723493e-07 1.0604521808723493e-07 1.0604521808723494e-08
0.10585834333733833 3.640056022408987e-06 3.1848739495798183e-07 12.431372549020113 5.391768707482774e-07 5.391768707482774e-07 5.391768707482774e-08
0.1455462184873962 6.32180872348944e-06 1.280912364945978e-07 9.594237695078366 2.600156062424955e-07 2.600156062424955e-07 2.600156062424955e-08
0.1961104441776649 3.857302921168492e-06 1.2002400960384158e-06 8.59383753501428 6.863185274109646e-08 6.863185274109646e-08 6.863185274109647e-09
0.13272509003601754 6.838215286114494e-06 1.7917166866746462e-06 6.641056422569186 5.729927971188231e-07 5.729927971188231e-07 5.729927971188231e-08
0.09829531812725395 1.7311324529812009e-06 2.3363745498198822e-06 10.658663465386553 4.819775910363968e-07 4.819775910363968e-07 4.819775910363968e-08
0.0536374549819938 1.186234493797523e-06 1.0613445378151322e-06 4.968387354942035 6.341492597038527e-07 6.341492597038527e-07 6.341492597038527e-08
0.09058823529412034 2.4576630652261044e-06 3.094837935173993e-06 7.409363745498403 7.28042416966751e-07 7.28042416966751e-07 7.280424169667509e-08
0.17882352941176108 6.62705082032813e-07 1.6699879951980605e-06 11.803121248499867 8.985610244097157e-07 8.985610244097157e-07 8.985610244097157e-08
0.022881152460984388 3.469107643057245e-06 3.316446578631367e-06 12.799519807923696 3.816090436174366e-07 3.816090436174366e-07 3.816090436174366e-08
0.1956782713085173 7.116006402561075e-06 1.5061224489795798e-06 8.241696678671723 1.4885474189675876e-07 1.4885474189675876e-07 1.4885474189675876e-08
0.1242977190876393 2.5360144057623195e-06 3.1385354141655878e-06 10.394557823129634 3.639815926370457e-07 3.639815926370457e-07 3.639815926370457e-08
0.08821128451380811 5.296118447378988e-06 3.7705882352940133e-06 12.047218887555504 2.1324889955982402e-07 2.1324889955982402e-07 2.1324889955982403e-08
0.08684273709484046 7.425850340136107e-06 3.0558223289314975e-06 13.2757102841142 8.406422569027171e-07 8.406422569027171e-07 8.406422569027171e-08
0.044633853541417155 6.876350540216088e-07 3.527130852340842e-06 4.780312124849987 3.3412284913964893e-07 3.3412284913964893e-07 3.3412284913964895e-08
0.11803121248499795 6.88095238095243e-06 1.5607442977190734e-06 5.752701080432278 7.841624649859545e-07 7.841624649859545e-07 7.841624649859546e-08
0.19394957983192693 6.197158863545461e-06 3.3866746698678585e-06 8.64985994397787 7.474749899959987e-08 7.474749899959987e-08 7.474749899959986e-09
0.07539015606242697 5.520488195278149e-06 7.336134453781558e-07 12.383353341337036 9.165546218487398e-08 9.165546218487398e-08 9.165546218487399e-09
0.08720288115246352 8.941976790716304e-07 3.5801920768306358e-06 12.143257302921656 1.8950580232092845e-07 1.8950580232092845e-07 1.8950580232092845e-08
0.18429771908763062 2.3177270908363352e-07 2.35666266506598e-06 7.529411764706094 8.161796718687053e-07 8.161796718687053e-07 8.161796718687053e-08
0.15289315726290534 4.739495798319312e-07 1.949339735894328e-06 6.108843537415092 2.6792997198879343e-07 2.6792997198879343e-07 2.6792997198879342e-08
0.05226890756302615 5.388715486194515e-06 9.755102040816423e-07 5.392557022809207 6.690444177670754e-07 6.690444177670754e-07 6.690444177670755e-08
0.1764465786314493 8.11676670668273e-06 3.28991596638647e-06 4.704281712685116 4.165042016806593e-07 4.165042016806593e-07 4.165042016806593e-08
0.09490996398559713 7.286954781912817e-06 2.4378151260503703e-06 9.582232893157597 5.85583833533388e-07 5.85583833533388e-07 5.85583833533388e-08
0.14252100840336304 2.7746298519407928e-06 3.3382953181271642e-06 8.501800720288385 4.452837134853791e-07 4.452837134853791e-07 4.452837134853791e-08
0.11565426170468572 3.7611444577831375e-06 1.7573829531812502e-06 5.816726690676379 2.582232893157264e-08 2.582232893157264e-08 2.582232893157264e-09
0.18422569027610602 3.0702280912365134e-06 2.829531812725024e-06 11.79911964785961 8.949699879951984e-08 8.949699879951984e-08 8.949699879951984e-09
0.19827130852340288 3.0559823929572016e-06 3.7284513805521183e-06 7.865546218487626 5.744317727090591e-07 5.744317727090591e-07 5.744317727090591e-08
0.1873229291716638 1.3500600240096092e-06 4.71428571428569e-07 7.9255702280914715 6.719287715086037e-08 6.719287715086037e-08 6.719287715086037e-09
0.13466986794718172 5.595278111244536e-06 2.370708283313278e-06 5.216486594637928 7.640168067226507e-07 7.640168067226507e-07 7.640168067226506e-08
0.19949579831932107 4.220568227290944e-06 9.255702280912462e-07 8.461784713885821 6.593313325329825e-07 6.593313325329825e-07 6.593313325329825e-08
0.09375750300120332 6.724249699879999e-06 1.3797118847538947e-06 11.907162865146532 2.722468987595014e-07 2.722468987595014e-07 2.722468987595014e-08
0.1562785114045615 1.5851140456182545e-06 3.2587034813924736e-06 12.651460584234211 5.488899559823703e-07 5.488899559823703e-07 5.4888995598237035e-08
0.054429771908764545 4.703881552621033e-07 1.4936374549819813e-06 11.551020408163717 3.27647458983587e-07 3.27647458983587e-07 3.27647458983587e-08
0.049675870348140076 3.5642256902761027e-07 1.2720288115246074e-06 10.842737094838345 3.4743337334933183e-07 3.4743337334933183e-07 3.4743337334933186e-08
0.1775990396158429 8.497839135654322e-06 3.153661464585821e-07 11.699079631853202 9.777110844337739e-08 9.777110844337739e-08 9.777110844337739e-09
0.12256902761104858 8.633173269307785e-06 1.8244897959183423e-06 10.702681072429373 6.032112845137789e-07 6.032112845137789e-07 6.032112845137789e-08
0.18321728691476163 6.7954781912765586e-06 3.552100840336039e-06 10.302521008403739 7.751688675469796e-07 7.751688675469796e-07 7.751688675469797e-08
0.19193277310923815 4.6682673069227537e-07 1.7214885954381545e-06 4.816326530612294 3.5822569027610175e-07 3.5822569027610175e-07 3.582256902761018e-08
0.1769507803121215 7.56118447378957e-06 9.552220888355447e-07 4.072028811524614 3.7153621448578465e-07 3.7153621448578465e-07 3.715362144857846e-08
0.11291716686675042 1.8735894357743192e-06 7.180072028811565e-07 6.925170068027386 2.6828971588635243e-07 2.6828971588635243e-07 2.6828971588635242e-08
0.11313325330132426 8.686594637855204e-06 1.3079231692677032e-06 13.103641456583178 6.694041616646344e-07 6.694041616646344e-07 6.694041616646344e-08
0.16866746698679258 6.325370148059268e-06 1.1518607442977215e-06 8.905962384954275 7.348775510203719e-07 7.348775510203719e-07 7.348775510203719e-08
0.15238895558223314 7.222849139655914e-06 3.0792316926769948e-06 8.341736694678131 7.050188075229751e-07 7.050188075229751e-07 7.050188075229752e-08
0.08525810324129897 1.3536214485794372e-06 1.7698679471788488e-06 11.046818727491418 7.017811124449442e-07 7.017811124449442e-07 7.017811124449442e-08
0.16384153661464443 7.920888355342193e-06 1.0192076830732372e-06 5.296518607443055 1.5497038815526217e-07 1.5497038815526217e-07 1.5497038815526215e-08
0.125450180072033 8.444417767106903e-06 5.354141656662657e-07 8.721888755502484 4.4924089635852807e-07 4.4924089635852807e-07 4.492408963585281e-08
0.13229291716686994 6.848899559823978e-06 3.4272509003600538e-06 5.9127651060425315 9.597238895558227e-08 9.597238895558227e-08 9.597238895558227e-09
0.07495798319327929 5.153661464585869e-06 1.9196878751500313e-06 7.385354141656865 8.55391756702636e-07 8.55391756702636e-07 8.55391756702636e-08
0.05270108043217383 1.5174469787915233e-06 3.416326530612155e-06 13.911964785914959 1.6828731492597045e-08 1.6828731492597045e-08 1.6828731492597045e-09
0.17212484993997335 8.818367346938839e-06 1.4499399759903864e-06 13.067627050820871 1.571288515406163e-07 1.571288515406163e-07 1.571288515406163e-08
0.08345738295318364 5.470628251300558e-06 3.6597839135653264e-06 10.518607442977581 7.345178071228129e-07 7.345178071228129e-07 7.345178071228129e-08
0.12393757503001623 2.140696278511416e-06 1.0441776710684342e-06 7.241296518607637 4.085898359343614e-07 4.085898359343614e-07 4.085898359343614e-08
0.17903961584633488 4.217006802721116e-06 2.238055222088794e-06 13.543817527011376 9.274109643857546e-09 9.274109643857546e-09 9.274109643857546e-10
0.15008403361344597 5.933613445378192e-06 1.6340936374549647e-06 9.638255302121186 7.553829531812348e-07 7.553829531812348e-07 7.553829531812348e-08
0.03440576230492209 4.644377751100471e-06 2.0539015606242155e-06 11.11084433773552 3.103797519007551e-07 3.103797519007551e-07 3.103797519007551e-08
0.025474189675870337 6.385914365746343e-06 2.4440576230491696e-06 11.911164465786788 1.614457783113246e-07 1.614457783113246e-07 1.614457783113246e-08
0.0985834333733524 1.8191276510604245e-07 3.8127250900359084e-06 7.285314125650457 3.9707803121247346e-07 3.9707803121247346e-07 3.970780312124735e-08
0.11975990396158867 2.3365746298519538e-06 2.7312124849939357e-06 13.535814325730863 4.168639455782183e-07 4.168639455782183e-07 4.168639455782183e-08
0.1002400960384185 7.643097238895612e-06 3.018367346938702e-06 10.102440976390922 7.758883553420976e-07 7.758883553420976e-07 7.758883553420976e-08
0.06134453781512741 8.547699079631914e-06 1.8042016806722447e-06 6.29691876750714 6.550144057622745e-07 6.550144057622745e-07 6.550144057622745e-08
0.056734693877552166 6.596038415366193e-06 2.6328931572628473e-06 4.200080032012817 6.791172468987273e-07 6.791172468987273e-07 6.791172468987273e-08
0.042112845138055695 2.5110844337735238e-06 2.8841536614645177e-06 6.4289715886356 2.5246098439375655e-07 2.5246098439375655e-07 2.5246098439375655e-08
0.1193997599039656 7.753501400560279e-06 2.9106842737094146e-06 5.14845938375357 6.960252100840002e-07 6.960252100840002e-07 6.960252100840003e-08
0.13034813925570576 5.189275710284149e-06 2.5205282112844606e-06 4.548219287715119 5.449327731092213e-07 5.449327731092213e-07 5.4493277310922134e-08
0.05975990396158592 1.6599039615846417e-06 3.594237695077934e-06 9.01000400160094 7.460296118447008e-07 7.460296118447008e-07 7.460296118447008e-08
0.09915966386554931 7.68227290916372e-06 1.7745498199279482e-06 7.129251700680459 3.4707362945177284e-07 3.4707362945177284e-07 3.470736294517728e-08
0.12444177671068853 7.611044417767161e-06 1.3032412965186037e-06 6.961184473789693 7.748091236494206e-07 7.748091236494206e-07 7.748091236494206e-08
0.11018007202881512 8.084713885554279e-06 2.7635054021608537e-07 8.69387755102069 7.150980392156865e-08 7.150980392156865e-08 7.1509803921568655e-09
0.19243697478991034 8.458663465386215e-06 2.559543817526956e-06 9.230092036815039 3.139771908763451e-07 3.139771908763451e-07 3.1397719087634506e-08
0.1459783913565438 8.615366146458645e-06 1.9165666266506317e-06 6.036814725890478 5.269455782312715e-07 5.269455782312715e-07 5.269455782312715e-08
0.08893157262905424 4.0272108843537305e-07 3.915726290516096e-06 10.818727490996807 3.7297519007602064e-07 3.7297519007602064e-07 3.7297519007602064e-08
0.034621848739495927 2.838735494197696e-06 3.878271308523301e-06 12.731492597039338 8.683425370147599e-07 8.683425370147599e-07 8.683425370147599e-08
0.04204081632653108 1.1826730692276951e-06 1.563865546218473e-06 4.764305722288961 1.9993837535014014e-07 1.9993837535014014e-07 1.9993837535014012e-08
0.10737094837935521 1.2966386554621898e-06 2.5189675870347607e-06 7.829531812725319 4.834165666266328e-07 4.834165666266328e-07 4.834165666266328e-08
0.0881392557022835 4.6906762705082345e-06 3.7206482593036192e-06 13.187675070028561 6.622092837134545e-07 6.622092837134545e-07 6.622092837134545e-08
0.13877551020408388 5.698559423769547e-06 3.97034813925559e-06 12.287314925970884 2.995874349739852e-07 2.995874349739852e-07 2.995874349739852e-08
0.18372148859543383 6.759863945578279e-06 1.2657863145258081e-06 7.713485394157885 8.58995598239296e-08 8.58995598239296e-08 8.58995598239296e-09
0.1453301320528224 5.6522609043617836e-06 2.6578631452580444e-06 11.711084433773971 7.402737094837569e-07 7.402737094837569e-07 7.402737094837569e-08
0.07661464585834539 5.914765906362538e-07 2.3348139255701824e-06 10.874749899960396 2.481440576230486e-07 2.481440576230486e-07 2.4814405762304857e-08
0.19906362545017348 6.84533813525415e-06 3.4475390156061514e-06 10.730692276911167 7.622180872348557e-07 7.622180872348557e-07 7.622180872348557e-08
0.03699879951980816 4.566026410564256e-06 3.63013205282103e-06 10.054421768707845 2.556986794717875e-07 2.556986794717875e-07 2.5569867947178752e-08
0.02208883553421368 5.680752300920407e-06 2.286434573829488e-06 4.344137655062045 4.59673469387739e-07 4.59673469387739e-07 4.5967346938773896e-08
0.09260504201680951 1.1256902761104478e-06 2.1803121248499006e-06 4.772308923569474 2.9311204481792324e-07 2.9311204481792324e-07 2.9311204481792323e-08
0.0563745498199291 1.624289715886362e-06 6.352941176470607e-07 10.194477791116817 6.100464185673999e-07 6.100464185673999e-07 6.100464185673999e-08
0.11932773109244099 1.2492997198879553e-07 9.364945978391456e-07 6.737094837935338 3.549879951980708e-07 3.549879951980708e-07 3.549879951980708e-08
0.19200480192076275 7.703641456582687e-06 3.1692677070828196e-07 4.660264105642296 4.693865546218319e-07 4.693865546218319e-07 4.693865546218319e-08
0.16809123649459579 2.322328931572642e-06 3.898559423769398e-06 7.801520608243525 1.8518887555022016e-07 1.8518887555022016e-07 1.8518887555022017e-08
0.17392557022808833 5.694997999199719e-06 3.595798319327634e-06 6.084833933573554 4.0139495798318143e-07 4.0139495798318143e-07 4.0139495798318145e-08
0.08446578631452822 7.949379751900817e-06 2.4783913565425655e-06 8.685874349740176 6.783977591036093e-07 6.783977591036093e-07 6.783977591036094e-08
0.16470588235293962 8.39811924769914e-06 2.551740696278457e-06 7.401360544217891 4.4060704281711213e-07 4.4060704281711213e-07 4.406070428171121e-08
0.08374549819928209 5.344937975190065e-07 1.6200480192076664e-06 13.491796718688043 6.006930772308659e-07 6.006930772308659e-07 6.00693077230866e-08
0.05774309723889675 7.607482993197333e-06 1.2564225690276092e-06 6.597038815526366 6.686846738695164e-07 6.686846738695164e-07 6.686846738695164e-08
0.10801920768307673 6.9806722689076124e-06 4.6362545018006966e-07 9.05402160864376 8.906466586634177e-07 8.906466586634177e-07 8.906466586634178e-08
0.11234093637455352 6.378791516606687e-06 1.1924369747899168e-06 6.957182873149437 6.568131252500695e-07 6.568131252500695e-07 6.568131252500695e-08
0.10823529411765057 3.447739095638277e-06 2.0710684273709135e-06 4.924369747899215 6.935134053621451e-08 6.935134053621451e-08 6.935134053621451e-09
0.11320528211284887 7.635974389755956e-06 3.4787515006001477e-06 10.150460184073998 6.971044417766772e-07 6.971044417766772e-07 6.971044417766772e-08
0.14842737094838018 4.932853141256536e-06 1.435894357743088e-06 12.995598239296257 2.3483353341336544e-07 2.3483353341336544e-07 2.3483353341336546e-08
0.1569267707082829 3.953461384553847e-06 3.3445378151259635e-06 10.786714685874756 3.23690276110438e-07 3.23690276110438e-07 3.23690276110438e-08
0.11651860744298108 5.253381352541052e-06 6.430972388955603e-07 7.433373349339941 7.704921968787127e-07 7.704921968787127e-07 7.704921968787127e-08
0.1770228091236461 2.920648259303739e-06 6.555822328931597e-07 4.452180872348967 3.1973309323728904e-07 3.1973309323728904e-07 3.1973309323728906e-08
0.11947178871549022 5.29255702280916e-06 2.305162064825886e-06 6.937174869948155 8.58629451780667e-07 8.58629451780667e-07 8.58629451780667e-08
0.08972388955582498 6.720688275310171e-06 1.9337334933973297e-06 10.182472989196048 7.165306122448631e-07 7.165306122448631e-07 7.16530612244863e-08
0.17968787515005627 6.396598639455827e-06 1.4140456182472907e-06 9.158063225290425 7.060980392156521e-07 7.060980392156521e-07 7.060980392156521e-08
0.06840336134453949 4.498359343737525e-06 1.1128451380552261e-06 5.708683473389458 4.4888755502200895e-08 4.4888755502200895e-08 4.488875550220089e-09
0.1564225690276107 1.4070428171268566e-06 1.4905162064825817e-06 12.311324529812422 1.8842657062825138e-07 1.8842657062825138e-07 1.8842657062825137e-08
0.14324129651860903 7.70008003201286e-06 1.25018007202881e-06 8.053621448579674 2.463453381352536e-07 2.463453381352536e-07 2.4634533813525358e-08
0.07956782713085453 1.798799519807932e-06 2.69687875150054e-06 6.693077230892518 2.9167306922768725e-07 2.9167306922768725e-07 2.9167306922768725e-08
0.03361344537815134 6.353861544617892e-06 3.4366146458582527e-06 13.207683073229843 4.704721888755504e-08 4.704721888755504e-08 4.704721888755504e-09
0.0876350540216112 5.071748699479826e-06 1.1596638655462206e-06 6.136854741896887 7.834429771908366e-07 7.834429771908366e-07 7.834429771908365e-08
0.046434573829532484 2.7283313325330293e-06 2.9606242496998087e-06 9.562224889956315 3.0786154461784213e-07 3.0786154461784213e-07 3.0786154461784216e-08
0.13416566626650953 1.902080832332943e-06 8.631452581032493e-07 4.736294517807167 2.474245698279306e-07 2.474245698279306e-07 2.474245698279306e-08
0.16312124849939844 7.0697078831533114e-06 1.991476590636223e-06 12.627450980392673 1.6180552220888362e-07 1.6180552220888362e-07 1.6180552220888362e-08
0.16326530612244763 7.447218887555075e-06 1.7901560624249464e-06 7.721488595438398 7.798455382152466e-07 7.798455382152466e-07 7.798455382152466e-08
0.10477791116446913 1.8807122849139752e-06 5.713085234093639e-07 8.657863145258382 3.6146338535413273e-07 3.6146338535413273e-07 3.614633853541327e-08
0.1366146458583459 5.2142056822729446e-06 2.6656662665065435e-06 7.641456582633271 6.147230892356668e-07 6.147230892356668e-07 6.147230892356668e-08
0.17932773109243327 2.8885954381752875e-06 2.9637454981992084e-06 8.505802320928641 3.013861544617802e-07 3.013861544617802e-07 3.0138615446178015e-08
0.14036014405762506 8.690156062425032e-06 3.106842737094825e-07 13.151660664266254 5.431340536214264e-07 5.431340536214264e-07 5.4313405362142635e-08
0.15887154861944708 6.306522609043614e-07 1.0020408163265392e-06 5.340536214485875 5.96376150460158e-07 5.96376150460158e-07 5.96376150460158e-08
0.15066026410564276 1.0829531812725122e-06 1.5591836734693736e-06 11.074829931973213 4.323329331732552e-07 4.323329331732552e-07 4.323329331732552e-08
0.08475390156062668 1.8593437374950074e-06 1.682472989195659e-06 8.049619847939418 6.917082833132922e-07 6.917082833132922e-07 6.917082833132922e-08
0.12091236494598248 2.671348539415782e-06 2.303601440576186e-06 10.614645858343733 3.499515806322448e-07 3.499515806322448e-07 3.499515806322448e-08
0.15483793517406952 4.127971188475417e-06 2.533013205282059e-06 11.587034813926024 8.064665866346124e-07 8.064665866346124e-07 8.064665866346124e-08
0.11205282112845506 1.6812725090036094e-06 3.7935174069627673e-07 6.553021208483546 5.233481392556815e-07 5.233481392556815e-07 5.233481392556815e-08
0.06285714285714428 8.692677070828347e-07 1.1560624249699882e-07 9.822328931572978 8.982012805121567e-07 8.982012805121567e-07 8.982012805121567e-08
0.08496998799520052 3.561704681872772e-06 3.985954381752588e-06 11.8551420568232 7.323593437374589e-07 7.323593437374589e-07 7.32359343737459e-08
0.10888355342137208 5.235574229691912e-06 2.6812725090035416e-06 13.471788715486761 3.0642256902760614e-07 3.0642256902760614e-07 3.0642256902760614e-08
0.08057623049219911 2.8779111644658036e-06 6.774309723889586e-07 10.894757903161677 1.661224489795919e-07 1.661224489795919e-07 1.661224489795919e-08
0.1557022809123647 2.0053621448579535e-06 3.3617046818726615e-06 11.150860344138083 3.0390436174469316e-07 3.0390436174469316e-07 3.0390436174469315e-08
0.03951980792316962 4.598079231692708e-06 2.4877551020407644e-06 10.670668267307322 6.517767106842435e-07 6.517767106842435e-07 6.517767106842435e-08
0.05608643457383065 6.831092436974838e-06 2.1553421368547036e-06 4.244097639055637 8.920856342536537e-07 8.920856342536537e-07 8.920856342536538e-08
0.09102040816326802 2.4327330932373087e-06 1.0691476590636313e-06 7.665466186474809 8.028691476590224e-07 8.028691476590224e-07 8.028691476590224e-08
0.11435774309724268 4.316726690676299e-06 1.869747899159637e-06 9.226090436174783 3.513905562224808e-07 3.513905562224808e-07 3.513905562224808e-08
0.17507803121248192 2.9587835134053586e-07 8.397358943577505e-07 7.505402160864556 6.496182472988896e-07 6.496182472988896e-07 6.496182472988896e-08
0.18465786314525362 4.8723089235694605e-06 3.0714285714284957e-06 5.128451380552288 8.838115246097968e-07 8.838115246097968e-07 8.838115246097968e-08
0.16528211284513641 8.992877150860409e-06 2.4284513805521714e-06 11.302921168467824 3.6038415366145574e-07 3.6038415366145574e-07 3.6038415366145574e-08
0.08086434573829757 3.978391356542643e-06 2.636014405762247e-06 10.174469787915536 1.9094477791116454e-07 1.9094477791116454e-07 1.9094477791116453e-08
0.09534213685474481 8.437294917967247e-06 1.483793517406961e-07 12.607442977191392 5.427743097238674e-07 5.427743097238674e-07 5.427743097238674e-08
0.10902761104442131 3.796758703481417e-06 1.0348139255702353e-06 10.258503401360919 1.283493397358944e-07 1.283493397358944e-07 1.2834933973589441e-08
0.02720288115246097 7.308323329331785e-06 2.058583433373315e-06 8.56182472989223 7.97839135654262e-08 7.97839135654262e-08 7.97839135654262e-09
0.1760144057623017 6.199679871948775e-07 1.6242496998799492e-07 12.271308523409859 6.165218087234618e-07 6.165218087234618e-07 6.165218087234618e-08
0.11579831932773495 4.3416566626650945e-06 2.8794717887154183e-06 9.29411764705914 2.6361304521808546e-07 2.6361304521808546e-07 2.6361304521808547e-08
0.17277310924369474 2.9943977591036377e-07 3.1557022809122858e-06 6.260904361744833 8.740984393757039e-07 8.740984393757039e-07 8.740984393757039e-08
0.04974789915966469 8.69371748699486e-06 3.818967587034708e-06 10.166466586635023 6.327102841136167e-07 6.327102841136167e-07 6.327102841136166e-08
0.15188475390156095 8.672348939575892e-06 3.668667466986778e-07 5.47659063625459 2.0029811924769916e-07 2.0029811924769916e-07 2.0029811924769916e-08
0.12307322929172088 3.314925970388149e-07 1.1783913565426184e-06 10.910764305722703 8.179783913565003e-07 8.179783913565003e-07 8.179783913565002e-08
0.02273709483793517 9.618647458983616e-07 6.196878751500614e-07 5.116446578631519 5.024829931972597e-07 5.024829931972597e-07 5.024829931972597e-08
0.1760864345738263 5.958543417366988e-06 3.900120048019098e-06 4.3801520608243525 4.021144457782994e-07 4.021144457782994e-07 4.021144457782994e-08
0.13128451380552555 8.896718687475054e-06 2.4939975990395637e-06 7.449379751900967 3.5175670268107253e-08 3.5175670268107253e-08 3.5175670268107254e-09
0.06905162064826101 4.021128451380578e-06 4.605042016806699e-07 10.086434573829896 2.9239255702280525e-07 2.9239255702280525e-07 2.9239255702280525e-08
0.0574549819927983 1.6766706682673072e-07 6.618247298919593e-07 13.955982392957779 3.891636654661755e-07 3.891636654661755e-07 3.891636654661755e-08
0.14929171668667537 2.9776310524209865e-06 7.460984393757551e-07 13.52781112445035 6.183205282112568e-07 6.183205282112568e-07 6.183205282112567e-08
0.1855942376950734 8.807683073229355e-06 1.8510204081632392e-06 11.619047619048075 4.884529811924588e-07 4.884529811924588e-07 4.8845298119245875e-08
0.09044417767107112 1.716886754701889e-06 2.4861944777910646e-06 11.583033213285768 7.510724289715889e-08 7.510724289715889e-08 7.510724289715888e-09
0.18156062424969585 5.166866746698667e-07 1.08007202881153e-06 11.575030012005255 2.754845938375324e-07 2.754845938375324e-07 2.7548459383753237e-08
0.15390156062424973 5.182152861144493e-06 6.118847539015618e-07 10.29051620648297 8.219355742296493e-07 8.219355742296493e-07 8.219355742296493e-08
0.07798319327731304 1.8903561424569832e-07 2.0648259303721142e-06 8.333733493397618 7.906378551420165e-07 7.906378551420165e-07 7.906378551420165e-08
0.08252100840336367 2.8921568627451154e-06 2.1225690276110074e-06 12.447378951581138 1.2906882753101246e-07 1.2906882753101246e-07 1.2906882753101245e-08
0.14482593037215022 3.1699479791916963e-06 1.6933973589435578e-06 13.85594237695137 7.773273309323336e-07 7.773273309323336e-07 7.773273309323336e-08
0.19452581032412372 2.32589035614247e-06 1.6887154861944583e-06 11.14285714285757 3.7261544617846164e-07 3.7261544617846164e-07 3.726154461784617e-08
0.19430972388954992 5.6593837535014395e-06 3.4194477791115547e-06 13.075630252101384 5.841448579431521e-07 5.841448579431521e-07 5.841448579431521e-08
0.08907563025210347 3.70416166466589e-06 9.770708283313421e-07 5.812725090036123 5.90620248099214e-07 5.90620248099214e-07 5.90620248099214e-08
0.08194477791116676 6.898759503801569e-06 3.6488595438174277e-06 13.007603041217026 3.938403361344425e-07 3.938403361344425e-07 3.938403361344425e-08
0.041680672268908016 2.9847539015606424e-06 1.4764705882352833e-06 9.206082432973501 8.363253301320092e-07 8.363253301320092e-07 8.363253301320092e-08
0.03490996398559438 7.731092436974798e-07 1.148739495798322e-06 13.995998399360342 7.337983193276949e-07 7.337983193276949e-07 7.33798319327695e-08
0.1478511404561834 3.835934373749524e-06 3.825210084033507e-06 9.934373749500155 5.014037615045827e-07 5.014037615045827e-07 5.014037615045827e-08
0.19229291716686114 3.3088435374149867e-06 2.812364945978326e-06 12.999599839936513 2.010176070428172e-07 2.010176070428172e-07 2.010176070428172e-08
0.07690276110444384 1.898519407763115e-06 1.292316926770705e-06 5.820728291316636 7.672545018006817e-07 7.672545018006817e-07 7.672545018006817e-08
0.1264585834333774 2.389995998399373e-06 1.5186074429771783e-06 6.805122048819696 7.478283313324958e-07 7.478283313324958e-07 7.478283313324958e-08
0.1268187274910004 6.592476990796365e-06 3.975030012004689e-06 9.242096838735808 5.539263705481963e-07 5.539263705481963e-07 5.539263705481963e-08
0.04909963985594317 5.987034813925612e-06 3.1993997599038806e-06 5.372549019607925 8.694217687074369e-07 8.694217687074369e-07 8.694217687074369e-08
0.17262905162064554 5.378031212485031e-06 9.458583433373452e-07 9.342136854742217 5.467314925970163e-07 5.467314925970163e-07 5.467314925970163e-08
0.12184873949580245 1.1185674269707918e-06 1.963385354141626e-06 12.635454181673186 8.690620248098779e-07 8.690620248098779e-07 8.69062024809878e-08
0.055150060024010676 5.192837134853977e-06 2.2833133253300885e-06 6.34093637454996 8.327278911564192e-07 8.327278911564192e-07 8.327278911564192e-08
0.06761104441776875 7.051900760304172e-06 3.823649459783807e-06 8.68187274909992 5.503289315726063e-07 5.503289315726063e-07 5.503289315726063e-08
0.10146458583433693 8.763905562224906e-07 2.7791116446578524e-07 10.262505002001175 7.359567827130489e-07 7.359567827130489e-07 7.35956782713049e-08
0.18220888355341724 8.900280112044882e-06 3.950060024009492e-06 4.840336134453832 1.3770268107242903e-07 1.3770268107242903e-07 1.3770268107242902e-08
0.1461944777911176 3.18063225290118e-06 2.5283313325329596e-06 13.963985594238292 1.934693877551021e-08 1.934693877551021e-08 1.934693877551021e-09
0.03901560624249733 8.390996398559484e-06 3.0292917166866006e-06 4.98439375750306 6.985434173669132e-07 6.985434173669132e-07 6.985434173669132e-08
0.1773109243697445 2.233293317326943e-06 8.537815126050498e-07 6.801120448179439 6.927875150059692e-07 6.927875150059692e-07 6.927875150059693e-08
0.12436974789916391 9.000000000000065e-06 2.253661464585792e-06 5.40056022408972 2.312360944377752e-07 2.312360944377752e-07 2.3123609443777522e-08
0.08316926770708519 8.629611844737957e-06 2.3753901560623777e-06 10.250500200080406 2.870028011204483e-08 2.870028011204483e-08 2.870028011204483e-09
0.15087635054021656 6.257703081232537e-06 3.5906362545017843e-07 10.69467787114886 4.7766706682673085e-08 4.7766706682673085e-08 4.776670668267308e-09
0.14885954381752778 3.3373349339736104e-06 9.427370948379453e-07 13.595838335334708 4.330524209683732e-07 4.330524209683732e-07 4.330524209683732e-08
0.04953181272509085 2.1656262505002117e-06 3.4345738295317974e-07 5.384553821528694 6.107723089235696e-08 6.107723089235696e-08 6.107723089235696e-09
0.02007202881152461 7.554061624649914e-06 1.2689075630252078e-06 12.22729091636704 7.899183673468985e-07 7.899183673468985e-07 7.899183673468985e-08
0.09238895558223567 3.1307723089235887e-06 2.9184873949579137e-06 13.467787114846505 7.708519407762716e-07 7.708519407762716e-07 7.708519407762716e-08
0.1469147659063636 2.6357342937175024e-06 1.8739495798319283e-07 10.066426570628614 5.096778711484396e-07 5.096778711484396e-07 5.096778711484396e-08
0.19409363745497613 2.67490996398561e-06 3.987515006002288e-06 7.7494997999201924 4.898919567826948e-07 4.898919567826948e-07 4.8989195678269476e-08
0.028283313325330114 8.800560224089699e-06 2.915366146458514e-06 8.469787915166334 5.550056022408733e-07 5.550056022408733e-07 5.5500560224087325e-08
0.15980792316926687 4.110164065626277e-06 1.4057623049219675e-07 13.367747098840097 7.327190876350179e-07 7.327190876350179e-07 7.32719087635018e-08
0.13171668667467315 5.199959983993633e-06 1.4858343337334822e-06 10.878751500600652 2.700884353741474e-07 2.700884353741474e-07 2.700884353741474e-08
0.02439375750300119 6.507002801120494e-06 2.464345738295267e-06 10.022408963585795 8.820128051220018e-07 8.820128051220018e-07 8.820128051220018e-08
0.19524609843936971 5.755542216886794e-06 3.996878751500487e-06 11.831132452981661 2.564181672669055e-07 2.564181672669055e-07 2.5641816726690553e-08
0.13495798319328012 8.529891956782774e-06 3.8829531812724e-06 9.62224889956016 1.797927170868348e-07 1.797927170868348e-07 1.797927170868348e-08
0.05406962785114148 3.358703481392578e-06 3.7346938775509176e-06 11.210884353741928 4.956478591436387e-07 4.956478591436387e-07 4.956478591436387e-08
0.12861944777911538 1.62785114045619e-06 2.091356542617011e-06 13.575830332133426 1.7548219287715092e-08 1.7548219287715092e-08 1.7548219287715093e-09
0.033469387755102116 5.367346938775547e-06 1.8744297719087364e-06 4.312124849939995 5.89181272508978e-07 5.89181272508978e-07 5.89181272508978e-08
0.11104441776711048 3.875110044017632e-06 8.147659063625517e-07 9.47018807523042 8.964025610243617e-07 8.964025610243617e-07 8.964025610243617e-08
0.19258103241295954 7.023409363745548e-06 1.939975990396129e-06 10.20248099239733 5.783889555822081e-07 5.783889555822081e-07 5.783889555822081e-08
0.0607683073229305 6.261264505802365e-06 3.2618247298918733e-06 9.910364145658617 6.384661864745606e-07 6.384661864745606e-07 6.384661864745607e-08
0.11529411764706265 6.204281712685117e-06 3.424129651860654e-06 4.12004801920769 3.4671388555421384e-07 3.4671388555421384e-07 3.4671388555421385e-08
0.07805522208883765 8.864665866346602e-06 3.146338535414087e-06 9.750300120048363 9.669187675070032e-08 9.669187675070032e-08 9.669187675070031e-09
0.14453781512605182 2.9918767507002983e-06 3.96566626650649e-06 7.525410164065837 8.374109643857546e-08 8.374109643857546e-08 8.374109643857546e-09
0.14259303721488764 7.550500200080086e-06 1.2798319327731065e-06 4.016006402561025 4.046326530612124e-07 4.046326530612124e-07 4.046326530612124e-08
0.038223289315726584 3.4217687074829864e-07 1.8759903961584363e-06 12.75150060024062 2.038955582232894e-07 2.038955582232894e-07 2.038955582232894e-08
0.16398559423769363 2.4541016406562764e-06 2.0456182472989139e-07 11.010804321729111 4.1470548219286433e-07 4.1470548219286433e-07 4.147054821928643e-08
0.03123649459783911 7.94225690276116e-06 9.567827130852445e-07 9.922368947579386 5.456522609043393e-07 5.456522609043393e-07 5.4565226090433934e-08
0.07315726290516396 4.40220088035217e-06 1.3750300120047953e-06 8.185674269708134 5.057206882752906e-07 5.057206882752906e-07 5.057206882752907e-08
0.05248499399759999 5.360224089635891e-06 3.5677070828330372e-06 9.110044017607349 2.880756302520973e-07 2.880756302520973e-07 2.8807563025209727e-08
0.03815126050420197 2.1122048819527923e-06 4.4489795918367123e-07 6.945178071228668 1.434585834333734e-07 1.434585834333734e-07 1.434585834333734e-08
0.19078031212484456 2.3686274509804054e-06 3.3632653061223613e-06 6.396958783513549 1.6864065626250507e-07 1.6864065626250507e-07 1.6864065626250506e-08
0.06984393757503175 2.571628651460599e-06 1.6028811524609684e-06 13.699879951981373 3.373669467787116e-08 3.373669467787116e-08 3.373669467787116e-09
0.17406962785113753 3.3337735094037824e-06 1.783913565426147e-06 11.607042817127306 6.337895158062937e-07 6.337895158062937e-07 6.337895158062937e-08
0.1221368547419009 4.676430572228923e-06 3.6332533013204295e-06 4.304121648659482 2.1684633853541425e-07 2.1684633853541425e-07 2.1684633853541427e-08
0.08662665066026662 3.4085634253701696e-06 2.9028811524609155e-06 13.623849539816502 4.920504201680487e-07 4.920504201680487e-07 4.920504201680487e-08
0.1072989195678306 6.591436574629851e-07 2.8966386554621163e-06 8.52981192477018 3.985234093637456e-08 3.985234093637456e-08 3.9852340936374566e-09
0.11190876350540584 5.9193677470988805e-06 6.368547418967606e-07 11.234893957583466 2.708079231692654e-07 2.708079231692654e-07 2.7080792316926542e-08
0.16168067226890645 1.2147258903561467e-06 3.026170468187201e-06 8.785914365746585 6.492585034013306e-07 6.492585034013306e-07 6.492585034013306e-08
0.19899159663864888 4.740536214485826e-06 5.010804321728674e-07 5.916766706682788 9.633213285314129e-08 9.633213285314129e-08 9.633213285314129e-09
0.02252100840336134 7.981432573029268e-06 3.45846338535405e-06 11.51500600240141 3.539087635053938e-07 3.539087635053938e-07 3.539087635053938e-08
0.13200480192077155 2.6286114445778464e-06 3.809123649459766e-07 7.957583033213522 8.298499399759472e-07 8.298499399759472e-07 8.298499399759472e-08
0.10168067226891077 7.361744697879204e-06 3.3351740696277646e-06 7.753501400560449 3.416774709883879e-07 3.416774709883879e-07 3.4167747098838786e-08
0.06941176470588407 4.9542216886755035e-06 1.6450180072028635e-06 7.873549419768139 2.7987194877951183e-09 2.7987194877951183e-09 2.7987194877951185e-10
0.07236494597839321 8.163065226090494e-06 3.815846338535308e-06 4.444177671068454 8.913725490196082e-08 8.913725490196082e-08 8.913725490196081e-09
0.1779591836734659 5.930052020808364e-06 1.360984393757497e-06 14.000000000000599 6.863121248499073e-07 6.863121248499073e-07 6.863121248499073e-08
0.08201680672269138 5.4848739495798695e-06 1.496758703481381e-06 5.172468987595108 7.355970388154899e-07 7.355970388154899e-07 7.3559703881549e-08
0.17435774309723592 6.382352941176515e-06 3.8860744297718e-06 7.7615046018409615 8.323681472588602e-07 8.323681472588602e-07 8.323681472588601e-08
0.09246098439376028 3.4121248499399975e-06 3.309723889555808e-07 6.885154061624823 1.1647779111644662e-07 1.1647779111644662e-07 1.1647779111644662e-08
0.1106122448979628 7.454341736694731e-06 1.3547418967586976e-06 6.288915566226628 1.5640936374549826e-07 1.5640936374549826e-07 1.5640936374549827e-08
0.15102040816326576 8.707963185274172e-06 1.9519807923169217e-07 9.078031212485298 2.3986994797919164e-07 2.3986994797919164e-07 2.3986994797919164e-08
0.1675870348139236 4.377270908363374e-06 2.075750300120013e-06 11.366946778711926 5.064401760704086e-07 5.064401760704086e-07 5.064401760704086e-08
0.06480192076830883 3.615126050420191e-06 2.328571428571383e-06 11.206882753101672 2.837587034813893e-07 2.837587034813893e-07 2.8375870348138933e-08
0.08338535414165903 4.836694677871181e-06 3.247298919567813e-07 8.405762304922233 5.629199679871712e-07 5.629199679871712e-07 5.629199679871712e-08
0.18343337334933543 3.4263705482193093e-06 2.5376950780311585e-06 5.4685874349740775 1.1072829131652664e-08 1.1072829131652664e-08 1.1072829131652664e-09
0.045282112845138674 2.5182072829131797e-06 3.843937575029905e-06 8.0696278511407 2.459855942376946e-07 2.459855942376946e-07 2.459855942376946e-08
0.07402160864345932 8.148819527811182e-06 2.586074429771853e-06 5.0244097639056235 2.2440096038415375e-07 2.2440096038415375e-07 2.2440096038415375e-08
0.11903961584634254 2.756822729091653e-06 1.686674669867944e-07 4.844337735094088 4.442044817927021e-07 4.442044817927021e-07 4.442044817927021e-08
0.07142857142857324 4.669307723089267e-06 3.8403361344537634e-07 6.513005202080983 3.114589835934321e-07 3.114589835934321e-07 3.114589835934321e-08
0.11673469387755492 3.7006002400960622e-06 1.2220888355342133e-06 12.123249299720374 6.668859543817214e-07 6.668859543817214e-07 6.668859543817214e-08
0.14972388955582297 8.122849139655873e-07 8.553421368547497e-07 5.712685074029714 6.089671868747229e-07 6.089671868747229e-07 6.089671868747228e-08
0.15080432172869196 5.548979591836773e-06 1.946218487394928e-06 12.115246098439862 8.58989195678226e-07 8.58989195678226e-07 8.58989195678226e-08
0.15015606242497057 4.452060824329761e-06 1.0780312124849941e-07 4.86434573829537 7.158111244497451e-07 7.158111244497451e-07 7.158111244497451e-08
0.15130852340936415 2.6392957182873303e-06 6.633853541416593e-07 5.960784313725608 1.2583113245298124e-07 1.2583113245298124e-07 1.2583113245298125e-08
0.11097238895558587 2.2617847138855666e-06 4.308523409363724e-07 7.541416566626863 6.442220888355046e-07 6.442220888355046e-07 6.442220888355046e-08
0.11111644657863509 1.3358143257302974e-06 5.822328931572633e-07 5.952781112445095 1.1252060824329736e-07 1.1252060824329736e-07 1.1252060824329736e-08
0.18516206482592582 3.3505402160864283e-07 3.948499399759792e-06 6.4049619847940615 2.833989595838303e-07 2.833989595838303e-07 2.8339895958383032e-08
0.17846338535413808 6.136614645858386e-06 2.2641056422568955e-07 4.2841136454582 1.161180472188876e-07 1.161180472188876e-07 1.161180472188876e-08
0.07841536614646072 7.653781512605096e-06 3.357022809123562e-06 6.2408963585435515 4.420460184073481e-07 4.420460184073481e-07 4.4204601840734814e-08
0.1155102040816365 5.317486994797955e-06 2.1548619447779047e-07 4.748299319727936 5.654381752700842e-07 5.654381752700842e-07 5.654381752700842e-08
0.1673709483793498 3.112965186074449e-06 2.9543817527010095e-06 13.387755102041378 1.2727010804321734e-07 1.2727010804321734e-07 1.2727010804321733e-08
0.185306122448975 9.583033213285337e-07 1.2704681872749076e-06 13.40776310524266 6.974641856742362e-07 6.974641856742362e-07 6.974641856742361e-08
0.1361104441776737 2.2902761104441903e-06 2.2723889555821898e-06 10.966786714686291 6.229971988795238e-07 6.229971988795238e-07 6.229971988795238e-08
0.12026410564226096 2.0267306922769213e-06 3.229051620648177e-06 5.756702681072534 7.115006002400963e-08 7.115006002400963e-08 7.115006002400963e-09
0.06278511404561966 7.026970788315376e-06 2.3769507803120775e-06 13.695878351341117 2.423881552621046e-07 2.423881552621046e-07 2.4238815526210464e-08
0.09231692677071106 2.229731892757115e-06 3.324249699879866e-06 4.604241696678708 3.621828731492507e-07 3.621828731492507e-07 3.621828731492507e-08
0.05392557022809225 2.746138455382169e-06 1.1424969987995226e-06 4.952380952381009 8.913661464585357e-07 8.913661464585357e-07 8.913661464585357e-08
0.09865546218487702 4.046058423369374e-06 1.9587034813925267e-06 4.628251300520246 1.2152060824329736e-08 1.2152060824329736e-08 1.2152060824329736e-09
0.12818727490996779 5.613085234093676e-06 8.756302521008487e-07 4.528211284513837 4.2801600640254723e-07 4.2801600640254723e-07 4.280160064025472e-08
0.0519807923169277 3.376510604241718e-06 1.8915966386554344e-06 8.15766306522634 8.53593037214841e-07 8.53593037214841e-07 8.53593037214841e-08
0.16376950780311983 3.4940376150460406e-06 3.28835534213677e-06 6.348939575830473 1.6360424169667874e-07 1.6360424169667874e-07 1.6360424169667874e-08
0.17853541416566268 5.238095238095226e-07 4.979591836734675e-07 8.737895158063509 3.21891556622643e-07 3.21891556622643e-07 3.21891556622643e-08
0.08424969987995438 5.7519807923169664e-06 2.0788715486194126e-06 7.0012004801922565 1.5604961984793924e-07 1.5604961984793924e-07 1.5604961984793923e-08
0.021512605042016804 7.671588635454236e-06 1.3734693877550954e-06 10.622649059624246 5.496094437774883e-07 5.496094437774883e-07 5.496094437774883e-08
0.03188475390156063 4.0745498199279975e-06 2.5704681872748547e-06 13.107643057223434 7.514257703080858e-07 7.514257703080858e-07 7.514257703080857e-08
0.1855222088835488 6.941496598639505e-06 2.433133253301271e-06 11.398959583833976 3.506710684273628e-07 3.506710684273628e-07 3.506710684273628e-08
0.11615846338535801 1.0865146058423402e-06 4.776710684273685e-07 7.081232492997383 4.2441856742695725e-07 4.2441856742695725e-07 4.2441856742695724e-08
0.05500600240096145 7.472148859543871e-06 4.792316926770685e-07 13.159663865546767 4.3916806722687614e-07 4.3916806722687614e-07 4.391680672268762e-08
0.1754381752701049 7.742817126850795e-06 3.4959183673468457e-06 5.056422569027674 7.978327330931964e-07 7.978327330931964e-07 7.978327330931964e-08
0.14871548619447858 7.374949979992002e-07 1.0909963985594287e-06 9.526210484194008 3.25129251700674e-07 3.25129251700674e-07 3.25129251700674e-08
0.16909963985594018 8.907402961184538e-06 1.0098439375750383e-06 4.332132853141276 8.262525010003572e-07 8.262525010003572e-07 8.262525010003572e-08
0.15951980792316847 6.232773109243741e-06 1.5576230492196737e-06 4.640256102441015 4.0031572629050444e-07 4.0031572629050444e-07 4.003157262905044e-08
0.08842737094838195 6.2719487795118485e-06 3.6374549819927804e-07 13.927971188475984 7.611388555421787e-07 7.611388555421787e-07 7.611388555421787e-08
0.03793517406962813 4.124409763905589e-06 3.2930372148858696e-06 13.12364945978446 3.0282513005201617e-07 3.0282513005201617e-07 3.028251300520162e-08
0.0328211284513806 3.027490996398578e-06 2.6063625450179504e-06 4.77631052420973 6.154425770307848e-07 6.154425770307848e-07 6.154425770307848e-08
0.03310924369747905 4.793957583033245e-06 4.4957983193277084e-07 5.1764705882353645 6.697639055621934e-07 6.697639055621934e-07 6.697639055621934e-08
0.0925330132052849 7.600360144057677e-06 3.041776710684199e-06 7.933573429371984 1.1431932773109248e-07 1.1431932773109248e-07 1.1431932773109248e-08
0.07466986794718083 4.8901160464186e-06 6.758703481392586e-07 12.95958383353395 4.931296518607257e-07 4.931296518607257e-07 4.9312965186072576e-08
0.02014405762304922 2.9527010804321907e-06 1.5232893157262778e-06 6.280912364946115 7.445906362544648e-07 7.445906362544648e-07 7.445906362544649e-08
0.10672268907563369 3.924969987995223e-06 3.0464585834332986e-06 12.563425370148572 8.463981592636611e-07 8.463981592636611e-07 8.46398159263661e-08
0.06689075630252261 7.625290116046473e-06 3.8871548619447595e-07 7.441376550620454 3.2009283713484804e-07 3.2009283713484804e-07 3.20092837134848e-08
0.05097238895558311 8.86822729091643e-06 1.640336134453764e-06 4.440176070428198 4.4096678671467113e-07 4.4096678671467113e-07 4.4096678671467116e-08
0.08612244897959433 1.4985994397759106e-07 3.3195678271307665e-06 9.610244097639391 8.661904761904765e-08 8.661904761904765e-08 8.661904761904765e-09
0.11363745498199655 5.345978391356579e-06 3.7690276110443135e-06 6.741096438575594 1.751160464185675e-07 1.751160464185675e-07 1.751160464185675e-08
0.11140456182473354 6.484593837535012e-07 7.866746698679531e-07 10.462585034013992 3.2153181272508403e-07 3.2153181272508403e-07 3.2153181272508404e-08
0.032533013205282145 8.049099639856e-06 6.150060024009617e-07 10.306522609043995 2.146878751500601e-07 2.146878751500601e-07 2.146878751500601e-08
0.033253301320528277 6.090316126450623e-06 5.073229291716671e-07 11.939175670268583 6.942264905962052e-07 6.942264905962052e-07 6.942264905962053e-08
0.1458343337334946 4.533973589435804e-06 5.29171668667466e-07 10.07042817126887 3.805298119247596e-07 3.805298119247596e-07 3.8052981192475956e-08
0.13409363745498493 2.1513805522209e-06 1.957142857142827e-06 8.72589035614274 2.8915486194477427e-07 2.8915486194477427e-07 2.891548619447743e-08
0.14432172869147802 3.543897559023632e-06 1.7027611044417567e-06 6.212885154061757 1.8231092436974797e-07 1.8231092436974797e-07 1.8231092436974797e-08
0.08554621848739742 6.492757102841182e-06 4.074429771908744e-07 11.88715486194525 3.8772468987593953e-07 3.8772468987593953e-07 3.877246898759395e-08
0.07099639855942556 7.824729891956838e-06 3.62857142857133e-06 13.195678271309074 5.157935174069426e-07 5.157935174069426e-07 5.157935174069426e-08
0.16420168067226742 6.556862745098085e-06 3.2836734693876707e-06 6.569027611044572 2.3159583833533423e-07 2.3159583833533423e-07 2.3159583833533422e-08
0.1866746698679424 3.714845938375374e-06 3.136974789915888e-06 12.943577430972924 3.0534333733492915e-07 3.0534333733492915e-07 3.0534333733492916e-08
0.11349339735894733 4.405762304921998e-06 2.024249699879919e-06 5.956782713085351 1.2187394957983198e-07 1.2187394957983198e-07 1.2187394957983197e-08
0.04607442977190942 4.810724289715871e-07 3.1151260504200905e-06 5.404561824729976 4.1146778711483335e-07 4.1146778711483335e-07 4.1146778711483337e-08
0.11788715486194873 6.734933973589483e-06 3.519327731092343e-06 10.690676270508604 3.1613565426169907e-07 3.1613565426169907e-07 3.161356542616991e-08
0.05046818727491082 2.7069627851140615e-06 3.7003601440575216e-06 7.41336534613866 7.053785514205341e-07 7.053785514205341e-07 7.053785514205342e-08
0.16254501800720164 5.879151660664259e-07 1.233013205282112e-06 6.044817927170991 8.863297318927098e-07 8.863297318927098e-07 8.863297318927097e-08
0.02914765906362543 3.1378951580632446e-06 3.467827130852249e-06 7.881552621048652 1.0676470588235298e-07 1.0676470588235298e-07 1.0676470588235298e-08
0.026554621848739482 8.145258103241354e-06 2.6230492196878654e-07 8.853941576630943 7.449503801520238e-07 7.449503801520238e-07 7.449503801520239e-08
0.05839135654261827 6.019087635054063e-06 3.466266506602549e-06 9.990396158463744 4.183029211684543e-07 4.183029211684543e-07 4.183029211684543e-08
0.06120048019207818 3.6792316926770945e-06 3.976590636254389e-06 4.156062424969997 8.478371348538971e-07 8.478371348538971e-07 8.478371348538971e-08
0.1864585834333686 4.615886354541847e-06 3.79867947178861e-06 7.673469387755322 3.362813125250029e-07 3.362813125250029e-07 3.362813125250029e-08
0.12127250900360555 5.08243297318931e-06 3.855942376950762e-07 4.388155262104865 8.021496598639044e-07 8.021496598639044e-07 8.021496598639045e-08
0.12516206482593462 2.130012004801932e-06 1.9945978391356225e-06 7.973589435774548 6.093269307722819e-07 6.093269307722819e-07 6.093269307722818e-08
0.1875390156062376 8.704401760704344e-06 5.463385354141651e-07 8.393757503001464 6.086074429771639e-07 6.086074429771639e-07 6.086074429771639e-08
0.07618247298919771 5.77230892356942e-07 3.4116446578630556e-06 12.907563025210617 8.111432573028793e-07 8.111432573028793e-07 8.111432573028794e-08
0.1375510204081657 7.917326930772365e-06 1.4062424969987916e-06 11.539015606242948 3.772921168467286e-07 3.772921168467286e-07 3.772921168467286e-08
0.1752941176470557 6.207843137254945e-06 9.224489795918463e-07 12.415366146459087 3.0318487394957517e-07 3.0318487394957517e-07 3.0318487394957514e-08
0.08835534213685733 4.76902761104445e-06 3.2165666266505786e-06 4.8723489395758826 7.820040016006006e-07 7.820040016006006e-07 7.820040016006005e-08
0.06919567827131023 2.589435774309739e-06 3.341416566626564e-06 6.841136454582003 1.3842216886754707e-07 1.3842216886754707e-07 1.3842216886754708e-08
0.1171668667467026 2.9028411364545993e-06 2.067947178871514e-06 4.236094437775124 1.6648219287715093e-07 1.6648219287715093e-07 1.6648219287715094e-08
0.1755822328931541 1.107883153261308e-06 2.676590636254442e-06 5.260504201680748 8.471176470587791e-07 8.471176470587791e-07 8.471176470587791e-08
0.028355342136854724 4.9577831132453315e-06 3.587995198079135e-06 13.283713485394713 7.830832332932776e-07 7.830832332932776e-07 7.830832332932776e-08
0.10960384153661822 8.804121648659527e-06 2.2328931572628982e-07 5.792717086834841 1.6504321728691483e-07 1.6504321728691483e-07 1.6504321728691483e-08
0.11853541416567025 2.745098039215684e-07 2.9387755102040113e-06 13.727891156463167 8.445994397758661e-07 8.445994397758661e-07 8.445994397758661e-08
0.05709483793517523 4.323849539815955e-06 2.4955582232892635e-06 7.857543017207114 1.5892757102841143e-07 1.5892757102841143e-07 1.5892757102841143e-08
0.15073229291716736 2.5573829531812872e-06 1.7807923169267475e-06 7.6454581832735276 4.438447378951431e-07 4.438447378951431e-07 4.438447378951431e-08
0.02950780312124848 1.7418167266906847e-06 9.505402160864449e-07 7.889555822329164 4.154249699879823e-07 4.154249699879823e-07 4.154249699879823e-08
0.1045618247298953 6.211404561824773e-06 1.5310924369747769e-06 6.59303721488611 1.9706042416966795e-07 1.9706042416966795e-07 1.9706042416966796e-08
0.10484993997599375 3.7647058823529655e-06 1.16434573829532e-06 9.150060024009912 1.887863145258104e-07 1.887863145258104e-07 1.887863145258104e-08
0.041176470588235724 8.294837935174129e-06 3.0132052821128327e-07 9.146058423369656 5.251468587434765e-07 5.251468587434765e-07 5.251468587434765e-08
0.1177430972388995 1.45334133653462e-06 1.327731092436974e-07 12.21528611444627 7.258903561424572e-08 7.258903561424572e-08 7.2589035614245725e-09
0.1454741896758716 6.289755902360988e-06 4.573829531812702e-07 5.604641856742793 3.26927971188469e-07 3.26927971188469e-07 3.26927971188469e-08
0.13949579831932987 5.76266506602645e-06 3.995318127250787e-06 6.573029211684828 8.852505002000328e-07 8.852505002000328e-07 8.852505002000328e-08
0.023241296518607436 6.769507803121249e-07 2.815486194477726e-06 4.724289715886398 8.971220488194797e-07 8.971220488194797e-07 8.971220488194796e-08
0.13006002400960737 3.554581832733116e-06 1.623169267707066e-06 7.701480592237116 4.2657703081231124e-07 4.2657703081231124e-07 4.2657703081231127e-08
0.03318127250900366 7.5530212084834e-07 1.462424969987985e-06 8.93397358943607 4.179431772708953e-07 4.179431772708953e-07 4.179431772708953e-08
0.06436974789916115 4.459183673469417e-06 8.100840336134519e-07 11.775110044018072 6.298323329331447e-07 6.298323329331447e-07 6.298323329331447e-08
0.1260264105642298 6.421528611444623e-06 3.263385354141573e-06 10.138455382153229 3.4347619047618286e-07 3.4347619047618286e-07 3.4347619047618285e-08
0.07711884753901768 1.1577430972388994e-06 2.2333733493396944e-06 12.775510204082158 4.686670668267139e-07 4.686670668267139e-07 4.686670668267139e-08
0.11385354141657039 6.567547018807569e-06 3.186914765906282e-06 11.078831532613469 2.449063625450176e-07 2.449063625450176e-07 2.449063625450176e-08
0.10182472989196 5.025450180072063e-06 1.3422569027610991e-06 7.601440576230708 7.697727090835947e-07 7.697727090835947e-07 7.697727090835947e-08
0.1876110444177622 5.552541016406601e-06 3.705042016806621e-06 9.75430172068862 6.560936374549515e-07 6.560936374549515e-07 6.560936374549515e-08
0.1859543817526964 8.55482192877157e-06 7.226890756302563e-07 8.789915966386841 5.586030412164632e-07 5.586030412164632e-07 5.586030412164632e-08
0.057887154861945976 6.435774309723935e-06 1.2439375750300107e-06 10.866746698679883 1.7194877951180472e-09 1.7194877951180472e-09 1.7194877951180473e-10
0.020576230492196878 3.4156862745098255e-06 8.787515006002485e-07 13.223689475790868 7.557426970787938e-07 7.557426970787938e-07 7.557426970787938e-08
0.10578631452581372 7.119567827130903e-06 3.942256902760993e-06 8.881952781112737 3.387995198079159e-07 3.387995198079159e-07 3.387995198079159e-08
0.14172869147659245 6.959303721488645e-06 1.3484993997598984e-06 7.169267707083023 5.085986394557626e-07 5.085986394557626e-07 5.0859863945576264e-08
0.04333733493397412 8.016006402561035e-07 1.0925570228091285e-06 13.803921568628038 7.186954781912768e-08 7.186954781912768e-08 7.1869547819127676e-09
0.024033613445378143 4.846338535414151e-07 1.1877551020408173e-06 9.718287314926313 8.370448179271272e-07 8.370448179271272e-07 8.370448179271272e-08
0.15303721488595454 3.9915966386554515e-07 4.917166866746678e-07 13.639855942377528 5.805474189675621e-07 5.805474189675621e-07 5.805474189675621e-08
0.0969267707082863 2.65710284113647e-06 1.3531812725089978e-06 6.917166866746873 2.8016126450579934e-07 2.8016126450579934e-07 2.8016126450579935e-08
0.11478991596639036 1.4355342136854802e-06 1.5529411764705743e-06 9.522208883553752 3.405982392957109e-07 3.405982392957109e-07 3.405982392957109e-08
0.19013205282112317 8.266346538615505e-06 3.7362545018006174e-06 9.914365746298873 7.676142456982407e-07 7.676142456982407e-07 7.676142456982406e-08
0.13863145258103468 3.949899959984019e-06 2.314525810324085e-06 8.033613445378393 9.021648659463789e-08 9.021648659463789e-08 9.02164865946379e-09
0.02677070828331331 7.123129251700731e-06 2.1147659063625083e-06 4.856342537014857 1.175570228091237e-07 1.175570228091237e-07 1.175570228091237e-08
0.041464585834334176 5.645138055222128e-06 1.707442977190856e-06 9.794317727091183 2.7944177671068135e-07 2.7944177671068135e-07 2.7944177671068135e-08
0.0222328931572629 2.6001200480192228e-06 2.81032412965185e-07 8.569827931172743 8.168991596638233e-07 8.168991596638233e-07 8.168991596638233e-08
0.12933973589436137 2.84941976790718e-06 1.861944777911138e-06 12.659463785514724 1.0892316926770713e-07 1.0892316926770713e-07 1.0892316926770712e-08
0.09224489795918644 6.350300120048064e-06 5.182472989195665e-07 9.038015206082735 2.0792316926770707e-09 2.0792316926770707e-09 2.0792316926770708e-10
0.0695558223289333 3.009683873549438e-06 1.0176470588235373e-06 6.933173269307899 5.88821528611419e-07 5.88821528611419e-07 5.88821528611419e-08
0.16124849939975885 5.004081632653095e-06 3.5282112845137896e-07 9.094037615046323 5.323417366946564e-07 5.323417366946564e-07 5.323417366946564e-08
0.05133253301320618 8.312645058023268e-06 2.3582232893156797e-06 7.301320528211482 7.399139655861979e-07 7.399139655861979e-07 7.399139655861979e-08
0.049171668667467784 4.893677470988428e-06 1.8416566626650403e-06 5.864745898359455 3.531892757102758e-07 3.531892757102758e-07 3.531892757102758e-08
0.19805522208882909 1.4034813925570286e-06 3.808043217286809e-06 10.190476190476561 3.9851700680270945e-07 3.9851700680270945e-07 3.985170068027094e-08
0.08079231692677295 4.05318127250903e-06 7.804321728691534e-07 10.774709883953987 5.150740296118246e-07 5.150740296118246e-07 5.150740296118246e-08
0.028427370948379334 5.264065626250536e-06 9.271308523409461e-07 10.686674669868347 6.596910764305415e-07 6.596910764305415e-07 6.596910764305414e-08
0.11486194477791498 3.7540216086434816e-06 3.756542617046715e-06 7.569427771108657 1.2547138855542222e-07 1.2547138855542222e-07 1.2547138855542221e-08
0.14187274909964165 8.906362545018024e-07 2.8435774309723225e-06 13.739895958383936 2.3051660664265716e-07 2.3051660664265716e-07 2.3051660664265714e-08
0.111692677070832 2.219047619047631e-06 1.5779111644657714e-06 13.031612645058564 8.985674269707887e-08 8.985674269707887e-08 8.985674269707887e-09
0.16852340936374338 4.34877951180475e-06 1.649699879951963e-06 8.829931972789405 2.4202841136454563e-07 2.4202841136454563e-07 2.4202841136454563e-08
0.13985594237695287 5.242697078831568e-06 3.4896758703480464e-06 12.49939975990447 7.730104041616256e-07 7.730104041616256e-07 7.730104041616256e-08
0.09339735894358026 4.854501800720321e-06 2.5533013205281567e-06 8.925970388155557 1.0820368147258908e-07 1.0820368147258908e-07 1.0820368147258908e-08
0.18271308523408944 5.769787915166106e-06 1.922809123649431e-06 7.629451780712502 3.528295318127168e-07 3.528295318127168e-07 3.528295318127168e-08
0.050756302521009274 6.663705482192924e-06 3.3944777911163576e-06 11.106842737095263 8.755374149659399e-07 8.755374149659399e-07 8.755374149659398e-08
0.1967587034813863 1.0687074829932004e-06 4.5894357743097006e-07 4.992396958783573 6.744405762304604e-07 6.744405762304604e-07 6.744405762304604e-08
0.11731092436975182 2.8519407763105214e-07 2.8030012004801273e-06 5.500600240096128 3.7117647058822566e-07 3.7117647058822566e-07 3.7117647058822566e-08
0.1879711884753852 8.462224889956043e-06 5.900360144057629e-07 7.897559023609677 3.625426170468097e-07 3.625426170468097e-07 3.625426170468097e-08
0.02230492196878751 6.987795118047268e-06 2.322328931572584e-06 6.000800320128171 5.416950780311904e-07 5.416950780311904e-07 5.416950780311904e-08
0.1133493397358981 2.397118847539029e-06 3.512605042016791e-07 6.436974789916112 8.999999999999517e-07 8.999999999999517e-07 8.999999999999517e-08
0.17234093637454714 2.414925970388169e-06 6.571428571428596e-07 11.703081232493458 2.0209683873549428e-07 2.0209683873549428e-07 2.0209683873549428e-08
0.048739495798320105 2.404241696678685e-06 1.2611044417767087e-06 5.768707482993303 1.1863625450180077e-07 1.1863625450180077e-07 1.1863625450180077e-08
0.13848739495798548 7.443657462985247e-06 1.6637454981992613e-06 7.061224489796102 1.4921448579431779e-07 1.4921448579431779e-07 1.492144857943178e-08
0.1578631452581027 7.732132853141311e-06 2.3176470588234845e-06 8.777911164466072 2.0461504601840745e-07 2.0461504601840745e-07 2.0461504601840744e-08
0.040960384153661884 8.504961984793978e-06 3.637935174069529e-06 5.460584233693565 1.9742016806722697e-07 1.9742016806722697e-07 1.9742016806722696e-08
0.08741896758703736 3.380072028811546e-06 3.314885954381667e-06 4.024009603841538 6.834341736694353e-07 6.834341736694353e-07 6.834341736694354e-08
0.07438175270108238 1.271708683473394e-06 3.1338535414164883e-06 5.996798719487915 2.1109043617446987e-07 2.1109043617446987e-07 2.1109043617446987e-08
0.1962545018007141 6.784793917567075e-06 2.9949579831932047e-06 6.6850740296120055 4.485214085634101e-07 4.485214085634101e-07 4.485214085634101e-08
0.11515006002401343 4.270428171268535e-06 2.022689075630219e-06 5.516606642657154 6.931472589035282e-07 6.931472589035282e-07 6.931472589035282e-08
0.12451380552221314 2.5288915566226636e-06 3.4881152460983466e-06 8.129651860744545 3.1721488595437606e-07 3.1721488595437606e-07 3.1721488595437606e-08
0.04355342136854796 4.1600240096038686e-06 2.4175270108042727e-06 12.755502200880876 8.676230492196419e-07 8.676230492196419e-07 8.676230492196419e-08
0.13351740696278813 3.27931172468987e-07 2.3691476590635784e-06 4.408163265306147 2.4743097238895567e-08 2.4743097238895567e-08 2.4743097238895566e-09
0.08770708283313582 2.4505402160864485e-06 3.0288115246098314e-07 11.903161264506275 1.0280752300920372e-07 1.0280752300920372e-07 1.0280752300920372e-08
0.11839135654262102 7.928011204481849e-06 1.9524609843937275e-06 10.206482593037586 7.561024409763528e-07 7.561024409763528e-07 7.561024409763528e-08
0.1358223289315753 2.033853541416577e-06 2.903961584633842e-07 11.763105242097303 6.406246498599146e-07 6.406246498599146e-07 6.406246498599147e-08
0.19920768307322267 2.842296918767524e-06 5.135654261704667e-07 5.644657863145357 2.4130892356942763e-07 2.4130892356942763e-07 2.4130892356942763e-08
0.1270348139255742 4.03537414965989e-06 2.643817527010746e-06 9.238095238095552 1.2439215686274515e-07 1.2439215686274515e-07 1.2439215686274515e-08
0.04593037214886019 7.725010004001655e-06 4.2304921968787307e-07 7.2813125250102 8.54312525009959e-07 8.54312525009959e-07 8.543125250099591e-08
0.19985594237694407 3.2233693477391157e-06 3.8454981992796045e-06 5.0004001600640855 5.3522609043617465e-08 5.3522609043617465e-08 5.352260904361747e-09
0.14475390156062562 4.989835934373783e-06 3.2602641056421734e-06 11.595038015206537 2.747651060424144e-07 2.747651060424144e-07 2.747651060424144e-08
0.14237695078031384 1.9056422569027709e-06 3.612965186074332e-06 7.357342937175071 7.888391356542215e-07 7.888391356542215e-07 7.888391356542215e-08
0.11039615846338896 8.316206482593096e-06 1.2174069627851138e-06 12.45538215286165 5.291040416166255e-07 5.291040416166255e-07 5.291040416166255e-08
0.05587034813925681 2.9562625050020187e-06 2.1569027611044034e-06 5.568627450980486 2.9059383753501026e-07 2.9059383753501026e-07 2.9059383753501027e-08
0.12408163265306546 2.386434573829545e-06 1.7948379351740458e-06 8.137655062025058 6.370272108843247e-07 6.370272108843247e-07 6.370272108843247e-08
0.0684753901560641 6.8916366546619135e-06 8.771908763505486e-07 11.31892757102885 3.542685074029528e-07 3.542685074029528e-07 3.542685074029528e-08
0.17975990396158087 2.2821128451380558e-07 3.3523409363744626e-06 8.297719087635311 5.395366146458364e-07 5.395366146458364e-07 5.395366146458364e-08
0.13445378151260792 5.873069227691117e-06 6.08763505402162e-07 9.84233693477426 4.830568227290738e-07 4.830568227290738e-07 4.830568227290738e-08
0.02043217286914766 3.365826330532234e-06 3.2914765906361698e-06 9.422168867547343 8.928051220487717e-07 8.928051220487717e-07 8.928051220487717e-08
0.1761584633853509 7.51740696278512e-07 2.5606242496998707e-07 4.224089635854355 8.870492196878278e-07 8.870492196878278e-07 8.870492196878278e-08
0.06040816326530744 8.348259303721548e-06 1.886914765906335e-06 5.10444177671075 8.769827931172472e-08 8.769827931172472e-08 8.769827931172472e-09
0.046002400960384805 7.0625850340136555e-06 1.6372148859543644e-06 8.837935174069917 5.337807122848924e-07 5.337807122848924e-07 5.3378071228489245e-08
0.13315726290516514 3.942777110844363e-06 8.615846338535494e-07 7.253301320528406 7.870468187274913e-08 7.870468187274913e-08 7.870468187274912e-09
0.17471788715485892 6.606722689075677e-06 1.0987995198079278e-06 9.78631452581067 8.248135254101212e-07 8.248135254101212e-07 8.248135254101212e-08
0.17284513805521934 6.517687074829978e-06 3.449099639855851e-06 9.298119247699397 3.1649539815925807e-07 3.1649539815925807e-07 3.1649539815925805e-08
0.13114045618247636 7.347498999599892e-06 5.759903961584636e-07 7.965586234494035 7.909975990395755e-07 7.909975990395755e-07 7.909975990395754e-08
0.08309723889556057 1.80236094437776e-06 2.9715486194477074e-06 7.953581432573266 7.147318927570681e-07 7.147318927570681e-07 7.147318927570681e-08
0.0832412965186098 5.8079231692677e-07 1.0675870348139315e-06 12.17126850740345 4.924101640656077e-07 4.924101640656077e-07 4.9241016406560776e-08
0.125810324129656 5.901560624249741e-06 3.4818727490995473e-06 9.194077631052732 3.409643857543018e-08 3.409643857543018e-08 3.409643857543018e-09
0.1464105642256914 2.9099639855942552e-06 3.247779111644575e-06 6.733093237295082 3.2117206882752503e-07 3.2117206882752503e-07 3.21172068827525e-08
0.10780312124850289 3.67106842737094e-07 2.372268907562978e-06 9.190076030412476 7.679739895957997e-07 7.679739895957997e-07 7.679739895957997e-08
0.18328931572628623 2.7247699079632013e-06 2.5876350540215527e-06 11.286914765906799 4.697462985193909e-07 4.697462985193909e-07 4.6974629851939094e-08
0.05551020408163374 4.387955182072858e-06 2.0460984393757164e-06 13.723889555822911 2.7872228891556335e-07 2.7872228891556335e-07 2.7872228891556334e-08
0.15210084033613475 8.423049219687935e-06 1.5404561824729758e-06 9.494197679071958 3.632621048419277e-07 3.632621048419277e-07 3.632621048419277e-08
0.1768067226890723 7.343937575030064e-06 3.7799519807922122e-06 13.863945578231883 1.6072629051620655e-07 1.6072629051620655e-07 1.6072629051620655e-08
0.1759423769507771 8.870748299319745e-07 1.8198079231692429e-06 9.626250500200417 2.848379351740663e-07 2.848379351740663e-07 2.848379351740663e-08
0.03404561824729902 8.83261304521815e-06 7.960384153661526e-07 8.093637454982238 2.265594237695079e-07 2.265594237695079e-07 2.265594237695079e-08
0.10701080432173214 8.230732292917225e-06 2.909123649459715e-06 6.116846738695605 7.762545018007206e-08 7.762545018007206e-08 7.762545018007206e-09
0.09505402160864636 5.380552220888345e-07 4.058823529411745e-07 9.222088835534526 1.9670068027210892e-07 1.9670068027210892e-07 1.9670068027210892e-08
0.19855942376950128 3.461984793917589e-06 2.492436974789864e-06 7.113245298119434 3.373605442176799e-07 3.373605442176799e-07 3.373605442176799e-08
0.07553421368547619 8.843297318927634e-06 3.9048019207681975e-06 4.460184073629479 5.2443377350940394e-08 5.2443377350940394e-08 5.24433773509404e-09
0.09217286914766183 6.503441376550666e-06 2.798319327731028e-06 7.3053221288517385 1.2007523009203686e-07 1.2007523009203686e-07 1.2007523009203686e-08
0.14000000000000207 8.700840336134516e-06 6.025210084033623e-07 9.102040816326836 7.629375750299737e-07 7.629375750299737e-07 7.629375750299737e-08
0.09620648259304017 1.2432172869147704e-06 1.801080432172845e-06 9.354141656662986 4.1218727490995135e-07 4.1218727490995135e-07 4.121872749099514e-08
0.18055222088835146 8.490716286514666e-06 2.3332533013204826e-06 9.90636254501836 2.729663865546194e-07 2.729663865546194e-07 2.729663865546194e-08
0.1861704681872702 6.528371348539462e-06 2.6235294117646484e-06 8.377751100440438 2.7656382553020937e-07 2.7656382553020937e-07 2.7656382553020938e-08
0.04290516206482644 7.22997198879557e-06 2.965306122448908e-06 6.3929571828732925 5.85224089635829e-07 5.85224089635829e-07 5.8522408963582905e-08
0.1559183673469385 3.6115646258503632e-06 3.076110444177595e-06 8.389755902361207 3.1901360544217105e-07 3.1901360544217105e-07 3.1901360544217105e-08
0.17226890756302254 1.2467787114845984e-06 1.3219687875150015e-06 10.146458583433741 5.98174869947953e-07 5.98174869947953e-07 5.981748699479529e-08
0.10470588235294452 6.314685874349784e-06 9.833133253301414e-07 7.565426170468401 3.808895558223186e-07 3.808895558223186e-07 3.808895558223186e-08
0.12314525810324549 5.417206882753138e-06 1.8338535414165412e-06 5.672669067627151 7.859611844737495e-07 7.859611844737495e-07 7.859611844737496e-08
0.025762304921968775 2.83161264505804e-06 2.160024009603803e-06 6.112845138055349 4.6291116446576997e-07 4.6291116446576997e-07 4.6291116446576997e-08
0.17018007202880917 5.089555822328966e-06 1.7651860744297493e-06 9.970388155262462 5.87742296918742e-07 5.87742296918742e-07 5.8774229691874204e-08
0.021224489795918365 2.667787114845954e-06 1.445258103241287e-06 11.282913165266542 6.291128451380267e-07 6.291128451380267e-07 6.291128451380267e-08
0.15361344537815133 2.742577030812341e-06 5.416566626650653e-07 10.39855942376989 2.4022969187675064e-07 2.4022969187675064e-07 2.4022969187675065e-08
0.05752701080432291 1.1780712284913966e-07 1.2642256902761083e-06 7.737494997999423 6.488987595037716e-07 6.488987595037716e-07 6.488987595037715e-08
0.08619447779111894 4.42000800320131e-06 3.1073229291715914e-06 9.446178471388881 7.661752701080047e-07 7.661752701080047e-07 7.661752701080047e-08
0.18314525810323704 6.118807523009246e-06 3.895438175269999e-06 12.419367747099344 3.409579831932699e-07 3.409579831932699e-07 3.4095798319326986e-08
0.06768307322929336 7.789115646258558e-06 7.148859543817567e-07 9.974389755902719 5.701148459383512e-07 5.701148459383512e-07 5.7011484593835115e-08
0.1369747899159689 6.254141656662709e-06 2.4346938775509707e-06 6.284913965586371 1.0928291316526615e-07 1.0928291316526615e-07 1.0928291316526614e-08
0.18955582232892637 6.962865146058473e-06 2.94813925570221e-06 8.273709483793773 7.974729891956374e-07 7.974729891956374e-07 7.974729891956374e-08
0.10441776710684607 3.294597839135675e-06 1.8151260504201434e-06 6.605042016806879 1.3231292517006807e-08 1.3231292517006807e-08 1.3231292517006808e-09
0.10139255702281232 5.356662665066063e-06 2.9294117647058124e-06 7.74149659863968 2.830392156862713e-07 2.830392156862713e-07 2.8303921568627132e-08
0.19006002400959857 7.03765506202486e-06 3.7877551020407113e-06 11.547018807523461 2.7621048419367758e-08 2.7621048419367758e-08 2.762104841936776e-09
0.10643457382953524 4.19207683073232e-06 2.69375750300114e-06 13.295718287315482 6.330700280111757e-07 6.330700280111757e-07 6.330700280111757e-08
0.02907563025210082 7.054421768707485e-07 3.3273709483792655e-06 8.525810324129923 2.798079231692678e-08 2.798079231692678e-08 2.7980792316926783e-09
0.17990396158463007 5.499119647859181e-06 3.790876350540111e-06 6.617046818727648 8.309291716686242e-07 8.309291716686242e-07 8.309291716686243e-08
0.19978391356541947 1.3073229291716737e-06 3.543817527010788e-07 7.705482192877373 7.571816726690298e-07 7.571816726690298e-07 7.571816726690298e-08
0.020648259303721488 5.0468187274910305e-06 2.86542617046812e-06 4.412164865946403 2.877158863545383e-07 2.877158863545383e-07 2.8771588635453827e-08
0.18941176470587717 6.805122048819528e-07 1.4078031212484914e-06 4.74429771908768 7.438711484593469e-07 7.438711484593469e-07 7.438711484593468e-08
0.16845138055221878 1.3180072028811576e-06 1.5076830732292796e-06 5.464585834333821 5.154337735093836e-07 5.154337735093836e-07 5.1543377350938354e-08
0.030948379351740673 1.3037615046018457e-06 2.9044417767106153e-06 8.545818327331205 2.190048019207684e-07 2.190048019207684e-07 2.190048019207684e-08
0.10225690276110767 8.668787515006064e-06 2.7062424969987387e-06 10.178471388555792 7.809247699079236e-07 7.809247699079236e-07 7.809247699079236e-08
0.19114045618246756 6.852460984393806e-06 2.3238895558222837e-06 7.837535014005832 8.866894757902688e-07 8.866894757902688e-07 8.866894757902688e-08
0.0388715486194481 7.165866346538666e-06 1.9836734693877238e-06 4.44817927170871 7.363165266106079e-07 7.363165266106079e-07 7.363165266106079e-08
0.04636254501800787 1.111444577831136e-06 3.839255702280805e-06 12.931572629052155 4.848555422168688e-07 4.848555422168688e-07 4.848555422168688e-08
0.07330132052821318 6.157983193277354e-06 8.662665066026491e-07 5.004401760704342 6.632885154061315e-07 6.632885154061315e-07 6.632885154061314e-08
0.1876830732292868 1.2396558623449425e-06 3.4813925570227935e-07 4.316126450580251 8.884881952780638e-07 8.884881952780638e-07 8.884881952780638e-08
0.1661464585834316 8.925210084033677e-06 4.4021608643457163e-07 6.032813125250222 5.693953581432332e-07 5.693953581432332e-07 5.6939535814323314e-08
0.14439375750300262 3.3230892356942985e-06 2.7405762304921346e-06 4.176070428171279 2.143281312525011e-07 2.143281312525011e-07 2.1432813125250107e-08
0.11406962785114423 1.955502200880362e-06 2.6079231692676503e-06 8.449779911965052 7.784065626250106e-07 7.784065626250106e-07 7.784065626250105e-08
0.07430972388955777 4.92573029211688e-06 3.2259303721487775e-06 13.435774309724454 7.981924769907554e-07 7.981924769907554e-07 7.981924769907554e-08
0.1966146458583371 5.563225290116085e-06 3.6519807923168273e-06 13.011604641857282 8.56830732292872e-07 8.56830732292872e-07 8.56830732292872e-08
0.13078031212485336 2.7853141256502766e-06 2.4253301320527718e-06 5.1404561824730575 8.881284513805048e-07 8.881284513805048e-07 8.881284513805047e-08
0.03541416566626667 4.24549819927974e-06 3.6753901560623245e-06 5.96878751500612 3.121784713885501e-07 3.121784713885501e-07 3.121784713885501e-08
0.04319327731092489 5.249819927971224e-06 3.058943577430897e-06 5.4445778311325395 4.082300920368024e-07 4.082300920368024e-07 4.0823009203680236e-08
0.13157262905162395 8.761384553821591e-06 2.3098439375749854e-06 8.669867947179151 8.280512204881522e-07 8.280512204881522e-07 8.280512204881522e-08
0.16348139255702143 8.041976790716344e-06 1.4811524609843828e-06 12.031212484994478 5.175922368947376e-07 5.175922368947376e-07 5.175922368947376e-08
0.07575030012005003 6.588915566226537e-06 2.09243697478991e-07 4.972388955582291 1.5065346138455388e-07 1.5065346138455388e-07 1.5065346138455388e-08
0.11147659063625816 4.352340936374578e-06 1.3641056422568965e-06 11.875150060024481 6.046502601040149e-07 6.046502601040149e-07 6.046502601040149e-08
0.0465066026410571 6.923689475790365e-06 3.001200480192004e-06 9.25010004001632 4.866542617046638e-07 4.866542617046638e-07 4.8665426170466376e-08
0.059903961584635144 2.6072428971588787e-06 3.990636254501687e-06 6.308923569427909 3.107394957983141e-07 3.107394957983141e-07 3.107394957983141e-08
0.11587034813925956 3.4228091236494814e-06 2.8779111644657185e-06 9.33813525410196 6.057294917966919e-07 6.057294917966919e-07 6.057294917966918e-08
0.0980072028811555 5.4777511004402136e-06 3.945378151260393e-06 7.1412565026012285 5.791084433773261e-07 5.791084433773261e-07 5.791084433773261e-08
0.03714285714285739 6.172228891556666e-06 7.773109243697536e-07 8.085634253701725 3.9599879951979647e-07 3.9599879951979647e-07 3.959987995197965e-08
0.029723889555822308 4.683553421368579e-06 1.131572629051624e-06 8.805922368947867 1.265506202480993e-07 1.265506202480993e-07 1.2655062024809929e-08
0.16499399759903802 3.5937575030012234e-06 1.3968787515005927e-06 6.46098439375765 4.873737494997818e-07 4.873737494997818e-07 4.873737494997818e-08
0.050324129651861595 7.766706682673077e-07 3.3024009603840685e-06 8.065626250500443 1.9274349739895966e-07 1.9274349739895966e-07 1.9274349739895965e-08
0.1266746698679512 3.1557022809123844e-06 1.5545018007202741e-06 13.871948779512396 5.773097238895311e-07 5.773097238895311e-07 5.773097238895311e-08
0.185666266506598 3.52965186074432e-06 1.4390156062424877e-06 9.08603441376581 3.4239695878350587e-07 3.4239695878350587e-07 3.423969587835059e-08
0.19106842737094296 7.532693077230946e-06 7.929171668667528e-07 9.878351340536566 7.114941976790371e-07 7.114941976790371e-07 7.114941976790371e-08
0.049891956782713916 2.2475390156062548e-06 3.5926770708282343e-06 6.5330132052822645 6.755262104841939e-08 6.755262104841939e-08 6.755262104841939e-09
0.06177671068427509 7.52557022809129e-06 2.9980792316926043e-06 5.548619447779204 1.3482472989195684e-07 1.3482472989195684e-07 1.3482472989195684e-08
0.05889555822329056 7.618167266906817e-06 1.7714285714285486e-06 13.61584633853599 6.024917967186609e-07 6.024917967186609e-07 6.02491796718661e-08
0.12120048019208093 4.548219287715116e-06 3.2430972388954755e-06 7.649459783913784 6.467402961184176e-07 6.467402961184176e-07 6.467402961184176e-08
0.023745498199279704 2.3472589035614376e-06 3.6004801920767334e-06 5.696678671468689 4.316134453781372e-07 4.316134453781372e-07 4.316134453781372e-08
0.1979831932773045 7.710764305722343e-06 7.570228091236546e-07 4.572228891556657 5.341404561824514e-07 5.341404561824514e-07 5.341404561824514e-08
0.16333733493397223 5.424329731892794e-06 1.632533013205265e-06 5.368547418967669 4.175834333733363e-07 4.175834333733363e-07 4.175834333733363e-08
0.05644657863145371 2.2546618647459107e-06 3.4615846338534497e-06 10.802721088435781 3.503113245298038e-07 3.503113245298038e-07 3.503113245298038e-08
0.1955342136854681 6.98423369347744e-06 3.5084033613444442e-06 9.982392957183231 8.55751500600195e-07 8.55751500600195e-07 8.55751500600195e-08
0.10506602641056759 9.476190476190498e-07 2.119447779111608e-06 7.57743097238917 5.388171268507184e-07 5.388171268507184e-07 5.388171268507184e-08
0.08921968787515269 6.222088835534257e-06 2.52521008403356e-06 7.377350940376353 4.5067987194876406e-07 4.5067987194876406e-07 4.50679871948764e-08
0.1013205282112877 7.365306122449032e-06 1.1440576230492225e-06 10.426570628251685 6.143697478991599e-08 6.143697478991599e-08 6.143697478991599e-09
0.06559423769507958 8.618927571028473e-06 2.8513805522208216e-06 6.829131652661234 7.107747098839191e-07 7.107747098839191e-07 7.107747098839191e-08
0.14396158463385503 7.529131652661118e-06 2.69531812725084e-06 13.027611044418308 7.607791116446197e-07 7.607791116446197e-07 7.607791116446198e-08
0.03354141656662673 2.489715886354556e-06 3.5411764705881404e-06 9.178071228491707 4.996050420167877e-07 4.996050420167877e-07 4.996050420167877e-08
0.1554141656662663 5.06462585034017e-06 3.238415366146376e-06 8.613845538215562 6.812757102840813e-07 6.812757102840813e-07 6.812757102840813e-08
0.08633853541416817 4.7832733093237615e-06 1.309483793517403e-06 4.9883953581433165 8.244537815125622e-07 8.244537815125622e-07 8.244537815125622e-08
0.06444177671068577 1.8344137655062117e-06 1.012965186074438e-06 12.315326130452679 5.91339735894332e-07 5.91339735894332e-07 5.91339735894332e-08
0.09174069627851415 8.626050420168129e-06 1.6949579831932576e-06 10.546618647459375 4.1290676270506934e-07 4.1290676270506934e-07 4.129067627050693e-08
0.07452581032413161 8.451540616246559e-06 1.3328931572629002e-06 8.409763905562489 5.568043217286683e-07 5.568043217286683e-07 5.568043217286682e-08
0.07488595438175467 1.8166066426570719e-06 1.9446578631452284e-06 9.734293717487338 8.381240496198041e-07 8.381240496198041e-07 8.381240496198042e-08
0.06746698679471952 3.191316526610664e-06 1.6902761104441581e-06 8.017607042817367 5.97815126050394e-07 5.97815126050394e-07 5.97815126050394e-08
0.026482593037214872 7.903081232493053e-06 1.8650660264105375e-06 12.427370948379856 4.891724689875768e-07 4.891724689875768e-07 4.8917246898757675e-08
0.058751500600241334 7.873549419767916e-07 2.458103241296468e-06 10.646658663465784 5.345002000800104e-07 5.345002000800104e-07 5.3450020008001045e-08
0.16103241296518506 1.6848339335734374e-06 2.263025210083991e-06 12.571428571429085 4.816178471388378e-07 4.816178471388378e-07 4.8161784713883784e-08
0.13150060024009935 8.358943577431032e-06 2.3160864345737846e-06 6.26490596238509 2.0281632653061233e-07 2.0281632653061233e-07 2.0281632653061232e-08
0.1672989195678252 1.9839935974389858e-06 3.171308523409284e-06 8.709883953581715 6.672456982792804e-07 6.672456982792804e-07 6.672456982792805e-08
0.05882352941176595 8.611804721888817e-06 2.9434573829531107e-06 10.386554621849122 4.7550220088033487e-07 4.7550220088033487e-07 4.755022008803349e-08
0.1366866746698705 5.107362945178106e-06 2.0632653061224144e-06 4.048019207683076 6.881108443377023e-07 6.881108443377023e-07 6.881108443377022e-08
0.14821128451380639 4.630132052821159e-06 2.8076830732292267e-06 10.778711484594243 1.1216086434573834e-07 1.1216086434573834e-07 1.1216086434573834e-08
0.06228091236494738 2.4612244897959323e-06 2.720288115246037e-06 7.32533013205302 7.866806722688675e-07 7.866806722688675e-07 7.866806722688675e-08
0.14525810324129781 1.8450980392156956e-06 2.345738295318081e-06 12.327330932373448 6.899095638254973e-07 6.899095638254973e-07 6.899095638254972e-08
0.1775270108043183 3.454861944777933e-06 2.2427370948378933e-06 10.482593037215274 4.826970788315148e-07 4.826970788315148e-07 4.826970788315148e-08
0.05702280912365062 6.2790716286515044e-06 3.2789915966385712e-06 8.38575430172095 7.330788315325769e-07 7.330788315325769e-07 7.330788315325769e-08
0.054717887154863 3.088035214085653e-06 2.660984393757444e-06 4.632252901160502 2.3663865546218496e-08 2.3663865546218496e-08 2.3663865546218496e-09
0.14021608643457587 5.944297719087676e-06 3.257142857142774e-06 7.265306122449175 3.819687875149956e-07 3.819687875149956e-07 3.819687875149956e-08
0.0996638655462216 2.2012404961984913e-06 8.88115246098448e-07 13.795918367347525 3.391592637054749e-07 3.391592637054749e-07 3.391592637054749e-08
0.11896758703481793 5.719927971188515e-06 2.3956782713084753e-06 11.659063625450639 5.107571028411166e-07 5.107571028411166e-07 5.107571028411166e-08
0.1771668667466953 7.603921568627505e-06 3.442857142857052e-06 12.371348539416267 7.568219287714708e-07 7.568219287714708e-07 7.568219287714707e-08
0.13978391356542827 1.213685474189676e-07 5.728691476590638e-07 13.775910364146243 7.917170868346935e-07 7.917170868346935e-07 7.917170868346935e-08
0.167875150060022 3.3302120848339544e-06 2.6375750300119468e-06 7.309323729491995 9.921008403361348e-08 9.921008403361348e-08 9.921008403361349e-09
0.17147659063625195 4.754781912765138e-06 1.487394957983182e-06 9.730292116847082 6.819951980791993e-07 6.819951980791993e-07 6.819951980791993e-08
0.15519807923169252 2.9064025610244273e-06 2.261464585834291e-06 7.6334533813527585 3.0354461784713416e-07 3.0354461784713416e-07 3.035446178471342e-08
0.17349339735894073 1.4711484593837598e-06 2.0975990396158104e-06 5.272509003601517 5.823461384553571e-07 5.823461384553571e-07 5.823461384553571e-08
0.0838175270108067 7.74993997599045e-06 3.294117647058809e-07 5.108443377351007 8.805802320928375e-08 8.805802320928375e-08 8.805802320928375e-09
0.09642256902761401 4.5614245698279165e-07 3.536494597839041e-06 11.130852340936801 5.715538215285871e-07 5.715538215285871e-07 5.7155382152858716e-08
0.07258103241296705 5.502681072429009e-06 1.2969987995198044e-06 9.018007202881453 3.8376750700279056e-07 3.8376750700279056e-07 3.8376750700279056e-08
0.05414165666266609 1.1399359743897596e-06 8.303721488595509e-07 9.886354541817079 6.269543817526727e-07 6.269543817526727e-07 6.269543817526727e-08
0.05680672268907678 6.5354941976791175e-06 3.5567827130851385e-06 12.319327731092935 1.6324449779911971e-07 1.6324449779911971e-07 1.632444977991197e-08
0.08936374549820192 2.9705082032813305e-06 3.246218487394875e-06 8.125650260104289 1.9813965586234502e-07 1.9813965586234502e-07 1.98139655862345e-08
0.19884753901559968 7.54337735094043e-06 2.364465786314479e-06 11.294917967187311 1.718847539015607e-08 1.718847539015607e-08 1.7188475390156068e-09
0.03224489795918369 7.3332533013205804e-06 3.194717887154781e-06 11.310924369748337 3.0246538615445717e-07 3.0246538615445717e-07 3.024653861544572e-08
0.12062424969988403 8.736454581832796e-06 3.7752701080431128e-06 9.362144857943498 8.431604641856301e-07 8.431604641856301e-07 8.4316046418563e-08
0.19330132052820553 9.832332933173294e-07 2.227130852340895e-06 11.178871548619878 5.398963585433954e-07 5.398963585433954e-07 5.398963585433954e-08
0.045066026410564834 8.455102040816387e-06 1.2392557022809112e-06 4.53621448579435 2.114501800720289e-07 2.114501800720289e-07 2.114501800720289e-08
0.13214885954382075 6.044017607042859e-06 3.5583433373348383e-06 4.184073629451792 5.348599439775694e-07 5.348599439775694e-07 5.348599439775694e-08
0.15937575030011927 4.929291716686708e-06 3.957863145257991e-06 5.692677070828433 6.837939175669943e-07 6.837939175669943e-07 6.837939175669943e-08
0.05903961584633979 7.853221288515462e-06 2.5361344537814587e-06 4.308123249299738 1.873473389355743e-07 1.873473389355743e-07 1.873473389355743e-08
0.07351740696278702 7.5077631052421504e-06 1.428091236494589e-06 10.434573829532198 6.474597839135356e-07 6.474597839135356e-07 6.474597839135356e-08
0.10859543817527363 9.369347739095659e-07 3.636374549819829e-06 5.244497799119722 8.384837935173631e-07 8.384837935173631e-07 8.384837935173632e-08
0.1757983193277279 5.416166466586624e-07 1.2985594237695043e-06 5.976790716286633 8.701412565025549e-07 8.701412565025549e-07 8.701412565025549e-08
0.021800720288115243 7.408043217286968e-06 2.923169267707013e-06 7.465386154461992 6.215582232892878e-07 6.215582232892878e-07 6.215582232892877e-08
0.19834333733492748 6.3609843937575475e-06 1.028571428571436e-06 12.591436574630366 7.26243697478956e-07 7.26243697478956e-07 7.262436974789559e-08
0.10045618247299234 2.3436974789916097e-06 3.859543817526903e-06 6.897158863545592 2.2943737494998009e-07 2.2943737494998009e-07 2.294373749499801e-08
0.19366146458582853 3.718407362945202e-06 3.5302521008402416e-06 10.422569027611429 1.6792116846738702e-07 1.6792116846738702e-07 1.6792116846738702e-08
0.09152460984394031 4.491236494597869e-06 1.7885954381752465e-06 12.879551820728823 5.247871148459175e-07 5.247871148459175e-07 5.247871148459175e-08
0.07294117647059012 3.849139655862335e-07 1.1092436974789917e-07 4.90836334533819 5.042817126850547e-07 5.042817126850547e-07 5.0428171268505465e-08
0.16953181272508777 6.948619447779161e-06 1.9711884753901253e-06 5.736694677871252 2.2763865546218497e-07 2.2763865546218497e-07 2.2763865546218498e-08
0.04931572629051701 7.133813525410215e-06 2.339495798319282e-06 12.307322929172166 4.337719087634912e-07 4.337719087634912e-07 4.337719087634912e-08
0.11925570228091638 7.614605842336989e-06 8.459783913565502e-07 6.328931572629191 5.222689075630045e-07 5.222689075630045e-07 5.222689075630045e-08
0.032316926770708305 7.628851540616301e-06 3.333613445378065e-06 5.124449779912032 6.359479791916477e-07 6.359479791916477e-07 6.359479791916476e-08
0.10967587034814283 8.045538215286171e-06 5.229291716686663e-07 8.39775910364172 9.525290116046422e-08 9.525290116046422e-08 9.525290116046423e-09
0.1377671068427395 7.479271708683527e-06 2.1366146458583058e-06 4.220088035214099 3.8053621448579443e-08 3.8053621448579443e-08 3.805362144857945e-09
0.1854501800720242 5.701080432172861e-07 1.5248499399759776e-06 11.695078031212946 2.5389995998399254e-07 2.5389995998399254e-07 2.5389995998399253e-08
0.053781512605043026 6.791916766706731e-06 2.8014405762304275e-06 13.751900760304705 2.2691916766706692e-07 2.2691916766706692e-07 2.269191676670669e-08
0.11572629051621033 5.2248899559824284e-06 1.8572629051620385e-06 7.901560624249933 6.755198079231374e-07 6.755198079231374e-07 6.755198079231373e-08
0.1561344537815123 1.367867146858749e-06 2.5985594237694514e-06 6.853141256502772 2.0785274109643866e-07 2.0785274109643866e-07 2.0785274109643867e-08
0.14331332533013363 5.702120848339375e-06 1.8635054021608377e-06 8.373749499800182 5.762304921968541e-07 5.762304921968541e-07 5.762304921968541e-08
0.08273709483793751 2.6108043217287066e-06 2.638655462184864e-07 11.947178871549095 6.118451380551948e-07 6.118451380551948e-07 6.118451380551949e-08
0.04024009603841575 1.9946778711484697e-06 3.169747899159584e-06 8.54981992797146 3.413177270908289e-07 3.413177270908289e-07 3.413177270908289e-08
0.14965186074429837 3.0300120048019167e-07 2.0445378151260166e-06 10.666666666667066 8.129419767906743e-07 8.129419767906743e-07 8.129419767906744e-08
0.040312124849940366 1.4996398559423835e-06 2.997599039615834e-07 5.120448179271776 7.827234893957186e-07 7.827234893957186e-07 7.827234893957186e-08
0.15382953181272513 3.811004401760729e-06 1.6278511404561655e-06 5.220488195278184 4.974465786314337e-07 4.974465786314337e-07 4.974465786314337e-08
0.19150060024009055 9.155662264905982e-07 3.0370948379350997e-06 5.720688275310227 5.082388955582036e-07 5.082388955582036e-07 5.082388955582036e-08
0.10283313325330458 7.639535814325784e-06 3.911044417766997e-06 10.60664265706322 8.093445378150844e-07 8.093445378150844e-07 8.093445378150844e-08
0.15152460984393795 1.4426570628251362e-06 9.333733493397458e-07 6.753101240496363 3.4491516606641885e-07 3.4491516606641885e-07 3.4491516606641887e-08
0.07870348139255917 2.154941976790728e-06 5.260504201680661e-07 13.19967987194933 5.237078831532405e-07 5.237078831532405e-07 5.2370788315324053e-08
0.062208883553422765 8.853981592637118e-06 1.8791116446578359e-06 13.875950380152652 4.945686274509617e-07 4.945686274509617e-07 4.945686274509617e-08
0.14086434573829726 6.393037214885999e-06 3.0058823529411034e-06 4.084033613445383 2.711676670668244e-07 2.711676670668244e-07 2.7116766706682442e-08
0.16196878751500485 2.055222088835545e-06 2.203721488595398e-06 7.189275710284305 7.474685874349368e-07 7.474685874349368e-07 7.474685874349368e-08
0.09426170468187561 1.1684273709483833e-06 1.7667466986794491e-06 6.22088835534227 2.3087635054021618e-07 2.3087635054021618e-07 2.3087635054021618e-08
0.15527010804321711 2.0124849939976095e-06 1.368787515005996e-06 13.45178071228548 2.585766306522595e-07 2.585766306522595e-07 2.585766306522595e-08
0.034117647058823634 5.096678671468622e-06 2.2926770708282874e-06 5.496598639455872 8.366850740295682e-07 8.366850740295682e-07 8.366850740295682e-08
0.18127250900359745 8.020608243297376e-06 2.0866746698679117e-06 11.190876350540647 6.478195278110946e-07 6.478195278110946e-07 6.478195278110946e-08
0.1276830732292956 4.88195278111243e-07 2.8264105642256245e-06 10.594637855142452 7.715714285713896e-07 7.715714285713896e-07 7.715714285713897e-08
0.038943577430972716 2.664225690276126e-06 1.284513805522206e-06 8.969987995198377 4.934893957582847e-07 4.934893957582847e-07 4.9348939575828474e-08
0.11284513805522581 2.4256102440976527e-06 9.021608643457473e-07 12.279311724690372 1.0316726690676274e-07 1.0316726690676274e-07 1.0316726690676274e-08
0.14381752701080583 4.010444177671094e-06 7.008403361344574e-07 5.576630652260999 1.779939975990397e-07 1.779939975990397e-07 1.779939975990397e-08
0.1857382953181226 5.495558223289353e-06 3.698799519807822e-06 10.406562625050404 7.427919167666699e-07 7.427919167666699e-07 7.427919167666699e-08
0.17442977190876052 3.440616246498621e-06 1.3433373349339728e-07 7.9495798319330095 1.251180472188876e-08 1.251180472188876e-08 1.2511804721888759e-09
0.11795918367347334 8.336534613845551e-07 2.8857142857142175e-06 11.018807523009624 5.330612244897744e-07 5.330612244897744e-07 5.3306122448977444e-08
0.0525570228091246 8.070468187274967e-06 3.2774309723888714e-06 10.00640256102477 1.010088035214086e-07 1.010088035214086e-07 1.010088035214086e-08
0.1757262905162033 1.0615846338535445e-06 3.160384153661385e-06 13.531812725090607 9.057623049219691e-08 9.057623049219691e-08 9.057623049219691e-09
0.17320528211284233 7.956502601040472e-06 1.6871548619447585e-06 8.18967587034839 4.34497799119648e-08 4.34497799119648e-08 4.34497799119648e-09
0.033685474189675955 1.3322529011604694e-06 6.399759903961604e-07 10.490596238495787 8.798543417366478e-07 8.798543417366478e-07 8.798543417366479e-08
0.13380552220888653 5.451780712284904e-07 3.236854741896676e-06 4.324129651860764 5.564445778311093e-07 5.564445778311093e-07 5.5644457783110926e-08
0.19063625450179536 3.7468987595038257e-06 3.307082833133168e-06 4.068027210884358 7.740896358543026e-07 7.740896358543026e-07 7.740896358543026e-08
0.05565426170468297 2.7995598239295885e-06 9.879951980792408e-07 8.533813525410435 1.4813525410164072e-07 1.4813525410164072e-07 1.4813525410164072e-08
0.13056422569027956 5.8374549819928375e-06 1.2189675870348136e-06 8.369747899159925 7.25164465786279e-07 7.25164465786279e-07 7.25164465786279e-08
0.10376950780312455 7.440096038415419e-06 2.447178871548569e-06 11.795118047219354 2.3015686274509813e-07 2.3015686274509813e-07 2.3015686274509814e-08
0.13358943577431273 3.7825130052021053e-06 2.388955582232885e-07 5.492597038815616 4.6219167667065197e-07 4.6219167667065197e-07 4.6219167667065196e-08
0.1255942376950822 5.402961184473826e-06 1.9259303721488306e-06 7.109243697479178 6.251556622648777e-07 6.251556622648777e-07 6.251556622648777e-08
0.05385354141656764 6.6352140856343e-06 8.865546218487481e-07 8.553821528611717 8.784153661464118e-07 8.784153661464118e-07 8.784153661464118e-08
0.04412965186074486 8.821928771508667e-06 3.559903961584538e-06 8.453781512605309 4.463629451780561e-07 4.463629451780561e-07 4.463629451780561e-08
0.0635054021608658 1.542376950780319e-06 2.9528211284513096e-06 13.4957983193283 8.294901960783882e-07 8.294901960783882e-07 8.294901960783882e-08
0.17486194477790812 1.0295318127250929e-06 2.4456182472988694e-06 6.376950780312267 7.618647458983596e-08 7.618647458983596e-08 7.618647458983596e-09
0.028499399759903944 3.266106442577051e-06 8.959183673469477e-07 13.967987194878548 6.884705882352613e-07 6.884705882352613e-07 6.884705882352612e-08
0.1780312124849905 6.51412565026015e-06 2.8108043217286264e-06 12.399359743898062 1.1575830332132858e-07 1.1575830332132858e-07 1.1575830332132858e-08
0.1363985594237721 7.187234893957634e-06 2.8279711884753243e-06 8.557823129251974 7.111344537814781e-07 7.111344537814781e-07 7.111344537814781e-08
0.1034813925570261 3.2411764705882555e-06 9.521008403361449e-07 5.972789115646377 3.4456182472989206e-08 3.4456182472989206e-08 3.4456182472989205e-09
0.13812725090036249 6.143737494998042e-06 1.2782713085234066e-06 8.337735094037875 2.992276910764262e-07 2.992276910764262e-07 2.992276910764262e-08
0.19913565426169808 4.665746298519439e-06 2.974669867947107e-06 5.188475390156134 4.445642256902611e-07 4.445642256902611e-07 4.445642256902611e-08
0.14360144057623203 3.939215686274535e-06 3.484993997598947e-06 13.915966386555215 4.2405882352939826e-07 4.2405882352939826e-07 4.240588235293983e-08
0.04960384153661546 8.836174469787978e-06 2.7749099639855306e-06 7.333333333333533 6.618495398158955e-07 6.618495398158955e-07 6.618495398158955e-08
0.19510204081632052 4.555342136854772e-06 7.476590636254551e-07 5.016406562625111 6.036414565826332e-09 6.036414565826332e-09 6.036414565826332e-10
0.1569987995198075 7.721448579431827e-06 2.4627851140455674e-06 9.478191276510932 3.5606722689074777e-07 3.5606722689074777e-07 3.5606722689074776e-08
0.05781512605042136 4.138655462184901e-06 1.8806722689075357e-06 8.317727090836593 1.7115886354541824e-07 1.7115886354541824e-07 1.7115886354541822e-08
0.1975510204081569 5.175030012004837e-06 1.4468187274909868e-06 10.370548219288096 8.115030012004383e-07 8.115030012004383e-07 8.115030012004384e-08
0.09166866746698954 6.293317326930816e-06 2.220888355342096e-06 6.785114045618414 5.183117246898555e-07 5.183117246898555e-07 5.183117246898556e-08
0.06588235294117803 6.937935174069677e-06 3.7783913565425124e-06 6.901160464185848 4.161444577831003e-07 4.161444577831003e-07 4.161444577831003e-08
0.05731092436974907 7.137374949980043e-06 7.429771908763553e-07 13.655862344938553 8.176186474589413e-07 8.176186474589413e-07 8.176186474589413e-08
0.030372148859543795 1.8557823129251794e-06 8.927971188475478e-07 11.338935574230131 4.0966906762703837e-07 4.0966906762703837e-07 4.096690676270384e-08
0.08208883553421599 6.225650260104085e-06 8.366146458583506e-07 13.679871948780091 7.766078431372156e-07 7.766078431372156e-07 7.766078431372156e-08
0.17241296518607174 8.01348539415772e-06 1.58883553421367e-06 6.83313325330149 2.582168867547005e-07 2.582168867547005e-07 2.582168867547005e-08
0.07726290516206691 1.6883953581432654e-06 7.69507803121254e-07 8.44177671068454 6.409843937574736e-07 6.409843937574736e-07 6.409843937574736e-08
0.18386554621848303 6.236334533813569e-06 3.7768307322928126e-06 5.716686674669971 7.078967587034471e-07 7.078967587034471e-07 7.078967587034471e-08
0.06710684273709645 4.5258103241296374e-07 2.278631452580989e-06 12.023209283713966 4.985258103241107e-07 4.985258103241107e-07 4.985258103241107e-08
0.027490996398559408 3.101240496198475e-07 2.236494597839094e-06 4.2400960384153805 7.726570628251303e-08 7.726570628251303e-08 7.726570628251304e-09
0.025618247298919556 6.65302120848344e-06 2.0180072028811197e-06 8.289715886354799 1.2331292517006808e-07 1.2331292517006808e-07 1.2331292517006807e-08
0.08460984393757745 8.90384153661471e-06 1.915006002400932e-06 8.041616646658905 5.132753101240296e-07 5.132753101240296e-07 5.132753101240296e-08
0.08259303721488828 3.9855142056822986e-06 1.8400960384153405e-06 11.643057222889613 6.801964785914043e-07 6.801964785914043e-07 6.801964785914044e-08
0.186746698679467 2.4601840736294517e-07 2.9351740696278393e-07 12.791516606643183 6.316310524209397e-07 6.316310524209397e-07 6.316310524209397e-08
0.07034813925570405 1.3927971188475447e-06 3.2680672268906725e-06 13.327731092437533 5.413353341336314e-07 5.413353341336314e-07 5.4133533413363136e-08
0.0646578631452596 9.867947178871573e-07 2.381632653061177e-06 6.148859543817656 7.532244897958808e-07 7.532244897958808e-07 7.532244897958807e-08
0.05817527010804443 1.980432172869158e-06 6.259303721488611e-07 12.439375750300625 7.089759903961241e-07 7.089759903961241e-07 7.089759903961241e-08
0.025402160864345727 6.079631852741139e-06 1.4561824729891857e-06 12.863545418167798 5.819863945577981e-07 5.819863945577981e-07 5.8198639455779804e-08
0.06962785114045791 7.539815926370602e-06 2.7764705882352304e-06 13.923969587835728 2.589363745498185e-07 2.589363745498185e-07 2.589363745498185e-08
0.18451380552220442 2.5538215286114593e-06 1.1674669867947197e-06 10.198479391757074 7.24085234093602e-07 7.24085234093602e-07 7.24085234093602e-08
0.12905162064826298 5.164345738295353e-06 1.2096038415366147e-06 10.474589835934761 7.025006002400622e-07 7.025006002400622e-07 7.025006002400621e-08
0.09354141656662948 1.8486594637855235e-06 4.277310924369727e-07 11.571028411364999 7.744493797518616e-07 7.744493797518616e-07 7.744493797518616e-08
0.026194477791116434 4.169667867146847e-07 8.038415366146523e-07 11.382953181272951 6.506974789915666e-07 6.506974789915666e-07 6.506974789915665e-08
0.1100360144057659 8.038415366146516e-06 7.242496998799562e-07 4.0520208083233324 5.676030412164868e-08 5.676030412164868e-08 5.676030412164868e-09
0.11810324129652257 4.177831132453008e-06 1.9025210084033331e-06 8.765906362545303 7.373957583032849e-07 7.373957583032849e-07 7.37395758303285e-08
0.14043217286914966 5.463505402160902e-06 1.4187274909963901e-06 10.074429771909127 2.866366546618613e-07 2.866366546618613e-07 2.866366546618613e-08
0.18199279711884345 7.557623049219742e-06 2.662545018007144e-06 11.923169267707557 6.809159663865223e-07 6.809159663865223e-07 6.809159663865223e-08
0.19250900360143494 2.8031212484994164e-06 2.342136854741889e-07 12.71948779511857 7.31280112044782e-07 7.31280112044782e-07 7.312801120447819e-08
0.1273949579831972 5.808963585434214e-06 7.102040816326569e-07 10.90276110444219 4.3952781112443514e-07 4.3952781112443514e-07 4.3952781112443514e-08
0.18235294117646644 4.833133253301353e-06 3.1759903961583834e-06 9.490196078431701 6.956654661864412e-07 6.956654661864412e-07 6.956654661864412e-08
0.028571428571428553 7.878151260504257e-06 1.4983193277310807e-06 9.554221688675803 4.301744697879012e-07 4.301744697879012e-07 4.3017446978790124e-08
0.06703481392557184 5.4813125250100415e-06 5.47899159663865e-07 12.835534213686003 6.539351740695975e-07 6.539351740695975e-07 6.539351740695975e-08
0.13524609843937851 7.258463385354193e-06 1.4827130852340826e-06 13.507803121249069 6.589715886354235e-07 6.589715886354235e-07 6.589715886354235e-08
0.05478991596638761 8.173749499799978e-06 2.4190876350539725e-06 9.374149659864267 4.787398959583658e-07 4.787398959583658e-07 4.787398959583659e-08
0.07755102040816536 8.227170868347397e-06 2.398799519807875e-06 13.883953581433165 2.4994277711084357e-07 2.4994277711084357e-07 2.4994277711084355e-08
0.1674429771908744 4.199199679871976e-06 2.4721488595437663e-06 7.321328531412764 8.518007202881156e-08 8.518007202881156e-08 8.518007202881156e-09
0.1564945978391353 5.983473389355784e-06 2.448739495798269e-06 4.232092837134868 2.855574229691843e-07 2.855574229691843e-07 2.855574229691843e-08
0.17889555822328568 7.735694277711139e-06 1.9867947178871234e-06 7.361344537815327 1.4705602240896364e-07 1.4705602240896364e-07 1.4705602240896364e-08
0.09303721488595719 4.5232893157263204e-06 1.437454981992788e-06 10.550620248099632 3.769387755102042e-08 3.769387755102042e-08 3.769387755102042e-09
0.074453781512607 8.447979191676731e-06 3.5755102040815363e-06 9.586234493797853 8.58269707883108e-07 8.58269707883108e-07 8.58269707883108e-08
0.15462184873949572 3.828811524609868e-06 2.125690276110407e-06 8.013605442177111 4.3664985994396316e-07 4.3664985994396316e-07 4.366498599439632e-08
0.11457382953181652 7.393797519007656e-06 3.112004801920691e-06 4.148059223689485 4.129131652661066e-08 4.129131652661066e-08 4.1291316526610656e-09
0.03966386554621885 6.485634253701526e-06 1.3391356542616995e-06 7.029211684674051 4.237054821928773e-08 4.237054821928773e-08 4.2370548219287725e-09
0.03202881152460985 3.298159263705503e-06 3.2785114045618105e-07 5.920768307323044 5.9278511404561846e-08 5.9278511404561846e-08 5.927851140456184e-09
0.18847539015605738 5.1358543417367295e-06 3.069867947178796e-06 12.987595038015744 1.085634253701481e-07 1.085634253701481e-07 1.085634253701481e-08
0.1880432172869098 7.034093637455032e-06 7.445378151260552e-07 9.862344937975541 3.402384953981519e-07 3.402384953981519e-07 3.402384953981519e-08
0.051260504201681566 5.3922769107643425e-06 1.4889555822328818e-06 5.136454581832801 6.050100040015739e-07 6.050100040015739e-07 6.050100040015739e-08
0.19503001200479592 8.141696678671526e-06 1.8931572629051342e-06 8.361744697879413 1.0172829131652665e-07 1.0172829131652665e-07 1.0172829131652665e-08
0.066818727490998 4.152901160464213e-06 3.255582232893074e-06 9.254101640656577 2.736858743497374e-07 2.736858743497374e-07 2.7368587434973738e-08
0.19294117647058254 2.3650660264105774e-06 4.417767106842715e-07 13.147659063625998 6.733613445377834e-07 6.733613445377834e-07 6.733613445377834e-08
0.056230492196879873 7.091076430572279e-06 3.4210084033612545e-06 5.512605042016897 2.2548019207683082e-07 2.2548019207683082e-07 2.2548019207683082e-08
0.18026410564225306 1.973309323729502e-06 2.509603841536562e-06 4.132052821128459 2.1936454581832742e-07 2.1936454581832742e-07 2.1936454581832743e-08
0.16117647058823426 8.893157262905226e-06 2.841536614645847e-07 6.845138055222259 8.086314525810327e-08 8.086314525810327e-08 8.086314525810328e-09
0.08792316926770966 6.499879951980838e-06 9.068427370948471e-07 9.466186474590163 5.89541016406537e-07 5.89541016406537e-07 5.89541016406537e-08
0.03973589435774346 1.6741496598639535e-06 3.366386554621761e-06 7.337334933973789 7.582673069227694e-08 7.582673069227694e-08 7.582673069227694e-09
0.14921968787515077 6.920128051220537e-06 1.4234093637454896e-06 8.88995598239325 3.913221288515295e-07 3.913221288515295e-07 3.913221288515295e-08
0.09195678271308799 3.187755102040836e-06 1.6621848739495614e-06 12.487394957983701 5.672368947578792e-07 5.672368947578792e-07 5.672368947578792e-08
0.13344537815126353 6.235294117647055e-07 1.225210084033613e-06 7.7975190076032685 5.647186874749662e-07 5.647186874749662e-07 5.647186874749662e-08
0.17997599039615467 1.5067627050820394e-06 1.8557022809123386e-06 13.64785914365804 8.186978791516183e-07 8.186978791516183e-07 8.186978791516183e-08
0.04521008403361406 7.208603441376602e-06 3.511524609843844e-06 6.817126850740465 1.3698319327731098e-07 1.3698319327731098e-07 1.3698319327731098e-08
0.07272509003601628 3.964145658263331e-06 6.134453781512618e-07 6.809123649459952 7.956742697078425e-07 7.956742697078425e-07 7.956742697078425e-08
0.08828331332533272 3.7397759103641698e-06 4.0432172869147464e-07 7.093237294918152 4.057118847538894e-07 4.057118847538894e-07 4.057118847538894e-08
0.18192076830731885 2.1157663065226203e-06 3.4740696278510483e-06 7.81752701080455 5.94217687074804e-07 5.94217687074804e-07 5.94217687074804e-08
0.06991596638655637 2.7354541816726852e-06 3.1400960384152876e-06 10.08243297318964 6.514169667866845e-07 6.514169667866845e-07 6.514169667866846e-08
0.031380552220888334 4.288235294117675e-06 2.762424969987932e-06 8.509803921568897 4.60392957182857e-07 4.60392957182857e-07 4.60392957182857e-08
0.16038415366146366 6.264825930372193e-06 4.214885954381732e-07 4.6962785114046035 8.823725490195608e-07 8.823725490195608e-07 8.823725490195608e-08
0.06530612244898112 6.877390956382602e-06 3.2352941176469764e-06 7.221288515406355 8.442396958783071e-07 8.442396958783071e-07 8.442396958783071e-08
0.050540216086435434 8.480032012805183e-06 1.1409363745498228e-06 12.175270108043707 4.7514245698277587e-07 4.7514245698277587e-07 4.751424569827759e-08
0.1280432172869186 1.6634653861544696e-06 1.6294117647058653e-06 12.255302120848834 6.096866746698409e-07 6.096866746698409e-07 6.096866746698409e-08
0.1379831932773133 3.2625450180072232e-06 1.7620648259303497e-06 10.078431372549383 4.326926770708142e-07 4.326926770708142e-07 4.3269267707081417e-08
0.07027611044417943 3.813525410164056e-07 3.0729891956781955e-06 9.182072829131963 1.7259783913565433e-07 1.7259783913565433e-07 1.7259783913565434e-08
0.07971188475390376 8.593997599039677e-06 3.163505402160785e-06 7.685474189676091 2.0317607042817135e-07 2.0317607042817135e-07 2.0317607042817136e-08
0.0722929171668686 5.121608643457418e-06 1.7183673469387548e-06 6.092837134854067 6.226374549819648e-07 6.226374549819648e-07 6.226374549819648e-08
0.09138055222089109 1.805922368947588e-06 1.0238895558223366e-06 9.654261704682211 5.060804321728496e-07 5.060804321728496e-07 5.0608043217284964e-08
0.09649459783913862 6.8061624649860424e-06 1.776110444177648e-06 4.524209683873581 4.726242496998629e-07 4.726242496998629e-07 4.726242496998629e-08
0.16888355342136638 7.659863945578239e-07 2.2911164465785876e-06 10.034413765506564 4.61472188875534e-07 4.61472188875534e-07 4.6147218887553395e-08
0.0805042016806745 5.883753501400601e-06 1.2735894357743072e-06 11.507002801120898 5.90260504201655e-07 5.90260504201655e-07 5.9026050420165503e-08
0.15454981992797112 7.197919167667118e-06 1.4655462184873846e-06 9.658263305322468 7.003421368547082e-07 7.003421368547082e-07 7.003421368547082e-08
0.1259543817527052 3.850180072028836e-06 5.322929171668658e-07 13.091636654662409 3.7009723889554866e-07 3.7009723889554866e-07 3.700972388955487e-08
0.0975030012004832 2.582312925170083e-06 1.5623049219687732e-06 10.918767507003215 3.0426410564225216e-07 3.0426410564225216e-07 3.042641056422522e-08
0.04398559423769564 3.3907563025210298e-06 1.3121248499399754e-07 12.803521408563952 7.471088435373778e-07 7.471088435373778e-07 7.471088435373778e-08
0.10326530612245226 1.100760304121652e-06 1.208043217286915e-06 7.6094437775112205 3.1577591036414007e-07 3.1577591036414007e-07 3.1577591036414005e-08
0.18523409363745041 7.668027210884408e-06 1.1268907563025245e-06 4.096038415366152 8.996402561023927e-07 8.996402561023927e-07 8.996402561023927e-08
0.13322929171668974 2.236854741896771e-06 2.0289315726290185e-06 6.95318127250918 2.1540736294517816e-07 2.1540736294517816e-07 2.1540736294517815e-08
0.09980792316927083 1.6420968387355019e-06 2.6672268907562433e-06 9.13005202080863 1.2475190076030417e-07 1.2475190076030417e-07 1.2475190076030417e-08
0.03678271308523432 1.0936374549819961e-06 2.9195678271308406e-07 7.137254901960972 6.445818327330636e-07 6.445818327330636e-07 6.445818327330636e-08
0.09973589435774621 4.808203281312557e-06 4.5426170468187045e-07 13.499799919968556 1.1899599839935979e-07 1.1899599839935979e-07 1.189959983993598e-08
0.06660264105642416 5.036134453781547e-06 9.396158463385455e-07 7.945578231292753 4.769411764705709e-07 4.769411764705709e-07 4.769411764705709e-08
0.1257382953181314 1.6777110844337815e-06 2.083553421368512e-06 11.390956382553464 7.913573429371345e-07 7.913573429371345e-07 7.913573429371345e-08
0.17464585834333432 5.4884353741496974e-06 5.978391356542625e-07 12.351340536214986 6.830744297718763e-07 6.830744297718763e-07 6.830744297718763e-08
0.13430972388955872 4.291796718687503e-06 3.6738295318126247e-06 4.904361744697933 5.370184073629234e-07 5.370184073629234e-07 5.370184073629234e-08
0.1565666266506599 1.7062024809924052e-06 1.3110444177671028e-06 12.935574229692412 2.3375430172068837e-07 2.3375430172068837e-07 2.3375430172068838e-08
0.11911164465786715 6.510564225690322e-06 3.715486194477774e-07 8.589835934374024 7.924365746298115e-07 7.924365746298115e-07 7.924365746298115e-08
0.10852340936374902 6.5426170468187734e-06 2.7998799519807277e-06 7.1772709083635355 7.848819527810725e-07 7.848819527810725e-07 7.848819527810725e-08
0.024177671068427362 8.512084833933634e-06 3.2243697478990777e-06 7.997599039616086 8.54672268907518e-07 8.54672268907518e-07 8.54672268907518e-08
