fates_allom_d2bl1,fates_maintresp_leaf_ryan1991_baserate,fates_maintresp_nonleaf_baserate,fates_cnp_store_ovrflw_frac,fates_cnp_vmax_nh4,fates_cnp_vmax_no3,fates_cnp_vmax_p
0.03,1e-08,1e-08,0.0,1e-10,1e-10,1.0000000000000001e-11
0.031743486973947896,1.9034068136272548e-07,1.9034068136272548e-07,0.02004008016032064,1.0231241635532605e-10,1.0231241635532605e-10,1.0231241635532606e-11
0.03348697394789579,3.7068136272545095e-07,3.7068136272545095e-07,0.04008016032064128,1.0467830540465593e-10,1.0467830540465593e-10,1.0467830540465593e-11
0.03523046092184369,5.510220440881764e-07,5.510220440881764e-07,0.06012024048096192,1.0709890365931138e-10,1.0709890365931138e-10,1.0709890365931137e-11
0.03697394789579159,7.313627254509018e-07,7.313627254509018e-07,0.08016032064128256,1.0957547622390422e-10,1.0957547622390422e-10,1.0957547622390422e-11
0.038717434869739484,9.117034068136272e-07,9.117034068136272e-07,0.1002004008016032,1.1210931745753224e-10,1.1210931745753224e-10,1.1210931745753223e-11
0.04046092184368738,1.0920440881763526e-06,1.0920440881763526e-06,0.12024048096192383,1.1470175165026506e-10,1.1470175165026506e-10,1.1470175165026506e-11
0.04220440881763528,1.272384769539078e-06,1.272384769539078e-06,0.14028056112224446,1.173541337152713e-10,1.173541337152713e-10,1.1735413371527131e-11
0.043947895791583175,1.4527254509018034e-06,1.4527254509018034e-06,0.1603206412825651,1.2006784989695448e-10,1.2006784989695448e-10,1.2006784989695449e-11
0.04569138276553107,1.6330661322645289e-06,1.6330661322645289e-06,0.18036072144288573,1.2284431849546003e-10,1.2284431849546003e-10,1.2284431849546003e-11
0.04743486973947897,1.8134068136272543e-06,1.8134068136272543e-06,0.20040080160320636,1.2568499060793791e-10,1.2568499060793791e-10,1.2568499060793792e-11
0.049178356713426866,1.9937474949899797e-06,1.9937474949899797e-06,0.220440881763527,1.2859135088694639e-10,1.2859135088694639e-10,1.2859135088694638e-11
0.05092184368737476,2.1740881763527053e-06,2.1740881763527053e-06,0.24048096192384763,1.315649183163909e-10,1.315649183163909e-10,1.3156491831639089e-11
0.05266533066132266,2.354428857715431e-06,2.354428857715431e-06,0.26052104208416826,1.3460724700541052e-10,1.3460724700541052e-10,1.3460724700541052e-11
0.05440881763527056,2.5347695390781566e-06,2.5347695390781566e-06,0.2805611222444889,1.377199270006178e-10,1.377199270006178e-10,1.3771992700061781e-11
0.056152304609218454,2.715110220440882e-06,2.715110220440882e-06,0.3006012024048096,1.4090458511712325e-10,1.4090458511712325e-10,1.4090458511712325e-11
0.05789579158316635,2.895450901803608e-06,2.895450901803608e-06,0.32064128256513025,1.4416288578877648e-10,1.4416288578877648e-10,1.4416288578877648e-11
0.05963927855711425,3.0757915831663335e-06,3.0757915831663335e-06,0.3406813627254509,1.474965319380662e-10,1.474965319380662e-10,1.474965319380662e-11
0.061382765531062145,3.256132264529059e-06,3.256132264529059e-06,0.36072144288577157,1.5090726586614084e-10,1.5090726586614084e-10,1.5090726586614084e-11
0.06312625250501004,3.4364729458917847e-06,3.4364729458917847e-06,0.38076152304609223,1.543968701634049e-10,1.543968701634049e-10,1.543968701634049e-11
0.06486973947895794,3.6168136272545103e-06,3.6168136272545103e-06,0.4008016032064129,1.5796716864117503e-10,1.5796716864117503e-10,1.5796716864117504e-11
0.06661322645290584,3.797154308617236e-06,3.797154308617236e-06,0.42084168336673355,1.6162002728487966e-10,1.6162002728487966e-10,1.6162002728487966e-11
0.06835671342685373,3.977494989979961e-06,3.977494989979961e-06,0.4408817635270542,1.6535735522929774e-10,1.6535735522929774e-10,1.6535735522929775e-11
0.07010020040080163,4.157835671342686e-06,4.157835671342686e-06,0.4609218436873749,1.6918110575635466e-10,1.6918110575635466e-10,1.6918110575635466e-11
0.07184368737474953,4.338176352705412e-06,4.338176352705412e-06,0.48096192384769554,1.7309327731598611e-10,1.7309327731598611e-10,1.7309327731598612e-11
0.07358717434869742,4.518517034068137e-06,4.518517034068137e-06,0.5010020040080162,1.7709591457061092e-10,1.7709591457061092e-10,1.7709591457061093e-11
0.07533066132264532,4.698857715430862e-06,4.698857715430862e-06,0.5210420841683369,1.811911094637567e-10,1.811911094637567e-10,1.811911094637567e-11
0.07707414829659322,4.879198396793587e-06,4.879198396793587e-06,0.5410821643286575,1.853810023133934e-10,1.853810023133934e-10,1.853810023133934e-11
0.07881763527054111,5.059539078156312e-06,5.059539078156312e-06,0.5611222444889782,1.8966778293055573e-10,1.8966778293055573e-10,1.896677829305557e-11
0.08056112224448901,5.239879759519038e-06,5.239879759519038e-06,0.5811623246492988,1.940536917638263e-10,1.940536917638263e-10,1.940536917638263e-11
0.08230460921843691,5.420220440881763e-06,5.420220440881763e-06,0.6012024048096195,1.985410210702871e-10,1.985410210702871e-10,1.985410210702871e-11
0.0840480961923848,5.600561122244488e-06,5.600561122244488e-06,0.6212424849699402,2.0313211611354781e-10,2.0313211611354781e-10,2.031321161135478e-11
0.0857915831663327,5.780901803607213e-06,5.780901803607213e-06,0.6412825651302608,2.078293763894782e-10,2.078293763894782e-10,2.078293763894782e-11
0.0875350701402806,5.9612424849699384e-06,5.9612424849699384e-06,0.6613226452905815,2.126352568802807e-10,2.126352568802807e-10,2.126352568802807e-11
0.0892785571142285,6.141583166332664e-06,6.141583166332664e-06,0.6813627254509022,2.1755226933756993e-10,2.1755226933756993e-10,2.1755226933756994e-11
0.0910220440881764,6.321923847695389e-06,6.321923847695389e-06,0.7014028056112228,2.2258298359511498e-10,2.2258298359511498e-10,2.22582983595115e-11
0.09276553106212429,6.502264529058114e-06,6.502264529058114e-06,0.7214428857715435,2.2773002891194118e-10,2.2773002891194118e-10,2.2773002891194117e-11
0.09450901803607219,6.682605210420839e-06,6.682605210420839e-06,0.7414829659318641,2.3299609534649055e-10,2.3299609534649055e-10,2.3299609534649055e-11
0.09625250501002008,6.8629458917835644e-06,6.8629458917835644e-06,0.7615230460921848,2.38383935162554e-10,2.38383935162554e-10,2.3838393516255397e-11
0.09799599198396798,7.04328657314629e-06,7.04328657314629e-06,0.7815631262525055,2.4389636426772285e-10,2.4389636426772285e-10,2.4389636426772285e-11
0.09973947895791588,7.223627254509015e-06,7.223627254509015e-06,0.8016032064128261,2.495362636850953e-10,2.495362636850953e-10,2.495362636850953e-11
0.10148296593186378,7.40396793587174e-06,7.40396793587174e-06,0.8216432865731468,2.553065810590191e-10,2.553065810590191e-10,2.553065810590191e-11
0.10322645290581167,7.584308617234465e-06,7.584308617234465e-06,0.8416833667334674,2.6121033219565265e-10,2.6121033219565265e-10,2.6121033219565266e-11
0.10496993987975957,7.76464929859719e-06,7.76464929859719e-06,0.8617234468937881,2.672506026391465e-10,2.672506026391465e-10,2.672506026391465e-11
0.10671342685370747,7.944989979959916e-06,7.944989979959916e-06,0.8817635270541088,2.7343054928428164e-10,2.7343054928428164e-10,2.7343054928428164e-11
0.10845691382765536,8.125330661322641e-06,8.125330661322641e-06,0.9018036072144294,2.797534020263893e-10,2.797534020263893e-10,2.797534020263893e-11
0.11020040080160326,8.305671342685366e-06,8.305671342685366e-06,0.9218436873747501,2.862224654494287e-10,2.862224654494287e-10,2.8622246544942873e-11
0.11194388777555116,8.486012024048091e-06,8.486012024048091e-06,0.9418837675350707,2.928411205530999e-10,2.928411205530999e-10,2.928411205530999e-11
0.11368737474949905,8.666352705410816e-06,8.666352705410816e-06,0.9619238476953914,2.9961282651988997e-10,2.9961282651988997e-10,2.9961282651988996e-11
0.11543086172344695,8.846693386773542e-06,8.846693386773542e-06,0.9819639278557121,3.0654112252299065e-10,3.0654112252299065e-10,3.0654112252299064e-11
0.11717434869739485,9.027034068136267e-06,9.027034068136267e-06,1.0020040080160326,3.136296295760125e-10,3.136296295760125e-10,3.136296295760125e-11
0.11891783567134274,9.207374749498992e-06,9.207374749498992e-06,1.0220440881763533,3.2088205242547684e-10,3.2088205242547684e-10,3.208820524254768e-11
0.12066132264529064,9.387715430861717e-06,9.387715430861717e-06,1.042084168336674,3.283021814870707e-10,3.283021814870707e-10,3.283021814870707e-11
0.12240480961923854,9.568056112224443e-06,9.568056112224443e-06,1.0621242484969946,3.358938948266701e-10,3.358938948266701e-10,3.358938948266701e-11
0.12414829659318644,9.748396793587168e-06,9.748396793587168e-06,1.0821643286573153,3.4366116018718376e-10,3.4366116018718376e-10,3.4366116018718374e-11
0.12589178356713432,9.928737474949893e-06,9.928737474949893e-06,1.102204408817636,3.516080370622556e-10,3.516080370622556e-10,3.516080370622556e-11
0.1276352705410822,1.0109078156312618e-05,1.0109078156312618e-05,1.1222444889779566,3.597386788179242e-10,3.597386788179242e-10,3.597386788179242e-11
0.12937875751503009,1.0289418837675343e-05,1.0289418837675343e-05,1.1422845691382773,3.6805733486334386e-10,3.6805733486334386e-10,3.6805733486334384e-11
0.13112224448897797,1.0469759519038069e-05,1.0469759519038069e-05,1.162324649298598,3.765683528717025e-10,3.765683528717025e-10,3.765683528717025e-11
0.13286573146292585,1.0650100200400794e-05,1.0650100200400794e-05,1.1823647294589186,3.852761810524898e-10,3.852761810524898e-10,3.852761810524898e-11
0.13460921843687373,1.0830440881763519e-05,1.0830440881763519e-05,1.2024048096192392,3.941853704763233e-10,3.941853704763233e-10,3.941853704763233e-11
0.13635270541082162,1.1010781563126244e-05,1.1010781563126244e-05,1.22244488977956,4.0330057745352055e-10,4.0330057745352055e-10,4.0330057745352053e-11
0.1380961923847695,1.119112224448897e-05,1.119112224448897e-05,1.2424849699398806,4.1262656596768024e-10,4.1262656596768024e-10,4.126265659676802e-11
0.13983967935871738,1.1371462925851695e-05,1.1371462925851695e-05,1.2625250501002012,4.2216821016553884e-10,4.2216821016553884e-10,4.2216821016553885e-11
0.14158316633266527,1.155180360721442e-05,1.155180360721442e-05,1.2825651302605219,4.3193049690439415e-10,4.3193049690439415e-10,4.3193049690439415e-11
0.14332665330661315,1.1732144288577145e-05,1.1732144288577145e-05,1.3026052104208425,4.4191852835845255e-10,4.4191852835845255e-10,4.419185283584525e-11
0.14507014028056103,1.191248496993987e-05,1.191248496993987e-05,1.3226452905811632,4.5213752468542977e-10,4.5213752468542977e-10,4.5213752468542977e-11
0.14681362725450892,1.2092825651302595e-05,1.2092825651302595e-05,1.3426853707414839,4.625928267548222e-10,4.625928267548222e-10,4.625928267548222e-11
0.1485571142284568,1.227316633266532e-05,1.227316633266532e-05,1.3627254509018045,4.732898989392676e-10,4.732898989392676e-10,4.7328989893926764e-11
0.15030060120240468,1.2453507014028046e-05,1.2453507014028046e-05,1.3827655310621252,4.842343319704456e-10,4.842343319704456e-10,4.842343319704456e-11
0.15204408817635257,1.2633847695390771e-05,1.2633847695390771e-05,1.4028056112224458,4.954318458610342e-10,4.954318458610342e-10,4.954318458610342e-11
0.15378757515030045,1.2814188376753496e-05,1.2814188376753496e-05,1.4228456913827665,5.068882928942187e-10,5.068882928942187e-10,5.0688829289421867e-11
0.15553106212424833,1.2994529058116221e-05,1.2994529058116221e-05,1.4428857715430872,5.186096606823377e-10,5.186096606823377e-10,5.186096606823377e-11
0.15727454909819621,1.3174869739478947e-05,1.3174869739478947e-05,1.4629258517034078,5.306020752962591e-10,5.306020752962591e-10,5.3060207529625915e-11
0.1590180360721441,1.3355210420841672e-05,1.3355210420841672e-05,1.4829659318637285,5.428718044671095e-10,5.428718044671095e-10,5.428718044671094e-11
0.16076152304609198,1.3535551102204397e-05,1.3535551102204397e-05,1.5030060120240492,5.554252608620607e-10,5.554252608620607e-10,5.5542526086206076e-11
0.16250501002003986,1.3715891783567122e-05,1.3715891783567122e-05,1.5230460921843698,5.682690054358476e-10,5.682690054358476e-10,5.6826900543584764e-11
0.16424849699398775,1.3896232464929847e-05,1.3896232464929847e-05,1.5430861723446905,5.81409750859795e-10,5.81409750859795e-10,5.81409750859795e-11
0.16599198396793563,1.4076573146292573e-05,1.4076573146292573e-05,1.5631262525050111,5.948543650301397e-10,5.948543650301397e-10,5.948543650301398e-11
0.1677354709418835,1.4256913827655298e-05,1.4256913827655298e-05,1.5831663326653318,6.086098746574678e-10,6.086098746574678e-10,6.086098746574678e-11
0.1694789579158314,1.4437254509018023e-05,1.4437254509018023e-05,1.6032064128256525,6.226834689391767e-10,6.226834689391767e-10,6.226834689391767e-11
0.17122244488977928,1.4617595190380748e-05,1.4617595190380748e-05,1.6232464929859731,6.37082503316838e-10,6.37082503316838e-10,6.37082503316838e-11
0.17296593186372716,1.4797935871743473e-05,1.4797935871743473e-05,1.6432865731462938,6.518145033204574e-10,6.518145033204574e-10,6.518145033204574e-11
0.17470941883767505,1.4978276553106199e-05,1.4978276553106199e-05,1.6633266533066144,6.668871685016272e-10,6.668871685016272e-10,6.668871685016273e-11
0.17645290581162293,1.5158617234468924e-05,1.5158617234468924e-05,1.683366733466935,6.823083764576323e-10,6.823083764576323e-10,6.823083764576324e-11
0.1781963927855708,1.533895791583165e-05,1.533895791583165e-05,1.7034068136272558,6.980861869485984e-10,6.980861869485984e-10,6.980861869485984e-11
0.1799398797595187,1.5519298597194376e-05,1.5519298597194376e-05,1.7234468937875764,7.1422884610987e-10,7.1422884610987e-10,7.1422884610987e-11
0.18168336673346658,1.5699639278557103e-05,1.5699639278557103e-05,1.743486973947897,7.307447907617714e-10,7.307447907617714e-10,7.307447907617715e-11
0.18342685370741446,1.587997995991983e-05,1.587997995991983e-05,1.7635270541082178,7.476426528190401e-10,7.476426528190401e-10,7.476426528190401e-11
0.18517034068136234,1.6060320641282557e-05,1.6060320641282557e-05,1.7835671342685384,7.649312638022242e-10,7.649312638022242e-10,7.649312638022242e-11
0.18691382765531023,1.6240661322645284e-05,1.6240661322645284e-05,1.803607214428859,7.826196594533893e-10,7.826196594533893e-10,7.826196594533893e-11
0.1886573146292581,1.642100200400801e-05,1.642100200400801e-05,1.8236472945891797,8.007170844585868e-10,8.007170844585868e-10,8.007170844585868e-11
0.190400801603206,1.6601342685370737e-05,1.6601342685370737e-05,1.8436873747495004,8.192329972794974e-10,8.192329972794974e-10,8.192329972794974e-11
0.19214428857715388,1.6781683366733464e-05,1.6781683366733464e-05,1.863727454909821,8.381770750968165e-10,8.381770750968165e-10,8.381770750968166e-11
0.19388777555110176,1.696202404809619e-05,1.696202404809619e-05,1.8837675350701417,8.575592188679522e-10,8.575592188679522e-10,8.575592188679522e-11
0.19563126252504964,1.7142364729458918e-05,1.7142364729458918e-05,1.9038076152304624,8.773895585016613e-10,8.773895585016613e-10,8.773895585016612e-11
0.19737474949899753,1.7322705410821645e-05,1.7322705410821645e-05,1.923847695390783,8.976784581523771e-10,8.976784581523771e-10,8.976784581523771e-11
0.1991182364729454,1.7503046092184372e-05,1.7503046092184372e-05,1.9438877755511037,9.184365216369317e-10,9.184365216369317e-10,9.184365216369317e-11
0.2008617234468933,1.76833867735471e-05,1.76833867735471e-05,1.9639278557114244,9.396745979765522e-10,9.396745979765522e-10,9.396745979765521e-11
0.20260521042084118,1.7863727454909826e-05,1.7863727454909826e-05,1.983967935871745,9.6140378706701e-10,9.6140378706701e-10,9.6140378706701e-11
0.20434869739478906,1.8044068136272553e-05,1.8044068136272553e-05,2.0040080160320657,9.836354454798719e-10,9.836354454798719e-10,9.836354454798719e-11
0.20609218436873694,1.822440881763528e-05,1.822440881763528e-05,2.024048096192386,1.006381192397933e-09,1.006381192397933e-09,1.0063811923979331e-10
0.20783567134268482,1.8404749498998006e-05,1.8404749498998006e-05,2.0440881763527066,1.0296529156878686e-09,1.0296529156878686e-09,1.0296529156878686e-10
0.2095791583166327,1.8585090180360733e-05,1.8585090180360733e-05,2.064128256513027,1.0534627781133267e-09,1.0534627781133267e-09,1.0534627781133268e-10
0.2113226452905806,1.876543086172346e-05,1.876543086172346e-05,2.0841683366733474,1.0778232236916957e-09,1.0778232236916957e-09,1.0778232236916957e-10
0.21306613226452847,1.8945771543086187e-05,1.8945771543086187e-05,2.104208416833668,1.1027469841978454e-09,1.1027469841978454e-09,1.1027469841978454e-10
0.21480961923847636,1.9126112224448914e-05,1.9126112224448914e-05,2.1242484969939883,1.1282470858183015e-09,1.1282470858183015e-09,1.1282470858183015e-10
0.21655310621242424,1.930645290581164e-05,1.930645290581164e-05,2.1442885771543088,1.1543368559592538e-09,1.1543368559592538e-09,1.1543368559592538e-10
0.21829659318637212,1.9486793587174368e-05,1.9486793587174368e-05,2.164328657314629,1.1810299302120125e-09,1.1810299302120125e-09,1.1810299302120126e-10
0.22004008016032,1.9667134268537095e-05,1.9667134268537095e-05,2.1843687374749496,1.2083402594795315e-09,1.2083402594795315e-09,1.2083402594795315e-10
0.2217835671342679,1.984747494989982e-05,1.984747494989982e-05,2.20440881763527,1.2362821172677301e-09,1.2362821172677301e-09,1.23628211726773e-10
0.22352705410821577,2.002781563126255e-05,2.002781563126255e-05,2.2244488977955905,1.2648701071454006e-09,1.2648701071454006e-09,1.2648701071454006e-10
0.22527054108216366,2.0208156312625275e-05,2.0208156312625275e-05,2.244488977955911,1.2941191703766615e-09,1.2941191703766615e-09,1.2941191703766614e-10
0.22701402805611154,2.0388496993988002e-05,2.0388496993988002e-05,2.2645290581162314,1.3240445937298617e-09,1.3240445937298617e-09,1.3240445937298618e-10
0.22875751503005942,2.056883767535073e-05,2.056883767535073e-05,2.284569138276552,1.354662017467082e-09,1.354662017467082e-09,1.3546620174670821e-10
0.2305010020040073,2.0749178356713456e-05,2.0749178356713456e-05,2.3046092184368723,1.385987443518386e-09,1.385987443518386e-09,1.385987443518386e-10
0.2322444889779552,2.0929519038076183e-05,2.0929519038076183e-05,2.3246492985971927,1.418037243845071e-09,1.418037243845071e-09,1.418037243845071e-10
0.23398797595190307,2.110985971943891e-05,2.110985971943891e-05,2.344689378757513,1.4508281689963598e-09,1.4508281689963598e-09,1.4508281689963597e-10
0.23573146292585095,2.1290200400801637e-05,2.1290200400801637e-05,2.3647294589178336,1.4843773568639093e-09,1.4843773568639093e-09,1.4843773568639093e-10
0.23747494989979884,2.1470541082164364e-05,2.1470541082164364e-05,2.384769539078154,1.5187023416387875e-09,1.5187023416387875e-09,1.5187023416387876e-10
0.23921843687374672,2.165088176352709e-05,2.165088176352709e-05,2.4048096192384745,1.5538210629755687e-09,1.5538210629755687e-09,1.5538210629755687e-10
0.2409619238476946,2.1831222444889817e-05,2.1831222444889817e-05,2.424849699398795,1.5897518753683175e-09,1.5897518753683175e-09,1.5897518753683174e-10
0.2427054108216425,2.2011563126252544e-05,2.2011563126252544e-05,2.4448897795591154,1.6265135577434376e-09,1.6265135577434376e-09,1.6265135577434377e-10
0.24444889779559037,2.219190380761527e-05,2.219190380761527e-05,2.464929859719436,1.6641253232742929e-09,1.6641253232742929e-09,1.664125323274293e-10
0.24619238476953825,2.2372244488977998e-05,2.2372244488977998e-05,2.4849699398797562,1.7026068294228109e-09,1.7026068294228109e-09,1.702606829422811e-10
0.24793587174348614,2.2552585170340725e-05,2.2552585170340725e-05,2.5050100200400767,1.741978188213289e-09,1.741978188213289e-09,1.741978188213289e-10
0.24967935871743402,2.2732925851703452e-05,2.2732925851703452e-05,2.525050100200397,1.7822599767437462e-09,1.7822599767437462e-09,1.782259976743746e-10
0.2514228456913819,2.291326653306618e-05,2.291326653306618e-05,2.5450901803607175,1.8234732479403994e-09,1.8234732479403994e-09,1.8234732479403993e-10
0.2531663326653298,2.3093607214428906e-05,2.3093607214428906e-05,2.565130260521038,1.865639541560769e-09,1.865639541560769e-09,1.8656395415607688e-10
0.25490981963927767,2.3273947895791633e-05,2.3273947895791633e-05,2.5851703406813584,1.908780895451251e-09,1.908780895451251e-09,1.908780895451251e-10
0.25665330661322555,2.345428857715436e-05,2.345428857715436e-05,2.605210420841679,1.9529198570650123e-09,1.9529198570650123e-09,1.9529198570650122e-10
0.25839679358717343,2.3634629258517086e-05,2.3634629258517086e-05,2.6252505010019993,1.9980794952461943e-09,1.9980794952461943e-09,1.9980794952461943e-10
0.2601402805611213,2.3814969939879813e-05,2.3814969939879813e-05,2.6452905811623197,2.044283412286684e-09,2.044283412286684e-09,2.0442834122866842e-10
0.2618837675350692,2.399531062124254e-05,2.399531062124254e-05,2.66533066132264,2.09155575626162e-09,2.09155575626162e-09,2.09155575626162e-10
0.2636272545090171,2.4175651302605267e-05,2.4175651302605267e-05,2.6853707414829606,2.1399212336501777e-09,2.1399212336501777e-09,2.1399212336501776e-10
0.26537074148296497,2.4355991983967994e-05,2.4355991983967994e-05,2.705410821643281,2.1894051222482004e-09,2.1894051222482004e-09,2.1894051222482005e-10
0.26711422845691285,2.453633266533072e-05,2.453633266533072e-05,2.7254509018036015,2.240033284379423e-09,2.240033284379423e-09,2.2400332843794228e-10
0.26885771543086073,2.4716673346693448e-05,2.4716673346693448e-05,2.745490981963922,2.2918321804121607e-09,2.2918321804121607e-09,2.2918321804121607e-10
0.2706012024048086,2.4897014028056175e-05,2.4897014028056175e-05,2.7655310621242424,2.3448288825886378e-09,2.3448288825886378e-09,2.3448288825886376e-10
0.2723446893787565,2.50773547094189e-05,2.50773547094189e-05,2.785571142284563,2.3990510891740275e-09,2.3990510891740275e-09,2.3990510891740275e-10
0.2740881763527044,2.525769539078163e-05,2.525769539078163e-05,2.8056112224448833,2.4545271389327164e-09,2.4545271389327164e-09,2.4545271389327164e-10
0.27583166332665227,2.5438036072144355e-05,2.5438036072144355e-05,2.8256513026052037,2.5112860259393226e-09,2.5112860259393226e-09,2.5112860259393227e-10
0.27757515030060015,2.5618376753507082e-05,2.5618376753507082e-05,2.845691382765524,2.569357414732162e-09,2.569357414732162e-09,2.569357414732162e-10
0.27931863727454803,2.579871743486981e-05,2.579871743486981e-05,2.8657314629258446,2.628771655817212e-09,2.628771655817212e-09,2.628771655817212e-10
0.2810621242484959,2.5979058116232536e-05,2.5979058116232536e-05,2.885771543086165,2.6895598015305057e-09,2.6895598015305057e-09,2.689559801530506e-10
0.2828056112224438,2.6159398797595263e-05,2.6159398797595263e-05,2.9058116232464855,2.751753622267373e-09,2.751753622267373e-09,2.751753622267373e-10
0.2845490981963917,2.633973947895799e-05,2.633973947895799e-05,2.925851703406806,2.8153856230869715e-09,2.8153856230869715e-09,2.8153856230869716e-10
0.28629258517033956,2.6520080160320717e-05,2.6520080160320717e-05,2.9458917835671263,2.880489060700734e-09,2.880489060700734e-09,2.880489060700734e-10
0.28803607214428745,2.6700420841683444e-05,2.6700420841683444e-05,2.9659318637274468,2.9470979608537566e-09,2.9470979608537566e-09,2.9470979608537566e-10
0.28977955911823533,2.688076152304617e-05,2.688076152304617e-05,2.985971943887767,3.0152471361080205e-09,3.0152471361080205e-09,3.0152471361080204e-10
0.2915230460921832,2.7061102204408897e-05,2.7061102204408897e-05,3.0060120240480876,3.084972204036884e-09,3.084972204036884e-09,3.084972204036884e-10
0.2932665330661311,2.7241442885771624e-05,2.7241442885771624e-05,3.026052104208408,3.1563096058403076e-09,3.1563096058403076e-09,3.156309605840308e-10
0.295010020040079,2.742178356713435e-05,2.742178356713435e-05,3.0460921843687285,3.229296625390487e-09,3.229296625390487e-09,3.229296625390487e-10
0.29675350701402686,2.7602124248497078e-05,2.7602124248497078e-05,3.066132264529049,3.30397140871801e-09,3.30397140871801e-09,3.30397140871801e-10
0.29849699398797475,2.7782464929859805e-05,2.7782464929859805e-05,3.0861723446893694,3.380372983948503e-09,3.380372983948503e-09,3.380372983948503e-10
0.30024048096192263,2.7962805611222532e-05,2.7962805611222532e-05,3.10621242484969,3.4585412817003523e-09,3.4585412817003523e-09,3.4585412817003525e-10
0.3019839679358705,2.814314629258526e-05,2.814314629258526e-05,3.1262525050100103,3.5385171559541083e-09,3.5385171559541083e-09,3.538517155954108e-10
0.3037274549098184,2.8323486973947986e-05,2.8323486973947986e-05,3.1462925851703307,3.6203424054044113e-09,3.6203424054044113e-09,3.6203424054044115e-10
0.3054709418837663,2.8503827655310713e-05,2.8503827655310713e-05,3.166332665330651,3.7040597953057886e-09,3.7040597953057886e-09,3.704059795305789e-10
0.30721442885771416,2.868416833667344e-05,2.868416833667344e-05,3.1863727454909716,3.789713079823497e-09,3.789713079823497e-09,3.789713079823497e-10
0.30895791583166204,2.8864509018036166e-05,2.8864509018036166e-05,3.206412825651292,3.877347024901268e-09,3.877347024901268e-09,3.8773470249012675e-10
0.3107014028056099,2.9044849699398893e-05,2.9044849699398893e-05,3.2264529058116125,3.967007431657834e-09,3.967007431657834e-09,3.967007431657834e-10
0.3124448897795578,2.922519038076162e-05,2.922519038076162e-05,3.246492985971933,4.058741160324506e-09,4.058741160324506e-09,4.0587411603245054e-10
0.3141883767535057,2.9405531062124347e-05,2.9405531062124347e-05,3.2665330661322534,4.152596154736201e-09,4.152596154736201e-09,4.1525961547362006e-10
0.3159318637274536,2.9585871743487074e-05,2.9585871743487074e-05,3.286573146292574,4.248621467388963e-09,4.248621467388963e-09,4.2486214673889635e-10
0.31767535070140146,2.97662124248498e-05,2.97662124248498e-05,3.3066132264528942,4.346867285076761e-09,4.346867285076761e-09,4.346867285076761e-10
0.31941883767534934,2.9946553106212528e-05,2.9946553106212528e-05,3.3266533066132147,4.447384955121195e-09,4.447384955121195e-09,4.447384955121195e-10
0.3211623246492972,3.0126893787575255e-05,3.0126893787575255e-05,3.346693386773535,4.5502270122077455e-09,4.5502270122077455e-09,4.5502270122077453e-10
0.3229058116232451,3.030723446893798e-05,3.030723446893798e-05,3.3667334669338556,4.655447205842502e-09,4.655447205842502e-09,4.655447205842502e-10
0.324649298597193,3.048757515030071e-05,3.048757515030071e-05,3.386773547094176,4.763100528443976e-09,4.763100528443976e-09,4.763100528443976e-10
0.3263927855711409,3.066791583166343e-05,3.066791583166343e-05,3.4068136272544964,4.8732432440843374e-09,4.8732432440843374e-09,4.873243244084338e-10
0.32813627254508876,3.084825651302616e-05,3.084825651302616e-05,3.426853707414817,4.985932917895367e-09,4.985932917895367e-09,4.985932917895367e-10
0.32987975951903664,3.1028597194388886e-05,3.1028597194388886e-05,3.4468937875751373,5.101228446154385e-09,5.101228446154385e-09,5.101228446154385e-10
0.3316232464929845,3.120893787575161e-05,3.120893787575161e-05,3.4669338677354578,5.2191900870658066e-09,5.2191900870658066e-09,5.219190087065806e-10
0.3333667334669324,3.138927855711434e-05,3.138927855711434e-05,3.486973947895778,5.3398794922546735e-09,5.3398794922546735e-09,5.339879492254674e-10
0.3351102204408803,3.1569619238477067e-05,3.1569619238477067e-05,3.5070140280560986,5.4633597389882735e-09,5.4633597389882735e-09,5.463359738988273e-10
0.3368537074148282,3.1749959919839793e-05,3.1749959919839793e-05,3.527054108216419,5.589695363142939e-09,5.589695363142939e-09,5.589695363142939e-10
0.33859719438877606,3.193030060120252e-05,3.193030060120252e-05,3.5470941883767395,5.7189523929331805e-09,5.7189523929331805e-09,5.71895239293318e-10
0.34034068136272394,3.211064128256525e-05,3.211064128256525e-05,3.56713426853706,5.851198383420681e-09,5.851198383420681e-09,5.851198383420681e-10
0.3420841683366718,3.2290981963927974e-05,3.2290981963927974e-05,3.5871743486973804,5.986502451821476e-09,5.986502451821476e-09,5.986502451821476e-10
0.3438276553106197,3.24713226452907e-05,3.24713226452907e-05,3.607214428857701,6.124935313629392e-09,6.124935313629392e-09,6.124935313629392e-10
0.3455711422845676,3.265166332665343e-05,3.265166332665343e-05,3.6272545090180213,6.266569319574902e-09,6.266569319574902e-09,6.266569319574902e-10
0.3473146292585155,3.2832004008016155e-05,3.2832004008016155e-05,3.6472945891783417,6.411478493438621e-09,6.411478493438621e-09,6.411478493438621e-10
0.34905811623246336,3.301234468937888e-05,3.301234468937888e-05,3.667334669338662,6.559738570739111e-09,6.559738570739111e-09,6.559738570739111e-10
0.35080160320641124,3.319268537074161e-05,3.319268537074161e-05,3.6873747494989826,6.711427038315516e-09,6.711427038315516e-09,6.711427038315515e-10
0.3525450901803591,3.3373026052104336e-05,3.3373026052104336e-05,3.707414829659303,6.866623174825301e-09,6.866623174825301e-09,6.866623174825301e-10
0.354288577154307,3.355336673346706e-05,3.355336673346706e-05,3.7274549098196235,7.025408092178572e-09,7.025408092178572e-09,7.025408092178571e-10
0.3560320641282549,3.373370741482979e-05,3.373370741482979e-05,3.747494989979944,7.187864777930511e-09,7.187864777930511e-09,7.187864777930511e-10
0.35777555110220277,3.3914048096192516e-05,3.3914048096192516e-05,3.7675350701402643,7.354078138654125e-09,7.354078138654125e-09,7.354078138654125e-10
0.35951903807615065,3.409438877755524e-05,3.409438877755524e-05,3.787575150300585,7.524135044315824e-09,7.524135044315824e-09,7.524135044315825e-10
0.36126252505009854,3.427472945891797e-05,3.427472945891797e-05,3.807615230460905,7.698124373677404e-09,7.698124373677404e-09,7.698124373677404e-10
0.3630060120240464,3.44550701402807e-05,3.44550701402807e-05,3.8276553106212257,7.876137060747666e-09,7.876137060747666e-09,7.876137060747665e-10
0.3647494989979943,3.4635410821643424e-05,3.4635410821643424e-05,3.847695390781546,8.058266142308294e-09,8.058266142308294e-09,8.058266142308294e-10
0.3664929859719422,3.481575150300615e-05,3.481575150300615e-05,3.8677354709418665,8.244606806538764e-09,8.244606806538764e-09,8.244606806538764e-10
0.36823647294589007,3.499609218436888e-05,3.499609218436888e-05,3.887775551102187,8.435256442765496e-09,8.435256442765496e-09,8.435256442765495e-10
0.36997995991983795,3.5176432865731605e-05,3.5176432865731605e-05,3.9078156312625074,8.630314692361701e-09,8.630314692361701e-09,8.630314692361702e-10
0.37172344689378584,3.535677354709433e-05,3.535677354709433e-05,3.927855711422828,8.829883500823982e-09,8.829883500823982e-09,8.829883500823982e-10
0.3734669338677337,3.553711422845706e-05,3.553711422845706e-05,3.9478957915831483,9.034067171053278e-09,9.034067171053278e-09,9.034067171053277e-10
0.3752104208416816,3.5717454909819785e-05,3.5717454909819785e-05,3.9679358717434687,9.24297241786789e-09,9.24297241786789e-09,9.24297241786789e-10
0.3769539078156295,3.589779559118251e-05,3.589779559118251e-05,3.987975951903789,9.456708423776946e-09,9.456708423776946e-09,9.456708423776946e-10
0.37869739478957737,3.607813627254524e-05,3.607813627254524e-05,4.00801603206411,9.675386896043865e-09,9.675386896043865e-09,9.675386896043865e-10
0.38044088176352525,3.6258476953907966e-05,3.6258476953907966e-05,4.028056112224431,9.89912212506906e-09,9.89912212506906e-09,9.899122125069062e-10
0.38218436873747313,3.643881763527069e-05,3.643881763527069e-05,4.048096192384752,1.0128031044122859e-08,1.0128031044122859e-08,1.0128031044122858e-09
0.383927855711421,3.661915831663342e-05,3.661915831663342e-05,4.068136272545073,1.0362233290459696e-08,1.0362233290459696e-08,1.0362233290459697e-09
0.3856713426853689,3.6799498997996147e-05,3.6799498997996147e-05,4.088176352705394,1.060185126784533e-08,1.060185126784533e-08,1.0601851267845331e-09
0.3874148296593168,3.6979839679358873e-05,3.6979839679358873e-05,4.1082164328657145,1.0847010210530333e-08,1.0847010210530333e-08,1.0847010210530334e-09
0.38915831663326467,3.71601803607216e-05,3.71601803607216e-05,4.128256513026035,1.1097838248702528e-08,1.1097838248702528e-08,1.1097838248702528e-09
0.39090180360721255,3.734052104208433e-05,3.734052104208433e-05,4.148296593186356,1.1354466475453157e-08,1.1354466475453157e-08,1.1354466475453157e-09
0.39264529058116043,3.7520861723447054e-05,3.7520861723447054e-05,4.168336673346677,1.1617029015291595e-08,1.1617029015291595e-08,1.1617029015291595e-09
0.3943887775551083,3.770120240480978e-05,3.770120240480978e-05,4.188376753506998,1.1885663094244174e-08,1.1885663094244174e-08,1.1885663094244174e-09
0.3961322645290562,3.788154308617251e-05,3.788154308617251e-05,4.208416833667319,1.2160509111574433e-08,1.2160509111574433e-08,1.2160509111574433e-09
0.3978757515030041,3.8061883767535235e-05,3.8061883767535235e-05,4.22845691382764,1.24417107131614e-08,1.24417107131614e-08,1.24417107131614e-09
0.39961923847695197,3.824222444889796e-05,3.824222444889796e-05,4.248496993987961,1.2729414866574903e-08,1.2729414866574903e-08,1.2729414866574903e-09
0.40136272545089985,3.842256513026069e-05,3.842256513026069e-05,4.2685370741482815,1.302377193788689e-08,1.302377193788689e-08,1.302377193788689e-09
0.40310621242484773,3.8602905811623416e-05,3.8602905811623416e-05,4.288577154308602,1.3324935770259004e-08,1.3324935770259004e-08,1.3324935770259003e-09
0.4048496993987956,3.878324649298614e-05,3.878324649298614e-05,4.308617234468923,1.3633063764347168e-08,1.3633063764347168e-08,1.3633063764347169e-09
0.4065931863727435,3.896358717434887e-05,3.896358717434887e-05,4.328657314629244,1.3948316960565968e-08,1.3948316960565968e-08,1.3948316960565967e-09
0.4083366733466914,3.9143927855711596e-05,3.9143927855711596e-05,4.348697394789565,1.4270860123254817e-08,1.4270860123254817e-08,1.4270860123254817e-09
0.41008016032063926,3.932426853707432e-05,3.932426853707432e-05,4.368737474949886,1.460086182679067e-08,1.460086182679067e-08,1.460086182679067e-09
0.41182364729458715,3.950460921843705e-05,3.950460921843705e-05,4.388777555110207,1.4938494543691993e-08,1.4938494543691993e-08,1.4938494543691992e-09
0.41356713426853503,3.968494989979978e-05,3.968494989979978e-05,4.408817635270528,1.5283934734759824e-08,1.5283934734759824e-08,1.5283934734759824e-09
0.4153106212424829,3.9865290581162504e-05,3.9865290581162504e-05,4.428857715430849,1.5637362941303773e-08,1.5637362941303773e-08,1.5637362941303773e-09
0.4170541082164308,4.004563126252523e-05,4.004563126252523e-05,4.4488977955911695,1.599896387950018e-08,1.599896387950018e-08,1.5998963879500182e-09
0.4187975951903787,4.022597194388796e-05,4.022597194388796e-05,4.46893787575149,1.6368926536932457e-08,1.6368926536932457e-08,1.6368926536932458e-09
0.42054108216432656,4.0406312625250685e-05,4.0406312625250685e-05,4.488977955911811,1.6747444271363853e-08,1.6747444271363853e-08,1.6747444271363853e-09
0.42228456913827445,4.058665330661341e-05,4.058665330661341e-05,4.509018036072132,1.7134714911793995e-08,1.7134714911793995e-08,1.7134714911793996e-09
0.42402805611222233,4.076699398797614e-05,4.076699398797614e-05,4.529058116232453,1.7530940861852815e-08,1.7530940861852815e-08,1.7530940861852815e-09
0.4257715430861702,4.0947334669338865e-05,4.0947334669338865e-05,4.549098196392774,1.7936329205584844e-08,1.7936329205584844e-08,1.7936329205584843e-09
0.4275150300601181,4.112767535070159e-05,4.112767535070159e-05,4.569138276553095,1.8351091815679916e-08,1.8351091815679916e-08,1.8351091815679915e-09
0.429258517034066,4.130801603206432e-05,4.130801603206432e-05,4.589178356713416,1.8775445464206673e-08,1.8775445464206673e-08,1.8775445464206674e-09
0.43100200400801386,4.1488356713427046e-05,4.1488356713427046e-05,4.609218436873737,1.920961193590632e-08,1.920961193590632e-08,1.920961193590632e-09
0.43274549098196174,4.166869739478977e-05,4.166869739478977e-05,4.629258517034057,1.965381814410689e-08,1.965381814410689e-08,1.965381814410689e-09
0.4344889779559096,4.18490380761525e-05,4.18490380761525e-05,4.649298597194378,2.010829624931726e-08,2.010829624931726e-08,2.0108296249317262e-09
0.4362324649298575,4.202937875751523e-05,4.202937875751523e-05,4.669338677354699,2.0573283780563895e-08,2.0573283780563895e-08,2.0573283780563896e-09
0.4379759519038054,4.2209719438877954e-05,4.2209719438877954e-05,4.68937875751502,2.104902375953338e-08,2.104902375953338e-08,2.104902375953338e-09
0.4397194388777533,4.239006012024068e-05,4.239006012024068e-05,4.709418837675341,2.1535764827585305e-08,2.1535764827585305e-08,2.1535764827585307e-09
0.44146292585170116,4.257040080160341e-05,4.257040080160341e-05,4.729458917835662,2.2033761375702947e-08,2.2033761375702947e-08,2.2033761375702947e-09
0.44320641282564904,4.2750741482966134e-05,4.2750741482966134e-05,4.749498997995983,2.2543273677448226e-08,2.2543273677448226e-08,2.2543273677448224e-09
0.4449498997995969,4.293108216432886e-05,4.293108216432886e-05,4.769539078156304,2.306456802499146e-08,2.306456802499146e-08,2.306456802499146e-09
0.4466933867735448,4.311142284569159e-05,4.311142284569159e-05,4.7895791583166245,2.3597916868286672e-08,2.3597916868286672e-08,2.3597916868286673e-09
0.4484368737474927,4.3291763527054315e-05,4.3291763527054315e-05,4.809619238476945,2.4143598957465273e-08,2.4143598957465273e-08,2.414359895746527e-09
0.4501803607214406,4.347210420841704e-05,4.347210420841704e-05,4.829659318637266,2.4701899488522036e-08,2.4701899488522036e-08,2.4701899488522035e-09
0.45192384769538846,4.365244488977977e-05,4.365244488977977e-05,4.849699398797587,2.527311025237083e-08,2.527311025237083e-08,2.5273110252370827e-09
0.45366733466933634,4.3832785571142496e-05,4.3832785571142496e-05,4.869739478957908,2.585752978734625e-08,2.585752978734625e-08,2.5857529787346247e-09
0.4554108216432842,4.401312625250522e-05,4.401312625250522e-05,4.889779559118229,2.6455463535232158e-08,2.6455463535232158e-08,2.6455463535232157e-09
0.4571543086172321,4.419346693386795e-05,4.419346693386795e-05,4.90981963927855,2.706722400089829e-08,2.706722400089829e-08,2.706722400089829e-09
0.45889779559118,4.4373807615230676e-05,4.4373807615230676e-05,4.929859719438871,2.769313091562781e-08,2.769313091562781e-08,2.769313091562781e-09
0.4606412825651279,4.45541482965934e-05,4.45541482965934e-05,4.949899799599192,2.8333511404222655e-08,2.8333511404222655e-08,2.8333511404222654e-09
0.46238476953907576,4.473448897795613e-05,4.473448897795613e-05,4.9699398797595125,2.8988700155972077e-08,2.8988700155972077e-08,2.8988700155972076e-09
0.46412825651302364,4.491482965931886e-05,4.491482965931886e-05,4.989979959919833,2.9659039599575217e-08,2.9659039599575217e-08,2.9659039599575215e-09
0.4658717434869715,4.5095170340681584e-05,4.5095170340681584e-05,5.010020040080154,3.034488008210854e-08,3.034488008210854e-08,3.034488008210854e-09
0.4676152304609194,4.527551102204431e-05,4.527551102204431e-05,5.030060120240475,3.104658005213131e-08,3.104658005213131e-08,3.104658005213131e-09
0.4693587174348673,4.545585170340704e-05,4.545585170340704e-05,5.050100200400796,3.1764506247026196e-08,3.1764506247026196e-08,3.1764506247026194e-09
0.4711022044088152,4.5636192384769765e-05,4.5636192384769765e-05,5.070140280561117,3.249903388467101e-08,3.249903388467101e-08,3.249903388467101e-09
0.47284569138276306,4.581653306613249e-05,4.581653306613249e-05,5.090180360721438,3.3250546859543106e-08,3.3250546859543106e-08,3.3250546859543107e-09
0.47458917835671094,4.599687374749522e-05,4.599687374749522e-05,5.110220440881759,3.401943794335867e-08,3.401943794335867e-08,3.401943794335867e-09
0.4763326653306588,4.6177214428857945e-05,4.6177214428857945e-05,5.1302605210420795,3.4806108990350904e-08,3.4806108990350904e-08,3.4806108990350904e-09
0.4780761523046067,4.635755511022067e-05,4.635755511022067e-05,5.1503006012024,3.56109711472964e-08,3.56109711472964e-08,3.56109711472964e-09
0.4798196392785546,4.65378957915834e-05,4.65378957915834e-05,5.170340681362721,3.643444506839694e-08,3.643444506839694e-08,3.6434445068396936e-09
0.48156312625250247,4.6718236472946126e-05,4.6718236472946126e-05,5.190380761523042,3.7276961135130846e-08,3.7276961135130846e-08,3.727696113513085e-09
0.48330661322645035,4.689857715430885e-05,4.689857715430885e-05,5.210420841683363,3.8138959681188295e-08,3.8138959681188295e-08,3.81389596811883e-09
0.48505010020039824,4.707891783567158e-05,4.707891783567158e-05,5.230460921843684,3.902089122260732e-08,3.902089122260732e-08,3.902089122260732e-09
0.4867935871743461,4.725925851703431e-05,4.725925851703431e-05,5.250501002004005,3.992321669323289e-08,3.992321669323289e-08,3.992321669323289e-09
0.488537074148294,4.7439599198397034e-05,4.7439599198397034e-05,5.270541082164326,4.084640768561948e-08,4.084640768561948e-08,4.084640768561948e-09
0.4902805611222419,4.761993987975976e-05,4.761993987975976e-05,5.290581162324647,4.1790946697504914e-08,4.1790946697504914e-08,4.1790946697504915e-09
0.49202404809618977,4.780028056112249e-05,4.780028056112249e-05,5.3106212424849675,4.2757327383983625e-08,4.2757327383983625e-08,4.275732738398362e-09
0.49376753507013765,4.7980621242485214e-05,4.7980621242485214e-05,5.330661322645288,4.3746054815511335e-08,4.3746054815511335e-08,4.374605481551134e-09
0.49551102204408554,4.816096192384794e-05,4.816096192384794e-05,5.350701402805609,4.4757645741875136e-08,4.4757645741875136e-08,4.475764574187514e-09
0.4972545090180334,4.834130260521067e-05,4.834130260521067e-05,5.37074148296593,4.579262886226917e-08,4.579262886226917e-08,4.579262886226917e-09
0.4989979959919813,4.8521643286573395e-05,4.8521643286573395e-05,5.390781563126251,4.685154510161405e-08,4.685154510161405e-08,4.685154510161405e-09
0.5007414829659292,4.870198396793612e-05,4.870198396793612e-05,5.410821643286572,4.793494789326676e-08,4.793494789326676e-08,4.793494789326676e-09
0.5024849699398771,4.888232464929885e-05,4.888232464929885e-05,5.430861723446893,4.904340346826786e-08,4.904340346826786e-08,4.904340346826786e-09
0.504228456913825,4.9062665330661576e-05,4.9062665330661576e-05,5.450901803607214,5.017749115127665e-08,5.017749115127665e-08,5.017749115127665e-09
0.5059719438877729,4.92430060120243e-05,4.92430060120243e-05,5.4709418837675345,5.133780366335107e-08,5.133780366335107e-08,5.1337803663351075e-09
0.5077154308617208,4.942334669338703e-05,4.942334669338703e-05,5.490981963927855,5.252494743172759e-08,5.252494743172759e-08,5.252494743172759e-09
0.5094589178356687,4.9603687374749756e-05,4.9603687374749756e-05,5.511022044088176,5.37395429067653e-08,5.37395429067653e-08,5.37395429067653e-09
0.5112024048096165,4.978402805611248e-05,4.978402805611248e-05,5.531062124248497,5.4982224886219015e-08,5.4982224886219015e-08,5.498222488621901e-09
0.5129458917835644,4.996436873747521e-05,4.996436873747521e-05,5.551102204408818,5.625364284701012e-08,5.625364284701012e-08,5.625364284701012e-09
0.5146893787575123,5.014470941883794e-05,5.014470941883794e-05,5.571142284569139,5.755446128467109e-08,5.755446128467109e-08,5.755446128467109e-09
0.5164328657314602,5.0325050100200664e-05,5.0325050100200664e-05,5.59118236472946,5.888536006063764e-08,5.888536006063764e-08,5.888536006063764e-09
0.5181763527054081,5.050539078156339e-05,5.050539078156339e-05,5.611222444889781,6.024703475757249e-08,6.024703475757249e-08,6.0247034757572495e-09
0.519919839679356,5.068573146292612e-05,5.068573146292612e-05,5.631262525050102,6.164019704290581e-08,6.164019704290581e-08,6.16401970429058e-09
0.5216633266533038,5.0866072144288845e-05,5.0866072144288845e-05,5.6513026052104225,6.306557504078119e-08,6.306557504078119e-08,6.306557504078119e-09
0.5234068136272517,5.104641282565157e-05,5.104641282565157e-05,5.671342685370743,6.452391371260465e-08,6.452391371260465e-08,6.452391371260465e-09
0.5251503006011996,5.12267535070143e-05,5.12267535070143e-05,5.691382765531064,6.601597524639142e-08,6.601597524639142e-08,6.601597524639142e-09
0.5268937875751475,5.1407094188377025e-05,5.1407094188377025e-05,5.711422845691385,6.754253945511699e-08,6.754253945511699e-08,6.754253945511699e-09
0.5286372745490954,5.158743486973975e-05,5.158743486973975e-05,5.731462925851706,6.910440418427994e-08,6.910440418427994e-08,6.9104404184279935e-09
0.5303807615230433,5.176777555110248e-05,5.176777555110248e-05,5.751503006012027,7.070238572888788e-08,7.070238572888788e-08,7.070238572888788e-09
0.5321242484969911,5.1948116232465206e-05,5.1948116232465206e-05,5.771543086172348,7.233731926008842e-08,7.233731926008842e-08,7.233731926008842e-09
0.533867735470939,5.212845691382793e-05,5.212845691382793e-05,5.791583166332669,7.401005926166316e-08,7.401005926166316e-08,7.401005926166316e-09
0.5356112224448869,5.230879759519066e-05,5.230879759519066e-05,5.81162324649299,7.572147997661637e-08,7.572147997661637e-08,7.572147997661637e-09
0.5373547094188348,5.248913827655339e-05,5.248913827655339e-05,5.83166332665331,7.747247586409063e-08,7.747247586409063e-08,7.747247586409063e-09
0.5390981963927827,5.2669478957916114e-05,5.2669478957916114e-05,5.851703406813631,7.926396206684818e-08,7.926396206684818e-08,7.926396206684819e-09
0.5408416833667306,5.284981963927884e-05,5.284981963927884e-05,5.871743486973952,8.109687488956145e-08,8.109687488956145e-08,8.109687488956145e-09
0.5425851703406784,5.303016032064157e-05,5.303016032064157e-05,5.891783567134273,8.297217228816601e-08,8.297217228816601e-08,8.297217228816601e-09
0.5443286573146263,5.3210501002004294e-05,5.3210501002004294e-05,5.911823647294594,8.48908343705269e-08,8.48908343705269e-08,8.48908343705269e-09
0.5460721442885742,5.339084168336702e-05,5.339084168336702e-05,5.931863727454915,8.685386390868373e-08,8.685386390868373e-08,8.685386390868373e-09
0.5478156312625221,5.357118236472975e-05,5.357118236472975e-05,5.951903807615236,8.886228686294111e-08,8.886228686294111e-08,8.886228686294111e-09
0.54955911823647,5.3751523046092475e-05,5.3751523046092475e-05,5.971943887775557,9.091715291807655e-08,9.091715291807655e-08,9.091715291807656e-09
0.5513026052104179,5.39318637274552e-05,5.39318637274552e-05,5.9919839679358775,9.301953603195098e-08,9.301953603195098e-08,9.301953603195097e-09
0.5530460921843657,5.411220440881793e-05,5.411220440881793e-05,6.012024048096198,9.517053499680225e-08,9.517053499680225e-08,9.517053499680224e-09
0.5547895791583136,5.4292545090180656e-05,5.4292545090180656e-05,6.032064128256519,9.737127401351965e-08,9.737127401351965e-08,9.737127401351965e-09
0.5565330661322615,5.447288577154338e-05,5.447288577154338e-05,6.05210420841684,9.962290327919802e-08,9.962290327919802e-08,9.962290327919802e-09
0.5582765531062094,5.465322645290611e-05,5.465322645290611e-05,6.072144288577161,1.0192659958827687e-07,1.0192659958827687e-07,1.0192659958827687e-08
0.5600200400801573,5.4833567134268836e-05,5.4833567134268836e-05,6.092184368737482,1.0428356694758392e-07,1.0428356694758392e-07,1.0428356694758392e-08
0.5617635270541051,5.501390781563156e-05,5.501390781563156e-05,6.112224448897803,1.0669503720559728e-07,1.0669503720559728e-07,1.0669503720559728e-08
0.563507014028053,5.519424849699429e-05,5.519424849699429e-05,6.132264529058124,1.0916227069626075e-07,1.0916227069626075e-07,1.0916227069626075e-08
0.5652505010020009,5.537458917835702e-05,5.537458917835702e-05,6.152304609218445,1.1168655689768682e-07,1.1168655689768682e-07,1.1168655689768682e-08
0.5669939879759488,5.5554929859719744e-05,5.5554929859719744e-05,6.1723446893787655,1.142692151060895e-07,1.142692151060895e-07,1.142692151060895e-08
0.5687374749498967,5.573527054108247e-05,5.573527054108247e-05,6.192384769539086,1.1691159512530546e-07,1.1691159512530546e-07,1.1691159512530545e-08
0.5704809619238446,5.59156112224452e-05,5.59156112224452e-05,6.212424849699407,1.1961507797225564e-07,1.1961507797225564e-07,1.1961507797225564e-08
0.5722244488977924,5.6095951903807925e-05,5.6095951903807925e-05,6.232464929859728,1.2238107659872235e-07,1.2238107659872235e-07,1.2238107659872236e-08
0.5739679358717403,5.627629258517065e-05,5.627629258517065e-05,6.252505010020049,1.2521103662981536e-07,1.2521103662981536e-07,1.2521103662981537e-08
0.5757114228456882,5.645663326653338e-05,5.645663326653338e-05,6.27254509018037,1.2810643711951653e-07,1.2810643711951653e-07,1.2810643711951653e-08
0.5774549098196361,5.6636973947896105e-05,5.6636973947896105e-05,6.292585170340691,1.3106879132369401e-07,1.3106879132369401e-07,1.3106879132369401e-08
0.579198396793584,5.681731462925883e-05,5.681731462925883e-05,6.312625250501012,1.3409964749099134e-07,1.3409964749099134e-07,1.3409964749099134e-08
0.5809418837675319,5.699765531062156e-05,5.699765531062156e-05,6.3326653306613325,1.3720058967200789e-07,1.3720058967200789e-07,1.3720058967200789e-08
0.5826853707414797,5.7177995991984286e-05,5.7177995991984286e-05,6.352705410821653,1.4037323854718723e-07,1.4037323854718723e-07,1.4037323854718723e-08
0.5844288577154276,5.735833667334701e-05,5.735833667334701e-05,6.372745490981974,1.4361925227385327e-07,1.4361925227385327e-07,1.4361925227385327e-08
0.5861723446893755,5.753867735470974e-05,5.753867735470974e-05,6.392785571142295,1.4694032735283116e-07,1.4694032735283116e-07,1.4694032735283116e-08
0.5879158316633234,5.771901803607247e-05,5.771901803607247e-05,6.412825651302616,1.5033819951510772e-07,1.5033819951510772e-07,1.503381995151077e-08
0.5896593186372713,5.7899358717435194e-05,5.7899358717435194e-05,6.432865731462937,1.538146446289981e-07,1.538146446289981e-07,1.538146446289981e-08
0.5914028056112192,5.807969939879792e-05,5.807969939879792e-05,6.452905811623258,1.5737147962828574e-07,1.5737147962828574e-07,1.5737147962828573e-08
0.593146292585167,5.826004008016065e-05,5.826004008016065e-05,6.472945891783579,1.610105634618289e-07,1.610105634618289e-07,1.610105634618289e-08
0.5948897795591149,5.8440380761523374e-05,5.8440380761523374e-05,6.4929859719439,1.647337980651232e-07,1.647337980651232e-07,1.647337980651232e-08
0.5966332665330628,5.86207214428861e-05,5.86207214428861e-05,6.5130260521042205,1.6854312935433095e-07,1.6854312935433095e-07,1.6854312935433094e-08
0.5983767535070107,5.880106212424883e-05,5.880106212424883e-05,6.533066132264541,1.724405482432989e-07,1.724405482432989e-07,1.724405482432989e-08
0.6001202404809586,5.8981402805611555e-05,5.8981402805611555e-05,6.553106212424862,1.7642809168409121e-07,1.7642809168409121e-07,1.7642809168409122e-08
0.6018637274549065,5.916174348697428e-05,5.916174348697428e-05,6.573146292585183,1.8050784373158387e-07,1.8050784373158387e-07,1.8050784373158388e-08
0.6036072144288543,5.934208416833701e-05,5.934208416833701e-05,6.593186372745504,1.846819366326798e-07,1.846819366326798e-07,1.846819366326798e-08
0.6053507014028022,5.9522424849699736e-05,5.9522424849699736e-05,6.613226452905825,1.8895255194070682e-07,1.8895255194070682e-07,1.8895255194070683e-08
0.6070941883767501,5.970276553106246e-05,5.970276553106246e-05,6.633266533066146,1.9332192165558978e-07,1.9332192165558978e-07,1.9332192165558978e-08
0.608837675350698,5.988310621242519e-05,5.988310621242519e-05,6.653306613226467,1.9779232939038465e-07,1.9779232939038465e-07,1.9779232939038466e-08
0.6105811623246459,6.0063446893787916e-05,6.0063446893787916e-05,6.6733466933867875,2.0236611156478834e-07,2.0236611156478834e-07,2.0236611156478835e-08
0.6123246492985938,6.0243787575150643e-05,6.0243787575150643e-05,6.693386773547108,2.070456586262503e-07,2.070456586262503e-07,2.070456586262503e-08
0.6140681362725416,6.042412825651337e-05,6.042412825651337e-05,6.713426853707429,2.1183341629931634e-07,2.1183341629931634e-07,2.1183341629931635e-08
0.6158116232464895,6.06044689378761e-05,6.06044689378761e-05,6.73346693386775,2.1673188686386775e-07,2.1673188686386775e-07,2.1673188686386775e-08
0.6175551102204374,6.0784809619238824e-05,6.0784809619238824e-05,6.753507014028071,2.21743630462915e-07,2.21743630462915e-07,2.21743630462915e-08
0.6192985971943853,6.096515030060155e-05,6.096515030060155e-05,6.773547094188392,2.268712664406333e-07,2.268712664406333e-07,2.268712664406333e-08
0.6210420841683332,6.114549098196427e-05,6.114549098196427e-05,6.793587174348713,2.3211747471134193e-07,2.3211747471134193e-07,2.3211747471134193e-08
0.6227855711422811,6.132583166332699e-05,6.132583166332699e-05,6.813627254509034,2.3748499716013735e-07,2.3748499716013735e-07,2.3748499716013734e-08
0.6245290581162289,6.150617234468971e-05,6.150617234468971e-05,6.833667334669355,2.4297663907591406e-07,2.4297663907591406e-07,2.4297663907591408e-08
0.6262725450901768,6.168651302605243e-05,6.168651302605243e-05,6.8537074148296755,2.4859527061752755e-07,2.4859527061752755e-07,2.4859527061752755e-08
0.6280160320641247,6.186685370741515e-05,6.186685370741515e-05,6.873747494989996,2.543438283138544e-07,2.543438283138544e-07,2.543438283138544e-08
0.6297595190380726,6.204719438877787e-05,6.204719438877787e-05,6.893787575150317,2.6022531659854646e-07,2.6022531659854646e-07,2.6022531659854647e-08
0.6315030060120205,6.222753507014059e-05,6.222753507014059e-05,6.913827655310638,2.662428093802708e-07,2.662428093802708e-07,2.662428093802708e-08
0.6332464929859684,6.240787575150331e-05,6.240787575150331e-05,6.933867735470959,2.7239945164925986e-07,2.7239945164925986e-07,2.7239945164925987e-08
0.6349899799599162,6.258821643286603e-05,6.258821643286603e-05,6.95390781563128,2.786984611210164e-07,2.786984611210164e-07,2.786984611210164e-08
0.6367334669338641,6.276855711422875e-05,6.276855711422875e-05,6.973947895791601,2.851431299180209e-07,2.851431299180209e-07,2.851431299180209e-08
0.638476953907812,6.294889779559147e-05,6.294889779559147e-05,6.993987975951922,2.9173682629033395e-07,2.9173682629033395e-07,2.9173682629033396e-08
0.6402204408817599,6.312923847695419e-05,6.312923847695419e-05,7.014028056112243,2.984829963759814e-07,2.984829963759814e-07,2.984829963759814e-08
0.6419639278557078,6.330957915831691e-05,6.330957915831691e-05,7.034068136272563,3.0538516600204696e-07,3.0538516600204696e-07,3.05385166002047e-08
0.6437074148296557,6.348991983967963e-05,6.348991983967963e-05,7.054108216432884,3.1244694252741803e-07,3.1244694252741803e-07,3.12446942527418e-08
0.6454509018036035,6.367026052104235e-05,6.367026052104235e-05,7.074148296593205,3.196720167281389e-07,3.196720167281389e-07,3.196720167281389e-08
0.6471943887775514,6.385060120240507e-05,6.385060120240507e-05,7.094188376753526,3.270641647263611e-07,3.270641647263611e-07,3.2706416472636115e-08
0.6489378757514993,6.403094188376779e-05,6.403094188376779e-05,7.114228456913847,3.3462724996390475e-07,3.3462724996390475e-07,3.3462724996390477e-08
0.6506813627254472,6.421128256513051e-05,6.421128256513051e-05,7.134268537074168,3.42365225221448e-07,3.42365225221448e-07,3.4236522522144795e-08
0.6524248496993951,6.439162324649323e-05,6.439162324649323e-05,7.154308617234489,3.5028213468441776e-07,3.5028213468441776e-07,3.502821346844178e-08
0.654168336673343,6.457196392785595e-05,6.457196392785595e-05,7.17434869739481,3.5838211605664624e-07,3.5838211605664624e-07,3.5838211605664626e-08
0.6559118236472908,6.475230460921867e-05,6.475230460921867e-05,7.1943887775551305,3.6666940272290375e-07,3.6666940272290375e-07,3.6666940272290375e-08
0.6576553106212387,6.49326452905814e-05,6.49326452905814e-05,7.214428857715451,3.7514832596144537e-07,3.7514832596144537e-07,3.7514832596144536e-08
0.6593987975951866,6.511298597194411e-05,6.511298597194411e-05,7.234468937875772,3.838233172077098e-07,3.838233172077098e-07,3.838233172077098e-08
0.6611422845691345,6.529332665330683e-05,6.529332665330683e-05,7.254509018036093,3.9269891037037604e-07,3.9269891037037604e-07,3.92698910370376e-08
0.6628857715430824,6.547366733466955e-05,6.547366733466955e-05,7.274549098196414,4.017797442009687e-07,4.017797442009687e-07,4.017797442009687e-08
0.6646292585170303,6.565400801603227e-05,6.565400801603227e-05,7.294589178356735,4.1107056471825913e-07,4.1107056471825913e-07,4.1107056471825916e-08
0.6663727454909781,6.5834348697395e-05,6.5834348697395e-05,7.314629258517056,4.2057622768873556e-07,4.2057622768873556e-07,4.2057622768873555e-08
0.668116232464926,6.601468937875771e-05,6.601468937875771e-05,7.334669338677377,4.3030170116442404e-07,4.3030170116442404e-07,4.3030170116442404e-08
0.6698597194388739,6.619503006012043e-05,6.619503006012043e-05,7.354709418837698,4.402520680793966e-07,4.402520680793966e-07,4.402520680793966e-08
0.6716032064128218,6.637537074148315e-05,6.637537074148315e-05,7.3747494989980185,4.504325289063267e-07,4.504325289063267e-07,4.504325289063267e-08
0.6733466933867697,6.655571142284587e-05,6.655571142284587e-05,7.394789579158339,4.6084840437446547e-07,4.6084840437446547e-07,4.6084840437446547e-08
0.6750901803607176,6.67360521042086e-05,6.67360521042086e-05,7.41482965931866,4.715051382504799e-07,4.715051382504799e-07,4.7150513825047986e-08
0.6768336673346654,6.691639278557132e-05,6.691639278557132e-05,7.434869739478981,4.824083001835878e-07,4.824083001835878e-07,4.824083001835878e-08
0.6785771543086133,6.709673346693404e-05,6.709673346693404e-05,7.454909819639302,4.935635886164836e-07,4.935635886164836e-07,4.935635886164836e-08
0.6803206412825612,6.727707414829676e-05,6.727707414829676e-05,7.474949899799623,5.049768337635864e-07,5.049768337635864e-07,5.049768337635864e-08
0.6820641282565091,6.745741482965948e-05,6.745741482965948e-05,7.494989979959944,5.166540006581435e-07,5.166540006581435e-07,5.166540006581435e-08
0.683807615230457,6.76377555110222e-05,6.76377555110222e-05,7.515030060120265,5.286011922698089e-07,5.286011922698089e-07,5.286011922698089e-08
0.6855511022044048,6.781809619238492e-05,6.781809619238492e-05,7.5350701402805855,5.408246526943056e-07,5.408246526943056e-07,5.4082465269430566e-08
0.6872945891783527,6.799843687374764e-05,6.799843687374764e-05,7.555110220440906,5.533307704168443e-07,5.533307704168443e-07,5.533307704168443e-08
0.6890380761523006,6.817877755511036e-05,6.817877755511036e-05,7.575150300601227,5.661260816510151e-07,5.661260816510151e-07,5.661260816510152e-08
0.6907815631262485,6.835911823647308e-05,6.835911823647308e-05,7.595190380761548,5.792172737548809e-07,5.792172737548809e-07,5.7921727375488094e-08
0.6925250501001964,6.85394589178358e-05,6.85394589178358e-05,7.615230460921869,5.926111887260628e-07,5.926111887260628e-07,5.9261118872606276e-08
0.6942685370741443,6.871979959919852e-05,6.871979959919852e-05,7.63527054108219,6.063148267776576e-07,6.063148267776576e-07,6.063148267776576e-08
0.6960120240480921,6.890014028056124e-05,6.890014028056124e-05,7.655310621242511,6.203353499968312e-07,6.203353499968312e-07,6.203353499968312e-08
0.69775551102204,6.908048096192396e-05,6.908048096192396e-05,7.675350701402832,6.346800860880272e-07,6.346800860880272e-07,6.346800860880272e-08
0.6994989979959879,6.926082164328668e-05,6.926082164328668e-05,7.695390781563153,6.493565322027256e-07,6.493565322027256e-07,6.493565322027256e-08
0.7012424849699358,6.94411623246494e-05,6.94411623246494e-05,7.7154308617234735,6.643723588577598e-07,6.643723588577598e-07,6.643723588577598e-08
0.7029859719438837,6.962150300601212e-05,6.962150300601212e-05,7.735470941883794,6.797354139442534e-07,6.797354139442534e-07,6.797354139442534e-08
0.7047294589178316,6.980184368737484e-05,6.980184368737484e-05,7.755511022044115,6.954537268292439e-07,6.954537268292439e-07,6.95453726829244e-08
0.7064729458917794,6.998218436873756e-05,6.998218436873756e-05,7.775551102204436,7.115355125521681e-07,7.115355125521681e-07,7.115355125521681e-08
0.7082164328657273,7.016252505010028e-05,7.016252505010028e-05,7.795591182364757,7.279891761183791e-07,7.279891761183791e-07,7.279891761183791e-08
0.7099599198396752,7.0342865731463e-05,7.0342865731463e-05,7.815631262525078,7.448233168919441e-07,7.448233168919441e-07,7.448233168919442e-08
0.7117034068136231,7.052320641282572e-05,7.052320641282572e-05,7.835671342685399,7.620467330900357e-07,7.620467330900357e-07,7.620467330900357e-08
0.713446893787571,7.070354709418844e-05,7.070354709418844e-05,7.85571142284572,7.796684263812391e-07,7.796684263812391e-07,7.796684263812391e-08
0.7151903807615189,7.088388777555116e-05,7.088388777555116e-05,7.8757515030060405,7.976976065901924e-07,7.976976065901924e-07,7.976976065901925e-08
0.7169338677354667,7.106422845691388e-05,7.106422845691388e-05,7.895791583166361,8.161436965110303e-07,8.161436965110303e-07,8.161436965110304e-08
0.7186773547094146,7.12445691382766e-05,7.12445691382766e-05,7.915831663326682,8.350163368321142e-07,8.350163368321142e-07,8.350163368321142e-08
0.7204208416833625,7.142490981963932e-05,7.142490981963932e-05,7.935871743487003,8.543253911746649e-07,8.543253911746649e-07,8.543253911746649e-08
0.7221643286573104,7.160525050100204e-05,7.160525050100204e-05,7.955911823647324,8.740809512478927e-07,8.740809512478927e-07,8.740809512478927e-08
0.7239078156312583,7.178559118236476e-05,7.178559118236476e-05,7.975951903807645,8.942933421233391e-07,8.942933421233391e-07,8.942933421233391e-08
0.7256513026052062,7.196593186372748e-05,7.196593186372748e-05,7.995991983967966,9.149731276311929e-07,9.149731276311929e-07,9.14973127631193e-08
0.727394789579154,7.21462725450902e-05,7.21462725450902e-05,8.016032064128286,9.361311158813752e-07,9.361311158813752e-07,9.361311158813752e-08
0.7291382765531019,7.232661322645292e-05,7.232661322645292e-05,8.036072144288607,9.577783649123128e-07,9.577783649123128e-07,9.577783649123128e-08
0.7308817635270498,7.250695390781564e-05,7.250695390781564e-05,8.056112224448928,9.799261884703215e-07,9.799261884703215e-07,9.799261884703214e-08
0.7326252505009977,7.268729458917836e-05,7.268729458917836e-05,8.076152304609248,1.0025861619226328e-06,1.0025861619226328e-06,1.0025861619226328e-07
0.7343687374749456,7.286763527054108e-05,7.286763527054108e-05,8.09619238476957,1.0257701283071679e-06,1.0257701283071679e-06,1.0257701283071679e-07
0.7361122244488935,7.30479759519038e-05,7.30479759519038e-05,8.11623246492989,1.049490204522194e-06,1.049490204522194e-06,1.049490204522194e-07
0.7378557114228413,7.322831663326652e-05,7.322831663326652e-05,8.136272545090211,1.0737587876591105e-06,1.0737587876591105e-06,1.0737587876591106e-07
0.7395991983967892,7.340865731462924e-05,7.340865731462924e-05,8.156312625250532,1.0985885614816929e-06,1.0985885614816929e-06,1.0985885614816929e-07
0.7413426853707371,7.358899799599196e-05,7.358899799599196e-05,8.176352705410853,1.123992503055137e-06,1.123992503055137e-06,1.123992503055137e-07
0.743086172344685,7.376933867735468e-05,7.376933867735468e-05,8.196392785571174,1.149983889528423e-06,1.149983889528423e-06,1.149983889528423e-07
0.7448296593186329,7.39496793587174e-05,7.39496793587174e-05,8.216432865731495,1.1765763050734954e-06,1.1765763050734954e-06,1.1765763050734954e-07
0.7465731462925808,7.413002004008012e-05,7.413002004008012e-05,8.236472945891816,1.2037836479849065e-06,1.2037836479849065e-06,1.2037836479849065e-07
0.7483166332665286,7.431036072144284e-05,7.431036072144284e-05,8.256513026052136,1.2316201379436526e-06,1.2316201379436526e-06,1.2316201379436525e-07
0.7500601202404765,7.449070140280556e-05,7.449070140280556e-05,8.276553106212457,1.2601003234489512e-06,1.2601003234489512e-06,1.2601003234489513e-07
0.7518036072144244,7.467104208416828e-05,7.467104208416828e-05,8.296593186372778,1.2892390894219017e-06,1.2892390894219017e-06,1.2892390894219017e-07
0.7535470941883723,7.4851382765531e-05,7.4851382765531e-05,8.316633266533099,1.3190516649849534e-06,1.3190516649849534e-06,1.3190516649849534e-07
0.7552905811623202,7.503172344689372e-05,7.503172344689372e-05,8.33667334669342,1.3495536314212663e-06,1.3495536314212663e-06,1.3495536314212662e-07
0.7570340681362681,7.521206412825644e-05,7.521206412825644e-05,8.35671342685374,1.3807609303181489e-06,1.3807609303181489e-06,1.380760930318149e-07
0.7587775551102159,7.539240480961916e-05,7.539240480961916e-05,8.376753507014062,1.4126898718987808e-06,1.4126898718987808e-06,1.4126898718987808e-07
0.7605210420841638,7.557274549098188e-05,7.557274549098188e-05,8.396793587174383,1.4453571435466035e-06,1.4453571435466035e-06,1.4453571435466036e-07
0.7622645290581117,7.57530861723446e-05,7.57530861723446e-05,8.416833667334704,1.4787798185268515e-06,1.4787798185268515e-06,1.4787798185268515e-07
0.7640080160320596,7.593342685370732e-05,7.593342685370732e-05,8.436873747495024,1.512975364909728e-06,1.512975364909728e-06,1.512975364909728e-07
0.7657515030060075,7.611376753507004e-05,7.611376753507004e-05,8.456913827655345,1.547961654699955e-06,1.547961654699955e-06,1.547961654699955e-07
0.7674949899799554,7.629410821643276e-05,7.629410821643276e-05,8.476953907815666,1.583756973177416e-06,1.583756973177416e-06,1.583756973177416e-07
0.7692384769539032,7.647444889779548e-05,7.647444889779548e-05,8.496993987975987,1.620380028453788e-06,1.620380028453788e-06,1.620380028453788e-07
0.7709819639278511,7.66547895791582e-05,7.66547895791582e-05,8.517034068136308,1.6578499612501935e-06,1.6578499612501935e-06,1.6578499612501935e-07
0.772725450901799,7.683513026052092e-05,7.683513026052092e-05,8.537074148296629,1.6961863549009102e-06,1.6961863549009102e-06,1.6961863549009102e-07
0.7744689378757469,7.701547094188364e-05,7.701547094188364e-05,8.55711422845695,1.7354092455884483e-06,1.7354092455884483e-06,1.7354092455884483e-07
0.7762124248496948,7.719581162324636e-05,7.719581162324636e-05,8.57715430861727,1.7755391328152799e-06,1.7755391328152799e-06,1.7755391328152798e-07
0.7779559118236427,7.737615230460908e-05,7.737615230460908e-05,8.597194388777591,1.8165969901177153e-06,1.8165969901177153e-06,1.8165969901177153e-07
0.7796993987975905,7.75564929859718e-05,7.75564929859718e-05,8.617234468937912,1.8586042760275588e-06,1.8586042760275588e-06,1.8586042760275588e-07
0.7814428857715384,7.773683366733452e-05,7.773683366733452e-05,8.637274549098233,1.9015829452872134e-06,1.9015829452872134e-06,1.9015829452872134e-07
0.7831863727454863,7.791717434869724e-05,7.791717434869724e-05,8.657314629258554,1.9455554603241263e-06,1.9455554603241263e-06,1.9455554603241262e-07
0.7849298597194342,7.809751503005996e-05,7.809751503005996e-05,8.677354709418875,1.990544802990605e-06,1.990544802990605e-06,1.990544802990605e-07
0.7866733466933821,7.827785571142268e-05,7.827785571142268e-05,8.697394789579196,2.036574486575053e-06,2.036574486575053e-06,2.036574486575053e-07
0.78841683366733,7.84581963927854e-05,7.84581963927854e-05,8.717434869739517,2.083668568091013e-06,2.083668568091013e-06,2.0836685680910129e-07
0.7901603206412778,7.863853707414812e-05,7.863853707414812e-05,8.737474949899838,2.131851660850342e-06,2.131851660850342e-06,2.1318516608503423e-07
0.7919038076152257,7.881887775551084e-05,7.881887775551084e-05,8.757515030060159,2.1811489473271364e-06,2.1811489473271364e-06,2.1811489473271363e-07
0.7936472945891736,7.899921843687356e-05,7.899921843687356e-05,8.77755511022048,2.2315861923191555e-06,2.2315861923191555e-06,2.2315861923191554e-07
0.7953907815631215,7.917955911823628e-05,7.917955911823628e-05,8.7975951903808,2.2831897564135424e-06,2.2831897564135424e-06,2.2831897564135425e-07
0.7971342685370694,7.9359899799599e-05,7.9359899799599e-05,8.817635270541121,2.3359866097639786e-06,2.3359866097639786e-06,2.3359866097639786e-07
0.7988777555110173,7.954024048096172e-05,7.954024048096172e-05,8.837675350701442,2.3900043461863924e-06,2.3900043461863924e-06,2.3900043461863924e-07
0.8006212424849651,7.972058116232444e-05,7.972058116232444e-05,8.857715430861763,2.445271197580611e-06,2.445271197580611e-06,2.445271197580611e-07
0.802364729458913,7.990092184368716e-05,7.990092184368716e-05,8.877755511022084,2.5018160486855433e-06,2.5018160486855433e-06,2.5018160486855434e-07
0.8041082164328609,8.008126252504988e-05,8.008126252504988e-05,8.897795591182405,2.5596684521755253e-06,2.5596684521755253e-06,2.5596684521755255e-07
0.8058517034068088,8.02616032064126e-05,8.02616032064126e-05,8.917835671342726,2.618858644105754e-06,2.618858644105754e-06,2.618858644105754e-07
0.8075951903807567,8.044194388777532e-05,8.044194388777532e-05,8.937875751503046,2.6794175597149314e-06,2.6794175597149314e-06,2.679417559714931e-07
0.8093386773547045,8.062228456913804e-05,8.062228456913804e-05,8.957915831663367,2.7413768495932584e-06,2.7413768495932584e-06,2.7413768495932586e-07
0.8110821643286524,8.080262525050076e-05,8.080262525050076e-05,8.977955911823688,2.8047688962243757e-06,2.8047688962243757e-06,2.804768896224376e-07
0.8128256513026003,8.098296593186348e-05,8.098296593186348e-05,8.99799599198401,2.8696268309097724e-06,2.8696268309097724e-06,2.8696268309097723e-07
0.8145691382765482,8.11633066132262e-05,8.11633066132262e-05,9.01803607214433,2.935984551084556e-06,2.935984551084556e-06,2.9359845510845557e-07
0.8163126252504961,8.134364729458892e-05,8.134364729458892e-05,9.038076152304651,3.003876738033687e-06,3.003876738033687e-06,3.003876738033687e-07
0.818056112224444,8.152398797595164e-05,8.152398797595164e-05,9.058116232464972,3.0733388750178143e-06,3.0733388750178143e-06,3.073338875017814e-07
0.8197995991983918,8.170432865731437e-05,8.170432865731437e-05,9.078156312625293,3.144407265818321e-06,3.144407265818321e-06,3.144407265818321e-07
0.8215430861723397,8.188466933867709e-05,8.188466933867709e-05,9.098196392785614,3.217119053711171e-06,3.217119053711171e-06,3.217119053711171e-07
0.8232865731462876,8.20650100200398e-05,8.20650100200398e-05,9.118236472945934,3.2915122408795002e-06,3.2915122408795002e-06,3.2915122408795e-07
0.8250300601202355,8.224535070140253e-05,8.224535070140253e-05,9.138276553106255,3.3676257082751576e-06,3.3676257082751576e-06,3.367625708275158e-07
0.8267735470941834,8.242569138276525e-05,8.242569138276525e-05,9.158316633266576,3.445499235939485e-06,3.445499235939485e-06,3.445499235939485e-07
0.8285170340681313,8.260603206412797e-05,8.260603206412797e-05,9.178356713426897,3.525173523793985e-06,3.525173523793985e-06,3.525173523793985e-07
0.8302605210420791,8.278637274549069e-05,8.278637274549069e-05,9.198396793587218,3.606690212911828e-06,3.606690212911828e-06,3.6066902129118283e-07
0.832004008016027,8.29667134268534e-05,8.29667134268534e-05,9.218436873747539,3.6900919072811463e-06,3.6900919072811463e-06,3.690091907281146e-07
0.8337474949899749,8.314705410821613e-05,8.314705410821613e-05,9.23847695390786,3.7754221960716797e-06,3.7754221960716797e-06,3.7754221960716797e-07
0.8354909819639228,8.332739478957885e-05,8.332739478957885e-05,9.25851703406818,3.86272567641626e-06,3.86272567641626e-06,3.86272567641626e-07
0.8372344689378707,8.350773547094157e-05,8.350773547094157e-05,9.278557114228501,3.9520479767190895e-06,3.9520479767190895e-06,3.9520479767190897e-07
0.8389779559118186,8.368807615230429e-05,8.368807615230429e-05,9.298597194388822,4.043435780503082e-06,4.043435780503082e-06,4.0434357805030824e-07
0.8407214428857664,8.3868416833667e-05,8.3868416833667e-05,9.318637274549143,4.136936850808543e-06,4.136936850808543e-06,4.136936850808543e-07
0.8424649298597143,8.404875751502973e-05,8.404875751502973e-05,9.338677354709464,4.232600055156151e-06,4.232600055156151e-06,4.232600055156151e-07
0.8442084168336622,8.422909819639245e-05,8.422909819639245e-05,9.358717434869785,4.3304753910871305e-06,4.3304753910871305e-06,4.330475391087131e-07
0.8459519038076101,8.440943887775517e-05,8.440943887775517e-05,9.378757515030106,4.430614012294001e-06,4.430614012294001e-06,4.430614012294001e-07
0.847695390781558,8.458977955911789e-05,8.458977955911789e-05,9.398797595190427,4.533068255355657e-06,4.533068255355657e-06,4.533068255355657e-07
0.8494388777555059,8.477012024048061e-05,8.477012024048061e-05,9.418837675350748,4.637891667090604e-06,4.637891667090604e-06,4.6378916670906043e-07
0.8511823647294537,8.495046092184333e-05,8.495046092184333e-05,9.438877755511069,4.745139032542713e-06,4.745139032542713e-06,4.7451390325427135e-07
0.8529258517034016,8.513080160320605e-05,8.513080160320605e-05,9.45891783567139,4.8548664036142015e-06,4.8548664036142015e-06,4.854866403614201e-07
0.8546693386773495,8.531114228456877e-05,8.531114228456877e-05,9.47895791583171,4.967131128360607e-06,4.967131128360607e-06,4.967131128360607e-07
0.8564128256512974,8.549148296593149e-05,8.549148296593149e-05,9.498997995992031,5.081991880963312e-06,5.081991880963312e-06,5.081991880963312e-07
0.8581563126252453,8.567182364729421e-05,8.567182364729421e-05,9.519038076152352,5.19950869239506e-06,5.19950869239506e-06,5.199508692395061e-07
0.8598997995991932,8.585216432865693e-05,8.585216432865693e-05,9.539078156312673,5.319742981794605e-06,5.319742981794605e-06,5.319742981794605e-07
0.861643286573141,8.603250501001965e-05,8.603250501001965e-05,9.559118236472994,5.442757588566945e-06,5.442757588566945e-06,5.442757588566945e-07
0.8633867735470889,8.621284569138237e-05,8.621284569138237e-05,9.579158316633315,5.568616805225718e-06,5.568616805225718e-06,5.568616805225718e-07
0.8651302605210368,8.639318637274509e-05,8.639318637274509e-05,9.599198396793636,5.697386410995195e-06,5.697386410995195e-06,5.697386410995195e-07
0.8668737474949847,8.657352705410781e-05,8.657352705410781e-05,9.619238476953957,5.829133706189185e-06,5.829133706189185e-06,5.829133706189185e-07
0.8686172344689326,8.675386773547053e-05,8.675386773547053e-05,9.639278557114277,5.963927547384928e-06,5.963927547384928e-06,5.963927547384928e-07
0.8703607214428805,8.693420841683325e-05,8.693420841683325e-05,9.659318637274598,6.101838383410455e-06,6.101838383410455e-06,6.101838383410455e-07
0.8721042084168283,8.711454909819597e-05,8.711454909819597e-05,9.67935871743492,6.242938292164014e-06,6.242938292164014e-06,6.242938292164014e-07
0.8738476953907762,8.729488977955869e-05,8.729488977955869e-05,9.69939879759524,6.38730101828493e-06,6.38730101828493e-06,6.38730101828493e-07
0.8755911823647241,8.747523046092141e-05,8.747523046092141e-05,9.719438877755561,6.5350020116956714e-06,6.5350020116956714e-06,6.535002011695672e-07
0.877334669338672,8.765557114228413e-05,8.765557114228413e-05,9.739478957915882,6.6861184670350125e-06,6.6861184670350125e-06,6.686118467035012e-07
0.8790781563126199,8.783591182364685e-05,8.783591182364685e-05,9.759519038076203,6.8407293640032075e-06,6.8407293640032075e-06,6.840729364003207e-07
0.8808216432865678,8.801625250500957e-05,8.801625250500957e-05,9.779559118236524,6.998915508640024e-06,6.998915508640024e-06,6.998915508640024e-07
0.8825651302605156,8.819659318637229e-05,8.819659318637229e-05,9.799599198396844,7.16075957555727e-06,7.16075957555727e-06,7.16075957555727e-07
0.8843086172344635,8.837693386773501e-05,8.837693386773501e-05,9.819639278557165,7.3263461511480485e-06,7.3263461511480485e-06,7.326346151148048e-07
0.8860521042084114,8.855727454909773e-05,8.855727454909773e-05,9.839679358717486,7.495761777794998e-06,7.495761777794998e-06,7.495761777794998e-07
0.8877955911823593,8.873761523046045e-05,8.873761523046045e-05,9.859719438877807,7.669094999101012e-06,7.669094999101012e-06,7.669094999101012e-07
0.8895390781563072,8.891795591182317e-05,8.891795591182317e-05,9.879759519038128,7.846436406165732e-06,7.846436406165732e-06,7.846436406165733e-07
0.8912825651302551,8.909829659318589e-05,8.909829659318589e-05,9.899799599198449,8.027878684932169e-06,8.027878684932169e-06,8.027878684932169e-07
0.8930260521042029,8.927863727454861e-05,8.927863727454861e-05,9.91983967935877,8.213516664628277e-06,8.213516664628277e-06,8.213516664628277e-07
0.8947695390781508,8.945897795591133e-05,8.945897795591133e-05,9.93987975951909,8.40344736732859e-06,8.40344736732859e-06,8.40344736732859e-07
0.8965130260520987,8.963931863727405e-05,8.963931863727405e-05,9.959919839679412,8.597770058661916e-06,8.597770058661916e-06,8.597770058661916e-07
0.8982565130260466,8.981965931863677e-05,8.981965931863677e-05,9.979959919839732,8.79658629969176e-06,8.79658629969176e-06,8.796586299691759e-07
0.8999999999999945,8.999999999999949e-05,8.999999999999949e-05,10.000000000000053,8.999999999996206e-06,8.999999999996206e-06,8.999999999996206e-07
0.324649298597193,3.535677354709433e-05,8.747523046092141e-05,3.4468937875751373,2.5018160486855433e-06,2.5018160486855433e-06,2.5018160486855434e-07
0.38915831663326467,1.4437254509018023e-05,9.748396793587168e-06,2.064128256513027,5.442757588566945e-06,5.442757588566945e-06,5.442757588566945e-07
0.6593987975951866,8.675386773547053e-05,1.0650100200400794e-05,0.08016032064128256,4.715051382504799e-07,4.715051382504799e-07,4.7150513825047986e-08
0.04569138276553107,2.1290200400801637e-05,9.027034068136267e-06,0.4609218436873749,7.279891761183791e-07,7.279891761183791e-07,7.279891761183791e-08
0.4693587174348673,1.0289418837675343e-05,9.387715430861717e-06,1.8837675350701417,1.1543368559592538e-09,1.1543368559592538e-09,1.1543368559592538e-10
0.23747494989979884,4.996436873747521e-05,1.5699639278557103e-05,1.5631262525050111,3.445499235939485e-06,3.445499235939485e-06,3.445499235939485e-07
0.3943887775551083,8.260603206412797e-05,6.835911823647308e-05,2.3647294589178336,1.2362821172677301e-09,1.2362821172677301e-09,1.23628211726773e-10
0.8633867735470889,8.819659318637229e-05,2.1470541082164364e-05,7.074148296593205,2.2831897564135424e-06,2.2831897564135424e-06,2.2831897564135425e-07
0.0910220440881764,7.088388777555116e-05,1.876543086172346e-05,5.711422845691385,3.084972204036884e-09,3.084972204036884e-09,3.084972204036884e-10
0.8738476953907762,4.888232464929885e-05,1.9126112224448914e-05,4.048096192384752,9.836354454798719e-10,9.836354454798719e-10,9.836354454798719e-11
0.7709819639278511,8.350773547094157e-05,1.76833867735471e-05,3.9478957915831483,5.81409750859795e-10,5.81409750859795e-10,5.81409750859795e-11
0.5547895791583136,8.008126252504988e-05,2.2732925851703452e-05,6.773547094188392,4.248621467388963e-09,4.248621467388963e-09,4.2486214673889635e-10
0.7395991983967892,3.030723446893798e-05,7.268729458917836e-05,6.613226452905825,2.769313091562781e-08,2.769313091562781e-08,2.769313091562781e-09
0.6890380761523006,3.8061883767535235e-05,2.579871743486981e-05,4.90981963927855,2.1894051222482004e-09,2.1894051222482004e-09,2.1894051222482005e-10
0.05266533066132266,8.909829659318589e-05,1.6240661322645284e-05,1.3426853707414839,3.104658005213131e-08,3.104658005213131e-08,3.104658005213131e-09
0.27757515030060015,1.822440881763528e-05,2.5347695390781566e-06,1.2625250501002012,2.585752978734625e-08,2.585752978734625e-08,2.5857529787346247e-09
0.3263927855711409,1.696202404809619e-05,5.970276553106246e-05,9.298597194388822,3.30397140871801e-09,3.30397140871801e-09,3.30397140871801e-10
0.6733466933867697,5.176777555110248e-05,5.4833567134268836e-05,2.785571142284563,1.1617029015291595e-08,1.1617029015291595e-08,1.1617029015291595e-09
0.8041082164328609,6.367026052104235e-05,5.600561122244488e-06,8.857715430861763,4.793494789326676e-08,4.793494789326676e-08,4.793494789326676e-09
0.17645290581162293,4.0406312625250685e-05,7.178559118236476e-05,9.859719438877807,1.5637362941303773e-08,1.5637362941303773e-08,1.5637362941303773e-09
0.295010020040079,4.0947334669338865e-05,2.6159398797595263e-05,7.254509018036093,4.685154510161405e-08,4.685154510161405e-08,4.685154510161405e-09
0.5739679358717403,1.7322705410821645e-05,4.7980621242485214e-05,2.745490981963922,1.538146446289981e-07,1.538146446289981e-07,1.538146446289981e-08
0.41356713426853503,7.358899799599196e-05,3.3373026052104336e-05,2.845691382765524,8.435256442765496e-09,8.435256442765496e-09,8.435256442765495e-10
0.09276553106212429,6.330957915831691e-05,3.7520861723447054e-05,3.426853707414817,7.976976065901924e-07,7.976976065901924e-07,7.976976065901925e-08
0.06312625250501004,7.449070140280556e-05,7.57530861723446e-05,8.156312625250532,3.9520479767190895e-06,3.9520479767190895e-06,3.9520479767190897e-07
0.579198396793584,7.629410821643276e-05,3.8061883767535235e-05,9.93987975951909,1.3460724700541052e-10,1.3460724700541052e-10,1.3460724700541052e-11
0.06835671342685373,4.157835671342686e-06,6.817877755511036e-05,7.494989979959944,1.0534627781133267e-09,1.0534627781133267e-09,1.0534627781133268e-10
0.8110821643286524,7.584308617234465e-06,7.21462725450902e-05,6.112224448897803,4.232600055156151e-06,4.232600055156151e-06,4.232600055156151e-07
0.24444889779559037,3.842256513026069e-05,6.186685370741515e-05,0.36072144288577157,5.2191900870658066e-09,5.2191900870658066e-09,5.219190087065806e-10
0.2828056112224438,1.3174869739478947e-05,2.50773547094189e-05,3.4068136272544964,3.6666940272290375e-07,3.6666940272290375e-07,3.6666940272290375e-08
0.608837675350698,3.6979839679358873e-05,6.76377555110222e-05,4.22845691382764,2.21743630462915e-07,2.21743630462915e-07,2.21743630462915e-08
0.23398797595190307,7.39496793587174e-05,7.232661322645292e-05,0.26052104208416826,1.7822599767437462e-09,1.7822599767437462e-09,1.782259976743746e-10
0.5216633266533038,8.621284569138237e-05,2.7782464929859805e-05,9.118236472945934,8.007170844585868e-10,8.007170844585868e-10,8.007170844585868e-11
0.7796993987975905,6.655571142284587e-05,6.141583166332664e-06,1.803607214428859,3.1244694252741803e-07,3.1244694252741803e-07,3.12446942527418e-08
0.34905811623246336,4.6177214428857945e-05,6.403094188376779e-05,5.190380761523042,2.662428093802708e-07,2.662428093802708e-07,2.662428093802708e-08
0.11194388777555116,3.2832004008016155e-05,7.917955911823628e-05,6.633266533066146,2.6121033219565265e-10,2.6121033219565265e-10,2.6121033219565266e-11
0.11368737474949905,2.291326653306618e-05,2.868416833667344e-05,2.5050100200400767,1.3324935770259004e-08,1.3324935770259004e-08,1.3324935770259003e-09
0.6524248496993951,1e-08,6.439162324649323e-05,4.669338677354699,1.741978188213289e-09,1.741978188213289e-09,1.741978188213289e-10
0.21480961923847636,5.735833667334701e-05,7.12445691382766e-05,3.7274549098196235,6.493565322027256e-07,6.493565322027256e-07,6.493565322027256e-08
0.5356112224448869,6.619503006012043e-05,1.7142364729458918e-05,5.390781563126251,1.6368926536932457e-08,1.6368926536932457e-08,1.6368926536932458e-09
0.15727454909819621,1.876543086172346e-05,8.585216432865693e-05,0.8617234468937881,1.5897518753683175e-09,1.5897518753683175e-09,1.5897518753683174e-10
0.18691382765531023,1.3355210420841672e-05,8.242569138276525e-05,9.519038076152352,2.09155575626162e-09,2.09155575626162e-09,2.09155575626162e-10
0.5722244488977924,5.537458917835702e-05,7.972058116232444e-05,5.59118236472946,4.4757645741875136e-08,4.4757645741875136e-08,4.475764574187514e-09
0.5826853707414797,1.2814188376753496e-05,7.340865731462924e-05,9.358717434869785,8.740809512478927e-07,8.740809512478927e-07,8.740809512478927e-08
0.4972545090180334,3.950460921843705e-05,6.294889779559147e-05,6.132264529058124,8.575592188679522e-10,8.575592188679522e-10,8.575592188679522e-11
0.7587775551102159,1.642100200400801e-05,4.491482965931886e-05,1.6232464929859731,6.6861184670350125e-06,6.6861184670350125e-06,6.686118467035012e-07
0.488537074148294,3.9143927855711596e-05,8.044194388777532e-05,3.066132264529049,1.2006784989695448e-10,1.2006784989695448e-10,1.2006784989695449e-11
0.7988777555110173,5.7899358717435194e-05,7.250695390781564e-05,3.5070140280560986,3.5838211605664624e-07,3.5838211605664624e-07,3.5838211605664626e-08
0.13286573146292585,6.403094188376779e-05,1.533895791583165e-05,0.5811623246492988,2.5596684521755253e-06,2.5596684521755253e-06,2.5596684521755255e-07
0.22875751503005942,8.044194388777532e-05,5.6095951903807925e-05,3.4669338677354578,1.7026068294228109e-09,1.7026068294228109e-09,1.702606829422811e-10
0.5303807615230433,7.413002004008012e-05,2.7061102204408897e-05,5.250501002004005,3.967007431657834e-09,3.967007431657834e-09,3.967007431657834e-10
0.7117034068136231,8.29667134268534e-05,4.8521643286573395e-05,9.659318637274598,1.2037836479849065e-06,1.2037836479849065e-06,1.2037836479849065e-07
0.5669939879759488,4.2209719438877954e-05,8.963931863727405e-05,5.030060120240475,2.0313211611354781e-10,2.0313211611354781e-10,2.031321161135478e-11
0.35080160320641124,1.6601342685370737e-05,6.06044689378761e-05,2.0841683366733474,4.1790946697504914e-08,4.1790946697504914e-08,4.1790946697504915e-09
0.847695390781558,4.473448897795613e-05,5.059539078156312e-06,1.6633266533066144,1.0737587876591105e-06,1.0737587876591105e-06,1.0737587876591106e-07
0.533867735470939,1.119112224448897e-05,4.996436873747521e-05,4.749498997995983,2.0573283780563895e-08,2.0573283780563895e-08,2.0573283780563896e-09
0.6698597194388739,3.048757515030071e-05,8.801625250500957e-05,5.691382765531064,6.910440418427994e-08,6.910440418427994e-08,6.9104404184279935e-09
0.6454509018036035,8.639318637274509e-05,2.2552585170340725e-05,1.102204408817636,1.1097838248702528e-08,1.1097838248702528e-08,1.1097838248702528e-09
0.13460921843687373,1.1371462925851695e-05,7.160525050100204e-05,9.078156312625293,2.4389636426772285e-10,2.4389636426772285e-10,2.4389636426772285e-11
0.3473146292585155,2.9946553106212528e-05,7.701547094188364e-05,4.388777555110207,7.926396206684818e-08,7.926396206684818e-08,7.926396206684819e-09
0.6140681362725416,1.6060320641282557e-05,8.486012024048091e-06,1.4629258517034078,3.401943794335867e-08,3.401943794335867e-08,3.401943794335867e-09
0.1677354709418835,4.365244488977977e-05,3.5717454909819785e-05,2.244488977955911,1.2729414866574903e-08,1.2729414866574903e-08,1.2729414866574903e-09
0.7744689378757469,3.211064128256525e-05,4.239006012024068e-05,8.396793587174383,5.829133706189185e-06,5.829133706189185e-06,5.829133706189185e-07
0.20609218436873694,4.45541482965934e-05,4.689857715430885e-05,3.9679358717434687,2.445271197580611e-06,2.445271197580611e-06,2.445271197580611e-07
0.7064729458917794,2.0929519038076183e-05,8.20650100200398e-05,2.424849699398795,3.283021814870707e-10,3.283021814870707e-10,3.283021814870707e-11
0.07533066132264532,3.1569619238477067e-05,3.5176432865731605e-05,3.56713426853706,3.358938948266701e-10,3.358938948266701e-10,3.358938948266701e-11
0.3455711422845676,6.276855711422875e-05,2.715110220440882e-06,4.00801603206411,2.2918321804121607e-09,2.2918321804121607e-09,2.2918321804121607e-10
0.4170541082164308,2.3093607214428906e-05,5.357118236472975e-05,8.99799599198401,1.2238107659872235e-07,1.2238107659872235e-07,1.2238107659872236e-08
0.5879158316633234,2.8323486973947986e-05,4.3832785571142496e-05,1.8236472945891797,4.824083001835878e-07,4.824083001835878e-07,4.824083001835878e-08
0.2723446893787565,4.166869739478977e-05,1.3896232464929847e-05,5.531062124248497,1.8586042760275588e-06,1.8586042760275588e-06,1.8586042760275588e-07
0.727394789579154,5.303016032064157e-05,9.207374749498992e-06,9.338677354709464,1.2521103662981536e-07,1.2521103662981536e-07,1.2521103662981537e-08
0.7326252505009977,6.8629458917835644e-06,8.458977955911789e-05,5.410821643286572,2.3900043461863924e-06,2.3900043461863924e-06,2.3900043461863924e-07
0.3368537074148282,7.827785571142268e-05,3.084825651302616e-05,9.579158316633315,6.452391371260465e-08,6.452391371260465e-08,6.452391371260465e-09
0.2305010020040073,6.565400801603227e-05,7.503172344689372e-05,0.7615230460921848,7.495761777794998e-06,7.495761777794998e-06,7.495761777794998e-07
0.5129458917835644,7.467104208416828e-05,4.707891783567158e-05,3.6472945891783417,8.109687488956145e-08,8.109687488956145e-08,8.109687488956145e-09
0.8389779559118186,6.168651302605243e-05,8.3868416833667e-05,8.57715430861727,3.249903388467101e-08,3.249903388467101e-08,3.249903388467101e-09
0.46412825651302364,6.457196392785595e-05,4.293108216432886e-05,1.3026052104208425,2.3359866097639786e-06,2.3359866097639786e-06,2.3359866097639786e-07
0.40136272545089985,3.256132264529059e-06,3.607813627254524e-05,4.428857715430849,6.38730101828493e-06,6.38730101828493e-06,6.38730101828493e-07
0.5757114228456882,3.8602905811623416e-05,5.0866072144288845e-05,8.296593186372778,4.732898989392676e-10,4.732898989392676e-10,4.7328989893926764e-11
0.6070941883767501,3.3373026052104336e-05,2.0929519038076183e-05,7.454909819639302,9.456708423776946e-09,9.456708423776946e-09,9.456708423776946e-10
0.6175551102204374,6.998218436873756e-05,3.788154308617251e-05,3.8677354709418665,7.572147997661637e-08,7.572147997661637e-08,7.572147997661637e-09
0.802364729458913,5.59156112224452e-05,9.928737474949893e-06,2.925851703406806,1.3807609303181489e-06,1.3807609303181489e-06,1.380760930318149e-07
0.6663727454909781,4.725925851703431e-05,8.29667134268534e-05,5.891783567134273,1.1027469841978454e-09,1.1027469841978454e-09,1.1027469841978454e-10
0.14332665330661315,5.12267535070143e-05,3.211064128256525e-05,2.6452905811623197,3.56109711472964e-08,3.56109711472964e-08,3.56109711472964e-09
0.7901603206412778,8.549148296593149e-05,4.004563126252523e-05,7.3747494989980185,1.1168655689768682e-07,1.1168655689768682e-07,1.1168655689768682e-08
0.6872945891783527,8.891795591182317e-05,7.809751503005996e-05,0.9619238476953914,3.597386788179242e-10,3.597386788179242e-10,3.597386788179242e-11
0.7535470941883723,1.0469759519038069e-05,3.950460921843705e-05,0.8416833667334674,1.6162002728487966e-10,1.6162002728487966e-10,1.6162002728487966e-11
0.3525450901803591,5.357118236472975e-05,6.168651302605243e-05,1.6032064128256525,7.070238572888788e-08,7.070238572888788e-08,7.070238572888788e-09
0.4606412825651279,7.268729458917836e-05,8.170432865731437e-05,1.042084168336674,3.229296625390487e-09,3.229296625390487e-09,3.229296625390487e-10
0.1694789579158314,1.4256913827655298e-05,7.683513026052092e-05,2.885771543086165,1.7709591457061092e-10,1.7709591457061092e-10,1.7709591457061093e-11
0.383927855711421,7.106422845691388e-05,5.212845691382793e-05,9.599198396793636,7.448233168919441e-07,7.448233168919441e-07,7.448233168919442e-08
0.7518036072144244,7.899921843687356e-05,4.9603687374749756e-05,7.134268537074168,1.2160509111574433e-08,1.2160509111574433e-08,1.2160509111574433e-09
0.429258517034066,3.824222444889796e-05,7.467104208416828e-05,8.016032064128286,5.3398794922546735e-09,5.3398794922546735e-09,5.339879492254674e-10
0.23573146292585095,5.248913827655339e-05,6.601468937875771e-05,4.208416833667319,1.6854312935433095e-07,1.6854312935433095e-07,1.6854312935433094e-08
0.21306613226452847,4.599687374749522e-05,7.376933867735468e-05,4.46893787575149,9.962290327919802e-08,9.962290327919802e-08,9.962290327919802e-09
0.3874148296593168,5.86207214428861e-05,8.404875751502973e-05,0.4408817635270542,1.4270860123254817e-08,1.4270860123254817e-08,1.4270860123254817e-09
0.8093386773547045,2.1831222444889817e-05,1.2453507014028046e-05,5.571142284569139,1.123992503055137e-06,1.123992503055137e-06,1.123992503055137e-07
0.4763326653306588,8.846693386773542e-06,4.65378957915834e-05,4.488977955911811,9.799261884703215e-07,9.799261884703215e-07,9.799261884703214e-08
0.7378557114228413,4.9062665330661576e-05,5.0325050100200664e-05,4.308617234468923,1.547961654699955e-06,1.547961654699955e-06,1.547961654699955e-07
0.7029859719438837,1.930645290581164e-05,5.5554929859719744e-05,5.37074148296593,8.192329972794974e-10,8.192329972794974e-10,8.192329972794974e-11
0.8965130260520987,4.419346693386795e-05,1.8404749498998006e-05,9.158316633266576,7.826196594533893e-10,7.826196594533893e-10,7.826196594533893e-11
0.4554108216432842,1.2453507014028046e-05,5.2669478957916114e-05,6.352705410821653,1.908780895451251e-09,1.908780895451251e-09,1.908780895451251e-10
0.4780761523046067,4.3832785571142496e-05,3.0757915831663335e-06,7.8757515030060405,3.6203424054044113e-09,3.6203424054044113e-09,3.6203424054044115e-10
0.7622645290581117,1.8585090180360733e-05,6.150617234468971e-05,4.889779559118229,1.0847010210530333e-08,1.0847010210530333e-08,1.0847010210530334e-09
0.21655310621242424,7.30479759519038e-05,7.286763527054108e-05,9.69939879759524,8.543253911746649e-07,8.543253911746649e-07,8.543253911746649e-08
0.04046092184368738,3.553711422845706e-05,7.521206412825644e-05,4.609218436873737,2.8333511404222655e-08,2.8333511404222655e-08,2.8333511404222654e-09
0.5251503006011996,7.21462725450902e-05,5.8440380761523374e-05,1.0621242484969946,2.131851660850342e-06,2.131851660850342e-06,2.1318516608503423e-07
0.09450901803607219,2.7962805611222532e-05,1.0920440881763526e-06,9.198396793587218,7.115355125521681e-07,7.115355125521681e-07,7.115355125521681e-08
0.8267735470941834,2.4897014028056175e-05,8.639318637274509e-05,4.989979959919833,7.187864777930511e-09,7.187864777930511e-09,7.187864777930511e-10
0.3229058116232451,4.5636192384769765e-05,7.070354709418844e-05,1.7635270541082178,6.124935313629392e-09,6.124935313629392e-09,6.124935313629392e-10
0.5390981963927827,5.239879759519038e-06,5.3751523046092475e-05,6.993987975951922,3.765683528717025e-10,3.765683528717025e-10,3.765683528717025e-11
0.6785771543086133,3.607813627254524e-05,6.962150300601212e-05,2.384769539078154,3.789713079823497e-09,3.789713079823497e-09,3.789713079823497e-10
0.031743486973947896,8.999999999999949e-05,2.3634629258517086e-05,1.5831663326653318,1.7530940861852815e-08,1.7530940861852815e-08,1.7530940861852815e-09
0.7361122244488935,8.657352705410781e-05,3.878324649298614e-05,1.3627254509018045,6.346800860880272e-07,6.346800860880272e-07,6.346800860880272e-08
0.1886573146292581,6.727707414829676e-05,6.799843687374764e-05,7.975951903807645,8.79658629969176e-06,8.79658629969176e-06,8.796586299691759e-07
0.18168336673346658,7.611376753507004e-05,5.176777555110248e-05,6.973947895791601,1.0985885614816929e-06,1.0985885614816929e-06,1.0985885614816929e-07
0.28803607214428745,1.5158617234468924e-05,6.475230460921867e-05,9.839679358717486,1.7936329205584844e-08,1.7936329205584844e-08,1.7936329205584843e-09
0.4449498997995969,7.340865731462924e-05,1.4256913827655298e-05,6.312625250501012,1.24417107131614e-08,1.24417107131614e-08,1.24417107131614e-09
0.04220440881763528,7.539240480961916e-05,7.66547895791582e-05,4.549098196392774,1.2568499060793791e-10,1.2568499060793791e-10,1.2568499060793792e-11
0.2810621242484959,5.8981402805611555e-05,1.822440881763528e-05,5.090180360721438,3.0733388750178143e-06,3.0733388750178143e-06,3.073338875017814e-07
0.17296593186372716,5.807969939879792e-05,6.980184368737484e-05,0.32064128256513025,1.0957547622390422e-10,1.0957547622390422e-10,1.0957547622390422e-11
0.2636272545090171,6.781809619238492e-05,4.473448897795613e-05,7.755511022044115,6.954537268292439e-07,6.954537268292439e-07,6.95453726829244e-08
0.4658717434869715,1.9667134268537095e-05,2.6520080160320717e-05,3.3066132264528942,7.876137060747666e-09,7.876137060747666e-09,7.876137060747665e-10
0.4257715430861702,6.385060120240507e-05,8.495046092184333e-05,0.02004008016032064,3.7040597953057886e-09,3.7040597953057886e-09,3.704059795305789e-10
0.3141883767535057,8.152398797595164e-05,2.1740881763527053e-06,0.5210420841683369,1.8775445464206673e-08,1.8775445464206673e-08,1.8775445464206674e-09
0.5948897795591149,2.3273947895791633e-05,8.711454909819597e-05,1.162324649298598,2.672506026391465e-10,2.672506026391465e-10,2.672506026391465e-11
0.27931863727454803,8.278637274549069e-05,8.062228456913804e-05,7.114228456913847,5.888536006063764e-08,5.888536006063764e-08,5.888536006063764e-09
0.6036072144288543,6.709673346693404e-05,4.978402805611248e-05,4.809619238476945,7.524135044315824e-09,7.524135044315824e-09,7.524135044315825e-10
0.8912825651302551,3.355336673346706e-05,1e-08,6.913827655310638,5.851198383420681e-09,5.851198383420681e-09,5.851198383420681e-10
0.6768336673346654,8.495046092184333e-05,6.042412825651337e-05,5.931863727454915,3.6900919072811463e-06,3.6900919072811463e-06,3.690091907281146e-07
0.4989979959919813,7.250695390781564e-05,6.421128256513051e-05,4.148296593186356,7.669094999101012e-06,7.669094999101012e-06,7.669094999101012e-07
0.6925250501001964,1.7142364729458918e-05,3.409438877755524e-05,7.054108216432884,9.89912212506906e-09,9.89912212506906e-09,9.899122125069062e-10
0.14681362725450892,7.9359899799599e-05,5.753867735470974e-05,9.058116232464972,2.4297663907591406e-07,2.4297663907591406e-07,2.4297663907591408e-08
0.21829659318637212,3.7068136272545095e-07,1.9937474949899797e-06,8.456913827655345,2.036574486575053e-06,2.036574486575053e-06,2.036574486575053e-07
0.3019839679358705,5.0325050100200664e-05,4.5636192384769765e-05,3.607214428857701,4.3030170116442404e-07,4.3030170116442404e-07,4.3030170116442404e-08
0.061382765531062145,1.9126112224448914e-05,3.44550701402807e-05,3.5871743486973804,2.044283412286684e-09,2.044283412286684e-09,2.0442834122866842e-10
0.7151903807615189,3.1749959919839793e-05,3.265166332665343e-05,9.178356713426897,3.86272567641626e-06,3.86272567641626e-06,3.86272567641626e-07
0.54955911823647,4.834130260521067e-05,4.581653306613249e-05,6.1723446893787655,4.430614012294001e-06,4.430614012294001e-06,4.430614012294001e-07
0.5146893787575123,2.97662124248498e-05,7.791717434869724e-05,0.220440881763527,3.6805733486334386e-10,3.6805733486334386e-10,3.6805733486334384e-11
0.3124448897795578,7.990092184368716e-05,4.870198396793612e-05,2.1843687374749496,1.4126898718987808e-06,1.4126898718987808e-06,1.4126898718987808e-07
0.48505010020039824,4.8521643286573395e-05,6.890014028056124e-05,2.20440881763527,2.9961282651988997e-10,2.9961282651988997e-10,2.9961282651988996e-11
0.8372344689378707,7.178559118236476e-05,3.256132264529059e-06,5.9919839679358775,5.4982224886219015e-08,5.4982224886219015e-08,5.498222488621901e-09
0.24793587174348614,3.499609218436888e-05,2.742178356713435e-05,7.955911823647324,1.354662017467082e-09,1.354662017467082e-09,1.3546620174670821e-10
0.2113226452905806,2.5618376753507082e-05,6.547366733466955e-05,3.707414829659303,4.745139032542713e-06,4.745139032542713e-06,4.7451390325427135e-07
0.20260521042084118,8.305671342685366e-06,3.355336673346706e-05,6.072144288577161,8.161436965110303e-07,8.161436965110303e-07,8.161436965110304e-08
0.38044088176352525,7.052320641282572e-05,2.165088176352709e-05,4.288577154308602,1.6265135577434376e-09,1.6265135577434376e-09,1.6265135577434377e-10
0.42402805611222233,1.0109078156312618e-05,8.873761523046045e-05,9.318637274549143,1.6747444271363853e-08,1.6747444271363853e-08,1.6747444271363853e-09
0.5600200400801573,7.773683366733452e-05,4.9062665330661576e-05,7.915831663326682,2.2773002891194118e-10,2.2773002891194118e-10,2.2773002891194117e-11
0.4466933867735448,3.373370741482979e-05,4.92430060120243e-05,6.6733466933867875,1.5187023416387875e-09,1.5187023416387875e-09,1.5187023416387876e-10
0.1590180360721441,8.477012024048061e-05,1.8945771543086187e-05,1.7234468937875764,5.568616805225718e-06,5.568616805225718e-06,5.568616805225718e-07
0.3630060120240464,5.988310621242519e-05,1.4527254509018034e-06,5.731462925851706,4.655447205842502e-09,4.655447205842502e-09,4.655447205842502e-10
0.0857915831663327,9.117034068136272e-07,6.727707414829676e-05,8.496993987975987,6.711427038315516e-09,6.711427038315516e-09,6.711427038315515e-10
0.8128256513026003,3.7520861723447054e-05,7.773683366733452e-05,6.152304609218445,2.786984611210164e-07,2.786984611210164e-07,2.786984611210164e-08
0.06661322645290584,1.6240661322645284e-05,4.257040080160341e-05,0.9018036072144294,2.104902375953338e-08,2.104902375953338e-08,2.104902375953338e-09
0.5966332665330628,6.745741482965948e-05,8.305671342685366e-06,6.292585170340691,4.152596154736201e-09,4.152596154736201e-09,4.1525961547362006e-10
0.4362324649298575,5.0866072144288845e-05,3.301234468937888e-05,2.4849699398797562,5.19950869239506e-06,5.19950869239506e-06,5.199508692395061e-07
0.2915230460921832,1.8134068136272543e-06,1.9486793587174368e-05,1.2024048096192392,5.986502451821476e-09,5.986502451821476e-09,5.986502451821476e-10
0.7919038076152257,1.4617595190380748e-05,1.642100200400801e-05,7.434869739478981,1.8050784373158387e-07,1.8050784373158387e-07,1.8050784373158388e-08
0.26537074148296497,6.042412825651337e-05,6.276855711422875e-05,8.056112224448928,1.4508281689963598e-09,1.4508281689963598e-09,1.4508281689963597e-10
0.7308817635270498,5.916174348697428e-05,1.7863727454909826e-05,6.8537074148296755,2.6022531659854646e-07,2.6022531659854646e-07,2.6022531659854647e-08
0.41182364729458715,4.076699398797614e-05,4.942334669338703e-05,0.9418837675350707,5.589695363142939e-09,5.589695363142939e-09,5.589695363142939e-10
0.4379759519038054,1.6330661322645289e-06,7.313627254509018e-07,5.430861723446893,2.2315861923191555e-06,2.2315861923191555e-06,2.2315861923191554e-07
0.6994989979959879,4.545585170340704e-05,4.6718236472946126e-05,4.569138276553095,1.377199270006178e-10,1.377199270006178e-10,1.3771992700061781e-11
0.6855511022044048,3.71601803607216e-05,8.224535070140253e-05,2.1242484969939883,1.7354092455884483e-06,1.7354092455884483e-06,1.7354092455884483e-07
0.10496993987975957,3.5176432865731605e-05,3.1569619238477067e-05,1.4829659318637285,1.0916227069626075e-07,1.0916227069626075e-07,1.0916227069626075e-08
0.5164328657314602,5.050539078156339e-05,8.603250501001965e-05,5.490981963927855,5.081991880963312e-06,5.081991880963312e-06,5.081991880963312e-07
0.4711022044088152,6.85394589178358e-05,3.4635410821643424e-05,7.41482965931866,6.8407293640032075e-06,6.8407293640032075e-06,6.840729364003207e-07
0.8529258517034016,4.311142284569159e-05,1.3174869739478947e-05,9.45891783567139,3.606690212911828e-06,3.606690212911828e-06,3.6066902129118283e-07
0.29849699398797475,4.527551102204431e-05,2.8864509018036166e-05,7.595190380761548,4.447384955121195e-09,4.447384955121195e-09,4.447384955121195e-10
0.7465731462925808,5.771901803607247e-05,8.855727454909773e-05,8.757515030060159,3.0152471361080205e-09,3.0152471361080205e-09,3.0152471361080204e-10
0.14507014028056103,2.2732925851703452e-05,1.4617595190380748e-05,5.350701402805609,5.068882928942187e-10,5.068882928942187e-10,5.0688829289421867e-11
0.6628857715430824,2.345428857715436e-05,7.40396793587174e-06,5.631262525050102,1.2892390894219017e-06,1.2892390894219017e-06,1.2892390894219017e-07
0.7012424849699358,6.222753507014059e-05,4.780028056112249e-05,4.829659318637266,1.1961507797225564e-07,1.1961507797225564e-07,1.1961507797225564e-08
0.48330661322645035,3.2290981963927974e-05,6.204719438877787e-05,2.1442885771543088,1.5737147962828574e-07,1.5737147962828574e-07,1.5737147962828573e-08
0.877334669338672,2.3634629258517086e-05,5.230879759519066e-05,7.895791583166361,8.381770750968165e-10,8.381770750968165e-10,8.381770750968166e-11
0.6280160320641247,3.788154308617251e-05,2.5979058116232536e-05,2.104208416833668,2.0236611156478834e-07,2.0236611156478834e-07,2.0236611156478835e-08
0.18342685370741446,8.837693386773501e-05,6.745741482965948e-05,2.9659318637274468,4.3746054815511335e-08,4.3746054815511335e-08,4.374605481551134e-09
0.39961923847695197,1.155180360721442e-05,5.39318637274552e-05,0.8016032064128261,2.880489060700734e-09,2.880489060700734e-09,2.880489060700734e-10
0.22701402805611154,5.284981963927884e-05,8.152398797595164e-05,10.000000000000053,2.797534020263893e-10,2.797534020263893e-10,2.797534020263893e-11
0.5373547094188348,7.431036072144284e-05,8.927863727454861e-05,8.376753507014062,6.306557504078119e-08,6.306557504078119e-08,6.306557504078119e-09
0.2618837675350692,2.2552585170340725e-05,6.691639278557132e-05,8.036072144288607,1.0128031044122859e-08,1.0128031044122859e-08,1.0128031044122858e-09
0.2706012024048086,9.928737474949893e-06,8.621284569138237e-05,0.1603206412825651,3.902089122260732e-08,3.902089122260732e-08,3.902089122260732e-09
0.832004008016027,6.67360521042086e-05,6.457196392785595e-05,0.8817635270541088,3.7276961135130846e-08,3.7276961135130846e-08,3.727696113513085e-09
0.10148296593186378,3.589779559118251e-05,3.824222444889796e-05,9.779559118236524,8.027878684932169e-06,8.027878684932169e-06,8.027878684932169e-07
0.6349899799599162,5.9522424849699736e-05,5.59156112224452e-05,4.028056112224431,1.3240445937298617e-09,1.3240445937298617e-09,1.3240445937298618e-10
0.8058517034068088,6.240787575150331e-05,1.1732144288577145e-05,2.605210420841679,3.643444506839694e-08,3.643444506839694e-08,3.6434445068396936e-09
0.5774549098196361,4.689857715430885e-05,2.4175651302605267e-05,3.486973947895778,1.6918110575635466e-10,1.6918110575635466e-10,1.6918110575635466e-11
0.2514228456913819,7.503172344689372e-05,8.531114228456877e-05,1.7034068136272558,2.7413768495932584e-06,2.7413768495932584e-06,2.7413768495932586e-07
0.7186773547094146,2.579871743486981e-05,3.643881763527069e-05,0.1002004008016032,6.823083764576323e-10,6.823083764576323e-10,6.823083764576324e-11
0.15030060120240468,8.945897795591133e-05,7.106422845691388e-05,3.026052104208408,1.2601003234489512e-06,1.2601003234489512e-06,1.2601003234489513e-07
0.2409619238476946,1.0920440881763526e-06,4.0406312625250685e-05,3.246492985971933,2.7239945164925986e-07,2.7239945164925986e-07,2.7239945164925987e-08
0.7239078156312583,2.1740881763527053e-06,5.771901803607247e-05,5.210420841683363,2.6455463535232158e-08,2.6455463535232158e-08,2.6455463535232157e-09
0.3560320641282549,7.972058116232444e-05,4.599687374749522e-05,7.815631262525078,5.948543650301397e-10,5.948543650301397e-10,5.948543650301398e-11
0.5268937875751475,8.567182364729421e-05,7.431036072144284e-05,4.088176352705394,2.553065810590191e-10,2.553065810590191e-10,2.553065810590191e-11
0.13635270541082162,2.7061102204408897e-05,5.519424849699429e-05,3.1462925851703307,1.6535735522929774e-10,1.6535735522929774e-10,1.6535735522929775e-11
0.3664929859719422,5.699765531062156e-05,6.0784809619238824e-05,6.893787575150317,1.1282470858183015e-09,1.1282470858183015e-09,1.1282470858183015e-10
0.31941883767534934,8.458977955911789e-05,3.3914048096192516e-05,0.9218436873747501,3.0538516600204696e-07,3.0538516600204696e-07,3.05385166002047e-08
0.1781963927855708,4.239006012024068e-05,2.453633266533072e-05,9.278557114228501,2.1183341629931634e-07,2.1183341629931634e-07,2.1183341629931635e-08
0.6437074148296557,1.7863727454909826e-05,5.7177995991984286e-05,2.284569138276552,6.668871685016272e-10,6.668871685016272e-10,6.668871685016273e-11
0.7971342685370694,4.491482965931886e-05,3.734052104208433e-05,8.316633266533099,8.297217228816601e-08,8.297217228816601e-08,8.297217228816601e-09
0.45889779559118,5.5554929859719744e-05,4.112767535070159e-05,3.6873747494989826,5.428718044671095e-10,5.428718044671095e-10,5.428718044671094e-11
0.043947895791583175,2.9044849699398893e-05,6.529332665330683e-05,9.799599198396844,2.3299609534649055e-10,2.3299609534649055e-10,2.3299609534649055e-11
0.5077154308617208,7.944989979959916e-06,2.814314629258526e-05,5.871743486973952,1.006381192397933e-09,1.006381192397933e-09,1.0063811923979331e-10
0.09625250501002008,5.970276553106246e-05,3.030723446893798e-05,9.418837675350748,1.1885663094244174e-08,1.1885663094244174e-08,1.1885663094244174e-09
0.3438276553106197,2.002781563126255e-05,4.022597194388796e-05,3.2665330661322534,1.8351091815679916e-08,1.8351091815679916e-08,1.8351091815679915e-09
0.36126252505009854,1.9937474949899797e-06,5.807969939879792e-05,5.771543086172348,4.8548664036142015e-06,4.8548664036142015e-06,4.854866403614201e-07
0.8790781563126199,6.204719438877787e-05,3.9143927855711596e-05,5.911823647294594,4.935635886164836e-07,4.935635886164836e-07,4.935635886164836e-08
0.8668737474949847,8.855727454909773e-05,8.549148296593149e-05,8.977955911823688,1.6641253232742929e-09,1.6641253232742929e-09,1.664125323274293e-10
0.11020040080160326,5.7177995991984286e-05,8.477012024048061e-05,3.927855711422828,1.3106879132369401e-07,1.3106879132369401e-07,1.3106879132369401e-08
0.1799398797595187,3.6799498997996147e-05,6.871979959919852e-05,9.438877755511069,1.610105634618289e-07,1.610105634618289e-07,1.610105634618289e-08
0.32813627254508876,2.1470541082164364e-05,6.258821643286603e-05,7.394789579158339,3.941853704763233e-10,3.941853704763233e-10,3.941853704763233e-11
0.46238476953907576,5.212845691382793e-05,6.240787575150331e-05,5.230460921843684,1.0296529156878686e-09,1.0296529156878686e-09,1.0296529156878686e-10
0.3647494989979943,1.5699639278557103e-05,5.068573146292612e-05,7.85571142284572,1.920961193590632e-08,1.920961193590632e-08,1.920961193590632e-09
0.0875350701402806,6.601468937875771e-05,7.39496793587174e-05,1.683366733466935,2.078293763894782e-10,2.078293763894782e-10,2.078293763894782e-11
0.3752104208416816,3.138927855711434e-05,7.629410821643276e-05,6.412825651302616,9.675386896043865e-09,9.675386896043865e-09,9.675386896043865e-10
0.6053507014028022,7.142490981963932e-05,7.899921843687356e-05,6.933867735470959,9.301953603195098e-08,9.301953603195098e-08,9.301953603195097e-09
0.7849298597194342,4.257040080160341e-05,8.981965931863677e-05,9.639278557114277,2.8047688962243757e-06,2.8047688962243757e-06,2.804768896224376e-07
0.5809418837675319,5.339084168336702e-05,6.682605210420839e-06,9.67935871743492,2.851431299180209e-07,2.851431299180209e-07,2.851431299180209e-08
0.6367334669338641,2.0388496993988002e-05,6.565400801603227e-05,3.527054108216419,1.8966778293055573e-10,1.8966778293055573e-10,1.896677829305557e-11
0.8424649298597143,6.871979959919852e-05,1.6781683366733464e-05,6.593186372745504,7.698124373677404e-09,7.698124373677404e-09,7.698124373677404e-10
0.5286372745490954,7.521206412825644e-05,3.138927855711434e-05,2.9058116232464855,1.2083402594795315e-09,1.2083402594795315e-09,1.2083402594795315e-10
0.5652505010020009,6.150617234468971e-05,2.895450901803608e-06,1.22244488977956,1.8165969901177153e-06,1.8165969901177153e-06,1.8165969901177153e-07
0.7762124248496948,4.6718236472946126e-05,8.783591182364685e-05,7.014028056112243,4.1262656596768024e-10,4.1262656596768024e-10,4.126265659676802e-11
0.23921843687374672,3.084825651302616e-05,7.611376753507004e-05,3.206412825651292,9.149731276311929e-07,9.149731276311929e-07,9.14973127631193e-08
0.5443286573146263,6.926082164328668e-05,5.420220440881763e-06,6.232464929859728,1.853810023133934e-10,1.853810023133934e-10,1.853810023133934e-11
0.24967935871743402,5.880106212424883e-05,2.8323486973947986e-05,7.63527054108219,8.058266142308294e-09,8.058266142308294e-09,8.058266142308294e-10
0.13983967935871738,4.9603687374749756e-05,8.368807615230429e-05,6.713426853707429,3.838233172077098e-07,3.838233172077098e-07,3.838233172077098e-08
0.5478156312625221,3.661915831663342e-05,5.9522424849699736e-05,9.759519038076203,7.846436406165732e-06,7.846436406165732e-06,7.846436406165733e-07
0.30024048096192263,4.338176352705412e-06,3.797154308617236e-06,2.8256513026052037,9.184365216369317e-10,9.184365216369317e-10,9.184365216369317e-11
0.8686172344689326,8.801625250500957e-05,4.0947334669338865e-05,8.436873747495024,6.411478493438621e-09,6.411478493438621e-09,6.411478493438621e-10
0.056152304609218454,1.272384769539078e-06,1.4978276553106199e-05,6.3326653306613325,4.8732432440843374e-09,4.8732432440843374e-09,4.873243244084338e-10
0.06486973947895794,7.016252505010028e-05,7.9359899799599e-05,1.1222444889779566,4.533068255355657e-06,4.533068255355657e-06,4.533068255355657e-07
0.3211623246492972,2.922519038076162e-05,1.2994529058116221e-05,3.386773547094176,1.0257701283071679e-06,1.0257701283071679e-06,1.0257701283071679e-07
0.7099599198396752,7.719581162324636e-05,6.8629458917835644e-06,6.092184368737482,2.3597916868286672e-08,2.3597916868286672e-08,2.3597916868286673e-09
0.8825651302605156,3.120893787575161e-05,8.440943887775517e-05,2.464929859719436,2.9470979608537566e-09,2.9470979608537566e-09,2.9470979608537566e-10
0.593146292585167,6.908048096192396e-05,4.2209719438877954e-05,6.27254509018037,4.0330057745352055e-10,4.0330057745352055e-10,4.0330057745352053e-11
0.7500601202404765,6.817877755511036e-05,6.096515030060155e-05,5.4709418837675345,4.136936850808543e-06,4.136936850808543e-06,4.136936850808543e-07
0.05440881763527056,6.096515030060155e-05,5.699765531062156e-05,8.517034068136308,9.091715291807655e-08,9.091715291807655e-08,9.091715291807656e-09
0.34034068136272394,8.368807615230429e-05,6.998218436873756e-05,6.793587174348713,3.5028213468441776e-07,3.5028213468441776e-07,3.502821346844178e-08
0.37172344689378584,5.420220440881763e-06,5.8981402805611555e-05,0.8216432865731468,1.5283934734759824e-08,1.5283934734759824e-08,1.5283934734759824e-09
0.8843086172344635,1.4978276553106199e-05,6.312923847695419e-05,2.024048096192386,3.9269891037037604e-07,3.9269891037037604e-07,3.92698910370376e-08
0.683807615230457,4.879198396793587e-06,2.525769539078163e-05,6.192384769539086,1.0428356694758392e-07,1.0428356694758392e-07,1.0428356694758392e-08
0.19737474949899753,7.4851382765531e-05,1.0109078156312618e-05,7.735470941883794,2.240033284379423e-09,2.240033284379423e-09,2.2400332843794228e-10
0.6210420841683332,6.799843687374764e-05,8.567182364729421e-05,9.739478957915882,2.1755226933756993e-10,2.1755226933756993e-10,2.1755226933756994e-11
0.1276352705410822,7.791717434869724e-05,7.584308617234465e-06,3.5470941883767395,5.682690054358476e-10,5.682690054358476e-10,5.6826900543584764e-11
0.818056112224444,7.12445691382766e-05,3.932426853707432e-05,2.8056112224448833,1.8234732479403994e-09,1.8234732479403994e-09,1.8234732479403993e-10
0.8215430861723397,2.219190380761527e-05,5.4292545090180656e-05,1.0821643286573153,4.967131128360607e-06,4.967131128360607e-06,4.967131128360607e-07
0.2427054108216425,3.734052104208433e-05,1.4797935871743473e-05,4.348697394789565,4.625928267548222e-10,4.625928267548222e-10,4.625928267548222e-11
0.26711422845691285,5.8440380761523374e-05,4.5095170340681584e-05,2.5851703406813584,2.2543273677448226e-08,2.2543273677448226e-08,2.2543273677448224e-09
0.8075951903807567,1.9034068136272548e-07,4.761993987975976e-05,2.6252505010019993,8.685386390868373e-08,8.685386390868373e-08,8.685386390868373e-09
0.8145691382765482,6.691639278557132e-05,3.968494989979978e-05,3.807615230460905,1.9980794952461943e-09,1.9980794952461943e-09,1.9980794952461943e-10
0.3978757515030041,8.513080160320605e-05,2.2372244488977998e-05,1.2424849699398806,2.083668568091013e-06,2.083668568091013e-06,2.0836685680910129e-07
0.8755911823647241,3.4364729458917847e-06,1.5158617234468924e-05,9.899799599198449,1.149983889528423e-06,1.149983889528423e-06,1.149983889528423e-07
0.03348697394789579,8.02616032064126e-05,5.537458917835702e-05,7.575150300601227,1.4037323854718723e-07,1.4037323854718723e-07,1.4037323854718723e-08
0.4676152304609194,8.11633066132262e-05,8.098296593186348e-05,3.6272545090180213,2.126352568802807e-10,2.126352568802807e-10,2.126352568802807e-11
0.5983767535070107,6.682605210420839e-06,2.2011563126252544e-05,9.138276553106255,3.4806108990350904e-08,3.4806108990350904e-08,3.4806108990350904e-09
0.19388777555110176,1.191248496993987e-05,1.119112224448897e-05,8.717434869739517,3.2088205242547684e-10,3.2088205242547684e-10,3.208820524254768e-11
0.8006212424849651,6.980184368737484e-05,3.770120240480978e-05,3.346693386773535,1.2316201379436526e-06,1.2316201379436526e-06,1.2316201379436525e-07
0.6419639278557078,9.387715430861717e-06,3.6168136272545103e-06,3.3266533066132147,1.173541337152713e-10,1.173541337152713e-10,1.1735413371527131e-11
0.30721442885771416,4.18490380761525e-05,7.016252505010028e-05,4.248496993987961,2.1673188686386775e-07,2.1673188686386775e-07,2.1673188686386775e-08
0.05963927855711425,4.058665330661341e-05,6.781809619238492e-05,6.392785571142295,3.034488008210854e-08,3.034488008210854e-08,3.034488008210854e-09
0.8459519038076101,5.753867735470974e-05,1.984747494989982e-05,1.4228456913827665,6.266569319574902e-09,6.266569319574902e-09,6.266569319574902e-10
0.5914028056112192,5.068573146292612e-05,7.358899799599196e-05,8.7975951903808,1.9015829452872134e-06,1.9015829452872134e-06,1.9015829452872134e-07
0.563507014028053,3.1028597194388886e-05,3.6799498997996147e-05,5.3106212424849675,3.852761810524898e-10,3.852761810524898e-10,3.852761810524898e-11
0.7221643286573104,6.348991983967963e-05,8.188466933867709e-05,9.719438877755561,2.4859527061752755e-07,2.4859527061752755e-07,2.4859527061752755e-08
0.8860521042084114,4.4373807615230676e-05,3.896358717434887e-05,0.06012024048096192,1.460086182679067e-08,1.460086182679067e-08,1.460086182679067e-09
0.35951903807615065,6.962150300601212e-05,8.278637274549069e-05,2.8657314629258446,5.926111887260628e-07,5.926111887260628e-07,5.9261118872606276e-08
0.8511823647294537,2.9585871743487074e-05,8.422909819639245e-05,1.6432865731462938,1.8895255194070682e-07,1.8895255194070682e-07,1.8895255194070683e-08
0.43274549098196174,8.20650100200398e-05,6.637537074148315e-05,5.110220440881759,2.070456586262503e-07,2.070456586262503e-07,2.070456586262503e-08
0.4484368737474927,5.826004008016065e-05,7.449070140280556e-05,4.9699398797595125,2.543438283138544e-07,2.543438283138544e-07,2.543438283138544e-08
0.16599198396793563,2.2011563126252544e-05,6.619503006012043e-05,1.4428857715430872,9.24297241786789e-09,9.24297241786789e-09,9.24297241786789e-10
0.29675350701402686,5.39318637274552e-05,5.339084168336702e-05,1.3226452905811632,8.976784581523771e-10,8.976784581523771e-10,8.976784581523771e-11
0.1380961923847695,3.896358717434887e-05,5.1948116232465206e-05,3.847695390781546,4.504325289063267e-07,4.504325289063267e-07,4.504325289063267e-08
0.5059719438877729,2.7782464929859805e-05,2.7241442885771624e-05,6.753507014028071,1.865639541560769e-09,1.865639541560769e-09,1.8656395415607688e-10
0.743086172344685,6.0243787575150643e-05,1.2814188376753496e-05,8.35671342685374,2.751753622267373e-09,2.751753622267373e-09,2.751753622267373e-10
0.3856713426853689,5.014470941883794e-05,1.7503046092184372e-05,9.23847695390786,4.1107056471825913e-07,4.1107056471825913e-07,4.1107056471825916e-08
0.37869739478957737,3.0757915831663335e-06,5.681731462925883e-05,1.1823647294589186,2.928411205530999e-10,2.928411205530999e-10,2.928411205530999e-11
0.49551102204408554,8.224535070140253e-05,5.780901803607213e-06,1.9038076152304624,5.554252608620607e-10,5.554252608620607e-10,5.5542526086206076e-11
0.6750901803607176,2.354428857715431e-06,8.657352705410781e-05,8.917835671342726,5.533307704168443e-07,5.533307704168443e-07,5.533307704168443e-08
0.5704809619238446,6.5834348697395e-05,7.954024048096172e-05,3.667334669338662,8.999999999996206e-06,8.999999999996206e-06,8.999999999996206e-07
0.7570340681362681,1.227316633266532e-05,8.909829659318589e-05,5.951903807615236,6.37082503316838e-10,6.37082503316838e-10,6.37082503316838e-11
0.28977955911823533,1.6781683366733464e-05,2.3093607214428906e-05,5.270541082164326,4.017797442009687e-07,4.017797442009687e-07,4.017797442009687e-08
0.3159318637274536,7.75564929859718e-05,4.076699398797614e-05,3.10621242484969,3.380372983948503e-09,3.380372983948503e-09,3.380372983948503e-10
0.3351102204408803,2.525769539078163e-05,4.3291763527054315e-05,1.4028056112224458,5.755446128467109e-08,5.755446128467109e-08,5.755446128467109e-09
0.2008617234468933,6.94411623246494e-05,1.8044068136272553e-05,0.24048096192384763,1.990544802990605e-06,1.990544802990605e-06,1.990544802990605e-07
0.03523046092184369,8.729488977955869e-05,6.709673346693404e-05,8.817635270541121,2.8696268309097724e-06,2.8696268309097724e-06,2.8696268309097723e-07
0.5896593186372713,7.809751503005996e-05,4.157835671342686e-06,1.0020040080160326,1.846819366326798e-07,1.846819366326798e-07,1.846819366326798e-08
0.12240480961923854,5.681731462925883e-05,8.134364729458892e-05,0.6613226452905815,3.42365225221448e-07,3.42365225221448e-07,3.4236522522144795e-08
0.2095791583166327,6.439162324649323e-05,3.553711422845706e-05,2.565130260521038,4.842343319704456e-10,4.842343319704456e-10,4.842343319704456e-11
0.7291382765531019,3.932426853707432e-05,6.222753507014059e-05,0.6012024048096195,6.164019704290581e-08,6.164019704290581e-08,6.16401970429058e-09
0.6471943887775514,7.322831663326652e-05,3.193030060120252e-05,6.533066132264541,7.620467330900357e-07,7.620467330900357e-07,7.620467330900357e-08
0.6960120240480921,4.870198396793612e-05,4.2750741482966134e-05,9.47895791583171,3.7514832596144537e-07,3.7514832596144537e-07,3.7514832596144536e-08
0.8982565130260466,4.022597194388796e-05,7.75564929859718e-05,3.3667334669338556,4.904340346826786e-08,4.904340346826786e-08,4.904340346826786e-09
0.7779559118236427,6.294889779559147e-05,1.587997995991983e-05,6.452905811623258,7.1422884610987e-10,7.1422884610987e-10,7.1422884610987e-11
0.3420841683366718,2.742178356713435e-05,8.11633066132262e-05,7.775551102204436,8.630314692361701e-09,8.630314692361701e-09,8.630314692361702e-10
0.39264529058116043,7.917955911823628e-05,2.5438036072144355e-05,4.2685370741482815,8.244606806538764e-09,8.244606806538764e-09,8.244606806538764e-10
0.42054108216432656,8.125330661322641e-06,1.6060320641282557e-05,4.589178356713416,1.060185126784533e-08,1.060185126784533e-08,1.0601851267845331e-09
0.654168336673343,1.0830440881763519e-05,6.49326452905814e-05,8.09619238476957,2.268712664406333e-07,2.268712664406333e-07,2.268712664406333e-08
0.11891783567134274,4.942334669338703e-05,6.385060120240507e-05,0.20040080160320636,2.1535764827585305e-08,2.1535764827585305e-08,2.1535764827585307e-09
0.861643286573141,6.76377555110222e-05,2.002781563126255e-05,5.1503006012024,8.350163368321142e-07,8.350163368321142e-07,8.350163368321142e-08
0.7413426853707371,3.409438877755524e-05,1.8585090180360733e-05,0.7414829659318641,1.0192659958827687e-07,1.0192659958827687e-07,1.0192659958827687e-08
0.5007414829659292,5.501390781563156e-05,2.688076152304617e-05,8.55711422845695,4.3193049690439415e-10,4.3193049690439415e-10,4.3193049690439415e-11
0.5408416833667306,4.518517034068137e-06,1.191248496993987e-05,6.653306613226467,2.9173682629033395e-07,2.9173682629033395e-07,2.9173682629033396e-08
0.4083366733466914,7.57530861723446e-05,1.4437254509018023e-05,0.5410821643286575,2.984829963759814e-07,2.984829963759814e-07,2.984829963759814e-08
0.8581563126252453,1.2994529058116221e-05,7.088388777555116e-05,8.136272545090211,2.8988700155972077e-08,2.8988700155972077e-08,2.8988700155972076e-09
0.4501803607214406,6.547366733466955e-05,3.71601803607216e-05,0.0,3.270641647263611e-07,3.270641647263611e-07,3.2706416472636115e-08
0.5861723446893755,3.4635410821643424e-05,3.481575150300615e-05,5.83166332665331,8.597770058661916e-06,8.597770058661916e-06,8.597770058661916e-07
0.8337474949899749,6.421128256513051e-05,7.827785571142268e-05,3.8276553106212257,1.4453571435466035e-06,1.4453571435466035e-06,1.4453571435466036e-07
0.30895791583166204,1.3535551102204397e-05,4.311142284569159e-05,7.334669338677377,2.3990510891740275e-09,2.3990510891740275e-09,2.3990510891740275e-10
0.32987975951903664,5.411220440881793e-05,2.8503827655310713e-05,3.887775551102187,3.877347024901268e-09,3.877347024901268e-09,3.8773470249012675e-10
0.22004008016032,4.761993987975976e-05,7.76464929859719e-06,0.3406813627254509,5.252494743172759e-08,5.252494743172759e-08,5.252494743172759e-09
0.36997995991983795,8.765557114228413e-05,4.725925851703431e-05,8.677354709418875,2.010829624931726e-08,2.010829624931726e-08,2.0108296249317262e-09
0.8407214428857664,6.0784809619238824e-05,5.86207214428861e-05,5.671342685370743,7.401005926166316e-08,7.401005926166316e-08,7.401005926166316e-09
0.7936472945891736,6.06044689378761e-05,1.0289418837675343e-05,5.050100200400796,1.1691159512530546e-07,1.1691159512530546e-07,1.1691159512530545e-08
0.5460721442885742,1.984747494989982e-05,4.45541482965934e-05,2.7655310621242424,1.4361925227385327e-07,1.4361925227385327e-07,1.4361925227385327e-08
0.6611422845691345,8.080262525050076e-05,2.9405531062124347e-05,1.5230460921843698,7.354078138654125e-09,7.354078138654125e-09,7.354078138654125e-10
0.8197995991983918,6.312923847695419e-05,2.633973947895799e-05,2.705410821643281,7.3263461511480485e-06,7.3263461511480485e-06,7.326346151148048e-07
0.7640080160320596,3.5717454909819785e-05,2.4716673346693448e-05,4.128256513026035,4.5213752468542977e-10,4.5213752468542977e-10,4.5213752468542977e-11
0.5844288577154276,8.422909819639245e-05,8.999999999999949e-05,4.068136272545073,6.226834689391767e-10,6.226834689391767e-10,6.226834689391767e-11
0.07010020040080163,7.647444889779548e-05,1.3355210420841672e-05,6.432865731462937,2.569357414732162e-09,2.569357414732162e-09,2.569357414732162e-10
0.8546693386773495,1.8945771543086187e-05,7.223627254509015e-06,4.368737474949886,5.7189523929331805e-09,5.7189523929331805e-09,5.71895239293318e-10
0.07707414829659322,6.475230460921867e-05,6.321923847695389e-06,8.076152304609248,7.649312638022242e-10,7.649312638022242e-10,7.649312638022242e-11
0.5425851703406784,5.573527054108247e-05,6.926082164328668e-05,3.9078156312625074,4.579262886226917e-08,4.579262886226917e-08,4.579262886226917e-09
0.5112024048096165,7.196593186372748e-05,3.8602905811623416e-05,9.038076152304651,7.307447907617714e-10,7.307447907617714e-10,7.307447907617715e-11
0.4902805611222419,3.770120240480978e-05,6.67360521042086e-05,3.1863727454909716,4.346867285076761e-09,4.346867285076761e-09,4.346867285076761e-10
0.33859719438877606,3.301234468937888e-05,1.0830440881763519e-05,8.216432865731495,3.1764506247026196e-08,3.1764506247026196e-08,3.1764506247026194e-09
0.4867935871743461,1.2092825651302595e-05,3.373370741482979e-05,8.697394789579196,6.980861869485984e-10,6.980861869485984e-10,6.980861869485984e-11
0.15553106212424833,6.132583166332699e-05,1.1371462925851695e-05,4.4488977955911695,6.024703475757249e-08,6.024703475757249e-08,6.0247034757572495e-09
0.15204408817635257,4.707891783567158e-05,5.284981963927884e-05,6.873747494989996,1.3495536314212663e-06,1.3495536314212663e-06,1.3495536314212662e-07
0.3037274549098184,4.004563126252523e-05,7.557274549098188e-05,6.4929859719439,6.643723588577598e-07,6.643723588577598e-07,6.643723588577598e-08
0.3333667334669324,7.40396793587174e-06,4.401312625250522e-05,0.7815631262525055,6.101838383410455e-06,6.101838383410455e-06,6.101838383410455e-07
0.47458917835671094,1.587997995991983e-05,5.158743486973975e-05,5.450901803607214,2.495362636850953e-10,2.495362636850953e-10,2.495362636850953e-11
0.3316232464929845,2.5979058116232536e-05,2.1290200400801637e-05,3.286573146292574,6.559738570739111e-09,6.559738570739111e-09,6.559738570739111e-10
0.5181763527054081,8.693420841683325e-05,4.18490380761525e-05,8.33667334669342,2.38383935162554e-10,2.38383935162554e-10,2.3838393516255397e-11
0.18517034068136234,3.9865290581162504e-05,2.110985971943891e-05,9.25851703406818,1.724405482432989e-07,1.724405482432989e-07,1.724405482432989e-08
0.17470941883767505,9.568056112224443e-06,1.3535551102204397e-05,7.795591182364757,1.647337980651232e-07,1.647337980651232e-07,1.647337980651232e-08
0.69775551102204,3.6168136272545103e-06,1.3715891783567122e-05,2.66533066132264,5.306020752962591e-10,5.306020752962591e-10,5.3060207529625915e-11
0.11543086172344695,3.977494989979961e-06,2.9946553106212528e-05,5.971943887775557,4.4191852835845255e-10,4.4191852835845255e-10,4.419185283584525e-11
0.17122244488977928,6.890014028056124e-05,3.066791583166343e-05,6.813627254509034,7.747247586409063e-08,7.747247586409063e-08,7.747247586409063e-09
0.8651302605210368,3.0126893787575255e-05,2.97662124248498e-05,3.166332665330651,2.2258298359511498e-10,2.2258298359511498e-10,2.22582983595115e-11
0.4344889779559096,7.223627254509015e-06,2.5618376753507082e-05,6.472945891783579,9.361311158813752e-07,9.361311158813752e-07,9.361311158813752e-08
0.12937875751503009,5.230879759519066e-05,5.7899358717435194e-05,1.9639278557114244,1.2810643711951653e-07,1.2810643711951653e-07,1.2810643711951653e-08
0.8494388777555059,7.070354709418844e-05,2.4355991983967994e-05,5.6513026052104225,4.637891667090604e-06,4.637891667090604e-06,4.6378916670906043e-07
0.31767535070140146,4.978402805611248e-05,7.737615230460908e-05,2.3046092184368723,4.954318458610342e-10,4.954318458610342e-10,4.954318458610342e-11
0.08056112224448901,8.927863727454861e-05,5.303016032064157e-05,3.987975951903789,3.8138959681188295e-08,3.8138959681188295e-08,3.81389596811883e-09
0.504228456913825,3.643881763527069e-05,2.399531062124254e-05,0.6212424849699402,5.661260816510151e-07,5.661260816510151e-07,5.661260816510152e-08
0.49376753507013765,2.7602124248497078e-05,5.3210501002004294e-05,4.1082164328657145,1.2284431849546003e-10,1.2284431849546003e-10,1.2284431849546003e-11
0.8232865731462876,3.797154308617236e-06,4.545585170340704e-05,9.398797595190427,2.4545271389327164e-09,2.4545271389327164e-09,2.4545271389327164e-10
0.8564128256512974,4.816096192384794e-05,8.008126252504988e-05,2.0440881763527066,1.2859135088694639e-10,1.2859135088694639e-10,1.2859135088694638e-11
0.36823647294589007,6.502264529058114e-06,4.365244488977977e-05,9.91983967935877,1.3948316960565968e-08,1.3948316960565968e-08,1.3948316960565967e-09
0.10322645290581167,8.783591182364685e-05,4.635755511022067e-05,3.0861723446893694,6.203353499968312e-07,6.203353499968312e-07,6.203353499968312e-08
0.8877955911823593,1.2633847695390771e-05,3.0126893787575255e-05,7.515030060120265,9.034067171053278e-09,9.034067171053278e-09,9.034067171053277e-10
0.4187975951903787,5.4833567134268836e-05,7.719581162324636e-05,4.168336673346677,7.233731926008842e-08,7.233731926008842e-08,7.233731926008842e-09
0.7204208416833625,4.5095170340681584e-05,6.511298597194411e-05,5.551102204408818,5.166540006581435e-07,5.166540006581435e-07,5.166540006581435e-08
0.12066132264529064,4.202937875751523e-05,1.696202404809619e-05,8.617234468937912,6.866623174825301e-09,6.866623174825301e-09,6.866623174825301e-10
0.5582765531062094,2.8864509018036166e-05,7.04328657314629e-06,4.509018036072132,9.517053499680225e-08,9.517053499680225e-08,9.517053499680224e-09
0.8703607214428805,8.486012024048091e-06,7.413002004008012e-05,8.657314629258554,9.6140378706701e-10,9.6140378706701e-10,9.6140378706701e-11
0.27583166332665227,4.401312625250522e-05,5.014470941883794e-05,4.929859719438871,1.142692151060895e-07,1.142692151060895e-07,1.142692151060895e-08
0.13112224448897797,1.4797935871743473e-05,2.345428857715436e-05,7.154308617234489,1.315649183163909e-10,1.315649183163909e-10,1.3156491831639089e-11
0.2601402805611213,6.186685370741515e-05,6.5834348697395e-05,7.234468937875772,5.133780366335107e-08,5.133780366335107e-08,5.1337803663351075e-09
0.354288577154307,2.868416833667344e-05,8.729488977955869e-05,4.849699398797587,7.025408092178572e-09,7.025408092178572e-09,7.025408092178571e-10
0.2217835671342679,8.188466933867709e-05,4.879198396793587e-06,5.070140280561117,2.527311025237083e-08,2.527311025237083e-08,2.5273110252370827e-09
0.42228456913827445,2.5438036072144355e-05,5.447288577154338e-05,7.835671342685399,2.1811489473271364e-06,2.1811489473271364e-06,2.1811489473271363e-07
0.6158116232464895,5.2669478957916114e-05,3.9865290581162504e-05,1.9438877755511037,4.402520680793966e-07,4.402520680793966e-07,4.402520680793966e-08
0.7953907815631215,1.76833867735471e-05,5.9612424849699384e-06,6.05210420841684,1.1765763050734954e-06,1.1765763050734954e-06,1.1765763050734954e-07
0.2932665330661311,2.688076152304617e-05,4.1488356713427046e-05,2.9458917835671263,5.186096606823377e-10,5.186096606823377e-10,5.186096606823377e-11
0.48156312625250247,3.066791583166343e-05,4.166869739478977e-05,1.983967935871745,1.543968701634049e-10,1.543968701634049e-10,1.543968701634049e-11
0.4397194388777533,2.165088176352709e-05,8.314705410821613e-05,0.5611222444889782,1.0025861619226328e-06,1.0025861619226328e-06,1.0025861619226328e-07
0.8721042084168283,5.4292545090180656e-05,8.350773547094157e-05,1.5430861723446905,3.144407265818321e-06,3.144407265818321e-06,3.144407265818321e-07
0.47284569138276306,4.130801603206432e-05,4.202937875751523e-05,9.01803607214433,1.5033819951510772e-07,1.5033819951510772e-07,1.503381995151077e-08
0.03697394789579159,1.5519298597194376e-05,3.589779559118251e-05,0.04008016032064128,1.985410210702871e-10,1.985410210702871e-10,1.985410210702871e-11
0.25490981963927767,2.895450901803608e-06,4.834130260521067e-05,6.252505010020049,6.086098746574678e-10,6.086098746574678e-10,6.086098746574678e-11
0.4153106212424829,7.737615230460908e-05,2.7962805611222532e-05,7.995991983967966,1.2648701071454006e-09,1.2648701071454006e-09,1.2648701071454006e-10
0.16076152304609198,8.585216432865693e-05,9.568056112224443e-06,4.7895791583166245,1.6578499612501935e-06,1.6578499612501935e-06,1.6578499612501935e-07
0.5234068136272517,5.627629258517065e-05,6.655571142284587e-05,4.649298597194378,3.1563096058403076e-09,3.1563096058403076e-09,3.156309605840308e-10
0.78841683366733,7.881887775551084e-05,7.944989979959916e-06,3.0460921843687285,5.017749115127665e-08,5.017749115127665e-08,5.017749115127665e-09
0.49202404809618977,4.92430060120243e-05,7.647444889779548e-05,4.188376753506998,5.697386410995195e-06,5.697386410995195e-06,5.697386410995195e-07
0.3054709418837663,8.242569138276525e-05,2.0208156312625275e-05,8.537074148296629,4.2757327383983625e-08,4.2757327383983625e-08,4.275732738398362e-09
0.6576553106212387,7.160525050100204e-05,7.990092184368716e-05,7.555110220440906,2.9659039599575217e-08,2.9659039599575217e-08,2.9659039599575215e-09
0.05789579158316635,5.510220440881764e-07,1.0469759519038069e-05,7.094188376753526,5.408246526943056e-07,5.408246526943056e-07,5.4082465269430566e-08
0.19563126252504964,6.141583166332664e-06,7.30479759519038e-05,2.985971943887767,5.319742981794605e-06,5.319742981794605e-06,5.319742981794605e-07
0.6105811623246459,4.2750741482966134e-05,7.593342685370732e-05,0.5010020040080162,2.306456802499146e-08,2.306456802499146e-08,2.306456802499146e-09
0.7674949899799554,6.321923847695389e-06,1.227316633266532e-05,8.937875751503046,3.003876738033687e-06,3.003876738033687e-06,3.003876738033687e-07
0.44320641282564904,7.954024048096172e-05,1.2633847695390771e-05,8.236472945891816,3.0654112252299065e-10,3.0654112252299065e-10,3.0654112252299064e-11
0.5321242484969911,7.557274549098188e-05,4.888232464929885e-05,2.6853707414829606,1.0231241635532605e-10,1.0231241635532605e-10,1.0231241635532606e-11
0.6506813627254472,8.603250501001965e-05,8.080262525050076e-05,8.837675350701442,1.0778232236916957e-09,1.0778232236916957e-09,1.0778232236916957e-10
0.8285170340681313,2.0208156312625275e-05,5.510220440881764e-07,3.787575150300585,1.1210931745753224e-10,1.1210931745753224e-10,1.1210931745753223e-11
0.6315030060120205,4.7980621242485214e-05,1.7322705410821645e-05,0.4008016032064129,1.4694032735283116e-07,1.4694032735283116e-07,1.4694032735283116e-08
0.519919839679356,4.347210420841704e-05,1.9034068136272548e-07,5.290581162324647,8.773895585016613e-10,8.773895585016613e-10,8.773895585016612e-11
0.12589178356713432,8.440943887775517e-05,1.8134068136272543e-06,9.378757515030106,5.625364284701012e-08,5.625364284701012e-08,5.625364284701012e-09
0.2740881763527044,7.232661322645292e-05,8.693420841683325e-05,7.675350701402832,6.5350020116956714e-06,6.5350020116956714e-06,6.535002011695672e-07
0.7047294589178316,1.1732144288577145e-05,7.539240480961916e-05,9.619238476953957,1.5090726586614084e-10,1.5090726586614084e-10,1.5090726586614084e-11
0.22352705410821577,3.481575150300615e-05,8.666352705410816e-06,7.1943887775551305,1.512975364909728e-06,1.512975364909728e-06,1.512975364909728e-07
0.8808216432865678,4.1488356713427046e-05,2.056883767535073e-05,8.597194388777591,5.37395429067653e-08,5.37395429067653e-08,5.37395429067653e-09
0.05092184368737476,4.293108216432886e-05,2.1831222444889817e-05,6.372745490981974,1.3190516649849534e-06,1.3190516649849534e-06,1.3190516649849534e-07
0.5530460921843657,2.056883767535073e-05,3.048757515030071e-05,0.2805611222444889,1.9779232939038465e-07,1.9779232939038465e-07,1.9779232939038466e-08
0.8598997995991932,3.427472945891797e-05,8.675386773547053e-05,8.957915831663367,5.4633597389882735e-09,5.4633597389882735e-09,5.463359738988273e-10
0.6402204408817599,6.529332665330683e-05,8.945897795591133e-05,4.769539078156304,6.998915508640024e-06,6.998915508640024e-06,6.998915508640024e-07
0.16424849699398775,2.4355991983967994e-05,6.502264529058114e-06,6.5130260521042205,2.6895598015305057e-09,2.6895598015305057e-09,2.689559801530506e-10
0.6018637274549065,2.5347695390781566e-06,2.0749178356713456e-05,0.48096192384769554,8.213516664628277e-06,8.213516664628277e-06,8.213516664628277e-07
0.7448296593186329,7.376933867735468e-05,5.826004008016065e-05,5.791583166332669,2.4143598957465273e-08,2.4143598957465273e-08,2.414359895746527e-09
0.4798196392785546,9.748396793587168e-06,3.6258476953907966e-05,3.747494989979944,1.599896387950018e-08,1.599896387950018e-08,1.5998963879500182e-09
0.6803206412825612,2.453633266533072e-05,8.513080160320605e-05,9.879759519038128,1.583756973177416e-06,1.583756973177416e-06,1.583756973177416e-07
0.09799599198396798,1.8404749498998006e-05,5.934208416833701e-05,8.476953907815666,1.5796716864117503e-10,1.5796716864117503e-10,1.5796716864117504e-11
0.6559118236472908,7.313627254509018e-07,6.348991983967963e-05,3.7675350701402643,1.0709890365931138e-10,1.0709890365931138e-10,1.0709890365931137e-11
0.6942685370741443,7.593342685370732e-05,8.332739478957885e-05,5.1302605210420795,2.2033761375702947e-08,2.2033761375702947e-08,2.2033761375702947e-09
0.6907815631262485,7.66547895791582e-05,2.6700420841683444e-05,6.012024048096198,5.963927547384928e-06,5.963927547384928e-06,5.963927547384928e-07
0.6001202404809586,3.24713226452907e-05,7.863853707414812e-05,7.695390781563153,1e-10,1e-10,1.0000000000000001e-11
0.7552905811623202,7.04328657314629e-06,8.02616032064126e-05,7.7154308617234735,1.3409964749099134e-07,1.3409964749099134e-07,1.3409964749099134e-08
0.09973947895791588,8.963931863727405e-05,4.6177214428857945e-05,2.344689378757513,1.4938494543691993e-08,1.4938494543691993e-08,1.4938494543691992e-09
0.07184368737474953,9.027034068136267e-06,2.3814969939879813e-05,5.81162324649299,3.4585412817003523e-09,3.4585412817003523e-09,3.4585412817003525e-10
0.8163126252504961,5.3210501002004294e-05,7.4851382765531e-05,5.851703406813631,3.196720167281389e-07,3.196720167281389e-07,3.196720167281389e-08
0.6123246492985938,8.873761523046045e-05,6.367026052104235e-05,1.3827655310621252,6.518145033204574e-10,6.518145033204574e-10,6.518145033204574e-11
0.20434869739478906,8.098296593186348e-05,5.916174348697428e-05,0.7214428857715435,4.6084840437446547e-07,4.6084840437446547e-07,4.6084840437446547e-08
0.03,6.835911823647308e-05,1.5519298597194376e-05,0.14028056112224446,1.0467830540465593e-10,1.0467830540465593e-10,1.0467830540465593e-11
0.1485571142284568,4.780028056112249e-05,4.130801603206432e-05,0.42084168336673355,2.628771655817212e-09,2.628771655817212e-09,2.628771655817212e-10
0.7814428857715384,2.3814969939879813e-05,8.260603206412797e-05,6.553106212424862,1.9455554603241263e-06,1.9455554603241263e-06,1.9455554603241262e-07
0.2322444889779552,1.8044068136272553e-05,2.922519038076162e-05,1.1422845691382773,4.5502270122077455e-09,4.5502270122077455e-09,4.5502270122077453e-10
0.8999999999999945,6.511298597194411e-05,2.9044849699398893e-05,8.637274549098233,6.242938292164014e-06,6.242938292164014e-06,6.242938292164014e-07
0.713446893787571,4.112767535070159e-05,1.6330661322645289e-06,0.6412825651302608,1.2941191703766615e-09,1.2941191703766615e-09,1.2941191703766614e-10
0.26885771543086073,7.683513026052092e-05,9.117034068136272e-07,4.68937875751502,5.286011922698089e-07,5.286011922698089e-07,5.286011922698089e-08
0.7256513026052062,5.3751523046092475e-05,5.988310621242519e-05,5.611222444889781,4.763100528443976e-09,4.763100528443976e-09,4.763100528443976e-10
0.0892785571142285,1.0650100200400794e-05,7.142490981963932e-05,5.010020040080154,1.3720058967200789e-07,1.3720058967200789e-07,1.3720058967200789e-08
0.5565330661322615,2.399531062124254e-05,7.322831663326652e-05,7.655310621242511,1.0669503720559728e-07,1.0669503720559728e-07,1.0669503720559728e-08
0.7483166332665286,4.65378957915834e-05,5.735833667334701e-05,4.869739478957908,9.737127401351965e-08,9.737127401351965e-08,9.737127401351965e-09
0.15378757515030045,5.645663326653338e-05,6.0063446893787916e-05,4.729458917835662,7.476426528190401e-10,7.476426528190401e-10,7.476426528190401e-11
0.5094589178356687,7.701547094188364e-05,1.4076573146292573e-05,8.897795591182405,6.063148267776576e-07,6.063148267776576e-07,6.063148267776576e-08
0.22527054108216366,5.1407094188377025e-05,1.2092825651302595e-05,7.274549098196414,2.1399212336501777e-09,2.1399212336501777e-09,2.1399212336501776e-10
0.5024849699398771,2.814314629258526e-05,2.0388496993988002e-05,0.3006012024048096,9.396745979765522e-10,9.396745979765522e-10,9.396745979765521e-11
0.45192384769538846,2.633973947895799e-05,4.816096192384794e-05,2.5450901803607175,4.043435780503082e-06,4.043435780503082e-06,4.0434357805030824e-07
0.8250300601202355,6.114549098196427e-05,5.645663326653338e-05,1.8436873747495004,1.7755391328152799e-06,1.7755391328152799e-06,1.7755391328152798e-07
0.4275150300601181,2.2372244488977998e-05,3.977494989979961e-06,8.737474949899838,1.4090458511712325e-10,1.4090458511712325e-10,1.4090458511712325e-11
0.4065931863727435,8.711454909819597e-05,6.330957915831691e-05,9.959919839679412,1.9529198570650123e-09,1.9529198570650123e-09,1.9529198570650122e-10
0.4048496993987956,2.110985971943891e-05,2.291326653306618e-05,1.0220440881763533,1.811911094637567e-10,1.811911094637567e-10,1.811911094637567e-11
0.16250501002003986,5.9612424849699384e-06,7.0342865731463e-05,1.2825651302605219,2.4701899488522036e-08,2.4701899488522036e-08,2.4701899488522035e-09
0.6646292585170303,8.134364729458892e-05,1.1010781563126244e-05,8.77755511022048,8.48908343705269e-08,8.48908343705269e-08,8.48908343705269e-09
0.20783567134268482,5.6636973947896105e-05,2.219190380761527e-05,2.2645290581162314,1.9332192165558978e-07,1.9332192165558978e-07,1.9332192165558978e-08
0.41008016032063926,8.747523046092141e-05,3.120893787575161e-05,3.2264529058116125,1.418037243845071e-09,1.418037243845071e-09,1.418037243845071e-10
0.35777555110220277,2.50773547094189e-05,5.880106212424883e-05,2.525050100200397,1.965381814410689e-08,1.965381814410689e-08,1.965381814410689e-09
0.04743486973947897,5.447288577154338e-05,8.837693386773501e-05,9.979959919839732,3.3676257082751576e-06,3.3676257082751576e-06,3.367625708275158e-07
0.19214428857715388,1.1010781563126244e-05,8.765557114228413e-05,2.7254509018036015,2.3448288825886378e-09,2.3448288825886378e-09,2.3448288825886376e-10
0.772725450901799,8.170432865731437e-05,4.058665330661341e-05,6.573146292585183,3.525173523793985e-06,3.525173523793985e-06,3.525173523793985e-07
0.43100200400801386,2.4175651302605267e-05,5.6636973947896105e-05,4.529058116232453,3.136296295760125e-10,3.136296295760125e-10,3.136296295760125e-11
0.6332464929859684,4.3291763527054315e-05,5.627629258517065e-05,2.0040080160320657,3.217119053711171e-06,3.217119053711171e-06,3.217119053711171e-07
0.190400801603206,3.44550701402807e-05,1.155180360721442e-05,7.935871743487003,8.829883500823982e-09,8.829883500823982e-09,8.829883500823982e-10
0.08230460921843691,7.76464929859719e-06,3.6979839679358873e-05,5.511022044088176,5.049768337635864e-07,5.049768337635864e-07,5.049768337635864e-08
0.049178356713426866,5.1948116232465206e-05,6.0243787575150643e-05,8.176352705410853,8.942933421233391e-07,8.942933421233391e-07,8.942933421233391e-08
0.6716032064128218,8.404875751502973e-05,3.4364729458917847e-06,9.098196392785614,4.084640768561948e-08,4.084640768561948e-08,4.084640768561948e-09
0.6820641282565091,6.258821643286603e-05,6.85394589178358e-05,1.5030060120240492,2.706722400089829e-08,2.706722400089829e-08,2.706722400089829e-09
0.8302605210420791,6.0063446893787916e-05,8.891795591182317e-05,7.17434869739481,6.797354139442534e-07,6.797354139442534e-07,6.797354139442534e-08
0.6297595190380726,2.4716673346693448e-05,3.842256513026069e-05,0.7014028056112228,2.3211747471134193e-07,2.3211747471134193e-07,2.3211747471134193e-08
0.0840480961923848,8.3868416833667e-05,3.1028597194388886e-05,6.73346693386775,2.5112860259393226e-09,2.5112860259393226e-09,2.5112860259393227e-10
0.3961322645290562,5.519424849699429e-05,6.908048096192396e-05,2.4048096192384745,1.620380028453788e-06,1.620380028453788e-06,1.620380028453788e-07
0.2531663326653298,3.319268537074161e-05,5.573527054108247e-05,7.034068136272563,1.7134714911793995e-08,1.7134714911793995e-08,1.7134714911793996e-09
0.45366733466933634,5.6095951903807925e-05,3.319268537074161e-05,0.38076152304609223,8.886228686294111e-08,8.886228686294111e-08,8.886228686294111e-09
0.7082164328657273,8.981965931863677e-05,4.7439599198397034e-05,6.032064128256519,3.992321669323289e-08,3.992321669323289e-08,3.992321669323289e-09
0.07358717434869742,2.715110220440882e-06,2.7602124248497078e-05,4.949899799599192,1.1354466475453157e-08,1.1354466475453157e-08,1.1354466475453157e-09
0.7657515030060075,7.0342865731463e-05,3.7068136272545095e-07,7.474949899799623,1.474965319380662e-10,1.474965319380662e-10,1.474965319380662e-11
0.638476953907812,6.637537074148315e-05,5.050539078156339e-05,1.863727454909821,6.754253945511699e-08,6.754253945511699e-08,6.754253945511699e-09
0.38218436873747313,3.265166332665343e-05,7.196593186372748e-05,7.5350701402805855,2.8153856230869715e-09,2.8153856230869715e-09,2.8153856230869716e-10
0.11717434869739485,3.878324649298614e-05,7.881887775551084e-05,1.743486973947897,1.4787798185268515e-06,1.4787798185268515e-06,1.4787798185268515e-07
0.28629258517033956,5.158743486973975e-05,4.419346693386795e-05,8.276553106212457,1.385987443518386e-09,1.385987443518386e-09,1.385987443518386e-10
0.7343687374749456,2.7241442885771624e-05,2.9585871743487074e-05,6.95390781563128,3.3250546859543106e-08,3.3250546859543106e-08,3.3250546859543107e-09
0.7692384769539032,9.207374749498992e-06,4.518517034068137e-06,6.693386773547108,1.4416288578877648e-10,1.4416288578877648e-10,1.4416288578877648e-11
0.7605210420841638,5.104641282565157e-05,6.114549098196427e-05,5.330661322645288,2.618858644105754e-06,2.618858644105754e-06,2.618858644105754e-07
0.668116232464926,4.7439599198397034e-05,6.94411623246494e-05,7.615230460921869,3.2915122408795002e-06,3.2915122408795002e-06,3.2915122408795e-07
0.40310621242484773,3.968494989979978e-05,8.846693386773542e-06,0.12024048096192383,1.049490204522194e-06,1.049490204522194e-06,1.049490204522194e-07
0.8947695390781508,5.600561122244488e-06,1.930645290581164e-05,2.164328657314629,7.16075957555727e-06,7.16075957555727e-06,7.16075957555727e-07
0.25665330661322555,2.6159398797595263e-05,3.1749959919839793e-05,1.923847695390783,4.3304753910871305e-06,4.3304753910871305e-06,4.330475391087131e-07
0.1991182364729454,7.286763527054108e-05,5.248913827655339e-05,9.218436873747539,2.935984551084556e-06,2.935984551084556e-06,2.9359845510845557e-07
0.038717434869739484,2.8503827655310713e-05,2.4897014028056175e-05,4.629258517034057,4.058741160324506e-09,4.058741160324506e-09,4.0587411603245054e-10
0.6262725450901768,1.3715891783567122e-05,5.411220440881793e-05,4.328657314629244,3.7754221960716797e-06,3.7754221960716797e-06,3.7754221960716797e-07
0.44146292585170116,1.7503046092184372e-05,4.338176352705412e-06,3.0060120240480876,7.796684263812391e-07,7.796684263812391e-07,7.796684263812391e-08
0.8354909819639228,7.863853707414812e-05,4.347210420841704e-05,9.539078156312673,2.7343054928428164e-10,2.7343054928428164e-10,2.7343054928428164e-11
0.8895390781563072,8.062228456913804e-05,3.24713226452907e-05,6.212424849699407,1.5538210629755687e-09,1.5538210629755687e-09,1.5538210629755687e-10
0.7831863727454863,2.0749178356713456e-05,5.12267535070143e-05,9.559118236472994,3.4366116018718376e-10,3.4366116018718376e-10,3.4366116018718374e-11
0.8930260521042029,1.3896232464929847e-05,1.6601342685370737e-05,7.314629258517056,1.0362233290459696e-08,1.0362233290459696e-08,1.0362233290459697e-09
0.6245290581162289,2.9405531062124347e-05,5.104641282565157e-05,1.7835671342685384,1.1810299302120125e-09,1.1810299302120125e-09,1.1810299302120126e-10
0.5687374749498967,6.49326452905814e-05,1.272384769539078e-06,8.11623246492989,2.862224654494287e-10,2.862224654494287e-10,2.8622246544942873e-11
0.12414829659318644,5.934208416833701e-05,8.819659318637229e-05,2.3246492985971927,5.792172737548809e-07,5.792172737548809e-07,5.7921727375488094e-08
0.3107014028056099,1.9486793587174368e-05,4.698857715430862e-06,4.709418837675341,1.940536917638263e-10,1.940536917638263e-10,1.940536917638263e-11
0.24619238476953825,8.314705410821613e-05,3.661915831663342e-05,8.256513026052136,2.3748499716013735e-07,2.3748499716013735e-07,2.3748499716013734e-08
0.4571543086172321,4.581653306613249e-05,6.132583166332699e-05,6.833667334669355,6.601597524639142e-08,6.601597524639142e-08,6.601597524639142e-09
0.39090180360721255,8.332739478957885e-05,8.125330661322641e-06,0.9819639278557121,1.6961863549009102e-06,1.6961863549009102e-06,1.6961863549009102e-07
0.2845490981963917,3.3914048096192516e-05,4.527551102204431e-05,9.819639278557165,2.6794175597149314e-06,2.6794175597149314e-06,2.679417559714931e-07
0.3734669338677337,5.465322645290611e-05,5.1407094188377025e-05,5.170340681362721,1.1470175165026506e-10,1.1470175165026506e-10,1.1470175165026506e-11
0.10671342685370747,8.531114228456877e-05,2.3273947895791633e-05,9.498997995992031,4.2216821016553884e-10,4.2216821016553884e-10,4.2216821016553885e-11
0.5617635270541051,2.6520080160320717e-05,3.535677354709433e-05,8.877755511022084,1.4843773568639093e-09,1.4843773568639093e-09,1.4843773568639093e-10
0.7866733466933821,5.780901803607213e-06,1.9667134268537095e-05,4.408817635270528,4.2057622768873556e-07,4.2057622768873556e-07,4.2057622768873555e-08
0.3769539078156295,1.4076573146292573e-05,2.354428857715431e-06,7.354709418837698,1.302377193788689e-08,1.302377193788689e-08,1.302377193788689e-09
0.14158316633266527,7.84581963927854e-05,5.501390781563156e-05,7.294589178356735,1.7309327731598611e-10,1.7309327731598611e-10,1.7309327731598612e-11
0.6227855711422811,1.4527254509018034e-06,7.052320641282572e-05,2.2244488977955905,3.3462724996390475e-07,3.3462724996390475e-07,3.3462724996390477e-08
0.07881763527054111,3.193030060120252e-05,3.2832004008016155e-05,8.416833667334704,1.7642809168409121e-07,1.7642809168409121e-07,1.7642809168409122e-08
0.10845691382765536,5.059539078156312e-06,5.465322645290611e-05,5.751503006012027,5.101228446154385e-09,5.101228446154385e-09,5.101228446154385e-10
0.5513026052104179,4.698857715430862e-06,7.84581963927854e-05,8.196392785571174,8.40344736732859e-06,8.40344736732859e-06,8.40344736732859e-07
0.8442084168336622,8.666352705410816e-06,3.427472945891797e-05,7.214428857715451,9.577783649123128e-07,9.577783649123128e-07,9.577783649123128e-08
0.25839679358717343,2.6700420841683444e-05,5.239879759519038e-06,0.6813627254509022,4.985932917895367e-09,4.985932917895367e-09,4.985932917895367e-10
0.6192985971943853,1.533895791583165e-05,3.2290981963927974e-05,0.18036072144288573,1.3633063764347168e-08,1.3633063764347168e-08,1.3633063764347169e-09
0.6489378757514993,3.6258476953907966e-05,4.4373807615230676e-05,3.1262525050100103,3.516080370622556e-10,3.516080370622556e-10,3.516080370622556e-11
0.7169338677354667,4.635755511022067e-05,3.499609218436888e-05,2.4448897795591154,3.5385171559541083e-09,3.5385171559541083e-09,3.538517155954108e-10
0.8651302605210368,2.2732925851703452e-05,3.066791583166343e-05,6.613226452905825,7.448233168919441e-07,7.448233168919441e-07,7.448233168919442e-08
0.5914028056112192,3.589779559118251e-05,4.834130260521067e-05,9.358717434869785,8.350163368321142e-07,8.350163368321142e-07,8.350163368321142e-08
0.7988777555110173,7.160525050100204e-05,4.92430060120243e-05,2.20440881763527,9.456708423776946e-09,9.456708423776946e-09,9.456708423776946e-10
0.877334669338672,6.76377555110222e-05,6.547366733466955e-05,8.256513026052136,1.5187023416387875e-09,1.5187023416387875e-09,1.5187023416387876e-10
0.39961923847695197,2.453633266533072e-05,4.293108216432886e-05,6.5130260521042205,9.301953603195098e-08,9.301953603195098e-08,9.301953603195097e-09
0.35951903807615065,6.348991983967963e-05,8.20650100200398e-05,3.1863727454909716,1e-10,1e-10,1.0000000000000001e-11
0.43100200400801386,9.387715430861717e-06,8.855727454909773e-05,7.615230460921869,5.4982224886219015e-08,5.4982224886219015e-08,5.498222488621901e-09
0.8494388777555059,2.9585871743487074e-05,5.771901803607247e-05,1.1823647294589186,6.866623174825301e-09,6.866623174825301e-09,6.866623174825301e-10
0.7117034068136231,1.0830440881763519e-05,8.260603206412797e-05,3.707414829659303,2.131851660850342e-06,2.131851660850342e-06,2.1318516608503423e-07
0.3019839679358705,1.272384769539078e-06,6.5834348697395e-05,8.917835671342726,8.161436965110303e-07,8.161436965110303e-07,8.161436965110304e-08
0.1694789579158314,2.97662124248498e-05,5.303016032064157e-05,1.7034068136272558,1.1765763050734954e-06,1.1765763050734954e-06,1.1765763050734954e-07
0.5356112224448869,3.6168136272545103e-06,1.4076573146292573e-05,2.7254509018036015,7.3263461511480485e-06,7.3263461511480485e-06,7.326346151148048e-07
0.4257715430861702,1.4256913827655298e-05,8.981965931863677e-05,8.156312625250532,2.751753622267373e-09,2.751753622267373e-09,2.751753622267373e-10
0.4065931863727435,7.917955911823628e-05,1.6240661322645284e-05,4.428857715430849,1.1282470858183015e-09,1.1282470858183015e-09,1.1282470858183015e-10
0.34905811623246336,2.002781563126255e-05,1.3896232464929847e-05,6.873747494989996,7.846436406165732e-06,7.846436406165732e-06,7.846436406165733e-07
0.5669939879759488,8.855727454909773e-05,1.3174869739478947e-05,2.384769539078154,1.0985885614816929e-06,1.0985885614816929e-06,1.0985885614816929e-07
0.08056112224448901,2.0929519038076183e-05,4.3291763527054315e-05,1.5631262525050111,1.3460724700541052e-10,1.3460724700541052e-10,1.3460724700541052e-11
0.6332464929859684,2.742178356713435e-05,2.97662124248498e-05,4.9699398797595125,1.060185126784533e-08,1.060185126784533e-08,1.0601851267845331e-09
0.04220440881763528,9.027034068136267e-06,1.7142364729458918e-05,2.4448897795591154,4.152596154736201e-09,4.152596154736201e-09,4.1525961547362006e-10
0.11891783567134274,8.305671342685366e-06,2.219190380761527e-05,1.6432865731462938,1.1617029015291595e-08,1.1617029015291595e-08,1.1617029015291595e-09
0.23398797595190307,2.5438036072144355e-05,5.059539078156312e-06,0.02004008016032064,3.4366116018718376e-10,3.4366116018718376e-10,3.4366116018718374e-11
0.41356713426853503,1.0109078156312618e-05,8.513080160320605e-05,7.134268537074168,2.543438283138544e-07,2.543438283138544e-07,2.543438283138544e-08
0.17122244488977928,5.068573146292612e-05,5.0866072144288845e-05,0.38076152304609223,6.910440418427994e-08,6.910440418427994e-08,6.9104404184279935e-09
0.5513026052104179,7.9359899799599e-05,8.675386773547053e-05,1.6633266533066144,2.268712664406333e-07,2.268712664406333e-07,2.268712664406333e-08
0.4397194388777533,7.701547094188364e-05,8.350773547094157e-05,6.452905811623258,1.6854312935433095e-07,1.6854312935433095e-07,1.6854312935433094e-08
0.5077154308617208,6.871979959919852e-05,2.9405531062124347e-05,0.9218436873747501,1.2648701071454006e-09,1.2648701071454006e-09,1.2648701071454006e-10
0.7919038076152257,5.988310621242519e-05,8.801625250500957e-05,1.042084168336674,1.538146446289981e-07,1.538146446289981e-07,1.538146446289981e-08
0.40310621242484773,2.1831222444889817e-05,5.5554929859719744e-05,1.0020040080160326,2.5596684521755253e-06,2.5596684521755253e-06,2.5596684521755255e-07
0.43274549098196174,4.996436873747521e-05,1.2994529058116221e-05,6.633266533066146,2.09155575626162e-09,2.09155575626162e-09,2.09155575626162e-10
0.5617635270541051,4.581653306613249e-05,1.7503046092184372e-05,4.288577154308602,6.998915508640024e-06,6.998915508640024e-06,6.998915508640024e-07
0.043947895791583175,5.600561122244488e-06,3.788154308617251e-05,9.93987975951909,8.40344736732859e-06,8.40344736732859e-06,8.40344736732859e-07
0.45889779559118,3.373370741482979e-05,2.6700420841683444e-05,3.4669338677354578,2.6895598015305057e-09,2.6895598015305057e-09,2.689559801530506e-10
0.7483166332665286,5.645663326653338e-05,8.693420841683325e-05,4.088176352705394,1.4453571435466035e-06,1.4453571435466035e-06,1.4453571435466036e-07
0.8442084168336622,1.4978276553106199e-05,1.9486793587174368e-05,5.931863727454915,3.003876738033687e-06,3.003876738033687e-06,3.003876738033687e-07
0.7413426853707371,1.2453507014028046e-05,5.519424849699429e-05,7.1943887775551305,2.4143598957465273e-08,2.4143598957465273e-08,2.414359895746527e-09
0.40136272545089985,4.202937875751523e-05,7.322831663326652e-05,6.192384769539086,1.149983889528423e-06,1.149983889528423e-06,1.149983889528423e-07
0.42402805611222233,5.699765531062156e-05,3.138927855711434e-05,1.102204408817636,2.1673188686386775e-07,2.1673188686386775e-07,2.1673188686386775e-08
0.8145691382765482,2.165088176352709e-05,3.6979839679358873e-05,4.90981963927855,5.37395429067653e-08,5.37395429067653e-08,5.37395429067653e-09
0.579198396793584,7.070354709418844e-05,7.76464929859719e-06,4.028056112224431,2.7343054928428164e-10,2.7343054928428164e-10,2.7343054928428164e-11
0.21480961923847636,8.332739478957885e-05,7.250695390781564e-05,6.693386773547108,2.5112860259393226e-09,2.5112860259393226e-09,2.5112860259393227e-10
0.06486973947895794,7.12445691382766e-05,6.439162324649323e-05,9.67935871743492,4.655447205842502e-09,4.655447205842502e-09,4.655447205842502e-10
0.5652505010020009,1.6601342685370737e-05,6.601468937875771e-05,8.877755511022084,5.166540006581435e-07,5.166540006581435e-07,5.166540006581435e-08
0.34034068136272394,3.409438877755524e-05,5.6636973947896105e-05,9.759519038076203,2.3990510891740275e-09,2.3990510891740275e-09,2.3990510891740275e-10
0.4153106212424829,5.284981963927884e-05,8.486012024048091e-06,9.839679358717486,1.0428356694758392e-07,1.0428356694758392e-07,1.0428356694758392e-08
0.11194388777555116,2.0749178356713456e-05,4.888232464929885e-05,8.757515030060159,2.6794175597149314e-06,2.6794175597149314e-06,2.679417559714931e-07
0.8965130260520987,5.5554929859719744e-05,6.132583166332699e-05,5.1503006012024,6.6861184670350125e-06,6.6861184670350125e-06,6.686118467035012e-07
0.6158116232464895,7.322831663326652e-05,4.239006012024068e-05,2.5450901803607175,2.2773002891194118e-10,2.2773002891194118e-10,2.2773002891194117e-11
0.6402204408817599,6.709673346693404e-05,7.899921843687356e-05,5.9919839679358775,2.1183341629931634e-07,2.1183341629931634e-07,2.1183341629931635e-08
0.5268937875751475,8.693420841683325e-05,6.908048096192396e-05,2.3046092184368723,2.1399212336501777e-09,2.1399212336501777e-09,2.1399212336501776e-10
0.06835671342685373,2.2011563126252544e-05,3.797154308617236e-06,5.430861723446893,4.402520680793966e-07,4.402520680793966e-07,4.402520680793966e-08
0.11020040080160326,6.682605210420839e-06,4.7980621242485214e-05,5.110220440881759,3.765683528717025e-10,3.765683528717025e-10,3.765683528717025e-11
0.13983967935871738,4.698857715430862e-06,2.165088176352709e-05,0.32064128256513025,1.7309327731598611e-10,1.7309327731598611e-10,1.7309327731598612e-11
0.6001202404809586,1.1010781563126244e-05,1.7863727454909826e-05,3.026052104208408,9.836354454798719e-10,9.836354454798719e-10,9.836354454798719e-11
0.35777555110220277,2.1740881763527053e-06,7.413002004008012e-05,9.078156312625293,1.7642809168409121e-07,1.7642809168409121e-07,1.7642809168409122e-08
0.5129458917835644,1.4437254509018023e-05,4.157835671342686e-06,5.631262525050102,1.3190516649849534e-06,1.3190516649849534e-06,1.3190516649849534e-07
0.5216633266533038,5.050539078156339e-05,5.239879759519038e-06,1.5030060120240492,1.2316201379436526e-06,1.2316201379436526e-06,1.2316201379436525e-07
0.6262725450901768,5.86207214428861e-05,8.531114228456877e-05,9.979959919839732,7.976976065901924e-07,7.976976065901924e-07,7.976976065901925e-08
0.10148296593186378,7.647444889779548e-05,2.5618376753507082e-05,2.284569138276552,3.992321669323289e-08,3.992321669323289e-08,3.992321669323289e-09
0.8738476953907762,3.1749959919839793e-05,4.347210420841704e-05,1.803607214428859,2.569357414732162e-09,2.569357414732162e-09,2.569357414732162e-10
0.5879158316633234,3.066791583166343e-05,6.529332665330683e-05,9.278557114228501,1.2892390894219017e-06,1.2892390894219017e-06,1.2892390894219017e-07
0.6733466933867697,7.809751503005996e-05,5.600561122244488e-06,5.37074148296593,5.133780366335107e-08,5.133780366335107e-08,5.1337803663351075e-09
0.5007414829659292,2.50773547094189e-05,6.691639278557132e-05,7.17434869739481,2.797534020263893e-10,2.797534020263893e-10,2.797534020263893e-11
0.2095791583166327,2.895450901803608e-06,2.2011563126252544e-05,8.316633266533099,2.1894051222482004e-09,2.1894051222482004e-09,2.1894051222482005e-10
0.6192985971943853,6.926082164328668e-05,4.6177214428857945e-05,4.549098196392774,4.430614012294001e-06,4.430614012294001e-06,4.430614012294001e-07
0.5844288577154276,7.413002004008012e-05,7.584308617234465e-06,7.8757515030060405,5.3398794922546735e-09,5.3398794922546735e-09,5.339879492254674e-10
0.22701402805611154,5.248913827655339e-05,6.76377555110222e-05,5.190380761523042,5.851198383420681e-09,5.851198383420681e-09,5.851198383420681e-10
0.11717434869739485,5.465322645290611e-05,2.7602124248497078e-05,8.416833667334704,3.401943794335867e-08,3.401943794335867e-08,3.401943794335867e-09
0.861643286573141,5.6095951903807925e-05,3.589779559118251e-05,9.799599198396844,2.618858644105754e-06,2.618858644105754e-06,2.618858644105754e-07
0.20260521042084118,7.972058116232444e-05,7.223627254509015e-06,5.871743486973952,1.1210931745753224e-10,1.1210931745753224e-10,1.1210931745753223e-11
0.4972545090180334,5.230879759519066e-05,1.822440881763528e-05,9.118236472945934,3.3462724996390475e-07,3.3462724996390475e-07,3.3462724996390477e-08
0.15204408817635257,7.84581963927854e-05,3.8602905811623416e-05,7.154308617234489,1.7709591457061092e-10,1.7709591457061092e-10,1.7709591457061093e-11
0.8250300601202355,9.207374749498992e-06,4.1488356713427046e-05,6.593186372745504,4.1107056471825913e-07,4.1107056471825913e-07,4.1107056471825916e-08
0.832004008016027,2.1470541082164364e-05,3.6258476953907966e-05,8.376753507014062,4.745139032542713e-06,4.745139032542713e-06,4.7451390325427135e-07
0.3647494989979943,6.114549098196427e-05,8.963931863727405e-05,1.3627254509018045,3.4585412817003523e-09,3.4585412817003523e-09,3.4585412817003525e-10
0.7047294589178316,8.486012024048091e-06,3.9143927855711596e-05,7.735470941883794,5.252494743172759e-08,5.252494743172759e-08,5.252494743172759e-09
0.7552905811623202,2.7241442885771624e-05,5.104641282565157e-05,5.050100200400796,6.518145033204574e-10,6.518145033204574e-10,6.518145033204574e-11
0.7395991983967892,5.1948116232465206e-05,1.0109078156312618e-05,8.677354709418875,1.3807609303181489e-06,1.3807609303181489e-06,1.380760930318149e-07
0.09276553106212429,6.799843687374764e-05,6.8629458917835644e-06,3.3266533066132147,1.4270860123254817e-08,1.4270860123254817e-08,1.4270860123254817e-09
0.772725450901799,3.5176432865731605e-05,5.880106212424883e-05,7.494989979959944,1.7936329205584844e-08,1.7936329205584844e-08,1.7936329205584843e-09
0.5094589178356687,7.268729458917836e-05,3.896358717434887e-05,0.9018036072144294,6.346800860880272e-07,6.346800860880272e-07,6.346800860880272e-08
0.6611422845691345,8.531114228456877e-05,3.24713226452907e-05,7.935871743487003,2.935984551084556e-06,2.935984551084556e-06,2.9359845510845557e-07
0.5896593186372713,8.873761523046045e-05,6.294889779559147e-05,0.20040080160320636,7.025408092178572e-09,7.025408092178572e-09,7.025408092178571e-10
0.6768336673346654,8.3868416833667e-05,8.170432865731437e-05,1.5430861723446905,7.796684263812391e-07,7.796684263812391e-07,7.796684263812391e-08
0.5530460921843657,7.106422845691388e-05,2.1470541082164364e-05,5.390781563126251,8.381770750968165e-10,8.381770750968165e-10,8.381770750968166e-11
0.4170541082164308,5.12267535070143e-05,8.458977955911789e-05,2.9058116232464855,9.6140378706701e-10,9.6140378706701e-10,9.6140378706701e-11
0.4187975951903787,4.2209719438877954e-05,6.980184368737484e-05,9.539078156312673,6.063148267776576e-07,6.063148267776576e-07,6.063148267776576e-08
0.6628857715430824,2.1290200400801637e-05,5.12267535070143e-05,7.474949899799623,7.401005926166316e-08,7.401005926166316e-08,7.401005926166316e-09
0.19388777555110176,7.944989979959916e-06,8.02616032064126e-05,6.8537074148296755,3.7276961135130846e-08,3.7276961135130846e-08,3.727696113513085e-09
0.27583166332665227,6.85394589178358e-05,4.311142284569159e-05,8.77755511022048,1.8966778293055573e-10,1.8966778293055573e-10,1.896677829305557e-11
0.1781963927855708,5.880106212424883e-05,2.4175651302605267e-05,8.076152304609248,2.078293763894782e-10,2.078293763894782e-10,2.078293763894782e-11
0.7814428857715384,1.227316633266532e-05,5.988310621242519e-05,6.573146292585183,1.985410210702871e-10,1.985410210702871e-10,1.985410210702871e-11
0.4676152304609194,8.20650100200398e-05,2.0388496993988002e-05,3.166332665330651,7.495761777794998e-06,7.495761777794998e-06,7.495761777794998e-07
0.5059719438877729,2.9044849699398893e-05,3.319268537074161e-05,0.6613226452905815,1.24417107131614e-08,1.24417107131614e-08,1.24417107131614e-09
0.45192384769538846,4.888232464929885e-05,2.3093607214428906e-05,6.793587174348713,3.852761810524898e-10,3.852761810524898e-10,3.852761810524898e-11
0.2409619238476946,6.150617234468971e-05,1.155180360721442e-05,6.73346693386775,2.070456586262503e-07,2.070456586262503e-07,2.070456586262503e-08
0.8668737474949847,5.3751523046092475e-05,3.932426853707432e-05,3.9679358717434687,1.5090726586614084e-10,1.5090726586614084e-10,1.5090726586614084e-11
0.31767535070140146,8.675386773547053e-05,9.207374749498992e-06,9.599198396793636,5.926111887260628e-07,5.926111887260628e-07,5.9261118872606276e-08
0.6663727454909781,5.014470941883794e-05,4.338176352705412e-06,1.5831663326653318,1.0957547622390422e-10,1.0957547622390422e-10,1.0957547622390422e-11
0.1991182364729454,8.404875751502973e-05,2.814314629258526e-05,5.791583166332669,2.3359866097639786e-06,2.3359866097639786e-06,2.3359866097639786e-07
0.49376753507013765,7.827785571142268e-05,9.027034068136267e-06,0.6012024048096195,1.1168655689768682e-07,1.1168655689768682e-07,1.1168655689768682e-08
0.7605210420841638,2.5618376753507082e-05,4.725925851703431e-05,6.372745490981974,2.4545271389327164e-09,2.4545271389327164e-09,2.4545271389327164e-10
0.6559118236472908,3.120893787575161e-05,7.719581162324636e-05,5.531062124248497,2.672506026391465e-10,2.672506026391465e-10,2.672506026391465e-11
0.2915230460921832,3.896358717434887e-05,3.71601803607216e-05,9.098196392785614,7.698124373677404e-09,7.698124373677404e-09,7.698124373677404e-10
0.5757114228456882,6.5834348697395e-05,4.816096192384794e-05,7.334669338677377,1.7755391328152799e-06,1.7755391328152799e-06,1.7755391328152798e-07
0.38915831663326467,1.3174869739478947e-05,2.3634629258517086e-05,0.8817635270541088,1.0192659958827687e-07,1.0192659958827687e-07,1.0192659958827687e-08
0.48505010020039824,4.518517034068137e-06,2.1290200400801637e-05,9.91983967935877,7.649312638022242e-10,7.649312638022242e-10,7.649312638022242e-11
0.14332665330661315,5.176777555110248e-05,1.984747494989982e-05,4.529058116232453,2.880489060700734e-09,2.880489060700734e-09,2.880489060700734e-10
0.7204208416833625,4.599687374749522e-05,7.40396793587174e-06,0.2805611222444889,8.027878684932169e-06,8.027878684932169e-06,8.027878684932169e-07
0.09450901803607219,3.6799498997996147e-05,8.783591182364685e-05,1.2024048096192392,1.4508281689963598e-09,1.4508281689963598e-09,1.4508281689963597e-10
0.07707414829659322,3.9865290581162504e-05,7.593342685370732e-05,5.170340681362721,6.411478493438621e-09,6.411478493438621e-09,6.411478493438621e-10
0.7692384769539032,8.170432865731437e-05,5.573527054108247e-05,2.2645290581162314,5.7189523929331805e-09,5.7189523929331805e-09,5.71895239293318e-10
0.5582765531062094,1.7142364729458918e-05,1.587997995991983e-05,6.6733466933867875,1.5033819951510772e-07,1.5033819951510772e-07,1.503381995151077e-08
0.6349899799599162,4.157835671342686e-06,4.942334669338703e-05,4.048096192384752,1.5538210629755687e-09,1.5538210629755687e-09,1.5538210629755687e-10
0.2217835671342679,3.24713226452907e-05,7.016252505010028e-05,7.7154308617234735,4.715051382504799e-07,4.715051382504799e-07,4.7150513825047986e-08
0.7744689378757469,5.420220440881763e-06,1.2633847695390771e-05,8.637274549098233,4.967131128360607e-06,4.967131128360607e-06,4.967131128360607e-07
0.5809418837675319,6.691639278557132e-05,3.481575150300615e-05,6.4929859719439,9.577783649123128e-07,9.577783649123128e-07,9.577783649123128e-08
0.608837675350698,3.535677354709433e-05,5.4292545090180656e-05,3.927855711422828,4.685154510161405e-08,4.685154510161405e-08,4.685154510161405e-09
0.8633867735470889,4.419346693386795e-05,1.0920440881763526e-06,4.348697394789565,2.2033761375702947e-08,2.2033761375702947e-08,2.2033761375702947e-09
0.190400801603206,3.256132264529059e-06,4.879198396793587e-06,2.7655310621242424,7.354078138654125e-09,7.354078138654125e-09,7.354078138654125e-10
0.05266533066132266,3.8602905811623416e-05,6.367026052104235e-05,6.533066132264541,7.115355125521681e-07,7.115355125521681e-07,7.115355125521681e-08
0.7465731462925808,4.9062665330661576e-05,3.5717454909819785e-05,1.7234468937875764,2.928411205530999e-10,2.928411205530999e-10,2.928411205530999e-11
0.24444889779559037,5.4292545090180656e-05,7.052320641282572e-05,8.196392785571174,1.7530940861852815e-08,1.7530940861852815e-08,1.7530940861852815e-09
0.056152304609218454,2.3273947895791633e-05,7.160525050100204e-05,6.933867735470959,7.876137060747666e-09,7.876137060747666e-09,7.876137060747665e-10
0.36126252505009854,6.529332665330683e-05,7.701547094188364e-05,2.8657314629258446,1.006381192397933e-09,1.006381192397933e-09,1.0063811923979331e-10
0.5234068136272517,2.9946553106212528e-05,4.2209719438877954e-05,3.8276553106212257,3.270641647263611e-07,3.270641647263611e-07,3.2706416472636115e-08
0.17645290581162293,3.048757515030071e-05,1.6060320641282557e-05,7.655310621242511,1.6747444271363853e-08,1.6747444271363853e-08,1.6747444271363853e-09
0.6646292585170303,1.930645290581164e-05,6.475230460921867e-05,5.030060120240475,7.669094999101012e-06,7.669094999101012e-06,7.669094999101012e-07
0.5826853707414797,3.824222444889796e-05,4.3832785571142496e-05,8.99799599198401,2.9173682629033395e-07,2.9173682629033395e-07,2.9173682629033396e-08
0.6454509018036035,8.422909819639245e-05,3.0126893787575255e-05,7.555110220440906,1.2601003234489512e-06,1.2601003234489512e-06,1.2601003234489513e-07
0.7971342685370694,3.427472945891797e-05,1.876543086172346e-05,3.4068136272544964,4.1790946697504914e-08,4.1790946697504914e-08,4.1790946697504915e-09
0.8128256513026003,8.062228456913804e-05,5.681731462925883e-05,4.869739478957908,4.8732432440843374e-09,4.8732432440843374e-09,4.873243244084338e-10
0.7936472945891736,7.593342685370732e-05,6.186685370741515e-05,7.815631262525078,2.769313091562781e-08,2.769313091562781e-08,2.769313091562781e-09
0.7535470941883723,8.008126252504988e-05,7.088388777555116e-05,0.7214428857715435,3.30397140871801e-09,3.30397140871801e-09,3.30397140871801e-10
0.3752104208416816,2.814314629258526e-05,1.7322705410821645e-05,5.671342685370743,1.8895255194070682e-07,1.8895255194070682e-07,1.8895255194070683e-08
0.8372344689378707,2.8503827655310713e-05,4.7439599198397034e-05,8.7975951903808,2.0236611156478834e-07,2.0236611156478834e-07,2.0236611156478835e-08
0.07358717434869742,6.890014028056124e-05,8.404875751502973e-05,8.977955911823688,6.101838383410455e-06,6.101838383410455e-06,6.101838383410455e-07
0.1799398797595187,4.9603687374749756e-05,3.7520861723447054e-05,7.314629258517056,3.1563096058403076e-09,3.1563096058403076e-09,3.156309605840308e-10
0.7064729458917794,6.06044689378761e-05,9.117034068136272e-07,7.054108216432884,5.792172737548809e-07,5.792172737548809e-07,5.7921727375488094e-08
0.5547895791583136,1.3355210420841672e-05,4.202937875751523e-05,0.8617234468937881,1.9455554603241263e-06,1.9455554603241263e-06,1.9455554603241262e-07
0.18342685370741446,7.773683366733452e-05,4.112767535070159e-05,6.252505010020049,6.37082503316838e-10,6.37082503316838e-10,6.37082503316838e-11
0.7151903807615189,2.8864509018036166e-05,1.9034068136272548e-07,0.5811623246492988,6.306557504078119e-08,6.306557504078119e-08,6.306557504078119e-09
0.488537074148294,1.1732144288577145e-05,8.224535070140253e-05,3.486973947895778,1.4938494543691993e-08,1.4938494543691993e-08,1.4938494543691992e-09
0.3054709418837663,7.629410821643276e-05,8.314705410821613e-05,9.899799599198449,2.3748499716013735e-07,2.3748499716013735e-07,2.3748499716013734e-08
0.14158316633266527,8.549148296593149e-05,6.94411623246494e-05,8.57715430861727,1.0128031044122859e-08,1.0128031044122859e-08,1.0128031044122858e-09
0.3856713426853689,1.155180360721442e-05,1.696202404809619e-05,0.6212424849699402,1.1097838248702528e-08,1.1097838248702528e-08,1.1097838248702528e-09
0.16599198396793563,3.0126893787575255e-05,7.21462725450902e-05,1.743486973947897,3.136296295760125e-10,3.136296295760125e-10,3.136296295760125e-11
0.5478156312625221,9.568056112224443e-06,8.368807615230429e-05,2.9458917835671263,3.9269891037037604e-07,3.9269891037037604e-07,3.92698910370376e-08
0.8843086172344635,9.928737474949893e-06,8.909829659318589e-05,7.094188376753526,7.279891761183791e-07,7.279891761183791e-07,7.279891761183791e-08
0.8302605210420791,1.642100200400801e-05,1.1010781563126244e-05,2.064128256513027,2.104902375953338e-08,2.104902375953338e-08,2.104902375953338e-09
0.0892785571142285,6.457196392785595e-05,2.525769539078163e-05,1.9639278557114244,6.797354139442534e-07,6.797354139442534e-07,6.797354139442534e-08
0.25490981963927767,3.2832004008016155e-05,8.567182364729421e-05,1.4829659318637285,4.2216821016553884e-10,4.2216821016553884e-10,4.2216821016553885e-11
0.3473146292585155,3.643881763527069e-05,3.1749959919839793e-05,0.8216432865731468,5.442757588566945e-06,5.442757588566945e-06,5.442757588566945e-07
0.3263927855711409,4.112767535070159e-05,4.0406312625250685e-05,3.5871743486973804,9.799261884703215e-07,9.799261884703215e-07,9.799261884703214e-08
0.1276352705410822,7.223627254509015e-06,5.068573146292612e-05,5.410821643286572,9.396745979765522e-10,9.396745979765522e-10,9.396745979765521e-11
0.3159318637274536,2.2372244488977998e-05,7.629410821643276e-05,5.731462925851706,1.2729414866574903e-08,1.2729414866574903e-08,1.2729414866574903e-09
0.35080160320641124,8.368807615230429e-05,8.080262525050076e-05,5.81162324649299,7.524135044315824e-09,7.524135044315824e-09,7.524135044315825e-10
0.07881763527054111,6.439162324649323e-05,6.926082164328668e-05,0.26052104208416826,2.706722400089829e-08,2.706722400089829e-08,2.706722400089829e-09
0.6907815631262485,3.968494989979978e-05,8.134364729458892e-05,8.176352705410853,2.6455463535232158e-08,2.6455463535232158e-08,2.6455463535232157e-09
0.15030060120240468,4.5636192384769765e-05,3.499609218436888e-05,3.1262525050100103,1.9779232939038465e-07,1.9779232939038465e-07,1.9779232939038466e-08
0.7779559118236427,1.4617595190380748e-05,5.807969939879792e-05,6.913827655310638,2.3900043461863924e-06,2.3900043461863924e-06,2.3900043461863924e-07
0.05789579158316635,1.0650100200400794e-05,9.568056112224443e-06,1.8436873747495004,3.6805733486334386e-10,3.6805733486334386e-10,3.6805733486334384e-11
0.2706012024048086,2.688076152304617e-05,5.176777555110248e-05,8.35671342685374,1.173541337152713e-10,1.173541337152713e-10,1.1735413371527131e-11
0.10845691382765536,3.734052104208433e-05,2.742178356713435e-05,7.5350701402805855,3.3250546859543106e-08,3.3250546859543106e-08,3.3250546859543107e-09
0.354288577154307,7.863853707414812e-05,5.6095951903807925e-05,5.951903807615236,1.2037836479849065e-06,1.2037836479849065e-06,1.2037836479849065e-07
0.7343687374749456,8.999999999999949e-05,3.1569619238477067e-05,6.833667334669355,2.083668568091013e-06,2.083668568091013e-06,2.0836685680910129e-07
0.6803206412825612,7.467104208416828e-05,7.503172344689372e-05,6.352705410821653,8.685386390868373e-08,8.685386390868373e-08,8.685386390868373e-09
0.3943887775551083,3.553711422845706e-05,6.330957915831691e-05,9.198396793587218,1.0231241635532605e-10,1.0231241635532605e-10,1.0231241635532606e-11
0.7256513026052062,1.76833867735471e-05,7.9359899799599e-05,1.1222444889779566,9.675386896043865e-09,9.675386896043865e-09,9.675386896043865e-10
0.44146292585170116,4.6718236472946126e-05,3.878324649298614e-05,8.737474949899838,1.8050784373158387e-07,1.8050784373158387e-07,1.8050784373158388e-08
0.1886573146292581,7.521206412825644e-05,8.585216432865693e-05,1.8236472945891797,1.3633063764347168e-08,1.3633063764347168e-08,1.3633063764347169e-09
0.5948897795591149,1.9667134268537095e-05,3.607813627254524e-05,3.987975951903789,5.049768337635864e-07,5.049768337635864e-07,5.049768337635864e-08
0.504228456913825,5.735833667334701e-05,1.191248496993987e-05,4.729458917835662,5.682690054358476e-10,5.682690054358476e-10,5.6826900543584764e-11
0.6872945891783527,5.807969939879792e-05,4.4373807615230676e-05,1.863727454909821,1.3720058967200789e-07,1.3720058967200789e-07,1.3720058967200789e-08
0.15378757515030045,2.056883767535073e-05,8.747523046092141e-05,2.5050100200400767,2.628771655817212e-09,2.628771655817212e-09,2.628771655817212e-10
0.5861723446893755,7.4851382765531e-05,2.056883767535073e-05,0.1002004008016032,8.213516664628277e-06,8.213516664628277e-06,8.213516664628277e-07
0.4658717434869715,8.134364729458892e-05,8.621284569138237e-05,5.3106212424849675,4.058741160324506e-09,4.058741160324506e-09,4.0587411603245054e-10
0.30895791583166204,3.1569619238477067e-05,7.232661322645292e-05,9.438877755511069,4.935635886164836e-07,4.935635886164836e-07,4.935635886164836e-08
0.20609218436873694,3.4635410821643424e-05,6.781809619238492e-05,2.525050100200397,1.0362233290459696e-08,1.0362233290459696e-08,1.0362233290459697e-09
0.6036072144288543,3.6258476953907966e-05,1.4978276553106199e-05,5.511022044088176,4.904340346826786e-08,4.904340346826786e-08,4.904340346826786e-09
0.28629258517033956,1.6240661322645284e-05,9.928737474949893e-06,2.4849699398797562,2.8696268309097724e-06,2.8696268309097724e-06,2.8696268309097723e-07
0.7953907815631215,1.2994529058116221e-05,2.9044849699398893e-05,3.246492985971933,5.625364284701012e-08,5.625364284701012e-08,5.625364284701012e-09
0.04046092184368738,6.601468937875771e-05,5.447288577154338e-05,1.4428857715430872,4.017797442009687e-07,4.017797442009687e-07,4.017797442009687e-08
0.5146893787575123,8.242569138276525e-05,1.3715891783567122e-05,8.957915831663367,3.7754221960716797e-06,3.7754221960716797e-06,3.7754221960716797e-07
0.6018637274549065,3.6979839679358873e-05,2.2372244488977998e-05,9.559118236472994,4.637891667090604e-06,4.637891667090604e-06,4.6378916670906043e-07
0.6942685370741443,2.291326653306618e-05,6.709673346693404e-05,3.847695390781546,1.599896387950018e-08,1.599896387950018e-08,1.5998963879500182e-09
0.8581563126252453,1.9126112224448914e-05,3.950460921843705e-05,8.136272545090211,1.9332192165558978e-07,1.9332192165558978e-07,1.9332192165558978e-08
0.11543086172344695,5.6636973947896105e-05,6.0243787575150643e-05,2.104208416833668,5.319742981794605e-06,5.319742981794605e-06,5.319742981794605e-07
0.41008016032063926,7.611376753507004e-05,3.5176432865731605e-05,6.032064128256519,2.010829624931726e-08,2.010829624931726e-08,2.0108296249317262e-09
0.7674949899799554,2.7962805611222532e-05,4.18490380761525e-05,0.3406813627254509,3.380372983948503e-09,3.380372983948503e-09,3.380372983948503e-10
0.5966332665330628,8.224535070140253e-05,3.211064128256525e-05,7.895791583166361,4.3304753910871305e-06,4.3304753910871305e-06,4.330475391087131e-07
0.8215430861723397,6.655571142284587e-05,5.501390781563156e-05,3.346693386773535,3.084972204036884e-09,3.084972204036884e-09,3.084972204036884e-10
0.4989979959919813,8.837693386773501e-05,3.301234468937888e-05,4.829659318637266,6.559738570739111e-09,6.559738570739111e-09,6.559738570739111e-10
0.1677354709418835,2.219190380761527e-05,1.4256913827655298e-05,2.344689378757513,2.8333511404222655e-08,2.8333511404222655e-08,2.8333511404222654e-09
0.2740881763527044,5.8440380761523374e-05,5.934208416833701e-05,3.9478957915831483,1.610105634618289e-07,1.610105634618289e-07,1.610105634618289e-08
0.15553106212424833,7.313627254509018e-07,8.891795591182317e-05,3.1462925851703307,5.829133706189185e-06,5.829133706189185e-06,5.829133706189185e-07
0.2636272545090171,8.666352705410816e-06,5.3210501002004294e-05,3.9078156312625074,9.091715291807655e-08,9.091715291807655e-08,9.091715291807656e-09
0.3037274549098184,7.539240480961916e-05,2.5438036072144355e-05,9.659318637274598,2.2831897564135424e-06,2.2831897564135424e-06,2.2831897564135425e-07
0.44320641282564904,1.8044068136272553e-05,3.734052104208433e-05,0.8016032064128261,3.6666940272290375e-07,3.6666940272290375e-07,3.6666940272290375e-08
0.23573146292585095,6.132583166332699e-05,1.2814188376753496e-05,4.4488977955911695,2.4389636426772285e-10,2.4389636426772285e-10,2.4389636426772285e-11
0.4798196392785546,5.2669478957916114e-05,1.4797935871743473e-05,8.456913827655345,6.493565322027256e-07,6.493565322027256e-07,6.493565322027256e-08
0.6105811623246459,7.232661322645292e-05,1.533895791583165e-05,2.8256513026052037,5.81409750859795e-10,5.81409750859795e-10,5.81409750859795e-11
0.25839679358717343,3.030723446893798e-05,2.4355991983967994e-05,2.244488977955911,2.9470979608537566e-09,2.9470979608537566e-09,2.9470979608537566e-10
0.3420841683366718,8.783591182364685e-05,3.661915831663342e-05,6.152304609218445,3.0654112252299065e-10,3.0654112252299065e-10,3.0654112252299064e-11
0.46238476953907576,8.981965931863677e-05,3.8061883767535235e-05,8.517034068136308,6.954537268292439e-07,6.954537268292439e-07,6.95453726829244e-08
0.14507014028056103,2.354428857715431e-06,1.930645290581164e-05,0.14028056112224446,1.2810643711951653e-07,1.2810643711951653e-07,1.2810643711951653e-08
0.4711022044088152,5.501390781563156e-05,5.645663326653338e-05,9.338677354709464,1.4843773568639093e-09,1.4843773568639093e-09,1.4843773568639093e-10
0.4571543086172321,3.977494989979961e-06,3.3373026052104336e-05,5.611222444889781,1.1354466475453157e-08,1.1354466475453157e-08,1.1354466475453157e-09
0.8459519038076101,1.8404749498998006e-05,8.044194388777532e-05,2.565130260521038,9.034067171053278e-09,9.034067171053278e-09,9.034067171053277e-10
0.7308817635270498,1.9034068136272548e-07,3.084825651302616e-05,0.5410821643286575,1.4787798185268515e-06,1.4787798185268515e-06,1.4787798185268515e-07
0.8354909819639228,1.4076573146292573e-05,2.002781563126255e-05,4.388777555110207,8.942933421233391e-07,8.942933421233391e-07,8.942933421233391e-08
0.30024048096192263,1.876543086172346e-05,7.313627254509018e-07,3.066132264529049,1.1543368559592538e-09,1.1543368559592538e-09,1.1543368559592538e-10
0.5687374749498967,4.689857715430885e-05,2.291326653306618e-05,7.254509018036093,1.302377193788689e-08,1.302377193788689e-08,1.302377193788689e-09
0.30721442885771416,3.481575150300615e-05,3.265166332665343e-05,4.649298597194378,1.2521103662981536e-07,1.2521103662981536e-07,1.2521103662981537e-08
0.39264529058116043,1.696202404809619e-05,8.152398797595164e-05,4.669338677354699,5.568616805225718e-06,5.568616805225718e-06,5.568616805225718e-07
0.6698597194388739,6.637537074148315e-05,3.6168136272545103e-06,5.851703406813631,5.533307704168443e-07,5.533307704168443e-07,5.533307704168443e-08
0.7849298597194342,6.168651302605243e-05,7.070354709418844e-05,9.178356713426897,1.543968701634049e-10,1.543968701634049e-10,1.543968701634049e-11
0.05092184368737476,2.8323486973947986e-05,5.916174348697428e-05,0.220440881763527,7.826196594533893e-10,7.826196594533893e-10,7.826196594533893e-11
0.27757515030060015,5.357118236472975e-05,3.120893787575161e-05,8.55711422845695,9.737127401351965e-08,9.737127401351965e-08,9.737127401351965e-09
0.0875350701402806,2.4175651302605267e-05,1.5158617234468924e-05,5.771543086172348,6.086098746574678e-10,6.086098746574678e-10,6.086098746574678e-11
0.8041082164328609,2.3093607214428906e-05,4.581653306613249e-05,5.330661322645288,1.354662017467082e-09,1.354662017467082e-09,1.3546620174670821e-10
0.24619238476953825,8.639318637274509e-05,1.0650100200400794e-05,9.158316633266576,9.89912212506906e-09,9.89912212506906e-09,9.899122125069062e-10
0.09973947895791588,7.899921843687356e-05,8.657352705410781e-05,0.18036072144288573,6.242938292164014e-06,6.242938292164014e-06,6.242938292164014e-07
0.5373547094188348,7.016252505010028e-05,2.4897014028056175e-05,4.308617234468923,1.0709890365931138e-10,1.0709890365931138e-10,1.0709890365931137e-11
0.8285170340681313,1.4527254509018034e-06,8.062228456913804e-05,6.993987975951922,8.79658629969176e-06,8.79658629969176e-06,8.796586299691759e-07
0.22527054108216366,5.9612424849699384e-06,4.8521643286573395e-05,8.937875751503046,5.017749115127665e-08,5.017749115127665e-08,5.017749115127665e-09
0.03697394789579159,1.4797935871743473e-05,5.411220440881793e-05,7.795591182364757,8.48908343705269e-08,8.48908343705269e-08,8.48908343705269e-09
0.24793587174348614,7.881887775551084e-05,5.510220440881764e-07,5.450901803607214,1.7134714911793995e-08,1.7134714911793995e-08,1.7134714911793996e-09
0.03348697394789579,6.817877755511036e-05,1.4527254509018034e-06,7.675350701402832,9.361311158813752e-07,9.361311158813752e-07,9.361311158813752e-08
0.28977955911823533,2.0208156312625275e-05,6.150617234468971e-05,9.779559118236524,2.044283412286684e-09,2.044283412286684e-09,2.0442834122866842e-10
0.5600200400801573,4.1488356713427046e-05,6.49326452905814e-05,2.4048096192384745,1.9529198570650123e-09,1.9529198570650123e-09,1.9529198570650122e-10
0.3978757515030041,1.1371462925851695e-05,6.0784809619238824e-05,8.296593186372778,1.9980794952461943e-09,1.9980794952461943e-09,1.9980794952461943e-10
0.5565330661322615,4.816096192384794e-05,4.0947334669338865e-05,3.0060120240480876,3.283021814870707e-10,3.283021814870707e-10,3.283021814870707e-11
0.10496993987975957,1.6330661322645289e-06,8.11633066132262e-05,3.667334669338662,3.8138959681188295e-08,3.8138959681188295e-08,3.81389596811883e-09
0.47284569138276306,5.934208416833701e-05,2.50773547094189e-05,6.392785571142295,3.445499235939485e-06,3.445499235939485e-06,3.445499235939485e-07
0.8075951903807567,6.511298597194411e-05,2.4716673346693448e-05,8.857715430861763,2.8988700155972077e-08,2.8988700155972077e-08,2.8988700155972076e-09
0.5739679358717403,5.447288577154338e-05,7.773683366733452e-05,2.1442885771543088,7.476426528190401e-10,7.476426528190401e-10,7.476426528190401e-11
0.13286573146292585,8.513080160320605e-05,4.527551102204431e-05,0.5010020040080162,2.3299609534649055e-10,2.3299609534649055e-10,2.3299609534649055e-11
0.2305010020040073,5.0325050100200664e-05,6.321923847695389e-06,2.3246492985971927,5.408246526943056e-07,5.408246526943056e-07,5.4082465269430566e-08
0.10671342685370747,6.835911823647308e-05,3.193030060120252e-05,6.312625250501012,1.8775445464206673e-08,1.8775445464206673e-08,1.8775445464206674e-09
0.6785771543086133,2.7782464929859805e-05,6.871979959919852e-05,1.0220440881763533,4.3193049690439415e-10,4.3193049690439415e-10,4.3193049690439415e-11
0.8686172344689326,3.878324649298614e-05,3.409438877755524e-05,2.0440881763527066,4.5502270122077455e-09,4.5502270122077455e-09,4.5502270122077453e-10
0.3211623246492972,2.5347695390781566e-06,7.917955911823628e-05,1.4228456913827665,9.517053499680225e-08,9.517053499680225e-08,9.517053499680224e-09
0.26885771543086073,2.868416833667344e-05,5.050539078156339e-05,4.46893787575149,1.049490204522194e-06,1.049490204522194e-06,1.049490204522194e-07
0.17470941883767505,4.780028056112249e-05,5.1948116232465206e-05,0.8416833667334674,8.192329972794974e-10,8.192329972794974e-10,8.192329972794974e-11
0.6227855711422811,9.117034068136272e-07,3.4364729458917847e-06,4.709418837675341,2.527311025237083e-08,2.527311025237083e-08,2.5273110252370827e-09
0.23921843687374672,3.193030060120252e-05,6.85394589178358e-05,8.016032064128286,1.547961654699955e-06,1.547961654699955e-06,1.547961654699955e-07
0.38044088176352525,5.510220440881764e-07,4.365244488977977e-05,0.12024048096192383,4.3746054815511335e-08,4.3746054815511335e-08,4.374605481551134e-09
0.6506813627254472,6.141583166332664e-06,1.119112224448897e-05,3.7675350701402643,7.620467330900357e-07,7.620467330900357e-07,7.620467330900357e-08
0.14681362725450892,7.737615230460908e-05,4.978402805611248e-05,5.59118236472946,2.553065810590191e-10,2.553065810590191e-10,2.553065810590191e-11
0.13460921843687373,1.2633847695390771e-05,1.272384769539078e-06,3.10621242484969,3.0152471361080205e-09,3.0152471361080205e-09,3.0152471361080204e-10
0.6123246492985938,8.585216432865693e-05,1.6781683366733464e-05,2.1242484969939883,1.315649183163909e-10,1.315649183163909e-10,1.3156491831639089e-11
0.28803607214428745,6.998218436873756e-05,5.9612424849699384e-06,1.2424849699398806,1.620380028453788e-06,1.620380028453788e-06,1.620380028453788e-07
0.8755911823647241,1.3715891783567122e-05,7.142490981963932e-05,4.188376753506998,7.16075957555727e-06,7.16075957555727e-06,7.16075957555727e-07
0.6419639278557078,7.142490981963932e-05,1.2453507014028046e-05,0.08016032064128256,1.123992503055137e-06,1.123992503055137e-06,1.123992503055137e-07
0.20434869739478906,8.621284569138237e-05,7.881887775551084e-05,4.00801603206411,1.5897518753683175e-09,1.5897518753683175e-09,1.5897518753683174e-10
0.295010020040079,6.49326452905814e-05,5.537458917835702e-05,6.232464929859728,6.980861869485984e-10,6.980861869485984e-10,6.980861869485984e-11
0.18517034068136234,1.119112224448897e-05,1.8044068136272553e-05,0.6813627254509022,1.2238107659872235e-07,1.2238107659872235e-07,1.2238107659872236e-08
0.19737474949899753,6.745741482965948e-05,6.258821643286603e-05,0.48096192384769554,1.4126898718987808e-06,1.4126898718987808e-06,1.4126898718987808e-07
0.12937875751503009,8.098296593186348e-05,3.770120240480978e-05,2.3647294589178336,4.0330057745352055e-10,4.0330057745352055e-10,4.0330057745352053e-11
0.20783567134268482,7.0342865731463e-05,5.8440380761523374e-05,6.112224448897803,4.954318458610342e-10,4.954318458610342e-10,4.954318458610342e-11
0.2322444889779552,3.7068136272545095e-07,8.125330661322641e-06,4.68937875751502,1.6162002728487966e-10,1.6162002728487966e-10,1.6162002728487966e-11
0.2932665330661311,3.788154308617251e-05,3.048757515030071e-05,7.775551102204436,3.2088205242547684e-10,3.2088205242547684e-10,3.208820524254768e-11
0.5983767535070107,8.260603206412797e-05,7.57530861723446e-05,6.773547094188392,1.0916227069626075e-07,1.0916227069626075e-07,1.0916227069626075e-08
0.3229058116232451,4.761993987975976e-05,3.2290981963927974e-05,2.6452905811623197,8.109687488956145e-08,8.109687488956145e-08,8.109687488956145e-09
0.3316232464929845,8.02616032064126e-05,2.453633266533072e-05,0.06012024048096192,1.2941191703766615e-09,1.2941191703766615e-09,1.2941191703766614e-10
0.7239078156312583,4.18490380761525e-05,2.868416833667344e-05,7.074148296593205,2.2918321804121607e-09,2.2918321804121607e-09,2.2918321804121607e-10
0.5443286573146263,1.5699639278557103e-05,8.008126252504988e-05,2.164328657314629,5.068882928942187e-10,5.068882928942187e-10,5.0688829289421867e-11
0.6489378757514993,4.707891783567158e-05,8.639318637274509e-05,3.3066132264528942,9.184365216369317e-10,9.184365216369317e-10,9.184365216369317e-11
0.17296593186372716,1.7863727454909826e-05,4.5636192384769765e-05,4.849699398797587,2.862224654494287e-10,2.862224654494287e-10,2.8622246544942873e-11
0.2618837675350692,8.846693386773542e-06,1.3535551102204397e-05,5.83166332665331,1.846819366326798e-07,1.846819366326798e-07,1.846819366326798e-08
0.802364729458913,2.715110220440882e-06,7.944989979959916e-06,4.208416833667319,4.732898989392676e-10,4.732898989392676e-10,4.7328989893926764e-11
0.519919839679356,4.725925851703431e-05,2.579871743486981e-05,9.25851703406818,1.7026068294228109e-09,1.7026068294228109e-09,1.702606829422811e-10
0.11368737474949905,6.980184368737484e-05,7.0342865731463e-05,1.4629258517034078,3.86272567641626e-06,3.86272567641626e-06,3.86272567641626e-07
0.4606412825651279,8.044194388777532e-05,6.727707414829676e-05,0.9619238476953914,2.4701899488522036e-08,2.4701899488522036e-08,2.4701899488522035e-09
0.383927855711421,4.545585170340704e-05,3.373370741482979e-05,2.0040080160320657,1.8234732479403994e-09,1.8234732479403994e-09,1.8234732479403993e-10
0.12066132264529064,6.0784809619238824e-05,4.401312625250522e-05,5.070140280561117,5.428718044671095e-10,5.428718044671095e-10,5.428718044671094e-11
0.4693587174348673,5.158743486973975e-05,5.780901803607213e-06,2.464929859719436,3.643444506839694e-08,3.643444506839694e-08,3.6434445068396936e-09
0.8546693386773495,7.57530861723446e-05,4.707891783567158e-05,8.216432865731495,1.5637362941303773e-08,1.5637362941303773e-08,1.5637362941303773e-09
0.6053507014028022,3.932426853707432e-05,5.735833667334701e-05,1.3426853707414839,8.740809512478927e-07,8.740809512478927e-07,8.740809512478927e-08
0.27931863727454803,5.9522424849699736e-05,7.827785571142268e-05,2.6252505010019993,2.7413768495932584e-06,2.7413768495932584e-06,2.7413768495932586e-07
0.4379759519038054,4.7980621242485214e-05,5.8981402805611555e-05,0.24048096192384763,1.1027469841978454e-09,1.1027469841978454e-09,1.1027469841978454e-10
0.743086172344685,3.084825651302616e-05,4.518517034068137e-06,0.1603206412825651,1.940536917638263e-10,1.940536917638263e-10,1.940536917638263e-11
0.09625250501002008,7.557274549098188e-05,5.7177995991984286e-05,2.424849699398795,1.3948316960565968e-08,1.3948316960565968e-08,1.3948316960565967e-09
0.31941883767534934,7.584308617234465e-06,4.45541482965934e-05,9.01803607214433,4.2057622768873556e-07,4.2057622768873556e-07,4.2057622768873555e-08
0.05440881763527056,3.9143927855711596e-05,4.419346693386795e-05,8.276553106212457,2.3211747471134193e-07,2.3211747471134193e-07,2.3211747471134193e-08
0.031743486973947896,5.104641282565157e-05,8.440943887775517e-05,8.33667334669342,1.9015829452872134e-06,1.9015829452872134e-06,1.9015829452872134e-07
0.8006212424849651,4.293108216432886e-05,7.340865731462924e-05,4.148296593186356,6.266569319574902e-09,6.266569319574902e-09,6.266569319574902e-10
0.16250501002003986,3.3373026052104336e-05,4.65378957915834e-05,1.3226452905811632,2.6121033219565265e-10,2.6121033219565265e-10,2.6121033219565266e-11
0.18168336673346658,1.2814188376753496e-05,4.599687374749522e-05,9.038076152304651,1.8165969901177153e-06,1.8165969901177153e-06,1.8165969901177153e-07
0.5390981963927827,8.711454909819597e-05,3.9865290581162504e-05,7.454909819639302,6.226834689391767e-10,6.226834689391767e-10,6.226834689391767e-11
0.07010020040080163,7.30479759519038e-05,6.799843687374764e-05,4.949899799599192,4.1262656596768024e-10,4.1262656596768024e-10,4.126265659676802e-11
0.6210420841683332,4.7439599198397034e-05,3.553711422845706e-05,5.551102204408818,1.3324935770259004e-08,1.3324935770259004e-08,1.3324935770259003e-09
0.42228456913827445,4.0947334669338865e-05,1.1371462925851695e-05,10.000000000000053,6.668871685016272e-10,6.668871685016272e-10,6.668871685016273e-11
0.6820641282565091,5.3210501002004294e-05,7.863853707414812e-05,0.0,1.142692151060895e-07,1.142692151060895e-07,1.142692151060895e-08
0.5164328657314602,1.3896232464929847e-05,7.66547895791582e-05,8.476953907815666,9.149731276311929e-07,9.149731276311929e-07,9.14973127631193e-08
0.1485571142284568,7.286763527054108e-05,7.4851382765531e-05,9.819639278557165,1.512975364909728e-06,1.512975364909728e-06,1.512975364909728e-07
0.7500601202404765,2.6520080160320717e-05,2.688076152304617e-05,8.09619238476957,3.104658005213131e-08,3.104658005213131e-08,3.104658005213131e-09
0.13112224448897797,4.166869739478977e-05,9.387715430861717e-06,2.605210420841679,1.1810299302120125e-09,1.1810299302120125e-09,1.1810299302120126e-10
0.7831863727454863,1.533895791583165e-05,8.549148296593149e-05,7.114228456913847,2.7239945164925986e-07,2.7239945164925986e-07,2.7239945164925987e-08
0.4484368737474927,6.475230460921867e-05,2.399531062124254e-05,7.3747494989980185,1.0669503720559728e-07,1.0669503720559728e-07,1.0669503720559728e-08
0.21655310621242424,3.211064128256525e-05,3.977494989979961e-06,8.597194388777591,1.1691159512530546e-07,1.1691159512530546e-07,1.1691159512530545e-08
0.2601402805611213,6.276855711422875e-05,8.873761523046045e-05,6.05210420841684,1.0847010210530333e-08,1.0847010210530333e-08,1.0847010210530334e-09
0.8930260521042029,8.188466933867709e-05,4.780028056112249e-05,1.6032064128256525,6.5350020116956714e-06,6.5350020116956714e-06,6.535002011695672e-07
0.7012424849699358,4.076699398797614e-05,7.04328657314629e-06,0.9819639278557121,6.164019704290581e-08,6.164019704290581e-08,6.16401970429058e-09
0.69775551102204,1.7322705410821645e-05,7.106422845691388e-05,9.45891783567139,2.662428093802708e-07,2.662428093802708e-07,2.662428093802708e-08
0.5722244488977924,2.9405531062124347e-05,7.809751503005996e-05,5.711422845691385,8.597770058661916e-06,8.597770058661916e-06,8.597770058661916e-07
0.3124448897795578,4.6177214428857945e-05,5.420220440881763e-06,1.0821643286573153,7.572147997661637e-08,7.572147997661637e-08,7.572147997661637e-09
0.36997995991983795,7.40396793587174e-06,9.748396793587168e-06,6.412825651302616,2.8153856230869715e-09,2.8153856230869715e-09,2.8153856230869716e-10
0.7762124248496948,4.92430060120243e-05,5.2669478957916114e-05,6.95390781563128,7.747247586409063e-08,7.747247586409063e-08,7.747247586409063e-09
0.5286372745490954,6.619503006012043e-05,8.29667134268534e-05,7.41482965931866,2.851431299180209e-07,2.851431299180209e-07,2.851431299180209e-08
0.0857915831663327,8.801625250500957e-05,6.998218436873756e-05,4.809619238476945,1.990544802990605e-06,1.990544802990605e-06,1.990544802990605e-07
0.5321242484969911,4.635755511022067e-05,6.222753507014059e-05,9.298597194388822,5.286011922698089e-07,5.286011922698089e-07,5.286011922698089e-08
0.7082164328657273,7.358899799599196e-05,3.1028597194388886e-05,5.6513026052104225,4.084640768561948e-08,4.084640768561948e-08,4.084640768561948e-09
0.26537074148296497,5.7177995991984286e-05,8.837693386773501e-05,0.5611222444889782,2.306456802499146e-08,2.306456802499146e-08,2.306456802499146e-09
0.6716032064128218,1.7503046092184372e-05,5.970276553106246e-05,6.432865731462937,7.926396206684818e-08,7.926396206684818e-08,7.926396206684819e-09
0.3455711422845676,6.727707414829676e-05,5.4833567134268836e-05,0.4609218436873749,1.920961193590632e-08,1.920961193590632e-08,1.920961193590632e-09
0.6750901803607176,1e-08,1.9667134268537095e-05,7.294589178356735,5.986502451821476e-09,5.986502451821476e-09,5.986502451821476e-10
0.654168336673343,4.022597194388796e-05,3.355336673346706e-05,4.929859719438871,3.229296625390487e-09,3.229296625390487e-09,3.229296625390487e-10
0.5112024048096165,1.8134068136272543e-06,5.248913827655339e-05,0.42084168336673355,3.902089122260732e-08,3.902089122260732e-08,3.902089122260732e-09
0.12414829659318644,5.212845691382793e-05,4.545585170340704e-05,4.128256513026035,4.5213752468542977e-10,4.5213752468542977e-10,4.5213752468542977e-11
0.7796993987975905,1.2092825651302595e-05,2.8864509018036166e-05,1.9438877755511037,1.3495536314212663e-06,1.3495536314212663e-06,1.3495536314212662e-07
0.18691382765531023,5.627629258517065e-05,4.058665330661341e-05,0.4008016032064129,2.0573283780563895e-08,2.0573283780563895e-08,2.0573283780563896e-09
0.038717434869739484,4.365244488977977e-05,2.7782464929859805e-05,8.056112224448928,2.5018160486855433e-06,2.5018160486855433e-06,2.5018160486855434e-07
0.533867735470939,5.753867735470974e-05,5.357118236472975e-05,4.168336673346677,2.036574486575053e-06,2.036574486575053e-06,2.036574486575053e-07
0.7640080160320596,1.822440881763528e-05,2.3273947895791633e-05,3.7274549098196235,1.2568499060793791e-10,1.2568499060793791e-10,1.2568499060793792e-11
0.48156312625250247,7.990092184368716e-05,2.0749178356713456e-05,3.8677354709418665,5.306020752962591e-10,5.306020752962591e-10,5.3060207529625915e-11
0.7186773547094146,2.2552585170340725e-05,5.284981963927884e-05,7.515030060120265,1.0737587876591105e-06,1.0737587876591105e-06,1.0737587876591106e-07
0.3630060120240464,3.3914048096192516e-05,1.76833867735471e-05,3.56713426853706,8.829883500823982e-09,8.829883500823982e-09,8.829883500823982e-10
0.3734669338677337,5.771901803607247e-05,7.467104208416828e-05,3.3667334669338556,2.3448288825886378e-09,2.3448288825886378e-09,2.3448288825886376e-10
0.5303807615230433,2.7602124248497078e-05,5.699765531062156e-05,5.270541082164326,2.126352568802807e-10,2.126352568802807e-10,2.126352568802807e-11
0.4867935871743461,4.978402805611248e-05,7.972058116232444e-05,6.092184368737482,1.6961863549009102e-06,1.6961863549009102e-06,1.6961863549009102e-07
0.7291382765531019,8.657352705410781e-05,1.9937474949899797e-06,3.6873747494989826,1.724405482432989e-07,1.724405482432989e-07,1.724405482432989e-08
0.668116232464926,6.096515030060155e-05,6.403094188376779e-05,6.713426853707429,9.962290327919802e-08,9.962290327919802e-08,9.962290327919802e-09
0.049178356713426866,7.954024048096172e-05,7.358899799599196e-05,7.975951903807645,5.4633597389882735e-09,5.4633597389882735e-09,5.463359738988273e-10
0.8721042084168283,6.94411623246494e-05,3.030723446893798e-05,9.719438877755561,4.4757645741875136e-08,4.4757645741875136e-08,4.475764574187514e-09
0.19214428857715388,6.321923847695389e-06,2.345428857715436e-05,1.162324649298598,1.8351091815679916e-08,1.8351091815679916e-08,1.8351091815679915e-09
0.1590180360721441,7.04328657314629e-06,6.682605210420839e-06,9.639278557114277,2.2258298359511498e-10,2.2258298359511498e-10,2.22582983595115e-11
0.7099599198396752,4.3832785571142496e-05,6.890014028056124e-05,4.2685370741482815,1.7354092455884483e-06,1.7354092455884483e-06,1.7354092455884483e-07
0.8999999999999945,2.4716673346693448e-05,4.635755511022067e-05,1.3026052104208425,5.948543650301397e-10,5.948543650301397e-10,5.948543650301398e-11
0.6925250501001964,4.473448897795613e-05,5.3751523046092475e-05,9.879759519038128,3.3676257082751576e-06,3.3676257082751576e-06,3.367625708275158e-07
0.8389779559118186,3.265166332665343e-05,5.212845691382793e-05,0.5210420841683369,2.445271197580611e-06,2.445271197580611e-06,2.445271197580611e-07
0.8982565130260466,1.9486793587174368e-05,4.004563126252523e-05,0.4408817635270542,1.647337980651232e-07,1.647337980651232e-07,1.647337980651232e-08
0.24967935871743402,5.39318637274552e-05,1.8585090180360733e-05,4.769539078156304,6.024703475757249e-08,6.024703475757249e-08,6.0247034757572495e-09
0.22875751503005942,5.0866072144288845e-05,1.8945771543086187e-05,4.749498997995983,1.8586042760275588e-06,1.8586042760275588e-06,1.8586042760275588e-07
0.8808216432865678,2.525769539078163e-05,7.647444889779548e-05,9.218436873747539,6.754253945511699e-08,6.754253945511699e-08,6.754253945511699e-09
0.04569138276553107,7.431036072144284e-05,8.422909819639245e-05,0.7414829659318641,3.789713079823497e-09,3.789713079823497e-09,3.789713079823497e-10
0.3961322645290562,4.834130260521067e-05,4.9603687374749756e-05,9.519038076152352,8.999999999996206e-06,8.999999999996206e-06,8.999999999996206e-07
0.5460721442885742,6.204719438877787e-05,7.84581963927854e-05,5.250501002004005,8.543253911746649e-07,8.543253911746649e-07,8.543253911746649e-08
0.8163126252504961,6.962150300601212e-05,5.59156112224452e-05,7.695390781563153,9.24297241786789e-09,9.24297241786789e-09,9.24297241786789e-10
0.8598997995991932,7.052320641282572e-05,2.9585871743487074e-05,1.8837675350701417,4.793494789326676e-08,4.793494789326676e-08,4.793494789326676e-09
0.4554108216432842,6.385060120240507e-05,4.130801603206432e-05,0.04008016032064128,4.985932917895367e-09,4.985932917895367e-09,4.985932917895367e-10
0.37172344689378584,7.75564929859718e-05,6.835911823647308e-05,8.817635270541121,7.187864777930511e-09,7.187864777930511e-09,7.187864777930511e-10
0.05963927855711425,8.819659318637229e-05,2.6159398797595263e-05,8.496993987975987,3.9520479767190895e-06,3.9520479767190895e-06,3.9520479767190897e-07
0.7570340681362681,4.870198396793612e-05,8.666352705410816e-06,5.290581162324647,4.232600055156151e-06,4.232600055156151e-06,4.232600055156151e-07
0.2008617234468933,7.196593186372748e-05,5.465322645290611e-05,4.509018036072132,4.504325289063267e-07,4.504325289063267e-07,4.504325289063267e-08
0.6437074148296557,4.347210420841704e-05,6.421128256513051e-05,3.6272545090180213,1.0778232236916957e-09,1.0778232236916957e-09,1.0778232236916957e-10
0.29849699398797475,5.8981402805611555e-05,8.603250501001965e-05,1.3827655310621252,1.0467830540465593e-10,1.0467830540465593e-10,1.0467830540465593e-11
0.638476953907812,1.8585090180360733e-05,7.196593186372748e-05,4.368737474949886,8.773895585016613e-10,8.773895585016613e-10,8.773895585016612e-11
0.06661322645290584,7.39496793587174e-05,2.0929519038076183e-05,3.4468937875751373,5.888536006063764e-08,5.888536006063764e-08,5.888536006063764e-09
0.6297595190380726,7.376933867735468e-05,4.761993987975976e-05,5.1302605210420795,1.5283934734759824e-08,1.5283934734759824e-08,1.5283934734759824e-09
0.21829659318637212,6.781809619238492e-05,6.565400801603227e-05,6.072144288577161,1.908780895451251e-09,1.908780895451251e-09,1.908780895451251e-10
0.8860521042084114,5.59156112224452e-05,7.611376753507004e-05,1.1422845691382773,4.2757327383983625e-08,4.2757327383983625e-08,4.275732738398362e-09
0.7587775551102159,5.780901803607213e-06,7.683513026052092e-05,3.2264529058116125,1.4694032735283116e-07,1.4694032735283116e-07,1.4694032735283116e-08
0.36823647294589007,4.401312625250522e-05,6.276855711422875e-05,1.6232464929859731,1.1470175165026506e-10,1.1470175165026506e-10,1.1470175165026506e-11
0.8197995991983918,8.747523046092141e-05,6.0063446893787916e-05,2.785571142284563,2.1535764827585305e-08,2.1535764827585305e-08,2.1535764827585307e-09
0.45366733466933634,4.2750741482966134e-05,7.449070140280556e-05,1.983967935871745,1.3240445937298617e-09,1.3240445937298617e-09,1.3240445937298618e-10
0.8058517034068088,4.879198396793587e-06,5.7899358717435194e-05,8.537074148296629,4.824083001835878e-07,4.824083001835878e-07,4.824083001835878e-08
0.29675350701402686,8.927863727454861e-05,7.30479759519038e-05,2.9659318637274468,1.6368926536932457e-08,1.6368926536932457e-08,1.6368926536932458e-09
0.6994989979959879,3.950460921843705e-05,8.332739478957885e-05,7.835671342685399,7.307447907617714e-10,7.307447907617714e-10,7.307447907617715e-11
0.12589178356713432,3.319268537074161e-05,5.753867735470974e-05,7.034068136272563,2.4859527061752755e-07,2.4859527061752755e-07,2.4859527061752755e-08
0.6367334669338641,1.9937474949899797e-06,3.3914048096192516e-05,7.274549098196414,2.1811489473271364e-06,2.1811489473271364e-06,2.1811489473271363e-07
0.8267735470941834,3.797154308617236e-06,8.305671342685366e-06,3.286573146292574,1.0025861619226328e-06,1.0025861619226328e-06,1.0025861619226328e-07
0.4344889779559096,2.345428857715436e-05,4.257040080160341e-05,6.472945891783579,5.186096606823377e-10,5.186096606823377e-10,5.186096606823377e-11
0.5408416833667306,1.587997995991983e-05,7.178559118236476e-05,4.408817635270528,5.2191900870658066e-09,5.2191900870658066e-09,5.219190087065806e-10
0.727394789579154,8.729488977955869e-05,4.5095170340681584e-05,2.5851703406813584,1.5796716864117503e-10,1.5796716864117503e-10,1.5796716864117504e-11
0.6140681362725416,2.7061102204408897e-05,6.457196392785595e-05,2.8056112224448833,3.358938948266701e-10,3.358938948266701e-10,3.358938948266701e-11
0.4275150300601181,5.537458917835702e-05,8.477012024048061e-05,2.6853707414829606,2.786984611210164e-07,2.786984611210164e-07,2.786984611210164e-08
0.0840480961923848,4.45541482965934e-05,8.3868416833667e-05,9.058116232464972,6.203353499968312e-07,6.203353499968312e-07,6.203353499968312e-08
0.0910220440881764,2.4897014028056175e-05,2.1831222444889817e-05,0.36072144288577157,3.217119053711171e-06,3.217119053711171e-06,3.217119053711171e-07
0.6245290581162289,2.0388496993988002e-05,7.12445691382766e-05,4.22845691382764,3.42365225221448e-07,3.42365225221448e-07,3.4236522522144795e-08
0.46412825651302364,2.4355991983967994e-05,4.166869739478977e-05,3.527054108216419,2.8047688962243757e-06,2.8047688962243757e-06,2.804768896224376e-07
0.2845490981963917,6.403094188376779e-05,3.842256513026069e-05,7.595190380761548,8.058266142308294e-09,8.058266142308294e-09,8.058266142308294e-10
0.8529258517034016,3.4364729458917847e-06,3.824222444889796e-05,2.66533066132264,3.249903388467101e-08,3.249903388467101e-08,3.249903388467101e-09
0.5425851703406784,4.058665330661341e-05,6.168651302605243e-05,4.629258517034057,2.495362636850953e-10,2.495362636850953e-10,2.495362636850953e-11
0.21306613226452847,8.080262525050076e-05,3.427472945891797e-05,3.0861723446893694,3.838233172077098e-07,3.838233172077098e-07,3.838233172077098e-08
0.39090180360721255,6.042412825651337e-05,1.6601342685370737e-05,4.1082164328657145,1.3106879132369401e-07,1.3106879132369401e-07,1.3106879132369401e-08
0.7448296593186329,8.909829659318589e-05,4.996436873747521e-05,3.607214428857701,1.2859135088694639e-10,1.2859135088694639e-10,1.2859135088694638e-11
0.3525450901803591,7.178559118236476e-05,2.7061102204408897e-05,5.010020040080154,3.1244694252741803e-07,3.1244694252741803e-07,3.12446942527418e-08
0.3368537074148282,8.963931863727405e-05,6.655571142284587e-05,3.426853707414817,8.007170844585868e-10,8.007170844585868e-10,8.007170844585868e-11
0.4763326653306588,5.303016032064157e-05,4.689857715430885e-05,4.889779559118229,3.941853704763233e-10,3.941853704763233e-10,3.941853704763233e-11
0.49551102204408554,6.240787575150331e-05,2.2732925851703452e-05,3.0460921843687285,7.233731926008842e-08,7.233731926008842e-08,7.233731926008842e-09
0.03523046092184369,7.66547895791582e-05,6.962150300601212e-05,5.210420841683363,6.601597524639142e-08,6.601597524639142e-08,6.601597524639142e-09
0.6524248496993951,8.11633066132262e-05,8.242569138276525e-05,6.893787575150317,4.4191852835845255e-10,4.4191852835845255e-10,4.419185283584525e-11
0.4048496993987956,3.301234468937888e-05,2.7241442885771624e-05,5.490981963927855,5.755446128467109e-08,5.755446128467109e-08,5.755446128467109e-09
0.12240480961923854,2.5979058116232536e-05,3.6799498997996147e-05,4.488977955911811,4.8548664036142015e-06,4.8548664036142015e-06,4.854866403614201e-07
0.6855511022044048,4.491482965931886e-05,6.637537074148315e-05,7.575150300601227,1.5737147962828574e-07,1.5737147962828574e-07,1.5737147962828573e-08
0.8564128256512974,1.8945771543086187e-05,1.9126112224448914e-05,7.394789579158339,4.248621467388963e-09,4.248621467388963e-09,4.2486214673889635e-10
0.13635270541082162,2.579871743486981e-05,3.4635410821643424e-05,3.5070140280560986,3.0733388750178143e-06,3.0733388750178143e-06,3.073338875017814e-07
0.37869739478957737,1.5158617234468924e-05,2.922519038076162e-05,6.27254509018037,4.625928267548222e-10,4.625928267548222e-10,4.625928267548222e-11
0.3769539078156295,1.984747494989982e-05,6.06044689378761e-05,0.9418837675350707,1.2083402594795315e-09,1.2083402594795315e-09,1.2083402594795315e-10
0.10322645290581167,3.8061883767535235e-05,2.8323486973947986e-05,3.206412825651292,3.0538516600204696e-07,3.0538516600204696e-07,3.05385166002047e-08
0.42054108216432656,1.0289418837675343e-05,2.7962805611222532e-05,7.234468937875772,2.2543273677448226e-08,2.2543273677448226e-08,2.2543273677448224e-09
0.563507014028053,7.719581162324636e-05,4.2750741482966134e-05,1.7635270541082178,3.6203424054044113e-09,3.6203424054044113e-09,3.6203424054044115e-10
0.25665330661322555,8.314705410821613e-05,7.268729458917836e-05,9.398797595190427,1.0257701283071679e-06,1.0257701283071679e-06,1.0257701283071679e-07
0.847695390781558,5.059539078156312e-06,8.711454909819597e-05,9.318637274549143,4.136936850808543e-06,4.136936850808543e-06,4.136936850808543e-07
0.26711422845691285,7.088388777555116e-05,6.348991983967963e-05,0.6412825651302608,2.21743630462915e-07,2.21743630462915e-07,2.21743630462915e-08
0.4466933867735448,7.503172344689372e-05,7.75564929859718e-05,5.911823647294594,3.6900919072811463e-06,3.6900919072811463e-06,3.690091907281146e-07
0.4362324649298575,8.495046092184333e-05,6.141583166332664e-06,7.63527054108219,1.6535735522929774e-10,1.6535735522929774e-10,1.6535735522929775e-11
0.2828056112224438,6.421128256513051e-05,7.286763527054108e-05,2.0841683366733474,1.1961507797225564e-07,1.1961507797225564e-07,1.1961507797225564e-08
0.2531663326653298,1.6060320641282557e-05,6.817877755511036e-05,4.7895791583166245,1.418037243845071e-09,1.418037243845071e-09,1.418037243845071e-10
0.7657515030060075,2.6700420841683444e-05,4.076699398797614e-05,6.553106212424862,1.4416288578877648e-10,1.4416288578877648e-10,1.4416288578877648e-11
0.7029859719438837,6.0243787575150643e-05,7.791717434869724e-05,6.3326653306613325,8.886228686294111e-08,8.886228686294111e-08,8.886228686294111e-09
0.6175551102204374,2.399531062124254e-05,3.643881763527069e-05,5.571142284569139,2.2315861923191555e-06,2.2315861923191555e-06,2.2315861923191554e-07
0.3664929859719422,4.338176352705412e-06,7.557274549098188e-05,6.132264529058124,5.19950869239506e-06,5.19950869239506e-06,5.199508692395061e-07
0.8895390781563072,5.826004008016065e-05,8.765557114228413e-05,1.5230460921843698,3.516080370622556e-10,3.516080370622556e-10,3.516080370622556e-11
0.818056112224444,4.004563126252523e-05,8.999999999999949e-05,7.214428857715451,3.877347024901268e-09,3.877347024901268e-09,3.8773470249012675e-10
0.713446893787571,3.138927855711434e-05,1e-08,5.4709418837675345,2.9961282651988997e-10,2.9961282651988997e-10,2.9961282651988996e-11
0.3438276553106197,4.942334669338703e-05,1.8404749498998006e-05,4.328657314629244,3.606690212911828e-06,3.606690212911828e-06,3.6066902129118283e-07
0.54955911823647,8.125330661322641e-06,7.990092184368716e-05,6.813627254509034,3.034488008210854e-08,3.034488008210854e-08,3.034488008210854e-09
0.6070941883767501,6.330957915831691e-05,5.9522424849699736e-05,4.589178356713416,4.763100528443976e-09,4.763100528443976e-09,4.763100528443976e-10
0.7326252505009977,3.2290981963927974e-05,6.67360521042086e-05,5.891783567134273,1.0296529156878686e-09,1.0296529156878686e-09,1.0296529156878686e-10
0.09799599198396798,6.8629458917835644e-06,1.2092825651302595e-05,9.378757515030106,3.5385171559541083e-09,3.5385171559541083e-09,3.538517155954108e-10
0.38218436873747313,2.110985971943891e-05,5.826004008016065e-05,6.292585170340691,5.101228446154385e-09,5.101228446154385e-09,5.101228446154385e-10
0.7622645290581117,5.339084168336702e-05,4.9062665330661576e-05,7.755511022044115,4.533068255355657e-06,4.533068255355657e-06,4.533068255355657e-07
0.7221643286573104,6.502264529058114e-06,4.022597194388796e-05,9.138276553106255,4.346867285076761e-09,4.346867285076761e-09,4.346867285076761e-10
0.7901603206412778,3.44550701402807e-05,6.745741482965948e-05,5.971943887775557,3.56109711472964e-08,3.56109711472964e-08,3.56109711472964e-09
0.33859719438877606,6.222753507014059e-05,1.5699639278557103e-05,6.653306613226467,4.3030170116442404e-07,4.3030170116442404e-07,4.3030170116442404e-08
0.8877955911823593,7.76464929859719e-06,1.0830440881763519e-05,8.436873747495024,1.583756973177416e-06,1.583756973177416e-06,1.583756973177416e-07
0.15727454909819621,1.5519298597194376e-05,6.511298597194411e-05,7.995991983967966,2.9659039599575217e-08,2.9659039599575217e-08,2.9659039599575215e-09
0.7361122244488935,2.3634629258517086e-05,2.5979058116232536e-05,8.236472945891816,1.2006784989695448e-10,1.2006784989695448e-10,1.2006784989695449e-11
0.1380961923847695,6.0063446893787916e-05,6.312923847695419e-05,7.85571142284572,2.38383935162554e-10,2.38383935162554e-10,2.3838393516255397e-11
0.6471943887775514,7.340865731462924e-05,1.227316633266532e-05,7.014028056112243,1.6265135577434376e-09,1.6265135577434376e-09,1.6265135577434377e-10
0.593146292585167,2.3814969939879813e-05,2.3814969939879813e-05,7.955911823647324,1.2284431849546003e-10,1.2284431849546003e-10,1.2284431849546003e-11
0.324649298597193,6.312923847695419e-05,1.4617595190380748e-05,1.4028056112224458,3.597386788179242e-10,3.597386788179242e-10,3.597386788179242e-11
0.5251503006011996,7.683513026052092e-05,1.4437254509018023e-05,8.697394789579196,1.6641253232742929e-09,1.6641253232742929e-09,1.664125323274293e-10
0.19563126252504964,5.970276553106246e-05,8.819659318637229e-05,6.012024048096198,8.297217228816601e-08,8.297217228816601e-08,8.297217228816601e-09
0.22004008016032,4.257040080160341e-05,1.0289418837675343e-05,9.498997995992031,2.3597916868286672e-08,2.3597916868286672e-08,2.3597916868286673e-09
0.7378557114228413,6.258821643286603e-05,1.1732144288577145e-05,7.915831663326682,2.585752978734625e-08,2.585752978734625e-08,2.5857529787346247e-09
0.23747494989979884,3.607813627254524e-05,4.473448897795613e-05,9.418837675350748,8.630314692361701e-09,8.630314692361701e-09,8.630314692361702e-10
0.4449498997995969,4.4373807615230676e-05,7.954024048096172e-05,8.396793587174383,4.842343319704456e-10,4.842343319704456e-10,4.842343319704456e-11
0.8110821643286524,4.527551102204431e-05,2.6520080160320717e-05,3.386773547094176,1.4090458511712325e-10,1.4090458511712325e-10,1.4090458511712325e-11
0.3560320641282549,8.477012024048061e-05,3.7068136272545095e-07,5.350701402805609,3.196720167281389e-07,3.196720167281389e-07,3.196720167281389e-08
0.32987975951903664,6.908048096192396e-05,3.44550701402807e-05,2.1843687374749496,8.575592188679522e-10,8.575592188679522e-10,8.575592188679522e-11
0.7169338677354667,1.0920440881763526e-06,6.240787575150331e-05,5.090180360721438,5.081991880963312e-06,5.081991880963312e-06,5.081991880963312e-07
0.47458917835671094,8.765557114228413e-05,5.158743486973975e-05,3.2665330661322534,2.1755226933756993e-10,2.1755226933756993e-10,2.1755226933756994e-11
0.6315030060120205,3.661915831663342e-05,8.846693386773542e-06,1.923847695390783,1.7822599767437462e-09,1.7822599767437462e-09,1.782259976743746e-10
0.8703607214428805,7.449070140280556e-05,7.539240480961916e-05,2.2244488977955905,1.853810023133934e-10,1.853810023133934e-10,1.853810023133934e-11
0.7518036072144244,5.681731462925883e-05,5.014470941883794e-05,9.859719438877807,1.385987443518386e-09,1.385987443518386e-09,1.385987443518386e-10
0.8093386773547045,8.278637274549069e-05,1.5519298597194376e-05,1.2625250501002012,4.043435780503082e-06,4.043435780503082e-06,4.0434357805030824e-07
0.03,5.7899358717435194e-05,6.385060120240507e-05,8.11623246492989,5.661260816510151e-07,5.661260816510151e-07,5.661260816510152e-08
0.22352705410821577,3.1028597194388886e-05,2.354428857715431e-06,7.354709418837698,8.435256442765496e-09,8.435256442765496e-09,8.435256442765495e-10
0.6593987975951866,1.3535551102204397e-05,6.502264529058114e-06,1.683366733466935,5.554252608620607e-10,5.554252608620607e-10,5.5542526086206076e-11
0.08230460921843691,5.239879759519038e-06,1.8134068136272543e-06,3.747494989979944,1.460086182679067e-08,1.460086182679067e-08,1.460086182679067e-09
0.6280160320641247,4.130801603206432e-05,2.5347695390781566e-06,9.739478957915882,4.447384955121195e-09,4.447384955121195e-09,4.447384955121195e-10
0.8947695390781508,5.411220440881793e-05,6.619503006012043e-05,2.925851703406806,1.6918110575635466e-10,1.6918110575635466e-10,1.6918110575635466e-11
0.8912825651302551,4.0406312625250685e-05,6.096515030060155e-05,2.705410821643281,3.5838211605664624e-07,3.5838211605664624e-07,3.5838211605664626e-08
0.6960120240480921,5.1407094188377025e-05,2.0208156312625275e-05,5.691382765531064,7.1422884610987e-10,7.1422884610987e-10,7.1422884610987e-11
0.07184368737474953,6.186685370741515e-05,3.0757915831663335e-06,4.569138276553095,2.240033284379423e-09,2.240033284379423e-09,2.2400332843794228e-10
0.8790781563126199,8.458977955911789e-05,1.642100200400801e-05,5.230460921843684,1.965381814410689e-08,1.965381814410689e-08,1.965381814410689e-09
0.04743486973947897,6.547366733466955e-05,8.945897795591133e-05,4.248496993987961,8.976784581523771e-10,8.976784581523771e-10,8.976784581523771e-11
0.41182364729458715,6.294889779559147e-05,3.256132264529059e-06,9.959919839679412,6.711427038315516e-09,6.711427038315516e-09,6.711427038315515e-10
0.8407214428857664,6.67360521042086e-05,2.8503827655310713e-05,2.885771543086165,1.4361925227385327e-07,1.4361925227385327e-07,1.4361925227385327e-08
0.3141883767535057,7.250695390781564e-05,5.0325050100200664e-05,9.23847695390786,6.452391371260465e-08,6.452391371260465e-08,6.452391371260465e-09
0.2427054108216425,1.191248496993987e-05,6.204719438877787e-05,8.617234468937912,1.865639541560769e-09,1.865639541560769e-09,1.8656395415607688e-10
0.06312625250501004,4.5095170340681584e-05,7.431036072144284e-05,2.985971943887767,3.4806108990350904e-08,3.4806108990350904e-08,3.4806108990350904e-09
0.4780761523046067,2.633973947895799e-05,2.1740881763527053e-06,8.036072144288607,1.2362821172677301e-09,1.2362821172677301e-09,1.23628211726773e-10
0.5704809619238446,4.65378957915834e-05,3.968494989979978e-05,2.745490981963922,7.070238572888788e-08,7.070238572888788e-08,7.070238572888788e-09
0.8424649298597143,4.311142284569159e-05,8.098296593186348e-05,1.7835671342685384,3.7514832596144537e-07,3.7514832596144537e-07,3.7514832596144536e-08
0.3333667334669324,4.3291763527054315e-05,2.633973947895799e-05,5.751503006012027,6.124935313629392e-09,6.124935313629392e-09,6.124935313629392e-10
0.78841683366733,8.29667134268534e-05,1.0469759519038069e-05,6.753507014028071,1.3409964749099134e-07,1.3409964749099134e-07,1.3409964749099134e-08
0.49202404809618977,6.367026052104235e-05,7.737615230460908e-05,8.837675350701442,6.823083764576323e-10,6.823083764576323e-10,6.823083764576324e-11
0.2514228456913819,4.239006012024068e-05,8.729488977955869e-05,8.897795591182405,5.589695363142939e-09,5.589695363142939e-09,5.589695363142939e-10
0.16424849699398775,3.0757915831663335e-06,2.715110220440882e-06,9.579158316633315,8.244606806538764e-09,8.244606806538764e-09,8.244606806538764e-10
0.4501803607214406,9.748396793587168e-06,2.895450901803608e-06,9.619238476953957,5.963927547384928e-06,5.963927547384928e-06,5.963927547384928e-07
0.48330661322645035,2.922519038076162e-05,4.491482965931886e-05,0.3006012024048096,4.579262886226917e-08,4.579262886226917e-08,4.579262886226917e-09
0.429258517034066,3.499609218436888e-05,8.927863727454861e-05,0.7014028056112228,1.811911094637567e-10,1.811911094637567e-10,1.811911094637567e-11
0.3874148296593168,1.6781683366733464e-05,4.870198396793612e-05,4.609218436873737,3.7040597953057886e-09,3.7040597953057886e-09,3.704059795305789e-10
0.16076152304609198,5.916174348697428e-05,7.39496793587174e-05,3.6472945891783417,2.6022531659854646e-07,2.6022531659854646e-07,2.6022531659854647e-08
0.061382765531062145,6.565400801603227e-05,5.39318637274552e-05,2.845691382765524,2.4297663907591406e-07,2.4297663907591406e-07,2.4297663907591408e-08
0.8232865731462876,8.603250501001965e-05,5.230879759519066e-05,8.717434869739517,3.2915122408795002e-06,3.2915122408795002e-06,3.2915122408795e-07
0.7709819639278511,3.71601803607216e-05,6.114549098196427e-05,6.973947895791601,3.1764506247026196e-08,3.1764506247026196e-08,3.1764506247026194e-09
0.6576553106212387,7.21462725450902e-05,6.042412825651337e-05,3.5470941883767395,2.984829963759814e-07,2.984829963759814e-07,2.984829963759814e-08
0.2113226452905806,8.567182364729421e-05,8.278637274549069e-05,4.989979959919833,6.38730101828493e-06,6.38730101828493e-06,6.38730101828493e-07
0.4902805611222419,8.440943887775517e-05,7.521206412825644e-05,4.068136272545073,1.0534627781133267e-09,1.0534627781133267e-09,1.0534627781133268e-10
0.3107014028056099,3.5717454909819785e-05,7.376933867735468e-05,1.22244488977956,3.525173523793985e-06,3.525173523793985e-06,3.525173523793985e-07
0.5024849699398771,5.519424849699429e-05,3.2832004008016155e-05,7.434869739478981,1.2160509111574433e-08,1.2160509111574433e-08,1.2160509111574433e-09
0.3351102204408803,8.152398797595164e-05,2.2552585170340725e-05,9.69939879759524,5.697386410995195e-06,5.697386410995195e-06,5.697386410995195e-07
0.8337474949899749,1.0469759519038069e-05,5.339084168336702e-05,6.212424849699407,4.6084840437446547e-07,4.6084840437446547e-07,4.6084840437446547e-08
0.8511823647294537,3.770120240480978e-05,1.3355210420841672e-05,2.024048096192386,3.5028213468441776e-07,3.5028213468441776e-07,3.502821346844178e-08
0.2810621242484959,8.945897795591133e-05,4.6718236472946126e-05,0.7615230460921848,3.967007431657834e-09,3.967007431657834e-09,3.967007431657834e-10
0.4083366733466914,2.6159398797595263e-05,8.495046092184333e-05,1.9038076152304624,1.474965319380662e-10,1.474965319380662e-10,1.474965319380662e-11
0.683807615230457,5.573527054108247e-05,8.188466933867709e-05,0.7815631262525055,1.377199270006178e-10,1.377199270006178e-10,1.3771992700061781e-11
0.5774549098196361,8.350773547094157e-05,5.627629258517065e-05,1.2825651302605219,3.144407265818321e-06,3.144407265818321e-06,3.144407265818321e-07
0.2723446893787565,4.8521643286573395e-05,5.1407094188377025e-05,1.0621242484969946,1.741978188213289e-09,1.741978188213289e-09,1.741978188213289e-10
0.5181763527054081,3.842256513026069e-05,2.110985971943891e-05,6.1723446893787655,2.0313211611354781e-10,2.0313211611354781e-10,2.031321161135478e-11
0.8825651302605156,3.355336673346706e-05,1.6330661322645289e-06,3.787575150300585,1.1885663094244174e-08,1.1885663094244174e-08,1.1885663094244174e-09
0.07533066132264532,5.4833567134268836e-05,5.86207214428861e-05,3.887775551102187,1.4037323854718723e-07,1.4037323854718723e-07,1.4037323854718723e-08
0.32813627254508876,7.791717434869724e-05,2.9946553106212528e-05,8.657314629258554,1.6578499612501935e-06,1.6578499612501935e-06,1.6578499612501935e-07
0.7866733466933821,8.891795591182317e-05,4.698857715430862e-06,9.47895791583171,6.643723588577598e-07,6.643723588577598e-07,6.643723588577598e-08
0.6890380761523006,3.7520861723447054e-05,3.535677354709433e-05,3.807615230460905,6.8407293640032075e-06,6.8407293640032075e-06,6.840729364003207e-07
0.3368537074148282,2.8323486973947986e-05,8.909829659318589e-05,4.529058116232453,1.377199270006178e-10,1.377199270006178e-10,1.3771992700061781e-11
0.3438276553106197,7.76464929859719e-06,2.3273947895791633e-05,2.5851703406813584,5.533307704168443e-07,5.533307704168443e-07,5.533307704168443e-08
0.727394789579154,1.3174869739478947e-05,9.207374749498992e-06,7.454909819639302,7.070238572888788e-08,7.070238572888788e-08,7.070238572888788e-09
0.23398797595190307,5.12267535070143e-05,1.191248496993987e-05,2.244488977955911,1.4843773568639093e-09,1.4843773568639093e-09,1.4843773568639093e-10
0.4065931863727435,4.879198396793587e-06,8.855727454909773e-05,5.210420841683363,6.37082503316838e-10,6.37082503316838e-10,6.37082503316838e-11
0.6872945891783527,3.120893787575161e-05,3.084825651302616e-05,1.1222444889779566,2.628771655817212e-09,2.628771655817212e-09,2.628771655817212e-10
0.6593987975951866,9.387715430861717e-06,2.4355991983967994e-05,4.208416833667319,4.954318458610342e-10,4.954318458610342e-10,4.954318458610342e-11
0.40136272545089985,3.8061883767535235e-05,4.9603687374749756e-05,9.659318637274598,2.672506026391465e-10,2.672506026391465e-10,2.672506026391465e-11
0.54955911823647,5.0325050100200664e-05,8.513080160320605e-05,8.817635270541121,1.4453571435466035e-06,1.4453571435466035e-06,1.4453571435466036e-07
0.638476953907812,4.518517034068137e-06,5.7177995991984286e-05,9.118236472945934,1.049490204522194e-06,1.049490204522194e-06,1.049490204522194e-07
0.39264529058116043,2.2372244488977998e-05,3.193030060120252e-05,9.69939879759524,4.985932917895367e-09,4.985932917895367e-09,4.985932917895367e-10
0.8442084168336622,6.348991983967963e-05,3.0126893787575255e-05,7.234468937875772,1.1961507797225564e-07,1.1961507797225564e-07,1.1961507797225564e-08
0.22527054108216366,1.533895791583165e-05,5.068573146292612e-05,1.22244488977956,1.6535735522929774e-10,1.6535735522929774e-10,1.6535735522929775e-11
0.8041082164328609,4.0947334669338865e-05,4.166869739478977e-05,7.515030060120265,2.0573283780563895e-08,2.0573283780563895e-08,2.0573283780563896e-09
0.5704809619238446,7.773683366733452e-05,9.928737474949893e-06,9.519038076152352,1.724405482432989e-07,1.724405482432989e-07,1.724405482432989e-08
0.4658717434869715,4.707891783567158e-05,1.3174869739478947e-05,9.23847695390786,2.495362636850953e-10,2.495362636850953e-10,2.495362636850953e-11
0.8163126252504961,3.661915831663342e-05,6.817877755511036e-05,6.072144288577161,3.3462724996390475e-07,3.3462724996390475e-07,3.3462724996390477e-08
0.38218436873747313,6.367026052104235e-05,3.481575150300615e-05,2.0841683366733474,1.2729414866574903e-08,1.2729414866574903e-08,1.2729414866574903e-09
0.5617635270541051,6.186685370741515e-05,5.8981402805611555e-05,4.589178356713416,5.554252608620607e-10,5.554252608620607e-10,5.5542526086206076e-11
0.31767535070140146,7.701547094188364e-05,7.944989979959916e-06,2.845691382765524,2.5112860259393226e-09,2.5112860259393226e-09,2.5112860259393227e-10
0.6419639278557078,5.059539078156312e-06,1.119112224448897e-05,7.575150300601227,3.7040597953057886e-09,3.7040597953057886e-09,3.704059795305789e-10
0.8825651302605156,6.141583166332664e-06,1.7863727454909826e-05,4.68937875751502,1.538146446289981e-07,1.538146446289981e-07,1.538146446289981e-08
0.8354909819639228,3.6799498997996147e-05,5.0866072144288845e-05,7.895791583166361,2.1755226933756993e-10,2.1755226933756993e-10,2.1755226933756994e-11
0.8930260521042029,7.827785571142268e-05,6.141583166332664e-06,4.889779559118229,1.3460724700541052e-10,1.3460724700541052e-10,1.3460724700541052e-11
0.6942685370741443,8.02616032064126e-05,7.016252505010028e-05,8.196392785571174,4.5502270122077455e-09,4.5502270122077455e-09,4.5502270122077453e-10
0.608837675350698,8.513080160320605e-05,7.84581963927854e-05,0.6012024048096195,1.811911094637567e-10,1.811911094637567e-10,1.811911094637567e-11
0.6646292585170303,2.354428857715431e-06,3.770120240480978e-05,5.891783567134273,1.1027469841978454e-09,1.1027469841978454e-09,1.1027469841978454e-10
0.3874148296593168,4.401312625250522e-05,7.196593186372748e-05,9.779559118236524,8.886228686294111e-08,8.886228686294111e-08,8.886228686294111e-09
0.668116232464926,2.165088176352709e-05,2.688076152304617e-05,5.450901803607214,3.270641647263611e-07,3.270641647263611e-07,3.2706416472636115e-08
0.4466933867735448,2.1470541082164364e-05,7.827785571142268e-05,5.6513026052104225,8.597770058661916e-06,8.597770058661916e-06,8.597770058661916e-07
0.16076152304609198,1.5519298597194376e-05,5.807969939879792e-05,5.83166332665331,1.0231241635532605e-10,1.0231241635532605e-10,1.0231241635532606e-11
0.8389779559118186,2.3093607214428906e-05,3.9865290581162504e-05,0.20040080160320636,8.79658629969176e-06,8.79658629969176e-06,8.796586299691759e-07
0.7064729458917794,4.365244488977977e-05,7.178559118236476e-05,1.7234468937875764,1.2160509111574433e-08,1.2160509111574433e-08,1.2160509111574433e-09
0.5234068136272517,1.8044068136272553e-05,3.3914048096192516e-05,7.7154308617234735,2.553065810590191e-10,2.553065810590191e-10,2.553065810590191e-11
0.802364729458913,3.084825651302616e-05,8.260603206412797e-05,2.565130260521038,3.1563096058403076e-09,3.1563096058403076e-09,3.156309605840308e-10
0.5321242484969911,7.539240480961916e-05,6.547366733466955e-05,1.4028056112224458,3.516080370622556e-10,3.516080370622556e-10,3.516080370622556e-11
0.429258517034066,3.211064128256525e-05,7.358899799599196e-05,3.0460921843687285,1.965381814410689e-08,1.965381814410689e-08,1.965381814410689e-09
0.23573146292585095,1.4256913827655298e-05,2.8503827655310713e-05,4.869739478957908,3.852761810524898e-10,3.852761810524898e-10,3.852761810524898e-11
0.22875751503005942,2.4355991983967994e-05,1.4617595190380748e-05,2.66533066132264,4.136936850808543e-06,4.136936850808543e-06,4.136936850808543e-07
0.3943887775551083,7.340865731462924e-05,6.0243787575150643e-05,5.390781563126251,1.4694032735283116e-07,1.4694032735283116e-07,1.4694032735283116e-08
0.08056112224448901,7.04328657314629e-06,5.826004008016065e-05,1.3426853707414839,2.851431299180209e-07,2.851431299180209e-07,2.851431299180209e-08
0.07358717434869742,3.932426853707432e-05,6.94411623246494e-05,7.695390781563153,1.4361925227385327e-07,1.4361925227385327e-07,1.4361925227385327e-08
0.19214428857715388,1.3715891783567122e-05,7.223627254509015e-06,5.1302605210420795,5.017749115127665e-08,5.017749115127665e-08,5.017749115127665e-09
0.28977955911823533,3.607813627254524e-05,6.962150300601212e-05,0.7014028056112228,1.5033819951510772e-07,1.5033819951510772e-07,1.503381995151077e-08
0.45192384769538846,2.4897014028056175e-05,2.7962805611222532e-05,3.5070140280560986,1.1691159512530546e-07,1.1691159512530546e-07,1.1691159512530545e-08
0.6611422845691345,6.980184368737484e-05,3.499609218436888e-05,1.4829659318637285,1.142692151060895e-07,1.142692151060895e-07,1.142692151060895e-08
0.5390981963927827,1.1732144288577145e-05,1.6781683366733464e-05,9.378757515030106,1.6747444271363853e-08,1.6747444271363853e-08,1.6747444271363853e-09
0.3316232464929845,6.799843687374764e-05,2.002781563126255e-05,0.6813627254509022,5.829133706189185e-06,5.829133706189185e-06,5.829133706189185e-07
0.5826853707414797,2.4175651302605267e-05,9.568056112224443e-06,0.4609218436873749,1.9455554603241263e-06,1.9455554603241263e-06,1.9455554603241262e-07
0.32813627254508876,7.286763527054108e-05,8.639318637274509e-05,7.975951903807645,6.063148267776576e-07,6.063148267776576e-07,6.063148267776576e-08
0.13286573146292585,3.7068136272545095e-07,2.291326653306618e-05,2.0440881763527066,1.543968701634049e-10,1.543968701634049e-10,1.543968701634049e-11
0.7953907815631215,2.345428857715436e-05,2.9946553106212528e-05,9.719438877755561,4.043435780503082e-06,4.043435780503082e-06,4.0434357805030824e-07
0.04046092184368738,2.7241442885771624e-05,7.052320641282572e-05,0.7214428857715435,1.8586042760275588e-06,1.8586042760275588e-06,1.8586042760275588e-07
0.31941883767534934,4.816096192384794e-05,4.707891783567158e-05,1.5631262525050111,1.2648701071454006e-09,1.2648701071454006e-09,1.2648701071454006e-10
0.5966332665330628,4.2209719438877954e-05,7.30479759519038e-05,4.7895791583166245,6.643723588577598e-07,6.643723588577598e-07,6.643723588577598e-08
0.44320641282564904,3.1569619238477067e-05,6.186685370741515e-05,6.3326653306613325,4.248621467388963e-09,4.248621467388963e-09,4.2486214673889635e-10
0.05092184368737476,1.0469759519038069e-05,7.9359899799599e-05,0.02004008016032064,1.149983889528423e-06,1.149983889528423e-06,1.149983889528423e-07
0.5146893787575123,1.2453507014028046e-05,7.431036072144284e-05,2.344689378757513,3.9269891037037604e-07,3.9269891037037604e-07,3.92698910370376e-08
0.7901603206412778,3.643881763527069e-05,6.511298597194411e-05,1.6232464929859731,3.902089122260732e-08,3.902089122260732e-08,3.902089122260732e-09
0.7971342685370694,4.545585170340704e-05,3.1028597194388886e-05,0.18036072144288573,1.990544802990605e-06,1.990544802990605e-06,1.990544802990605e-07
0.7587775551102159,2.50773547094189e-05,7.66547895791582e-05,9.739478957915882,6.954537268292439e-07,6.954537268292439e-07,6.95453726829244e-08
0.05963927855711425,5.104641282565157e-05,6.502264529058114e-06,8.09619238476957,1.5283934734759824e-08,1.5283934734759824e-08,1.5283934734759824e-09
0.2601402805611213,7.737615230460908e-05,6.168651302605243e-05,3.527054108216419,2.7413768495932584e-06,2.7413768495932584e-06,2.7413768495932586e-07
0.4397194388777533,8.747523046092141e-05,7.683513026052092e-05,0.42084168336673355,5.682690054358476e-10,5.682690054358476e-10,5.6826900543584764e-11
0.20434869739478906,6.096515030060155e-05,3.589779559118251e-05,6.5130260521042205,1.8234732479403994e-09,1.8234732479403994e-09,1.8234732479403993e-10
0.8075951903807567,8.567182364729421e-05,8.350773547094157e-05,3.667334669338662,6.452391371260465e-08,6.452391371260465e-08,6.452391371260465e-09
0.43274549098196174,4.7439599198397034e-05,6.132583166332699e-05,9.278557114228501,7.524135044315824e-09,7.524135044315824e-09,7.524135044315825e-10
0.2409619238476946,4.112767535070159e-05,4.2209719438877954e-05,3.4468937875751373,8.213516664628277e-06,8.213516664628277e-06,8.213516664628277e-07
0.09973947895791588,1.822440881763528e-05,7.611376753507004e-05,3.927855711422828,2.769313091562781e-08,2.769313091562781e-08,2.769313091562781e-09
0.39090180360721255,2.9585871743487074e-05,7.557274549098188e-05,2.464929859719436,2.4545271389327164e-09,2.4545271389327164e-09,2.4545271389327164e-10
0.29675350701402686,7.719581162324636e-05,1.4076573146292573e-05,1.5030060120240492,1.7134714911793995e-08,1.7134714911793995e-08,1.7134714911793996e-09
0.05789579158316635,7.196593186372748e-05,2.1470541082164364e-05,5.911823647294594,3.992321669323289e-08,3.992321669323289e-08,3.992321669323289e-09
0.324649298597193,1.2814188376753496e-05,1.2092825651302595e-05,8.236472945891816,1.460086182679067e-08,1.460086182679067e-08,1.460086182679067e-09
0.6524248496993951,7.75564929859718e-05,3.977494989979961e-06,6.472945891783579,2.083668568091013e-06,2.083668568091013e-06,2.0836685680910129e-07
0.16424849699398775,4.347210420841704e-05,8.819659318637229e-05,3.286573146292574,3.4806108990350904e-08,3.4806108990350904e-08,3.4806108990350904e-09
0.8598997995991932,3.066791583166343e-05,9.748396793587168e-06,3.807615230460905,1.599896387950018e-08,1.599896387950018e-08,1.5998963879500182e-09
0.04743486973947897,2.453633266533072e-05,5.934208416833701e-05,5.070140280561117,4.084640768561948e-08,4.084640768561948e-08,4.084640768561948e-09
0.8529258517034016,7.647444889779548e-05,6.67360521042086e-05,0.7414829659318641,5.4982224886219015e-08,5.4982224886219015e-08,5.498222488621901e-09
0.713446893787571,7.899921843687356e-05,4.3832785571142496e-05,8.517034068136308,5.697386410995195e-06,5.697386410995195e-06,5.697386410995195e-07
0.8302605210420791,5.771901803607247e-05,4.491482965931886e-05,3.7675350701402643,2.010829624931726e-08,2.010829624931726e-08,2.0108296249317262e-09
0.32987975951903664,3.4364729458917847e-06,4.816096192384794e-05,7.595190380761548,4.6084840437446547e-07,4.6084840437446547e-07,4.6084840437446547e-08
0.5809418837675319,3.301234468937888e-05,2.219190380761527e-05,6.973947895791601,6.797354139442534e-07,6.797354139442534e-07,6.797354139442534e-08
0.42228456913827445,3.265166332665343e-05,1.3896232464929847e-05,9.498997995992031,1.9332192165558978e-07,1.9332192165558978e-07,1.9332192165558978e-08
0.30895791583166204,7.4851382765531e-05,8.999999999999949e-05,8.857715430861763,2.1894051222482004e-09,2.1894051222482004e-09,2.1894051222482005e-10
0.10671342685370747,6.204719438877787e-05,5.645663326653338e-05,4.2685370741482815,6.266569319574902e-09,6.266569319574902e-09,6.266569319574902e-10
0.7117034068136231,6.385060120240507e-05,1.7322705410821645e-05,1.042084168336674,1.0957547622390422e-10,1.0957547622390422e-10,1.0957547622390422e-11
0.18168336673346658,3.878324649298614e-05,3.6799498997996147e-05,8.677354709418875,2.862224654494287e-10,2.862224654494287e-10,2.8622246544942873e-11
0.3054709418837663,1.3535551102204397e-05,3.265166332665343e-05,5.230460921843684,1.1354466475453157e-08,1.1354466475453157e-08,1.1354466475453157e-09
0.8372344689378707,3.1028597194388886e-05,4.401312625250522e-05,5.110220440881759,8.297217228816601e-08,8.297217228816601e-08,8.297217228816601e-09
0.49376753507013765,1.4527254509018034e-06,7.629410821643276e-05,9.639278557114277,1.0916227069626075e-07,1.0916227069626075e-07,1.0916227069626075e-08
0.18342685370741446,4.157835671342686e-06,6.781809619238492e-05,7.3747494989980185,1.1543368559592538e-09,1.1543368559592538e-09,1.1543368559592538e-10
0.2845490981963917,3.373370741482979e-05,9.387715430861717e-06,4.809619238476945,9.456708423776946e-09,9.456708423776946e-09,9.456708423776946e-10
0.6559118236472908,4.473448897795613e-05,5.339084168336702e-05,8.136272545090211,8.48908343705269e-08,8.48908343705269e-08,8.48908343705269e-09
0.03,3.481575150300615e-05,5.86207214428861e-05,8.737474949899838,4.715051382504799e-07,4.715051382504799e-07,4.7150513825047986e-08
0.5077154308617208,7.12445691382766e-05,7.647444889779548e-05,6.793587174348713,2.786984611210164e-07,2.786984611210164e-07,2.786984611210164e-08
0.8424649298597143,3.138927855711434e-05,6.980184368737484e-05,6.73346693386775,1.8351091815679916e-08,1.8351091815679916e-08,1.8351091815679915e-09
0.17296593186372716,1.6781683366733464e-05,2.97662124248498e-05,2.8056112224448833,7.926396206684818e-08,7.926396206684818e-08,7.926396206684819e-09
0.743086172344685,3.71601803607216e-05,5.6636973947896105e-05,2.7655310621242424,4.402520680793966e-07,4.402520680793966e-07,4.402520680793966e-08
0.8546693386773495,2.5347695390781566e-06,1.587997995991983e-05,8.436873747495024,2.527311025237083e-08,2.527311025237083e-08,2.5273110252370827e-09
0.11020040080160326,2.7782464929859805e-05,2.0388496993988002e-05,1.3226452905811632,1.315649183163909e-10,1.315649183163909e-10,1.3156491831639089e-11
0.35951903807615065,1e-08,6.321923847695389e-06,6.933867735470959,6.203353499968312e-07,6.203353499968312e-07,6.203353499968312e-08
0.10845691382765536,7.863853707414812e-05,3.788154308617251e-05,0.220440881763527,3.967007431657834e-09,3.967007431657834e-09,3.967007431657834e-10
0.4170541082164308,2.110985971943891e-05,7.719581162324636e-05,0.6212424849699402,1.3106879132369401e-07,1.3106879132369401e-07,1.3106879132369401e-08
0.11891783567134274,7.57530861723446e-05,3.066791583166343e-05,5.330661322645288,1.6641253232742929e-09,1.6641253232742929e-09,1.664125323274293e-10
0.3351102204408803,6.042412825651337e-05,2.6159398797595263e-05,1.0220440881763533,1.865639541560769e-09,1.865639541560769e-09,1.8656395415607688e-10
0.7204208416833625,8.332739478957885e-05,7.376933867735468e-05,8.156312625250532,1.9529198570650123e-09,1.9529198570650123e-09,1.9529198570650122e-10
0.23747494989979884,2.3273947895791633e-05,1.5158617234468924e-05,1.7835671342685384,2.6455463535232158e-08,2.6455463535232158e-08,2.6455463535232157e-09
0.8494388777555059,8.963931863727405e-05,6.403094188376779e-05,0.9619238476953914,3.30397140871801e-09,3.30397140871801e-09,3.30397140871801e-10
0.8721042084168283,8.350773547094157e-05,5.4292545090180656e-05,1.9639278557114244,6.518145033204574e-10,6.518145033204574e-10,6.518145033204574e-11
0.4780761523046067,9.928737474949893e-06,4.870198396793612e-05,6.012024048096198,3.765683528717025e-10,3.765683528717025e-10,3.765683528717025e-11
0.5251503006011996,1.3896232464929847e-05,1.4437254509018023e-05,1.923847695390783,3.597386788179242e-10,3.597386788179242e-10,3.597386788179242e-11
0.5425851703406784,2.9044849699398893e-05,8.404875751502973e-05,7.354709418837698,1.2037836479849065e-06,1.2037836479849065e-06,1.2037836479849065e-07
0.12937875751503009,8.422909819639245e-05,1.0109078156312618e-05,5.771543086172348,1.5737147962828574e-07,1.5737147962828574e-07,1.5737147962828573e-08
0.5774549098196361,6.114549098196427e-05,2.633973947895799e-05,9.318637274549143,7.3263461511480485e-06,7.3263461511480485e-06,7.326346151148048e-07
0.8058517034068088,7.052320641282572e-05,5.627629258517065e-05,7.675350701402832,5.986502451821476e-09,5.986502451821476e-09,5.986502451821476e-10
0.3229058116232451,4.761993987975976e-05,8.3868416833667e-05,2.2244488977955905,4.4191852835845255e-10,4.4191852835845255e-10,4.419185283584525e-11
0.7343687374749456,1.587997995991983e-05,2.922519038076162e-05,9.899799599198449,2.880489060700734e-09,2.880489060700734e-09,2.880489060700734e-10
0.3978757515030041,4.257040080160341e-05,6.835911823647308e-05,3.1462925851703307,8.435256442765496e-09,8.435256442765496e-09,8.435256442765495e-10
0.7622645290581117,8.242569138276525e-05,3.6258476953907966e-05,8.597194388777591,2.4701899488522036e-08,2.4701899488522036e-08,2.4701899488522035e-09
0.5513026052104179,1.7503046092184372e-05,6.799843687374764e-05,6.773547094188392,7.698124373677404e-09,7.698124373677404e-09,7.698124373677404e-10
0.8564128256512974,1.8134068136272543e-06,6.312923847695419e-05,5.671342685370743,7.876137060747666e-09,7.876137060747666e-09,7.876137060747665e-10
0.2008617234468933,5.7177995991984286e-05,4.689857715430885e-05,5.851703406813631,1.24417107131614e-08,1.24417107131614e-08,1.24417107131614e-09
0.6402204408817599,4.996436873747521e-05,1.1732144288577145e-05,4.00801603206411,2.3597916868286672e-08,2.3597916868286672e-08,2.3597916868286673e-09
0.8895390781563072,4.311142284569159e-05,1.0920440881763526e-06,6.292585170340691,2.4859527061752755e-07,2.4859527061752755e-07,2.4859527061752755e-08
0.7483166332665286,5.681731462925883e-05,5.537458917835702e-05,1.7635270541082178,6.086098746574678e-10,6.086098746574678e-10,6.086098746574678e-11
0.4554108216432842,5.916174348697428e-05,4.239006012024068e-05,0.8216432865731468,1.547961654699955e-06,1.547961654699955e-06,1.547961654699955e-07
0.6297595190380726,5.9522424849699736e-05,5.3751523046092475e-05,3.8677354709418665,1.9779232939038465e-07,1.9779232939038465e-07,1.9779232939038466e-08
0.3420841683366718,6.258821643286603e-05,7.954024048096172e-05,6.112224448897803,7.1422884610987e-10,7.1422884610987e-10,7.1422884610987e-11
0.03348697394789579,3.3373026052104336e-05,8.332739478957885e-05,6.312625250501012,6.8407293640032075e-06,6.8407293640032075e-06,6.840729364003207e-07
0.0857915831663327,4.7980621242485214e-05,7.773683366733452e-05,4.368737474949886,4.1790946697504914e-08,4.1790946697504914e-08,4.1790946697504915e-09
0.30024048096192263,5.158743486973975e-05,4.6718236472946126e-05,2.1242484969939883,5.792172737548809e-07,5.792172737548809e-07,5.7921727375488094e-08
0.4484368737474927,1.4617595190380748e-05,3.211064128256525e-05,1.983967935871745,4.2216821016553884e-10,4.2216821016553884e-10,4.2216821016553885e-11
0.6454509018036035,4.635755511022067e-05,5.753867735470974e-05,8.016032064128286,3.445499235939485e-06,3.445499235939485e-06,3.445499235939485e-07
0.5059719438877729,7.593342685370732e-05,4.4373807615230676e-05,3.7274549098196235,3.9520479767190895e-06,3.9520479767190895e-06,3.9520479767190897e-07
0.8686172344689326,6.06044689378761e-05,6.042412825651337e-05,4.308617234468923,1.0778232236916957e-09,1.0778232236916957e-09,1.0778232236916957e-10
0.7448296593186329,6.871979959919852e-05,3.44550701402807e-05,9.859719438877807,5.081991880963312e-06,5.081991880963312e-06,5.081991880963312e-07
0.7395991983967892,6.691639278557132e-05,4.7980621242485214e-05,3.9078156312625074,2.1673188686386775e-07,2.1673188686386775e-07,2.1673188686386775e-08
0.43100200400801386,7.990092184368716e-05,6.709673346693404e-05,0.14028056112224446,2.569357414732162e-09,2.569357414732162e-09,2.569357414732162e-10
0.3141883767535057,2.1831222444889817e-05,1.0289418837675343e-05,0.04008016032064128,2.8047688962243757e-06,2.8047688962243757e-06,2.804768896224376e-07
0.8267735470941834,7.358899799599196e-05,3.607813627254524e-05,1.1422845691382773,6.306557504078119e-08,6.306557504078119e-08,6.306557504078119e-09
0.7919038076152257,6.475230460921867e-05,5.735833667334701e-05,6.452905811623258,2.3748499716013735e-07,2.3748499716013735e-07,2.3748499716013734e-08
0.1799398797595187,5.2669478957916114e-05,3.030723446893798e-05,6.132264529058124,5.306020752962591e-10,5.306020752962591e-10,5.3060207529625915e-11
0.7308817635270498,7.431036072144284e-05,8.873761523046045e-05,7.8757515030060405,2.8333511404222655e-08,2.8333511404222655e-08,2.8333511404222654e-09
0.8581563126252453,1.6601342685370737e-05,4.942334669338703e-05,7.655310621242511,5.101228446154385e-09,5.101228446154385e-09,5.101228446154385e-10
0.8459519038076101,7.66547895791582e-05,7.539240480961916e-05,8.256513026052136,2.078293763894782e-10,2.078293763894782e-10,2.078293763894782e-11
0.09450901803607219,7.160525050100204e-05,2.1831222444889817e-05,7.995991983967966,1.2316201379436526e-06,1.2316201379436526e-06,1.2316201379436525e-07
0.6803206412825612,5.807969939879792e-05,4.257040080160341e-05,9.158316633266576,1.4787798185268515e-06,1.4787798185268515e-06,1.4787798185268515e-07
0.06312625250501004,8.11633066132262e-05,2.7241442885771624e-05,2.8256513026052037,1.3495536314212663e-06,1.3495536314212663e-06,1.3495536314212662e-07
0.6315030060120205,7.313627254509018e-07,7.972058116232444e-05,0.24048096192384763,9.577783649123128e-07,9.577783649123128e-07,9.577783649123128e-08
0.16599198396793563,7.070354709418844e-05,5.2669478957916114e-05,9.038076152304651,1.853810023133934e-10,1.853810023133934e-10,1.853810023133934e-11
0.5547895791583136,5.699765531062156e-05,3.7520861723447054e-05,3.9679358717434687,4.655447205842502e-09,4.655447205842502e-09,4.655447205842502e-10
0.5129458917835644,7.322831663326652e-05,8.098296593186348e-05,0.38076152304609223,3.5385171559541083e-09,3.5385171559541083e-09,3.538517155954108e-10
0.27757515030060015,2.633973947895799e-05,4.293108216432886e-05,3.0060120240480876,7.187864777930511e-09,7.187864777930511e-09,7.187864777930511e-10
0.21306613226452847,6.276855711422875e-05,3.643881763527069e-05,5.1503006012024,3.42365225221448e-07,3.42365225221448e-07,3.4236522522144795e-08
0.4989979959919813,3.9143927855711596e-05,5.239879759519038e-06,8.316633266533099,8.942933421233391e-07,8.942933421233391e-07,8.942933421233391e-08
0.5443286573146263,8.891795591182317e-05,4.112767535070159e-05,5.490981963927855,6.124935313629392e-09,6.124935313629392e-09,6.124935313629392e-10
0.861643286573141,5.230879759519066e-05,4.92430060120243e-05,9.01803607214433,4.346867285076761e-09,4.346867285076761e-09,4.346867285076761e-10
0.4083366733466914,7.84581963927854e-05,5.573527054108247e-05,0.0,1.006381192397933e-09,1.006381192397933e-09,1.0063811923979331e-10
0.48156312625250247,3.44550701402807e-05,3.6979839679358873e-05,9.839679358717486,1.6368926536932457e-08,1.6368926536932457e-08,1.6368926536932458e-09
0.7326252505009977,7.30479759519038e-05,5.230879759519066e-05,0.4008016032064129,7.846436406165732e-06,7.846436406165732e-06,7.846436406165733e-07
0.6367334669338641,4.491482965931886e-05,7.268729458917836e-05,3.386773547094176,4.732898989392676e-10,4.732898989392676e-10,4.7328989893926764e-11
0.4048496993987956,4.239006012024068e-05,2.9585871743487074e-05,1.3026052104208425,1.908780895451251e-09,1.908780895451251e-09,1.908780895451251e-10
0.36126252505009854,2.0208156312625275e-05,7.142490981963932e-05,8.77755511022048,3.1764506247026196e-08,3.1764506247026196e-08,3.1764506247026194e-09
0.7291382765531019,3.2832004008016155e-05,2.3814969939879813e-05,4.90981963927855,5.319742981794605e-06,5.319742981794605e-06,5.319742981794605e-07
0.2723446893787565,4.527551102204431e-05,2.0929519038076183e-05,5.9919839679358775,1.2083402594795315e-09,1.2083402594795315e-09,1.2083402594795315e-10
0.18517034068136234,6.321923847695389e-06,2.056883767535073e-05,1.4228456913827665,2.131851660850342e-06,2.131851660850342e-06,2.1318516608503423e-07
0.504228456913825,3.24713226452907e-05,3.6168136272545103e-06,4.408817635270528,7.233731926008842e-08,7.233731926008842e-08,7.233731926008842e-09
0.7657515030060075,4.599687374749522e-05,2.3634629258517086e-05,4.088176352705394,5.568616805225718e-06,5.568616805225718e-06,5.568616805225718e-07
0.6576553106212387,8.927863727454861e-05,5.4833567134268836e-05,1.7034068136272558,4.904340346826786e-08,4.904340346826786e-08,4.904340346826786e-09
0.7744689378757469,8.855727454909773e-05,8.846693386773542e-06,3.0861723446893694,2.1811489473271364e-06,2.1811489473271364e-06,2.1811489473271363e-07
0.27931863727454803,7.611376753507004e-05,2.525769539078163e-05,2.525050100200397,3.86272567641626e-06,3.86272567641626e-06,3.86272567641626e-07
0.3124448897795578,2.895450901803608e-06,2.5347695390781566e-06,1.8837675350701417,8.109687488956145e-08,8.109687488956145e-08,8.109687488956145e-09
0.772725450901799,7.142490981963932e-05,6.258821643286603e-05,7.41482965931866,1.3948316960565968e-08,1.3948316960565968e-08,1.3948316960565967e-09
0.061382765531062145,2.742178356713435e-05,7.12445691382766e-05,5.410821643286572,1.0025861619226328e-06,1.0025861619226328e-06,1.0025861619226328e-07
0.69775551102204,6.998218436873756e-05,8.062228456913804e-05,5.250501002004005,1.354662017467082e-09,1.354662017467082e-09,1.3546620174670821e-10
0.8145691382765482,1.2994529058116221e-05,7.503172344689372e-05,4.949899799599192,5.068882928942187e-10,5.068882928942187e-10,5.0688829289421867e-11
0.12414829659318644,1.9937474949899797e-06,8.711454909819597e-05,6.032064128256519,2.618858644105754e-06,2.618858644105754e-06,2.618858644105754e-07
0.7378557114228413,3.1749959919839793e-05,5.780901803607213e-06,5.430861723446893,1.0192659958827687e-07,1.0192659958827687e-07,1.0192659958827687e-08
0.06486973947895794,5.3751523046092475e-05,7.0342865731463e-05,6.1723446893787655,2.240033284379423e-09,2.240033284379423e-09,2.2400332843794228e-10
0.6192985971943853,5.645663326653338e-05,4.996436873747521e-05,6.873747494989996,7.16075957555727e-06,7.16075957555727e-06,7.16075957555727e-07
0.4571543086172321,9.568056112224443e-06,3.3373026052104336e-05,3.426853707414817,2.044283412286684e-09,2.044283412286684e-09,2.0442834122866842e-10
0.25665330661322555,5.753867735470974e-05,3.0757915831663335e-06,1.5430861723446905,8.575592188679522e-10,8.575592188679522e-10,8.575592188679522e-11
0.2113226452905806,5.573527054108247e-05,2.345428857715436e-05,3.6873747494989826,1.7530940861852815e-08,1.7530940861852815e-08,1.7530940861852815e-09
0.4153106212424829,1.876543086172346e-05,3.138927855711434e-05,1.5831663326653318,3.6900919072811463e-06,3.6900919072811463e-06,3.690091907281146e-07
0.2915230460921832,8.368807615230429e-05,1.9126112224448914e-05,7.775551102204436,1.0709890365931138e-10,1.0709890365931138e-10,1.0709890365931137e-11
0.6820641282565091,1.0289418837675343e-05,3.5717454909819785e-05,9.358717434869785,2.2918321804121607e-09,2.2918321804121607e-09,2.2918321804121607e-10
0.45366733466933634,5.988310621242519e-05,6.529332665330683e-05,3.4669338677354578,1.1470175165026506e-10,1.1470175165026506e-10,1.1470175165026506e-11
0.5373547094188348,6.439162324649323e-05,4.365244488977977e-05,6.553106212424862,1.7026068294228109e-09,1.7026068294228109e-09,1.702606829422811e-10
0.7029859719438837,2.056883767535073e-05,7.088388777555116e-05,9.599198396793636,1.4416288578877648e-10,1.4416288578877648e-10,1.4416288578877648e-11
0.20609218436873694,3.4635410821643424e-05,2.8323486973947986e-05,2.064128256513027,2.1183341629931634e-07,2.1183341629931634e-07,2.1183341629931635e-08
0.8250300601202355,1.7142364729458918e-05,2.7061102204408897e-05,2.8657314629258446,2.3448288825886378e-09,2.3448288825886378e-09,2.3448288825886376e-10
0.30721442885771416,2.579871743486981e-05,1.8404749498998006e-05,8.937875751503046,1.8165969901177153e-06,1.8165969901177153e-06,1.8165969901177153e-07
0.5948897795591149,4.6718236472946126e-05,5.9522424849699736e-05,5.59118236472946,7.495761777794998e-06,7.495761777794998e-06,7.495761777794998e-07
0.16250501002003986,8.278637274549069e-05,3.355336673346706e-05,5.050100200400796,4.625928267548222e-10,4.625928267548222e-10,4.625928267548222e-11
0.11543086172344695,1.0830440881763519e-05,8.170432865731437e-05,7.5350701402805855,9.799261884703215e-07,9.799261884703215e-07,9.799261884703214e-08
0.36997995991983795,5.068573146292612e-05,6.890014028056124e-05,0.32064128256513025,4.5213752468542977e-10,4.5213752468542977e-10,4.5213752468542977e-11
0.42402805611222233,7.467104208416828e-05,1.272384769539078e-06,2.9458917835671263,1e-10,1e-10,1.0000000000000001e-11
0.07184368737474953,6.330957915831691e-05,8.29667134268534e-05,0.1603206412825651,1.0737587876591105e-06,1.0737587876591105e-06,1.0737587876591106e-07
0.6262725450901768,5.447288577154338e-05,5.212845691382793e-05,2.9058116232464855,3.4366116018718376e-10,3.4366116018718376e-10,3.4366116018718374e-11
0.4362324649298575,5.014470941883794e-05,6.421128256513051e-05,0.1002004008016032,2.928411205530999e-10,2.928411205530999e-10,2.928411205530999e-11
0.15727454909819621,2.219190380761527e-05,1.1371462925851695e-05,9.959919839679412,2.6121033219565265e-10,2.6121033219565265e-10,2.6121033219565266e-11
0.6855511022044048,1.8585090180360733e-05,4.2750741482966134e-05,8.276553106212457,1.4938494543691993e-08,1.4938494543691993e-08,1.4938494543691992e-09
0.15204408817635257,8.729488977955869e-05,7.160525050100204e-05,3.4068136272544964,1.9015829452872134e-06,1.9015829452872134e-06,1.9015829452872134e-07
0.21480961923847636,6.637537074148315e-05,2.5979058116232536e-05,3.1262525050100103,1.1765763050734954e-06,1.1765763050734954e-06,1.1765763050734954e-07
0.6471943887775514,8.458977955911789e-05,8.675386773547053e-05,1.683366733466935,1.9980794952461943e-09,1.9980794952461943e-09,1.9980794952461943e-10
0.4379759519038054,7.954024048096172e-05,3.1749959919839793e-05,4.729458917835662,1.920961193590632e-08,1.920961193590632e-08,1.920961193590632e-09
0.14332665330661315,4.2750741482966134e-05,7.4851382765531e-05,4.1082164328657145,1.7309327731598611e-10,1.7309327731598611e-10,1.7309327731598612e-11
0.3263927855711409,5.86207214428861e-05,7.584308617234465e-06,3.1863727454909716,2.2543273677448226e-08,2.2543273677448226e-08,2.2543273677448224e-09
0.8860521042084114,6.0243787575150643e-05,6.691639278557132e-05,2.0040080160320657,6.493565322027256e-07,6.493565322027256e-07,6.493565322027256e-08
0.3037274549098184,3.9865290581162504e-05,5.681731462925883e-05,5.971943887775557,8.773895585016613e-10,8.773895585016613e-10,8.773895585016612e-11
0.2618837675350692,8.260603206412797e-05,5.303016032064157e-05,2.705410821643281,2.0313211611354781e-10,2.0313211611354781e-10,2.031321161135478e-11
0.11368737474949905,5.1407094188377025e-05,3.409438877755524e-05,9.979959919839732,1.2362821172677301e-09,1.2362821172677301e-09,1.23628211726773e-10
0.8232865731462876,5.050539078156339e-05,7.106422845691388e-05,4.46893787575149,1.7822599767437462e-09,1.7822599767437462e-09,1.782259976743746e-10
0.6994989979959879,2.2011563126252544e-05,3.301234468937888e-05,2.4048096192384745,4.232600055156151e-06,4.232600055156151e-06,4.232600055156151e-07
0.6123246492985938,6.421128256513051e-05,5.510220440881764e-07,7.474949899799623,4.3746054815511335e-08,4.3746054815511335e-08,4.374605481551134e-09
0.1677354709418835,4.3832785571142496e-05,1.4797935871743473e-05,7.735470941883794,1.1168655689768682e-07,1.1168655689768682e-07,1.1168655689768682e-08
0.26537074148296497,5.39318637274552e-05,1.4256913827655298e-05,3.787575150300585,9.396745979765522e-10,9.396745979765522e-10,9.396745979765521e-11
0.7169338677354667,1.0109078156312618e-05,6.222753507014059e-05,3.3667334669338556,4.793494789326676e-08,4.793494789326676e-08,4.793494789326676e-09
0.6716032064128218,8.008126252504988e-05,3.797154308617236e-06,5.871743486973952,8.381770750968165e-10,8.381770750968165e-10,8.381770750968166e-11
0.2932665330661311,3.797154308617236e-06,7.75564929859718e-05,1.162324649298598,9.737127401351965e-08,9.737127401351965e-08,9.737127401351965e-09
0.3107014028056099,5.5554929859719744e-05,7.737615230460908e-05,3.56713426853706,2.9173682629033395e-07,2.9173682629033395e-07,2.9173682629033396e-08
0.38044088176352525,8.693420841683325e-05,7.070354709418844e-05,2.925851703406806,2.543438283138544e-07,2.543438283138544e-07,2.543438283138544e-08
0.8511823647294537,1.9126112224448914e-05,2.399531062124254e-05,4.989979959919833,4.2757327383983625e-08,4.2757327383983625e-08,4.275732738398362e-09
0.3630060120240464,9.207374749498992e-06,6.0063446893787916e-05,8.7975951903808,5.37395429067653e-08,5.37395429067653e-08,5.37395429067653e-09
0.3455711422845676,8.801625250500957e-05,8.305671342685366e-06,3.166332665330651,2.2315861923191555e-06,2.2315861923191555e-06,2.2315861923191554e-07
0.8965130260520987,1.227316633266532e-05,5.970276553106246e-05,2.885771543086165,1.940536917638263e-10,1.940536917638263e-10,1.940536917638263e-11
0.24967935871743402,8.495046092184333e-05,5.7899358717435194e-05,8.617234468937912,4.763100528443976e-09,4.763100528443976e-09,4.763100528443976e-10
0.7936472945891736,5.212845691382793e-05,3.120893787575161e-05,1.1823647294589186,1.060185126784533e-08,1.060185126784533e-08,1.0601851267845331e-09
0.0875350701402806,7.21462725450902e-05,2.354428857715431e-06,6.95390781563128,3.8138959681188295e-08,3.8138959681188295e-08,3.81389596811883e-09
0.49551102204408554,6.294889779559147e-05,5.248913827655339e-05,5.090180360721438,3.0654112252299065e-10,3.0654112252299065e-10,3.0654112252299064e-11
0.7779559118236427,2.3634629258517086e-05,4.157835671342686e-06,6.192384769539086,3.144407265818321e-06,3.144407265818321e-06,3.144407265818321e-07
0.09276553106212429,5.880106212424883e-05,8.224535070140253e-05,7.85571142284572,3.136296295760125e-10,3.136296295760125e-10,3.136296295760125e-11
0.0840480961923848,2.0929519038076183e-05,8.747523046092141e-05,9.438877755511069,1.2284431849546003e-10,1.2284431849546003e-10,1.2284431849546003e-11
0.04220440881763528,8.080262525050076e-05,2.6700420841683444e-05,1.6032064128256525,5.888536006063764e-08,5.888536006063764e-08,5.888536006063764e-09
0.7099599198396752,2.97662124248498e-05,3.824222444889796e-05,2.6452905811623197,4.745139032542713e-06,4.745139032542713e-06,4.7451390325427135e-07
0.24619238476953825,3.193030060120252e-05,3.950460921843705e-05,3.3066132264528942,1.741978188213289e-09,1.741978188213289e-09,1.741978188213289e-10
0.5216633266533038,2.715110220440882e-06,1.8134068136272543e-06,0.6613226452905815,1.0128031044122859e-08,1.0128031044122859e-08,1.0128031044122858e-09
0.10148296593186378,3.030723446893798e-05,5.9612424849699384e-06,4.929859719438871,2.7239945164925986e-07,2.7239945164925986e-07,2.7239945164925987e-08
0.12589178356713432,2.6520080160320717e-05,8.495046092184333e-05,0.8617234468937881,1.6961863549009102e-06,1.6961863549009102e-06,1.6961863549009102e-07
0.5669939879759488,2.868416833667344e-05,1.7142364729458918e-05,0.5611222444889782,1.2810643711951653e-07,1.2810643711951653e-07,1.2810643711951653e-08
0.05266533066132266,7.232661322645292e-05,1.9667134268537095e-05,1.2424849699398806,1.8775445464206673e-08,1.8775445464206673e-08,1.8775445464206674e-09
0.7831863727454863,2.4716673346693448e-05,8.278637274549069e-05,4.248496993987961,6.866623174825301e-09,6.866623174825301e-09,6.866623174825301e-10
0.7465731462925808,2.002781563126255e-05,6.745741482965948e-05,5.511022044088176,3.380372983948503e-09,3.380372983948503e-09,3.380372983948503e-10
0.6105811623246459,7.40396793587174e-06,3.8602905811623416e-05,7.054108216432884,8.161436965110303e-07,8.161436965110303e-07,8.161436965110304e-08
0.3664929859719422,5.6095951903807925e-05,4.8521643286573395e-05,5.951903807615236,1.4126898718987808e-06,1.4126898718987808e-06,1.4126898718987808e-07
0.354288577154307,5.284981963927884e-05,7.57530861723446e-05,5.751503006012027,2.268712664406333e-07,2.268712664406333e-07,2.268712664406333e-08
0.1485571142284568,6.132583166332699e-05,1.2633847695390771e-05,6.6733466933867875,4.842343319704456e-10,4.842343319704456e-10,4.842343319704456e-11
0.2305010020040073,2.688076152304617e-05,4.058665330661341e-05,7.314629258517056,7.115355125521681e-07,7.115355125521681e-07,7.115355125521681e-08
0.6628857715430824,1.9034068136272548e-07,4.45541482965934e-05,7.394789579158339,1.8966778293055573e-10,1.8966778293055573e-10,1.896677829305557e-11
0.47284569138276306,4.166869739478977e-05,3.71601803607216e-05,4.629258517034057,1.985410210702871e-10,1.985410210702871e-10,1.985410210702871e-11
0.5844288577154276,8.819659318637229e-05,1.8044068136272553e-05,6.753507014028071,9.24297241786789e-09,9.24297241786789e-09,9.24297241786789e-10
0.6175551102204374,6.312923847695419e-05,7.76464929859719e-06,7.755511022044115,3.6666940272290375e-07,3.6666940272290375e-07,3.6666940272290375e-08
0.5408416833667306,5.248913827655339e-05,5.600561122244488e-06,6.833667334669355,7.307447907617714e-10,7.307447907617714e-10,7.307447907617715e-11
0.8790781563126199,2.6700420841683444e-05,1.822440881763528e-05,7.555110220440906,1.4090458511712325e-10,1.4090458511712325e-10,1.4090458511712325e-11
0.26711422845691285,5.501390781563156e-05,3.896358717434887e-05,9.178356713426897,7.476426528190401e-10,7.476426528190401e-10,7.476426528190401e-11
0.10322645290581167,8.305671342685366e-06,1.76833867735471e-05,5.170340681362721,5.4633597389882735e-09,5.4633597389882735e-09,5.463359738988273e-10
0.8912825651302551,5.7899358717435194e-05,6.06044689378761e-05,7.274549098196414,1.4270860123254817e-08,1.4270860123254817e-08,1.4270860123254817e-09
0.383927855711421,5.6636973947896105e-05,4.0406312625250685e-05,2.7254509018036015,1.512975364909728e-06,1.512975364909728e-06,1.512975364909728e-07
0.19737474949899753,1.7863727454909826e-05,1.642100200400801e-05,0.08016032064128256,1.2892390894219017e-06,1.2892390894219017e-06,1.2892390894219017e-07
0.14507014028056103,7.9359899799599e-05,8.044194388777532e-05,3.6272545090180213,1.2521103662981536e-07,1.2521103662981536e-07,1.2521103662981537e-08
0.17645290581162293,4.3291763527054315e-05,8.080262525050076e-05,5.931863727454915,3.643444506839694e-08,3.643444506839694e-08,3.6434445068396936e-09
0.28803607214428745,3.2290981963927974e-05,3.048757515030071e-05,7.074148296593205,9.962290327919802e-08,9.962290327919802e-08,9.962290327919802e-09
0.22701402805611154,3.0126893787575255e-05,7.701547094188364e-05,4.388777555110207,3.4585412817003523e-09,3.4585412817003523e-09,3.4585412817003525e-10
0.4867935871743461,7.584308617234465e-06,2.7782464929859805e-05,6.713426853707429,1.620380028453788e-06,1.620380028453788e-06,1.620380028453788e-07
0.683807615230457,8.170432865731437e-05,6.150617234468971e-05,7.134268537074168,4.3193049690439415e-10,4.3193049690439415e-10,4.3193049690439415e-11
0.1886573146292581,7.683513026052092e-05,8.927863727454861e-05,6.27254509018037,1.846819366326798e-07,1.846819366326798e-07,1.846819366326798e-08
0.34034068136272394,4.725925851703431e-05,4.978402805611248e-05,0.12024048096192383,1.302377193788689e-08,1.302377193788689e-08,1.302377193788689e-09
0.28629258517033956,4.698857715430862e-06,4.65378957915834e-05,4.048096192384752,5.625364284701012e-08,5.625364284701012e-08,5.625364284701012e-09
0.7988777555110173,5.59156112224452e-05,4.347210420841704e-05,9.25851703406818,4.967131128360607e-06,4.967131128360607e-06,4.967131128360607e-07
0.5861723446893755,5.735833667334701e-05,5.284981963927884e-05,6.252505010020049,1.474965319380662e-10,1.474965319380662e-10,1.474965319380662e-11
0.6785771543086133,4.45541482965934e-05,1.6060320641282557e-05,6.633266533066146,9.361311158813752e-07,9.361311158813752e-07,9.361311158813752e-08
0.27583166332665227,4.022597194388796e-05,4.879198396793587e-06,4.569138276553095,3.2915122408795002e-06,3.2915122408795002e-06,3.2915122408795e-07
0.6280160320641247,4.419346693386795e-05,7.791717434869724e-05,6.152304609218445,3.6805733486334386e-10,3.6805733486334386e-10,3.6805733486334384e-11
0.5739679358717403,8.837693386773501e-05,1.0830440881763519e-05,8.697394789579196,8.543253911746649e-07,8.543253911746649e-07,8.543253911746649e-08
0.46238476953907576,1.6330661322645289e-06,4.419346693386795e-05,0.36072144288577157,5.442757588566945e-06,5.442757588566945e-06,5.442757588566945e-07
0.21655310621242424,6.403094188376779e-05,1.3715891783567122e-05,2.9659318637274468,3.401943794335867e-08,3.401943794335867e-08,3.401943794335867e-09
0.15553106212424833,7.881887775551084e-05,4.725925851703431e-05,7.334669338677377,8.027878684932169e-06,8.027878684932169e-06,8.027878684932169e-07
0.10496993987975957,9.748396793587168e-06,7.39496793587174e-05,2.1442885771543088,2.8696268309097724e-06,2.8696268309097724e-06,2.8696268309097723e-07
0.3159318637274536,8.981965931863677e-05,2.165088176352709e-05,5.350701402805609,2.8988700155972077e-08,2.8988700155972077e-08,2.8988700155972076e-09
0.2427054108216425,5.465322645290611e-05,4.9062665330661576e-05,2.745490981963922,2.4389636426772285e-10,2.4389636426772285e-10,2.4389636426772285e-11
0.2322444889779552,2.7962805611222532e-05,7.881887775551084e-05,3.5470941883767395,1.3324935770259004e-08,1.3324935770259004e-08,1.3324935770259003e-09
0.7709819639278511,7.629410821643276e-05,4.545585170340704e-05,4.849699398797587,2.1535764827585305e-08,2.1535764827585305e-08,2.1535764827585307e-09
0.7674949899799554,6.0063446893787916e-05,8.783591182364685e-05,2.785571142284563,4.8732432440843374e-09,4.8732432440843374e-09,4.873243244084338e-10
0.7640080160320596,6.781809619238492e-05,2.5618376753507082e-05,8.957915831663367,3.229296625390487e-09,3.229296625390487e-09,3.229296625390487e-10
0.4257715430861702,1.272384769539078e-06,6.294889779559147e-05,9.078156312625293,6.346800860880272e-07,6.346800860880272e-07,6.346800860880272e-08
0.6960120240480921,4.130801603206432e-05,2.4716673346693448e-05,7.254509018036093,1.0467830540465593e-10,1.0467830540465593e-10,1.0467830540465593e-11
0.2217835671342679,7.791717434869724e-05,5.176777555110248e-05,3.747494989979944,3.5838211605664624e-07,3.5838211605664624e-07,3.5838211605664626e-08
0.20783567134268482,5.537458917835702e-05,3.932426853707432e-05,1.9438877755511037,4.637891667090604e-06,4.637891667090604e-06,4.6378916670906043e-07
0.049178356713426866,4.942334669338703e-05,4.1488356713427046e-05,4.288577154308602,4.0330057745352055e-10,4.0330057745352055e-10,4.0330057745352053e-11
0.45889779559118,6.0784809619238824e-05,3.2290981963927974e-05,6.412825651302616,1.6918110575635466e-10,1.6918110575635466e-10,1.6918110575635466e-11
0.48505010020039824,6.150617234468971e-05,1.6330661322645289e-06,3.5871743486973804,9.836354454798719e-10,9.836354454798719e-10,9.836354454798719e-11
0.4449498997995969,4.4373807615230676e-05,1.8945771543086187e-05,4.749498997995983,1.5897518753683175e-09,1.5897518753683175e-09,1.5897518753683174e-10
0.13112224448897797,1.2633847695390771e-05,7.313627254509018e-07,2.284569138276552,7.354078138654125e-09,7.354078138654125e-09,7.354078138654125e-10
0.5460721442885742,3.968494989979978e-05,1.155180360721442e-05,2.5050100200400767,7.448233168919441e-07,7.448233168919441e-07,7.448233168919442e-08
0.05440881763527056,7.250695390781564e-05,2.4897014028056175e-05,9.67935871743492,1.7755391328152799e-06,1.7755391328152799e-06,1.7755391328152798e-07
0.593146292585167,2.814314629258526e-05,8.125330661322641e-06,8.917835671342726,6.668871685016272e-10,6.668871685016272e-10,6.668871685016273e-11
0.8947695390781508,4.6177214428857945e-05,8.20650100200398e-05,4.488977955911811,3.7276961135130846e-08,3.7276961135130846e-08,3.727696113513085e-09
0.5164328657314602,1.4437254509018023e-05,8.008126252504988e-05,4.148296593186356,5.81409750859795e-10,5.81409750859795e-10,5.81409750859795e-11
0.8110821643286524,5.4292545090180656e-05,2.579871743486981e-05,5.010020040080154,6.823083764576323e-10,6.823083764576323e-10,6.823083764576324e-11
0.3333667334669324,8.909829659318589e-05,7.340865731462924e-05,2.3046092184368723,5.661260816510151e-07,5.661260816510151e-07,5.661260816510152e-08
0.37172344689378584,5.780901803607213e-06,7.899921843687356e-05,0.2805611222444889,6.711427038315516e-09,6.711427038315516e-09,6.711427038315515e-10
0.08230460921843691,8.20650100200398e-05,2.4175651302605267e-05,4.669338677354699,8.740809512478927e-07,8.740809512478927e-07,8.740809512478927e-08
0.818056112224444,7.39496793587174e-05,8.621284569138237e-05,4.9699398797595125,2.6794175597149314e-06,2.6794175597149314e-06,2.679417559714931e-07
0.056152304609218454,5.600561122244488e-06,5.12267535070143e-05,5.290581162324647,2.0236611156478834e-07,2.0236611156478834e-07,2.0236611156478835e-08
0.06835671342685373,6.655571142284587e-05,8.477012024048061e-05,9.398797595190427,1.1810299302120125e-09,1.1810299302120125e-09,1.1810299302120126e-10
0.5007414829659292,6.547366733466955e-05,2.3093607214428906e-05,3.607214428857701,4.1107056471825913e-07,4.1107056471825913e-07,4.1107056471825916e-08
0.25490981963927767,6.817877755511036e-05,2.7602124248497078e-05,8.837675350701442,2.3900043461863924e-06,2.3900043461863924e-06,2.3900043461863924e-07
0.8651302605210368,5.239879759519038e-06,8.11633066132262e-05,9.539078156312673,2.751753622267373e-09,2.751753622267373e-09,2.751753622267373e-10
0.7814428857715384,4.0406312625250685e-05,6.908048096192396e-05,5.81162324649299,2.9961282651988997e-10,2.9961282651988997e-10,2.9961282651988996e-11
0.09799599198396798,2.5438036072144355e-05,5.771901803607247e-05,7.014028056112243,2.126352568802807e-10,2.126352568802807e-10,2.126352568802807e-11
0.5112024048096165,1.642100200400801e-05,2.453633266533072e-05,0.26052104208416826,1.2238107659872235e-07,1.2238107659872235e-07,1.2238107659872236e-08
0.38915831663326467,8.639318637274509e-05,6.096515030060155e-05,3.8276553106212257,4.8548664036142015e-06,4.8548664036142015e-06,4.854866403614201e-07
0.0892785571142285,3.824222444889796e-05,5.988310621242519e-05,2.104208416833668,3.084972204036884e-09,3.084972204036884e-09,3.084972204036884e-10
0.41182364729458715,8.098296593186348e-05,4.698857715430862e-06,1.743486973947897,1.1885663094244174e-08,1.1885663094244174e-08,1.1885663094244174e-09
0.5983767535070107,7.106422845691388e-05,2.868416833667344e-05,2.1843687374749496,1.1282470858183015e-09,1.1282470858183015e-09,1.1282470858183015e-10
0.3752104208416816,8.062228456913804e-05,6.601468937875771e-05,7.034068136272563,4.824083001835878e-07,4.824083001835878e-07,4.824083001835878e-08
0.2095791583166327,6.502264529058114e-06,9.027034068136267e-06,4.128256513026035,7.826196594533893e-10,7.826196594533893e-10,7.826196594533893e-11
0.6140681362725416,7.268729458917836e-05,5.501390781563156e-05,3.887775551102187,1.3409964749099134e-07,1.3409964749099134e-07,1.3409964749099134e-08
0.3961322645290562,9.027034068136267e-06,1.9034068136272548e-07,4.328657314629244,7.572147997661637e-08,7.572147997661637e-08,7.572147997661637e-09
0.13983967935871738,1.696202404809619e-05,3.734052104208433e-05,6.573146292585183,2.6022531659854646e-07,2.6022531659854646e-07,2.6022531659854647e-08
0.5565330661322615,4.058665330661341e-05,4.834130260521067e-05,1.8436873747495004,1.647337980651232e-07,1.647337980651232e-07,1.647337980651232e-08
0.3647494989979943,8.765557114228413e-05,3.7068136272545095e-07,6.092184368737482,1.123992503055137e-06,1.123992503055137e-06,1.123992503055137e-07
0.5094589178356687,8.549148296593149e-05,6.240787575150331e-05,3.066132264529049,2.21743630462915e-07,2.21743630462915e-07,2.21743630462915e-08
0.7239078156312583,7.088388777555116e-05,8.585216432865693e-05,7.835671342685399,1.6578499612501935e-06,1.6578499612501935e-06,1.6578499612501935e-07
0.4711022044088152,8.585216432865693e-05,3.2832004008016155e-05,5.731462925851706,6.242938292164014e-06,6.242938292164014e-06,6.242938292164014e-07
0.24444889779559037,6.835911823647308e-05,7.232661322645292e-05,9.098196392785614,7.796684263812391e-07,7.796684263812391e-07,7.796684263812391e-08
0.6907815631262485,3.409438877755524e-05,4.022597194388796e-05,0.5210420841683369,4.3304753910871305e-06,4.3304753910871305e-06,4.330475391087131e-07
0.22004008016032,3.589779559118251e-05,6.276855711422875e-05,4.829659318637266,1.8050784373158387e-07,1.8050784373158387e-07,1.8050784373158388e-08
0.39961923847695197,4.8521643286573395e-05,1.2994529058116221e-05,2.424849699398795,1.1097838248702528e-08,1.1097838248702528e-08,1.1097838248702528e-09
0.13635270541082162,5.357118236472975e-05,8.567182364729421e-05,5.270541082164326,6.024703475757249e-08,6.024703475757249e-08,6.0247034757572495e-09
0.8215430861723397,1.76833867735471e-05,1.2814188376753496e-05,8.657314629258554,1.385987443518386e-09,1.385987443518386e-09,1.385987443518386e-10
0.7361122244488935,1.8404749498998006e-05,7.322831663326652e-05,9.91983967935877,6.38730101828493e-06,6.38730101828493e-06,6.38730101828493e-07
0.8197995991983918,6.511298597194411e-05,8.02616032064126e-05,5.531062124248497,3.6203424054044113e-09,3.6203424054044113e-09,3.6203424054044115e-10
0.6210420841683332,2.7061102204408897e-05,6.439162324649323e-05,8.396793587174383,3.606690212911828e-06,3.606690212911828e-06,3.6066902129118283e-07
0.3856713426853689,6.727707414829676e-05,8.152398797595164e-05,2.4849699398797562,1.8895255194070682e-07,1.8895255194070682e-07,1.8895255194070683e-08
0.7796993987975905,7.809751503005996e-05,5.59156112224452e-05,3.707414829659303,3.941853704763233e-10,3.941853704763233e-10,3.941853704763233e-11
0.7082164328657273,9.117034068136272e-07,1.696202404809619e-05,8.637274549098233,4.3030170116442404e-07,4.3030170116442404e-07,4.3030170116442404e-08
0.14158316633266527,4.076699398797614e-05,4.130801603206432e-05,0.9018036072144294,4.1262656596768024e-10,4.1262656596768024e-10,4.126265659676802e-11
0.5181763527054081,6.745741482965948e-05,4.311142284569159e-05,7.815631262525078,6.6861184670350125e-06,6.6861184670350125e-06,6.686118467035012e-07
0.563507014028053,6.619503006012043e-05,4.761993987975976e-05,5.611222444889781,4.152596154736201e-09,4.152596154736201e-09,4.1525961547362006e-10
0.8128256513026003,6.94411623246494e-05,3.1569619238477067e-05,6.993987975951922,4.017797442009687e-07,4.017797442009687e-07,4.017797442009687e-08
0.34905811623246336,1.2092825651302595e-05,4.0947334669338865e-05,9.93987975951909,8.350163368321142e-07,8.350163368321142e-07,8.350163368321142e-08
0.6227855711422811,1.5699639278557103e-05,7.521206412825644e-05,9.218436873747539,9.517053499680225e-08,9.517053499680225e-08,9.517053499680224e-09
0.847695390781558,4.888232464929885e-05,7.917955911823628e-05,3.346693386773535,1.6854312935433095e-07,1.6854312935433095e-07,1.6854312935433094e-08
0.6036072144288543,5.176777555110248e-05,1.9486793587174368e-05,2.5450901803607175,1.610105634618289e-07,1.610105634618289e-07,1.610105634618289e-08
0.6245290581162289,6.5834348697395e-05,2.6520080160320717e-05,9.45891783567139,1.5796716864117503e-10,1.5796716864117503e-10,1.5796716864117504e-11
0.7552905811623202,8.531114228456877e-05,3.9143927855711596e-05,2.3246492985971927,2.4297663907591406e-07,2.4297663907591406e-07,2.4297663907591408e-08
0.09625250501002008,1.4978276553106199e-05,2.0208156312625275e-05,6.913827655310638,2.2258298359511498e-10,2.2258298359511498e-10,2.22582983595115e-11
0.5582765531062094,8.486012024048091e-06,2.110985971943891e-05,6.432865731462937,6.754253945511699e-08,6.754253945511699e-08,6.754253945511699e-09
0.8738476953907762,4.1488356713427046e-05,8.603250501001965e-05,9.619238476953957,2.2773002891194118e-10,2.2773002891194118e-10,2.2773002891194117e-11
0.29849699398797475,2.8503827655310713e-05,8.729488977955869e-05,9.559118236472994,2.2831897564135424e-06,2.2831897564135424e-06,2.2831897564135425e-07
0.6890380761523006,1.6060320641282557e-05,1.9937474949899797e-06,3.10621242484969,2.445271197580611e-06,2.445271197580611e-06,2.445271197580611e-07
0.41008016032063926,4.92430060120243e-05,7.40396793587174e-06,2.6853707414829606,2.2033761375702947e-08,2.2033761375702947e-08,2.2033761375702947e-09
0.832004008016027,5.510220440881764e-07,4.473448897795613e-05,0.9819639278557121,1.7709591457061092e-10,1.7709591457061092e-10,1.7709591457061093e-11
0.7047294589178316,7.972058116232444e-05,4.7439599198397034e-05,0.9418837675350707,8.244606806538764e-09,8.244606806538764e-09,8.244606806538764e-10
0.8285170340681313,3.5717454909819785e-05,3.4635410821643424e-05,0.8416833667334674,1.1617029015291595e-08,1.1617029015291595e-08,1.1617029015291595e-09
0.1590180360721441,2.0749178356713456e-05,3.427472945891797e-05,5.631262525050102,3.0152471361080205e-09,3.0152471361080205e-09,3.0152471361080204e-10
0.8703607214428805,5.8440380761523374e-05,5.050539078156339e-05,1.2024048096192392,1.3807609303181489e-06,1.3807609303181489e-06,1.380760930318149e-07
0.7186773547094146,8.603250501001965e-05,4.338176352705412e-06,9.579158316633315,1.7354092455884483e-06,1.7354092455884483e-06,1.7354092455884483e-07
0.15030060120240468,3.355336673346706e-05,3.256132264529059e-06,8.877755511022084,2.09155575626162e-09,2.09155575626162e-09,2.09155575626162e-10
0.3769539078156295,2.5618376753507082e-05,7.809751503005996e-05,3.6472945891783417,4.935635886164836e-07,4.935635886164836e-07,4.935635886164836e-08
0.8843086172344635,8.675386773547053e-05,3.5176432865731605e-05,7.154308617234489,3.56109711472964e-08,3.56109711472964e-08,3.56109711472964e-09
0.20260521042084118,2.1290200400801637e-05,5.411220440881793e-05,7.294589178356735,5.948543650301397e-10,5.948543650301397e-10,5.948543650301398e-11
0.5914028056112192,6.457196392785595e-05,6.637537074148315e-05,0.7815631262525055,1.6265135577434376e-09,1.6265135577434376e-09,1.6265135577434377e-10
0.17122244488977928,8.783591182364685e-05,9.117034068136272e-07,3.987975951903789,5.252494743172759e-08,5.252494743172759e-08,5.252494743172759e-09
0.40310621242484773,8.3868416833667e-05,2.2552585170340725e-05,3.847695390781546,5.428718044671095e-10,5.428718044671095e-10,5.428718044671094e-11
0.5356112224448869,5.970276553106246e-05,5.0325050100200664e-05,8.897795591182405,3.104658005213131e-08,3.104658005213131e-08,3.104658005213131e-09
0.4693587174348673,3.8602905811623416e-05,5.916174348697428e-05,4.168336673346677,5.286011922698089e-07,5.286011922698089e-07,5.286011922698089e-08
0.6070941883767501,8.29667134268534e-05,3.535677354709433e-05,7.915831663326682,2.585752978734625e-08,2.585752978734625e-08,2.5857529787346247e-09
0.2531663326653298,6.8629458917835644e-06,6.330957915831691e-05,4.649298597194378,9.6140378706701e-10,9.6140378706701e-10,9.6140378706701e-11
0.4275150300601181,2.3814969939879813e-05,7.04328657314629e-06,9.759519038076203,2.4143598957465273e-08,2.4143598957465273e-08,2.414359895746527e-09
0.6663727454909781,5.3210501002004294e-05,8.837693386773501e-05,0.5811623246492988,3.034488008210854e-08,3.034488008210854e-08,3.034488008210854e-09
0.36823647294589007,2.5979058116232536e-05,1.8585090180360733e-05,8.496993987975987,5.589695363142939e-09,5.589695363142939e-09,5.589695363142939e-10
0.2514228456913819,5.339084168336702e-05,4.635755511022067e-05,4.4488977955911695,1.0428356694758392e-07,1.0428356694758392e-07,1.0428356694758392e-08
0.8982565130260466,8.044194388777532e-05,8.188466933867709e-05,2.384769539078154,1.2006784989695448e-10,1.2006784989695448e-10,1.2006784989695449e-11
0.7762124248496948,5.934208416833701e-05,4.202937875751523e-05,6.533066132264541,6.998915508640024e-06,6.998915508640024e-06,6.998915508640024e-07
0.5478156312625221,7.503172344689372e-05,5.014470941883794e-05,10.000000000000053,9.091715291807655e-08,9.091715291807655e-08,9.091715291807656e-09
0.5722244488977924,8.134364729458892e-05,2.9044849699398893e-05,8.036072144288607,7.649312638022242e-10,7.649312638022242e-10,7.649312638022242e-11
0.6437074148296557,3.319268537074161e-05,6.655571142284587e-05,8.076152304609248,6.5350020116956714e-06,6.5350020116956714e-06,6.535002011695672e-07
0.07881763527054111,6.76377555110222e-05,6.8629458917835644e-06,0.48096192384769554,6.559738570739111e-09,6.559738570739111e-09,6.559738570739111e-10
0.04569138276553107,3.553711422845706e-05,6.682605210420839e-06,4.428857715430849,2.306456802499146e-08,2.306456802499146e-08,2.306456802499146e-09
0.5600200400801573,8.999999999999949e-05,5.6095951903807925e-05,1.0621242484969946,1.3190516649849534e-06,1.3190516649849534e-06,1.3190516649849534e-07
0.07533066132264532,4.9062665330661576e-05,2.2011563126252544e-05,5.551102204408818,1.3720058967200789e-07,1.3720058967200789e-07,1.3720058967200789e-08
0.6349899799599162,3.3914048096192516e-05,2.8864509018036166e-05,1.9038076152304624,1.0669503720559728e-07,1.0669503720559728e-07,1.0669503720559728e-08
0.7012424849699358,4.202937875751523e-05,7.990092184368716e-05,8.476953907815666,2.3211747471134193e-07,2.3211747471134193e-07,2.3211747471134193e-08
0.07010020040080163,5.519424849699429e-05,6.871979959919852e-05,4.22845691382764,8.192329972794974e-10,8.192329972794974e-10,8.192329972794974e-11
0.031743486973947896,3.788154308617251e-05,6.565400801603227e-05,7.214428857715451,1.3240445937298617e-09,1.3240445937298617e-09,1.3240445937298618e-10
0.7866733466933821,4.581653306613249e-05,1.3355210420841672e-05,5.030060120240475,2.1399212336501777e-09,2.1399212336501777e-09,2.1399212336501776e-10
0.12066132264529064,2.9946553106212528e-05,5.519424849699429e-05,3.2264529058116125,3.7514832596144537e-07,3.7514832596144537e-07,3.7514832596144536e-08
0.5687374749498967,3.842256513026069e-05,8.765557114228413e-05,7.615230460921869,1.5187023416387875e-09,1.5187023416387875e-09,1.5187023416387876e-10
0.3560320641282549,8.666352705410816e-06,3.661915831663342e-05,6.392785571142295,6.226834689391767e-10,6.226834689391767e-10,6.226834689391767e-11
0.19388777555110176,1.119112224448897e-05,6.926082164328668e-05,5.37074148296593,3.525173523793985e-06,3.525173523793985e-06,3.525173523793985e-07
0.1991182364729454,1.9667134268537095e-05,6.0784809619238824e-05,6.613226452905825,3.0538516600204696e-07,3.0538516600204696e-07,3.05385166002047e-08
0.47458917835671094,1.1371462925851695e-05,6.49326452905814e-05,8.056112224448928,4.685154510161405e-08,4.685154510161405e-08,4.685154510161405e-09
0.3211623246492972,1.5158617234468924e-05,1.5519298597194376e-05,3.9478957915831483,5.408246526943056e-07,5.408246526943056e-07,5.4082465269430566e-08
0.33859719438877606,7.178559118236476e-05,6.5834348697395e-05,6.05210420841684,8.685386390868373e-08,8.685386390868373e-08,8.685386390868373e-09
0.14681362725450892,8.188466933867709e-05,1.984747494989982e-05,1.4428857715430872,3.1244694252741803e-07,3.1244694252741803e-07,3.12446942527418e-08
0.2740881763527044,6.222753507014059e-05,8.693420841683325e-05,5.571142284569139,1.5090726586614084e-10,1.5090726586614084e-10,1.5090726586614084e-11
0.4763326653306588,3.734052104208433e-05,2.2732925851703452e-05,7.1943887775551305,4.533068255355657e-06,4.533068255355657e-06,4.533068255355657e-07
0.5896593186372713,8.945897795591133e-05,3.373370741482979e-05,2.985971943887767,5.2191900870658066e-09,5.2191900870658066e-09,5.219190087065806e-10
0.5652505010020009,1.9486793587174368e-05,3.968494989979978e-05,4.028056112224431,5.7189523929331805e-09,5.7189523929331805e-09,5.71895239293318e-10
0.2810621242484959,3.7520861723447054e-05,4.18490380761525e-05,2.20440881763527,8.999999999996206e-06,8.999999999996206e-06,8.999999999996206e-07
0.24793587174348614,3.896358717434887e-05,1.3535551102204397e-05,8.416833667334704,7.620467330900357e-07,7.620467330900357e-07,7.620467330900357e-08
0.4187975951903787,3.048757515030071e-05,6.85394589178358e-05,9.198396793587218,3.789713079823497e-09,3.789713079823497e-09,3.789713079823497e-10
0.41356713426853503,6.565400801603227e-05,2.50773547094189e-05,7.094188376753526,3.283021814870707e-10,3.283021814870707e-10,3.283021814870707e-11
0.4798196392785546,1.8945771543086187e-05,8.422909819639245e-05,6.232464929859728,6.411478493438621e-09,6.411478493438621e-09,6.411478493438621e-10
0.8093386773547045,2.7602124248497078e-05,5.447288577154338e-05,3.246492985971933,5.166540006581435e-07,5.166540006581435e-07,5.166540006581435e-08
0.5303807615230433,8.440943887775517e-05,2.742178356713435e-05,5.691382765531064,1.583756973177416e-06,1.583756973177416e-06,1.583756973177416e-07
0.4344889779559096,7.413002004008012e-05,4.5636192384769765e-05,6.372745490981974,2.9659039599575217e-08,2.9659039599575217e-08,2.9659039599575215e-09
0.579198396793584,2.291326653306618e-05,8.666352705410816e-06,7.434869739478981,7.279891761183791e-07,7.279891761183791e-07,7.279891761183791e-08
0.07707414829659322,6.890014028056124e-05,2.2372244488977998e-05,0.3006012024048096,6.980861869485984e-10,6.980861869485984e-10,6.980861869485984e-11
0.25839679358717343,8.125330661322641e-06,3.553711422845706e-05,8.296593186372778,2.036574486575053e-06,2.036574486575053e-06,2.036574486575053e-07
0.7221643286573104,4.870198396793612e-05,8.440943887775517e-05,8.99799599198401,3.003876738033687e-06,3.003876738033687e-06,3.003876738033687e-07
0.35080160320641124,2.8864509018036166e-05,6.385060120240507e-05,2.6252505010019993,3.838233172077098e-07,3.838233172077098e-07,3.838233172077098e-08
0.12240480961923854,3.770120240480978e-05,4.3291763527054315e-05,9.799599198396844,2.935984551084556e-06,2.935984551084556e-06,2.9359845510845557e-07
0.44146292585170116,4.689857715430885e-05,6.475230460921867e-05,7.935871743487003,1.0534627781133267e-09,1.0534627781133267e-09,1.0534627781133268e-10
0.7849298597194342,7.521206412825644e-05,2.814314629258526e-05,0.4408817635270542,9.149731276311929e-07,9.149731276311929e-07,9.14973127631193e-08
0.3019839679358705,8.152398797595164e-05,5.5554929859719744e-05,4.509018036072132,1.4508281689963598e-09,1.4508281689963598e-09,1.4508281689963597e-10
0.043947895791583175,6.168651302605243e-05,3.4364729458917847e-06,7.17434869739481,5.19950869239506e-06,5.19950869239506e-06,5.199508692395061e-07
0.17470941883767505,6.709673346693404e-05,5.699765531062156e-05,6.4929859719439,1.0847010210530333e-08,1.0847010210530333e-08,1.0847010210530334e-09
0.1276352705410822,7.449070140280556e-05,1.930645290581164e-05,1.3827655310621252,2.984829963759814e-07,2.984829963759814e-07,2.984829963759814e-08
0.1694789579158314,7.223627254509015e-06,4.076699398797614e-05,5.190380761523042,1.0362233290459696e-08,1.0362233290459696e-08,1.0362233290459697e-09
0.8407214428857664,6.926082164328668e-05,2.1740881763527053e-06,4.769539078156304,2.6895598015305057e-09,2.6895598015305057e-09,2.689559801530506e-10
0.1380961923847695,8.477012024048061e-05,4.5095170340681584e-05,8.55711422845695,8.829883500823982e-09,8.829883500823982e-09,8.829883500823982e-10
0.6506813627254472,5.8981402805611555e-05,1.6240661322645284e-05,5.3106212424849675,1.2568499060793791e-10,1.2568499060793791e-10,1.2568499060793792e-11
0.3525450901803591,6.962150300601212e-05,1.1010781563126244e-05,6.693386773547108,3.249903388467101e-08,3.249903388467101e-08,3.249903388467101e-09
0.5268937875751475,7.944989979959916e-06,8.891795591182317e-05,5.791583166332669,4.447384955121195e-09,4.447384955121195e-09,4.447384955121195e-10
0.488537074148294,6.85394589178358e-05,1.7503046092184372e-05,7.955911823647324,3.0733388750178143e-06,3.0733388750178143e-06,3.073338875017814e-07
0.11717434869739485,4.5636192384769765e-05,5.1948116232465206e-05,0.8016032064128261,7.401005926166316e-08,7.401005926166316e-08,7.401005926166316e-09
0.7570340681362681,7.016252505010028e-05,3.319268537074161e-05,8.176352705410853,8.058266142308294e-09,8.058266142308294e-09,8.058266142308294e-10
0.8668737474949847,3.499609218436888e-05,4.518517034068137e-06,8.537074148296629,6.910440418427994e-08,6.910440418427994e-08,6.9104404184279935e-09
0.533867735470939,2.2732925851703452e-05,2.715110220440882e-06,6.893787575150317,3.5028213468441776e-07,3.5028213468441776e-07,3.502821346844178e-08
0.03523046092184369,4.65378957915834e-05,1.5699639278557103e-05,1.6432865731462938,5.049768337635864e-07,5.049768337635864e-07,5.049768337635864e-08
0.26885771543086073,4.18490380761525e-05,5.357118236472975e-05,1.6633266533066144,7.747247586409063e-08,7.747247586409063e-08,7.747247586409063e-09
0.5757114228456882,2.525769539078163e-05,1.2453507014028046e-05,6.813627254509034,2.706722400089829e-08,2.706722400089829e-08,2.706722400089829e-09
0.49202404809618977,6.240787575150331e-05,8.486012024048091e-06,6.352705410821653,4.4757645741875136e-08,4.4757645741875136e-08,4.475764574187514e-09
0.3734669338677337,8.846693386773542e-06,5.104641282565157e-05,1.5230460921843698,5.755446128467109e-08,5.755446128467109e-08,5.755446128467109e-09
0.7605210420841638,6.682605210420839e-06,4.888232464929885e-05,3.486973947895778,3.2088205242547684e-10,3.2088205242547684e-10,3.208820524254768e-11
0.5879158316633234,7.0342865731463e-05,2.895450901803608e-06,4.609218436873737,2.7343054928428164e-10,2.7343054928428164e-10,2.7343054928428164e-11
0.4606412825651279,6.67360521042086e-05,8.945897795591133e-05,8.717434869739517,2.3359866097639786e-06,2.3359866097639786e-06,2.3359866097639786e-07
0.7256513026052062,5.420220440881763e-06,2.9405531062124347e-05,4.709418837675341,4.058741160324506e-09,4.058741160324506e-09,4.0587411603245054e-10
0.8877955911823593,1.7322705410821645e-05,7.593342685370732e-05,5.711422845691385,1.7936329205584844e-08,1.7936329205584844e-08,1.7936329205584843e-09
0.7500601202404765,3.535677354709433e-05,4.780028056112249e-05,8.216432865731495,5.851198383420681e-09,5.851198383420681e-09,5.851198383420681e-10
0.46412825651302364,2.9405531062124347e-05,7.21462725450902e-05,2.3647294589178336,3.358938948266701e-10,3.358938948266701e-10,3.358938948266701e-11
0.5286372745490954,1.984747494989982e-05,6.76377555110222e-05,3.3266533066132147,1.4037323854718723e-07,1.4037323854718723e-07,1.4037323854718723e-08
0.6489378757514993,2.0388496993988002e-05,6.367026052104235e-05,9.298597194388822,2.5596684521755253e-06,2.5596684521755253e-06,2.5596684521755255e-07
0.8808216432865678,3.6979839679358873e-05,1.227316633266532e-05,1.2825651302605219,7.976976065901924e-07,7.976976065901924e-07,7.976976065901925e-08
0.6332464929859684,6.529332665330683e-05,1.4527254509018034e-06,6.212424849699407,2.104902375953338e-08,2.104902375953338e-08,2.104902375953338e-09
0.4501803607214406,5.4833567134268836e-05,5.420220440881763e-06,4.348697394789565,4.430614012294001e-06,4.430614012294001e-06,4.430614012294001e-07
0.5024849699398771,8.711454909819597e-05,6.998218436873756e-05,7.63527054108219,3.877347024901268e-09,3.877347024901268e-09,3.8773470249012675e-10
0.1781963927855708,7.376933867735468e-05,5.158743486973975e-05,6.653306613226467,5.133780366335107e-08,5.133780366335107e-08,5.1337803663351075e-09
0.519919839679356,4.004563126252523e-05,7.863853707414812e-05,3.026052104208408,9.034067171053278e-09,9.034067171053278e-09,9.034067171053277e-10
0.19563126252504964,1.6240661322645284e-05,5.39318637274552e-05,1.0821643286573153,1.2859135088694639e-10,1.2859135088694639e-10,1.2859135088694638e-11
0.6733466933867697,2.399531062124254e-05,8.963931863727405e-05,9.338677354709464,5.963927547384928e-06,5.963927547384928e-06,5.963927547384928e-07
0.13460921843687373,3.256132264529059e-06,5.8440380761523374e-05,0.8817635270541088,7.669094999101012e-06,7.669094999101012e-06,7.669094999101012e-07
0.6158116232464895,2.1740881763527053e-06,8.314705410821613e-05,1.4629258517034078,3.3676257082751576e-06,3.3676257082751576e-06,3.367625708275158e-07
0.6053507014028022,4.293108216432886e-05,5.465322645290611e-05,1.8236472945891797,1.1210931745753224e-10,1.1210931745753224e-10,1.1210931745753223e-11
0.06661322645290584,4.9603687374749756e-05,1.533895791583165e-05,9.879759519038128,3.3250546859543106e-08,3.3250546859543106e-08,3.3250546859543107e-09
0.6018637274549065,8.404875751502973e-05,1.6601342685370737e-05,7.494989979959944,5.926111887260628e-07,5.926111887260628e-07,5.9261118872606276e-08
0.18691382765531023,1.4797935871743473e-05,2.0749178356713456e-05,1.102204408817636,2.9470979608537566e-09,2.9470979608537566e-09,2.9470979608537566e-10
0.654168336673343,1.930645290581164e-05,5.3210501002004294e-05,3.206412825651292,5.3398794922546735e-09,5.3398794922546735e-09,5.339879492254674e-10
0.877334669338672,7.557274549098188e-05,8.368807615230429e-05,0.9218436873747501,9.89912212506906e-09,9.89912212506906e-09,9.899122125069062e-10
0.295010020040079,4.978402805611248e-05,8.657352705410781e-05,8.977955911823688,1.0296529156878686e-09,1.0296529156878686e-09,1.0296529156878686e-10
0.48330661322645035,3.6168136272545103e-06,3.24713226452907e-05,9.47895791583171,8.40344736732859e-06,8.40344736732859e-06,8.40344736732859e-07
0.8633867735470889,1.0650100200400794e-05,4.6177214428857945e-05,6.593186372745504,1.6162002728487966e-10,1.6162002728487966e-10,1.6162002728487966e-11
0.22352705410821577,1.4076573146292573e-05,6.619503006012043e-05,0.6412825651302608,3.7754221960716797e-06,3.7754221960716797e-06,3.7754221960716797e-07
0.7413426853707371,4.338176352705412e-06,4.004563126252523e-05,8.33667334669342,7.025408092178572e-09,7.025408092178572e-09,7.025408092178571e-10
0.03697394789579159,3.950460921843705e-05,4.527551102204431e-05,9.819639278557165,4.579262886226917e-08,4.579262886226917e-08,4.579262886226917e-09
0.4902805611222419,5.0866072144288845e-05,8.801625250500957e-05,8.376753507014062,1.0985885614816929e-06,1.0985885614816929e-06,1.0985885614816929e-07
0.6698597194388739,8.314705410821613e-05,6.727707414829676e-05,4.068136272545073,1.7642809168409121e-07,1.7642809168409121e-07,1.7642809168409122e-08
0.2636272545090171,8.224535070140253e-05,8.242569138276525e-05,4.188376753506998,2.38383935162554e-10,2.38383935162554e-10,2.3838393516255397e-11
0.4676152304609194,2.6159398797595263e-05,1.876543086172346e-05,2.605210420841679,1.5637362941303773e-08,1.5637362941303773e-08,1.5637362941303773e-09
0.7535470941883723,8.873761523046045e-05,3.8061883767535235e-05,0.7615230460921848,1.2601003234489512e-06,1.2601003234489512e-06,1.2601003234489513e-07
0.2706012024048086,5.1948116232465206e-05,4.599687374749522e-05,8.456913827655345,8.007170844585868e-10,8.007170844585868e-10,8.007170844585868e-11
0.6925250501001964,3.427472945891797e-05,7.449070140280556e-05,1.803607214428859,9.675386896043865e-09,9.675386896043865e-09,9.675386896043865e-10
0.4972545090180334,2.2552585170340725e-05,6.348991983967963e-05,5.4709418837675345,1.418037243845071e-09,1.418037243845071e-09,1.418037243845071e-10
0.7151903807615189,3.0757915831663335e-06,6.114549098196427e-05,1.3627254509018045,2.3299609534649055e-10,2.3299609534649055e-10,2.3299609534649055e-11
0.8999999999999945,6.601468937875771e-05,1.4978276553106199e-05,2.024048096192386,4.504325289063267e-07,4.504325289063267e-07,4.504325289063267e-08
0.2828056112224438,7.917955911823628e-05,1e-08,1.0020040080160326,4.2057622768873556e-07,4.2057622768873556e-07,4.2057622768873555e-08
0.6001202404809586,4.5095170340681584e-05,8.549148296593149e-05,9.058116232464972,2.5018160486855433e-06,2.5018160486855433e-06,2.5018160486855434e-07
0.78841683366733,8.657352705410781e-05,3.842256513026069e-05,2.4448897795591154,2.3990510891740275e-09,2.3990510891740275e-09,2.3990510891740275e-10
0.15378757515030045,3.5176432865731605e-05,2.5438036072144355e-05,3.2665330661322534,1.0257701283071679e-06,1.0257701283071679e-06,1.0257701283071679e-07
0.0910220440881764,5.411220440881793e-05,5.880106212424883e-05,2.2645290581162314,8.630314692361701e-09,8.630314692361701e-09,8.630314692361702e-10
0.21829659318637212,8.621284569138237e-05,3.878324649298614e-05,2.164328657314629,6.101838383410455e-06,6.101838383410455e-06,6.101838383410455e-07
0.23921843687374672,5.826004008016065e-05,8.134364729458892e-05,8.757515030060159,6.164019704290581e-08,6.164019704290581e-08,6.16401970429058e-09
0.8755911823647241,1.155180360721442e-05,1.0469759519038069e-05,1.863727454909821,5.186096606823377e-10,5.186096606823377e-10,5.186096606823377e-11
0.11194388777555116,2.922519038076162e-05,2.1290200400801637e-05,0.3406813627254509,2.070456586262503e-07,2.070456586262503e-07,2.070456586262503e-08
0.190400801603206,1.191248496993987e-05,5.059539078156312e-06,8.11623246492989,9.184365216369317e-10,9.184365216369317e-10,9.184365216369317e-11
0.038717434869739484,1.0920440881763526e-06,7.413002004008012e-05,8.57715430861727,1.2941191703766615e-09,1.2941191703766615e-09,1.2941191703766614e-10
0.35777555110220277,6.49326452905814e-05,7.250695390781564e-05,0.5010020040080162,8.976784581523771e-10,8.976784581523771e-10,8.976784581523771e-11
0.7692384769539032,3.6258476953907966e-05,8.981965931863677e-05,7.114228456913847,3.217119053711171e-06,3.217119053711171e-06,3.217119053711171e-07
0.3473146292585155,5.303016032064157e-05,8.458977955911789e-05,4.549098196392774,2.8153856230869715e-09,2.8153856230869715e-09,2.8153856230869716e-10
0.8006212424849651,5.9612424849699384e-06,8.531114228456877e-05,0.06012024048096192,3.196720167281389e-07,3.196720167281389e-07,3.196720167281389e-08
0.6768336673346654,1.3355210420841672e-05,7.286763527054108e-05,9.418837675350748,2.797534020263893e-10,2.797534020263893e-10,2.797534020263893e-11
0.5530460921843657,1.1010781563126244e-05,1.0650100200400794e-05,8.35671342685374,2.662428093802708e-07,2.662428093802708e-07,2.662428093802708e-08
0.42054108216432656,5.627629258517065e-05,6.204719438877787e-05,0.5410821643286575,6.601597524639142e-08,6.601597524639142e-08,6.601597524639142e-09
0.37869739478957737,4.780028056112249e-05,5.1407094188377025e-05,6.8537074148296755,1.3633063764347168e-08,1.3633063764347168e-08,1.3633063764347169e-09
0.7518036072144244,6.908048096192396e-05,6.457196392785595e-05,7.795591182364757,9.301953603195098e-08,9.301953603195098e-08,9.301953603195097e-09
0.8337474949899749,3.977494989979961e-06,4.581653306613249e-05,9.138276553106255,1.5538210629755687e-09,1.5538210629755687e-09,1.5538210629755687e-10
0.6750901803607176,4.834130260521067e-05,7.467104208416828e-05,1.2625250501002012,1.173541337152713e-10,1.173541337152713e-10,1.1735413371527131e-11
0.8738476953907762,3.193030060120252e-05,8.368807615230429e-05,0.04008016032064128,4.715051382504799e-07,4.715051382504799e-07,4.7150513825047986e-08
0.3368537074148282,1.1010781563126244e-05,3.373370741482979e-05,4.4488977955911695,6.643723588577598e-07,6.643723588577598e-07,6.643723588577598e-08
0.031743486973947896,7.521206412825644e-05,8.404875751502973e-05,8.276553106212457,2.1811489473271364e-06,2.1811489473271364e-06,2.1811489473271363e-07
0.4501803607214406,7.863853707414812e-05,1.8134068136272543e-06,7.8757515030060405,4.745139032542713e-06,4.745139032542713e-06,4.7451390325427135e-07
0.6733466933867697,2.2011563126252544e-05,7.052320641282572e-05,2.7254509018036015,7.826196594533893e-10,7.826196594533893e-10,7.826196594533893e-11
0.27757515030060015,3.030723446893798e-05,6.67360521042086e-05,1.3627254509018045,1.985410210702871e-10,1.985410210702871e-10,1.985410210702871e-11
0.3664929859719422,7.773683366733452e-05,1.0650100200400794e-05,5.791583166332669,4.136936850808543e-06,4.136936850808543e-06,4.136936850808543e-07
0.4554108216432842,2.7241442885771624e-05,3.5176432865731605e-05,7.955911823647324,1.7936329205584844e-08,1.7936329205584844e-08,1.7936329205584843e-09
0.13983967935871738,1.7503046092184372e-05,7.431036072144284e-05,8.517034068136308,3.144407265818321e-06,3.144407265818321e-06,3.144407265818321e-07
0.19214428857715388,2.9946553106212528e-05,7.683513026052092e-05,1.8236472945891797,5.568616805225718e-06,5.568616805225718e-06,5.568616805225718e-07
0.5983767535070107,5.1948116232465206e-05,6.709673346693404e-05,1.7034068136272558,4.248621467388963e-09,4.248621467388963e-09,4.2486214673889635e-10
0.14507014028056103,5.9612424849699384e-06,1.696202404809619e-05,1.4028056112224458,1.610105634618289e-07,1.610105634618289e-07,1.610105634618289e-08
0.6367334669338641,3.968494989979978e-05,7.944989979959916e-06,5.390781563126251,4.935635886164836e-07,4.935635886164836e-07,4.935635886164836e-08
0.7849298597194342,2.633973947895799e-05,7.0342865731463e-05,5.210420841683363,7.926396206684818e-08,7.926396206684818e-08,7.926396206684819e-09
0.3978757515030041,3.084825651302616e-05,2.7061102204408897e-05,7.094188376753526,1.2083402594795315e-09,1.2083402594795315e-09,1.2083402594795315e-10
0.46412825651302364,5.970276553106246e-05,3.409438877755524e-05,9.098196392785614,8.79658629969176e-06,8.79658629969176e-06,8.796586299691759e-07
0.3560320641282549,6.06044689378761e-05,5.0866072144288845e-05,2.0040080160320657,1.5897518753683175e-09,1.5897518753683175e-09,1.5897518753683174e-10
0.5234068136272517,7.584308617234465e-06,8.20650100200398e-05,2.985971943887767,2.131851660850342e-06,2.131851660850342e-06,2.1318516608503423e-07
0.12240480961923854,8.495046092184333e-05,6.727707414829676e-05,3.667334669338662,9.737127401351965e-08,9.737127401351965e-08,9.737127401351965e-09
0.46238476953907576,8.513080160320605e-05,2.1470541082164364e-05,7.354709418837698,1.512975364909728e-06,1.512975364909728e-06,1.512975364909728e-07
0.4065931863727435,4.4373807615230676e-05,3.048757515030071e-05,8.216432865731495,4.3746054815511335e-08,4.3746054815511335e-08,4.374605481551134e-09
0.12414829659318644,2.3273947895791633e-05,1.4527254509018034e-06,3.0861723446893694,3.0733388750178143e-06,3.0733388750178143e-06,3.073338875017814e-07
0.6175551102204374,1.6330661322645289e-06,2.5979058116232536e-05,8.597194388777591,1.9015829452872134e-06,1.9015829452872134e-06,1.9015829452872134e-07
0.5024849699398771,6.204719438877787e-05,6.439162324649323e-05,8.877755511022084,8.630314692361701e-09,8.630314692361701e-09,8.630314692361702e-10
0.043947895791583175,2.742178356713435e-05,5.465322645290611e-05,0.0,2.036574486575053e-06,2.036574486575053e-06,2.036574486575053e-07
0.7151903807615189,8.314705410821613e-05,1.5158617234468924e-05,7.755511022044115,4.5502270122077455e-09,4.5502270122077455e-09,4.5502270122077453e-10
0.3211623246492972,2.1831222444889817e-05,5.807969939879792e-05,3.847695390781546,9.034067171053278e-09,9.034067171053278e-09,9.034067171053277e-10
0.3351102204408803,7.791717434869724e-05,5.014470941883794e-05,6.452905811623258,2.9659039599575217e-08,2.9659039599575217e-08,2.9659039599575215e-09
0.295010020040079,3.0757915831663335e-06,1.227316633266532e-05,7.775551102204436,1.7755391328152799e-06,1.7755391328152799e-06,1.7755391328152798e-07
0.8703607214428805,7.719581162324636e-05,7.791717434869724e-05,6.613226452905825,1.173541337152713e-10,1.173541337152713e-10,1.1735413371527131e-11
0.15030060120240468,5.4292545090180656e-05,5.6095951903807925e-05,9.47895791583171,3.217119053711171e-06,3.217119053711171e-06,3.217119053711171e-07
0.6559118236472908,1.6601342685370737e-05,7.75564929859718e-05,0.7414829659318641,1.741978188213289e-09,1.741978188213289e-09,1.741978188213289e-10
0.8442084168336622,7.881887775551084e-05,5.39318637274552e-05,0.9018036072144294,1.2362821172677301e-09,1.2362821172677301e-09,1.23628211726773e-10
0.26711422845691285,6.276855711422875e-05,3.535677354709433e-05,9.659318637274598,1.8586042760275588e-06,1.8586042760275588e-06,1.8586042760275588e-07
0.5251503006011996,8.350773547094157e-05,2.2011563126252544e-05,3.887775551102187,1.8966778293055573e-10,1.8966778293055573e-10,1.896677829305557e-11
0.34034068136272394,7.04328657314629e-06,1.4978276553106199e-05,6.112224448897803,1.7642809168409121e-07,1.7642809168409121e-07,1.7642809168409122e-08
0.7029859719438837,4.130801603206432e-05,6.096515030060155e-05,0.4609218436873749,3.877347024901268e-09,3.877347024901268e-09,3.8773470249012675e-10
0.22701402805611154,5.284981963927884e-05,2.7602124248497078e-05,2.244488977955911,2.21743630462915e-07,2.21743630462915e-07,2.21743630462915e-08
0.2113226452905806,8.945897795591133e-05,3.977494989979961e-06,5.37074148296593,1.9529198570650123e-09,1.9529198570650123e-09,1.9529198570650122e-10
0.4257715430861702,8.621284569138237e-05,6.502264529058114e-06,8.316633266533099,7.448233168919441e-07,7.448233168919441e-07,7.448233168919442e-08
0.8843086172344635,6.817877755511036e-05,1.8044068136272553e-05,7.915831663326682,2.4545271389327164e-09,2.4545271389327164e-09,2.4545271389327164e-10
0.7047294589178316,7.75564929859718e-05,8.747523046092141e-05,4.949899799599192,9.577783649123128e-07,9.577783649123128e-07,9.577783649123128e-08
0.24793587174348614,2.922519038076162e-05,4.816096192384794e-05,6.813627254509034,7.1422884610987e-10,7.1422884610987e-10,7.1422884610987e-11
0.6820641282565091,4.996436873747521e-05,1.3355210420841672e-05,4.68937875751502,3.7754221960716797e-06,3.7754221960716797e-06,3.7754221960716797e-07
0.44320641282564904,4.816096192384794e-05,6.511298597194411e-05,9.899799599198449,1.0737587876591105e-06,1.0737587876591105e-06,1.0737587876591106e-07
0.31767535070140146,8.873761523046045e-05,8.513080160320605e-05,1.2024048096192392,3.941853704763233e-10,3.941853704763233e-10,3.941853704763233e-11
0.45192384769538846,8.440943887775517e-05,2.354428857715431e-06,0.5811623246492988,7.698124373677404e-09,7.698124373677404e-09,7.698124373677404e-10
0.6925250501001964,6.258821643286603e-05,6.222753507014059e-05,8.156312625250532,2.7343054928428164e-10,2.7343054928428164e-10,2.7343054928428164e-11
0.11543086172344695,3.373370741482979e-05,7.223627254509015e-06,2.284569138276552,3.606690212911828e-06,3.606690212911828e-06,3.6066902129118283e-07
0.5914028056112192,6.294889779559147e-05,2.3273947895791633e-05,5.731462925851706,6.024703475757249e-08,6.024703475757249e-08,6.0247034757572495e-09
0.6994989979959879,8.549148296593149e-05,7.611376753507004e-05,6.352705410821653,1.6961863549009102e-06,1.6961863549009102e-06,1.6961863549009102e-07
0.4449498997995969,1.2453507014028046e-05,5.059539078156312e-06,3.787575150300585,1.5033819951510772e-07,1.5033819951510772e-07,1.503381995151077e-08
0.6907815631262485,4.1488356713427046e-05,1.9126112224448914e-05,2.605210420841679,8.942933421233391e-07,8.942933421233391e-07,8.942933421233391e-08
0.8651302605210368,7.611376753507004e-05,6.204719438877787e-05,4.729458917835662,7.572147997661637e-08,7.572147997661637e-08,7.572147997661637e-09
0.8215430861723397,4.8521643286573395e-05,7.954024048096172e-05,7.85571142284572,2.706722400089829e-08,2.706722400089829e-08,2.706722400089829e-09
0.21480961923847636,7.9359899799599e-05,7.413002004008012e-05,6.653306613226467,8.40344736732859e-06,8.40344736732859e-06,8.40344736732859e-07
0.8232865731462876,2.50773547094189e-05,5.699765531062156e-05,3.286573146292574,1.9332192165558978e-07,1.9332192165558978e-07,1.9332192165558978e-08
0.11717434869739485,6.141583166332664e-06,8.927863727454861e-05,3.7675350701402643,1.2568499060793791e-10,1.2568499060793791e-10,1.2568499060793792e-11
0.5948897795591149,8.981965931863677e-05,9.928737474949893e-06,3.9679358717434687,4.3304753910871305e-06,4.3304753910871305e-06,4.330475391087131e-07
0.15204408817635257,9.928737474949893e-06,8.02616032064126e-05,2.3246492985971927,3.789713079823497e-09,3.789713079823497e-09,3.789713079823497e-10
0.593146292585167,1.6240661322645284e-05,4.2209719438877954e-05,3.166332665330651,4.763100528443976e-09,4.763100528443976e-09,4.763100528443976e-10
0.579198396793584,2.2552585170340725e-05,1.9486793587174368e-05,2.1442885771543088,2.083668568091013e-06,2.083668568091013e-06,2.0836685680910129e-07
0.7413426853707371,7.557274549098188e-05,5.0325050100200664e-05,6.432865731462937,2.3748499716013735e-07,2.3748499716013735e-07,2.3748499716013734e-08
0.2008617234468933,6.186685370741515e-05,7.340865731462924e-05,3.927855711422828,1.920961193590632e-08,1.920961193590632e-08,1.920961193590632e-09
0.8930260521042029,1.2633847695390771e-05,5.7177995991984286e-05,8.376753507014062,1.9980794952461943e-09,1.9980794952461943e-09,1.9980794952461943e-10
0.15378757515030045,2.2372244488977998e-05,6.240787575150331e-05,6.312625250501012,1.3633063764347168e-08,1.3633063764347168e-08,1.3633063764347169e-09
0.39090180360721255,1.8044068136272553e-05,2.715110220440882e-06,1.2625250501002012,2.2773002891194118e-10,2.2773002891194118e-10,2.2773002891194117e-11
0.8407214428857664,4.545585170340704e-05,2.4897014028056175e-05,4.028056112224431,1.0709890365931138e-10,1.0709890365931138e-10,1.0709890365931137e-11
0.22875751503005942,3.2290981963927974e-05,3.44550701402807e-05,0.48096192384769554,6.823083764576323e-10,6.823083764576323e-10,6.823083764576324e-11
0.5303807615230433,4.022597194388796e-05,6.817877755511036e-05,5.3106212424849675,1.4416288578877648e-10,1.4416288578877648e-10,1.4416288578877648e-11
0.7866733466933821,8.783591182364685e-05,5.420220440881763e-06,6.8537074148296755,1.6368926536932457e-08,1.6368926536932457e-08,1.6368926536932458e-09
0.061382765531062145,2.056883767535073e-05,1.587997995991983e-05,4.128256513026035,1.24417107131614e-08,1.24417107131614e-08,1.24417107131614e-09
0.8546693386773495,7.340865731462924e-05,4.599687374749522e-05,9.559118236472994,4.504325289063267e-07,4.504325289063267e-07,4.504325289063267e-08
0.12066132264529064,4.834130260521067e-05,4.022597194388796e-05,3.0060120240480876,3.967007431657834e-09,3.967007431657834e-09,3.967007431657834e-10
0.28803607214428745,2.715110220440882e-06,7.4851382765531e-05,9.198396793587218,3.0152471361080205e-09,3.0152471361080205e-09,3.0152471361080204e-10
0.8999999999999945,7.160525050100204e-05,3.2832004008016155e-05,1.4228456913827665,1.2521103662981536e-07,1.2521103662981536e-07,1.2521103662981537e-08
0.6506813627254472,3.932426853707432e-05,3.265166332665343e-05,8.697394789579196,3.249903388467101e-08,3.249903388467101e-08,3.249903388467101e-09
0.3263927855711409,3.301234468937888e-05,5.645663326653338e-05,1.1422845691382773,1.3240445937298617e-09,1.3240445937298617e-09,1.3240445937298618e-10
0.056152304609218454,8.963931863727405e-05,2.9405531062124347e-05,8.016032064128286,7.796684263812391e-07,7.796684263812391e-07,7.796684263812391e-08
0.30895791583166204,8.11633066132262e-05,8.945897795591133e-05,8.056112224448928,8.297217228816601e-08,8.297217228816601e-08,8.297217228816601e-09
0.8006212424849651,2.6700420841683444e-05,9.027034068136267e-06,9.218436873747539,2.3990510891740275e-09,2.3990510891740275e-09,2.3990510891740275e-10
0.28977955911823533,6.042412825651337e-05,2.4716673346693448e-05,5.350701402805609,2.8696268309097724e-06,2.8696268309097724e-06,2.8696268309097723e-07
0.7064729458917794,7.070354709418844e-05,1.191248496993987e-05,6.553106212424862,2.2831897564135424e-06,2.2831897564135424e-06,2.2831897564135425e-07
0.772725450901799,3.661915831663342e-05,6.619503006012043e-05,6.633266533066146,1.3324935770259004e-08,1.3324935770259004e-08,1.3324935770259003e-09
0.7169338677354667,2.7061102204408897e-05,3.8061883767535235e-05,4.569138276553095,1.1097838248702528e-08,1.1097838248702528e-08,1.1097838248702528e-09
0.354288577154307,4.166869739478977e-05,4.058665330661341e-05,7.454909819639302,4.1107056471825913e-07,4.1107056471825913e-07,4.1107056471825916e-08
0.8197995991983918,2.0388496993988002e-05,5.59156112224452e-05,3.6873747494989826,1.4508281689963598e-09,1.4508281689963598e-09,1.4508281689963597e-10
0.8302605210420791,4.870198396793612e-05,8.098296593186348e-05,2.785571142284563,7.16075957555727e-06,7.16075957555727e-06,7.16075957555727e-07
0.3455711422845676,8.819659318637229e-05,8.350773547094157e-05,4.168336673346677,1.3409964749099134e-07,1.3409964749099134e-07,1.3409964749099134e-08
0.17645290581162293,7.809751503005996e-05,1.4076573146292573e-05,5.410821643286572,3.7276961135130846e-08,3.7276961135130846e-08,3.727696113513085e-09
0.4972545090180334,6.890014028056124e-05,5.2669478957916114e-05,6.713426853707429,3.9520479767190895e-06,3.9520479767190895e-06,3.9520479767190897e-07
0.847695390781558,6.871979959919852e-05,4.0406312625250685e-05,1.5631262525050111,5.37395429067653e-08,5.37395429067653e-08,5.37395429067653e-09
0.2706012024048086,2.7602124248497078e-05,8.188466933867709e-05,9.67935871743492,3.643444506839694e-08,3.643444506839694e-08,3.6434445068396936e-09
0.09973947895791588,5.771901803607247e-05,6.76377555110222e-05,8.256513026052136,4.732898989392676e-10,4.732898989392676e-10,4.7328989893926764e-11
0.8093386773547045,2.97662124248498e-05,5.303016032064157e-05,2.9058116232464855,3.992321669323289e-08,3.992321669323289e-08,3.992321669323289e-09
0.727394789579154,2.0929519038076183e-05,7.467104208416828e-05,7.735470941883794,1.4787798185268515e-06,1.4787798185268515e-06,1.4787798185268515e-07
0.8511823647294537,1.76833867735471e-05,2.3634629258517086e-05,3.5470941883767395,4.232600055156151e-06,4.232600055156151e-06,4.232600055156151e-07
0.4763326653306588,6.49326452905814e-05,8.152398797595164e-05,5.511022044088176,7.495761777794998e-06,7.495761777794998e-06,7.495761777794998e-07
0.6280160320641247,5.537458917835702e-05,3.824222444889796e-05,5.871743486973952,1.4453571435466035e-06,1.4453571435466035e-06,1.4453571435466036e-07
0.3141883767535057,2.9585871743487074e-05,2.9044849699398893e-05,2.3046092184368723,1.4843773568639093e-09,1.4843773568639093e-09,1.4843773568639093e-10
0.03523046092184369,1.5699639278557103e-05,5.681731462925883e-05,4.549098196392774,2.8047688962243757e-06,2.8047688962243757e-06,2.804768896224376e-07
0.1485571142284568,6.502264529058114e-06,8.224535070140253e-05,3.2665330661322534,2.3597916868286672e-08,2.3597916868286672e-08,2.3597916868286673e-09
0.8633867735470889,8.927863727454861e-05,3.770120240480978e-05,6.793587174348713,5.986502451821476e-09,5.986502451821476e-09,5.986502451821476e-10
0.06661322645290584,3.643881763527069e-05,1.0830440881763519e-05,6.973947895791601,4.1262656596768024e-10,4.1262656596768024e-10,4.126265659676802e-11
0.6332464929859684,5.0866072144288845e-05,1.1010781563126244e-05,1.1222444889779566,8.244606806538764e-09,8.244606806538764e-09,8.244606806538764e-10
0.2322444889779552,6.691639278557132e-05,2.4355991983967994e-05,6.95390781563128,1.1168655689768682e-07,1.1168655689768682e-07,1.1168655689768682e-08
0.713446893787571,5.420220440881763e-06,6.403094188376779e-05,7.595190380761548,3.8138959681188295e-08,3.8138959681188295e-08,3.81389596811883e-09
0.24619238476953825,4.581653306613249e-05,2.165088176352709e-05,0.2805611222444889,3.3250546859543106e-08,3.3250546859543106e-08,3.3250546859543107e-09
0.6611422845691345,5.303016032064157e-05,6.85394589178358e-05,0.5010020040080162,1.2160509111574433e-08,1.2160509111574433e-08,1.2160509111574433e-09
0.26885771543086073,1.3174869739478947e-05,1.6781683366733464e-05,9.338677354709464,1.2601003234489512e-06,1.2601003234489512e-06,1.2601003234489513e-07
0.4048496993987956,1.696202404809619e-05,9.207374749498992e-06,9.038076152304651,8.740809512478927e-07,8.740809512478927e-07,8.740809512478927e-08
0.18691382765531023,1.6781683366733464e-05,2.8503827655310713e-05,5.050100200400796,1.0231241635532605e-10,1.0231241635532605e-10,1.0231241635532606e-11
0.4711022044088152,6.367026052104235e-05,4.581653306613249e-05,1.102204408817636,1.418037243845071e-09,1.418037243845071e-09,1.418037243845071e-10
0.3124448897795578,8.603250501001965e-05,5.988310621242519e-05,6.6733466933867875,3.445499235939485e-06,3.445499235939485e-06,3.445499235939485e-07
0.6663727454909781,3.977494989979961e-06,4.527551102204431e-05,0.7214428857715435,6.601597524639142e-08,6.601597524639142e-08,6.601597524639142e-09
0.6437074148296557,1.5519298597194376e-05,5.627629258517065e-05,0.9418837675350707,2.010829624931726e-08,2.010829624931726e-08,2.0108296249317262e-09
0.7448296593186329,5.600561122244488e-06,3.301234468937888e-05,0.8016032064128261,9.517053499680225e-08,9.517053499680225e-08,9.517053499680224e-09
0.8895390781563072,3.481575150300615e-05,4.689857715430885e-05,8.977955911823688,8.976784581523771e-10,8.976784581523771e-10,8.976784581523771e-11
0.2305010020040073,8.20650100200398e-05,2.688076152304617e-05,8.937875751503046,5.4633597389882735e-09,5.4633597389882735e-09,5.463359738988273e-10
0.8128256513026003,5.510220440881764e-07,7.990092184368716e-05,5.490981963927855,5.166540006581435e-07,5.166540006581435e-07,5.166540006581435e-08
0.8110821643286524,5.447288577154338e-05,3.1569619238477067e-05,8.11623246492989,1.811911094637567e-10,1.811911094637567e-10,1.811911094637567e-11
0.4466933867735448,6.0063446893787916e-05,4.942334669338703e-05,6.593186372745504,4.824083001835878e-07,4.824083001835878e-07,4.824083001835878e-08
0.7012424849699358,8.422909819639245e-05,1.2453507014028046e-05,4.328657314629244,1.1543368559592538e-09,1.1543368559592538e-09,1.1543368559592538e-10
0.533867735470939,3.256132264529059e-06,2.8864509018036166e-05,7.895791583166361,3.3676257082751576e-06,3.3676257082751576e-06,3.367625708275158e-07
0.7622645290581117,5.573527054108247e-05,3.1028597194388886e-05,5.691382765531064,1.1885663094244174e-08,1.1885663094244174e-08,1.1885663094244174e-09
0.44146292585170116,5.780901803607213e-06,3.24713226452907e-05,6.27254509018037,3.5838211605664624e-07,3.5838211605664624e-07,3.5838211605664626e-08
0.30024048096192263,7.250695390781564e-05,4.9062665330661576e-05,6.5130260521042205,6.754253945511699e-08,6.754253945511699e-08,6.754253945511699e-09
0.3107014028056099,5.699765531062156e-05,7.12445691382766e-05,2.845691382765524,6.6861184670350125e-06,6.6861184670350125e-06,6.686118467035012e-07
0.6315030060120205,6.998218436873756e-05,1.1371462925851695e-05,7.274549098196414,1.302377193788689e-08,1.302377193788689e-08,1.302377193788689e-09
0.7971342685370694,3.5176432865731605e-05,4.347210420841704e-05,7.795591182364757,7.876137060747666e-09,7.876137060747666e-09,7.876137060747665e-10
0.23573146292585095,8.368807615230429e-05,5.771901803607247e-05,8.076152304609248,4.4757645741875136e-08,4.4757645741875136e-08,4.475764574187514e-09
0.861643286573141,3.1028597194388886e-05,8.3868416833667e-05,4.288577154308602,1.0957547622390422e-10,1.0957547622390422e-10,1.0957547622390422e-11
0.4344889779559096,5.6095951903807925e-05,2.1290200400801637e-05,9.318637274549143,5.286011922698089e-07,5.286011922698089e-07,5.286011922698089e-08
0.3420841683366718,5.12267535070143e-05,6.385060120240507e-05,7.474949899799623,6.866623174825301e-09,6.866623174825301e-09,6.866623174825301e-10
0.6750901803607176,1.4437254509018023e-05,8.314705410821613e-05,3.987975951903789,1.460086182679067e-08,1.460086182679067e-08,1.460086182679067e-09
0.6716032064128218,3.409438877755524e-05,8.170432865731437e-05,6.933867735470959,2.4701899488522036e-08,2.4701899488522036e-08,2.4701899488522035e-09
0.5896593186372713,4.18490380761525e-05,1.9667134268537095e-05,1.2825651302605219,1.0778232236916957e-09,1.0778232236916957e-09,1.0778232236916957e-10
0.45366733466933634,7.12445691382766e-05,1.3174869739478947e-05,5.010020040080154,1.0669503720559728e-07,1.0669503720559728e-07,1.0669503720559728e-08
0.8721042084168283,1.9937474949899797e-06,1.822440881763528e-05,1.162324649298598,2.268712664406333e-07,2.268712664406333e-07,2.268712664406333e-08
0.19737474949899753,7.944989979959916e-06,4.0947334669338865e-05,2.885771543086165,4.346867285076761e-09,4.346867285076761e-09,4.346867285076761e-10
0.24967935871743402,8.486012024048091e-06,1.5699639278557103e-05,5.1503006012024,1.2006784989695448e-10,1.2006784989695448e-10,1.2006784989695449e-11
0.877334669338672,4.058665330661341e-05,3.030723446893798e-05,9.879759519038128,2.880489060700734e-09,2.880489060700734e-09,2.880489060700734e-10
0.27931863727454803,5.230879759519066e-05,8.567182364729421e-05,3.386773547094176,9.301953603195098e-08,9.301953603195098e-08,9.301953603195097e-09
0.7953907815631215,5.1407094188377025e-05,1.6330661322645289e-06,0.3406813627254509,1.123992503055137e-06,1.123992503055137e-06,1.123992503055137e-07
0.05789579158316635,3.553711422845706e-05,5.9522424849699736e-05,8.637274549098233,4.685154510161405e-08,4.685154510161405e-08,4.685154510161405e-09
0.8389779559118186,2.6520080160320717e-05,8.125330661322641e-06,9.759519038076203,1.0192659958827687e-07,1.0192659958827687e-07,1.0192659958827687e-08
0.30721442885771416,2.3814969939879813e-05,6.421128256513051e-05,3.066132264529049,2.6794175597149314e-06,2.6794175597149314e-06,2.679417559714931e-07
0.8982565130260466,1.0650100200400794e-05,2.5438036072144355e-05,5.070140280561117,6.5350020116956714e-06,6.5350020116956714e-06,6.535002011695672e-07
0.1276352705410822,7.376933867735468e-05,7.016252505010028e-05,5.330661322645288,2.4143598957465273e-08,2.4143598957465273e-08,2.414359895746527e-09
0.15727454909819621,5.501390781563156e-05,4.92430060120243e-05,9.619238476953957,2.618858644105754e-06,2.618858644105754e-06,2.618858644105754e-07
0.5565330661322615,4.5095170340681584e-05,3.0757915831663335e-06,1.1823647294589186,1.908780895451251e-09,1.908780895451251e-09,1.908780895451251e-10
0.3525450901803591,6.980184368737484e-05,2.6520080160320717e-05,9.438877755511069,1.647337980651232e-07,1.647337980651232e-07,1.647337980651232e-08
0.654168336673343,3.896358717434887e-05,3.932426853707432e-05,9.45891783567139,8.773895585016613e-10,8.773895585016613e-10,8.773895585016612e-11
0.7465731462925808,2.579871743486981e-05,9.568056112224443e-06,8.7975951903808,1.990544802990605e-06,1.990544802990605e-06,1.990544802990605e-07
0.48330661322645035,3.797154308617236e-06,2.97662124248498e-05,4.488977955911811,3.003876738033687e-06,3.003876738033687e-06,3.003876738033687e-07
0.7657515030060075,7.413002004008012e-05,1.0469759519038069e-05,0.4408817635270542,1.5796716864117503e-10,1.5796716864117503e-10,1.5796716864117504e-11
0.2740881763527044,5.826004008016065e-05,3.120893787575161e-05,2.66533066132264,1.547961654699955e-06,1.547961654699955e-06,1.547961654699955e-07
0.5112024048096165,4.725925851703431e-05,5.880106212424883e-05,4.749498997995983,2.2315861923191555e-06,2.2315861923191555e-06,2.2315861923191554e-07
0.07184368737474953,6.727707414829676e-05,7.701547094188364e-05,0.08016032064128256,9.361311158813752e-07,9.361311158813752e-07,9.361311158813752e-08
0.08230460921843691,7.503172344689372e-05,3.211064128256525e-05,6.833667334669355,9.836354454798719e-10,9.836354454798719e-10,9.836354454798719e-11
0.45889779559118,2.4355991983967994e-05,5.8981402805611555e-05,0.24048096192384763,1.7309327731598611e-10,1.7309327731598611e-10,1.7309327731598612e-11
0.13286573146292585,9.748396793587168e-06,5.176777555110248e-05,0.5210420841683369,2.0236611156478834e-07,2.0236611156478834e-07,2.0236611156478835e-08
0.11020040080160326,1.3896232464929847e-05,7.40396793587174e-06,3.486973947895778,4.1790946697504914e-08,4.1790946697504914e-08,4.1790946697504915e-09
0.10148296593186378,8.188466933867709e-05,2.2372244488977998e-05,4.148296593186356,2.7413768495932584e-06,2.7413768495932584e-06,2.7413768495932586e-07
0.6576553106212387,5.014470941883794e-05,3.2290981963927974e-05,9.358717434869785,1.9455554603241263e-06,1.9455554603241263e-06,1.9455554603241262e-07
0.3333667334669324,2.453633266533072e-05,6.49326452905814e-05,8.717434869739517,3.401943794335867e-08,3.401943794335867e-08,3.401943794335867e-09
0.48505010020039824,1.0109078156312618e-05,2.9946553106212528e-05,8.236472945891816,2.8153856230869715e-09,2.8153856230869715e-09,2.8153856230869716e-10
0.6628857715430824,3.7520861723447054e-05,1.119112224448897e-05,3.7274549098196235,1.2238107659872235e-07,1.2238107659872235e-07,1.2238107659872236e-08
0.08056112224448901,6.511298597194411e-05,7.57530861723446e-05,0.3006012024048096,2.044283412286684e-09,2.044283412286684e-09,2.0442834122866842e-10
0.7256513026052062,6.85394589178358e-05,4.8521643286573395e-05,0.1002004008016032,6.8407293640032075e-06,6.8407293640032075e-06,6.840729364003207e-07
0.4658717434869715,4.338176352705412e-06,2.922519038076162e-05,8.817635270541121,6.980861869485984e-10,6.980861869485984e-10,6.980861869485984e-11
0.17296593186372716,8.080262525050076e-05,8.305671342685366e-06,4.809619238476945,2.126352568802807e-10,2.126352568802807e-10,2.126352568802807e-11
0.39961923847695197,6.637537074148315e-05,8.891795591182317e-05,1.8436873747495004,7.476426528190401e-10,7.476426528190401e-10,7.476426528190401e-11
0.6855511022044048,4.004563126252523e-05,4.257040080160341e-05,7.5350701402805855,2.3900043461863924e-06,2.3900043461863924e-06,2.3900043461863924e-07
0.19388777555110176,2.8864509018036166e-05,4.761993987975976e-05,8.737474949899838,5.408246526943056e-07,5.408246526943056e-07,5.4082465269430566e-08
0.03,1.533895791583165e-05,5.1948116232465206e-05,0.7615230460921848,3.6805733486334386e-10,3.6805733486334386e-10,3.6805733486334384e-11
0.1991182364729454,6.222753507014059e-05,7.917955911823628e-05,1.5430861723446905,5.829133706189185e-06,5.829133706189185e-06,5.829133706189185e-07
0.8494388777555059,6.926082164328668e-05,3.6258476953907966e-05,3.3266533066132147,2.527311025237083e-08,2.527311025237083e-08,2.5273110252370827e-09
0.33859719438877606,8.837693386773501e-05,4.2750741482966134e-05,9.839679358717486,1.142692151060895e-07,1.142692151060895e-07,1.142692151060895e-08
0.0892785571142285,7.701547094188364e-05,3.797154308617236e-06,5.430861723446893,1.4037323854718723e-07,1.4037323854718723e-07,1.4037323854718723e-08
0.7814428857715384,7.629410821643276e-05,3.6168136272545103e-06,0.4008016032064129,1.865639541560769e-09,1.865639541560769e-09,1.8656395415607688e-10
0.22527054108216366,5.3751523046092475e-05,2.219190380761527e-05,5.851703406813631,2.797534020263893e-10,2.797534020263893e-10,2.797534020263893e-11
0.8965130260520987,5.753867735470974e-05,4.7980621242485214e-05,7.995991983967966,1.2892390894219017e-06,1.2892390894219017e-06,1.2892390894219017e-07
0.6018637274549065,4.518517034068137e-06,3.499609218436888e-05,8.55711422845695,6.306557504078119e-08,6.306557504078119e-08,6.306557504078119e-09
0.2427054108216425,7.313627254509018e-07,7.160525050100204e-05,3.6272545090180213,6.086098746574678e-10,6.086098746574678e-10,6.086098746574678e-11
0.3054709418837663,5.158743486973975e-05,6.691639278557132e-05,2.104208416833668,4.533068255355657e-06,4.533068255355657e-06,4.533068255355657e-07
0.1799398797595187,4.527551102204431e-05,7.593342685370732e-05,1.3426853707414839,4.793494789326676e-08,4.793494789326676e-08,4.793494789326676e-09
0.8598997995991932,6.240787575150331e-05,2.868416833667344e-05,6.412825651302616,9.675386896043865e-09,9.675386896043865e-09,9.675386896043865e-10
0.2723446893787565,4.978402805611248e-05,8.080262525050076e-05,0.6813627254509022,6.37082503316838e-10,6.37082503316838e-10,6.37082503316838e-11
0.18517034068136234,4.202937875751523e-05,7.232661322645292e-05,3.026052104208408,5.101228446154385e-09,5.101228446154385e-09,5.101228446154385e-10
0.05440881763527056,6.8629458917835644e-06,6.258821643286603e-05,8.657314629258554,3.136296295760125e-10,3.136296295760125e-10,3.136296295760125e-11
0.25665330661322555,6.439162324649323e-05,7.21462725450902e-05,2.4448897795591154,8.435256442765496e-09,8.435256442765496e-09,8.435256442765495e-10
0.519919839679356,7.286763527054108e-05,8.846693386773542e-06,9.158316633266576,1.2859135088694639e-10,1.2859135088694639e-10,1.2859135088694638e-11
0.0910220440881764,4.257040080160341e-05,4.112767535070159e-05,9.859719438877807,2.078293763894782e-10,2.078293763894782e-10,2.078293763894782e-11
0.06486973947895794,7.66547895791582e-05,6.312923847695419e-05,7.214428857715451,1.2729414866574903e-08,1.2729414866574903e-08,1.2729414866574903e-09
0.6036072144288543,3.3373026052104336e-05,7.84581963927854e-05,8.897795591182405,3.42365225221448e-07,3.42365225221448e-07,3.4236522522144795e-08
0.48156312625250247,4.689857715430885e-05,1.272384769539078e-06,8.57715430861727,2.3299609534649055e-10,2.3299609534649055e-10,2.3299609534649055e-11
0.36997995991983795,6.150617234468971e-05,5.519424849699429e-05,3.5070140280560986,6.998915508640024e-06,6.998915508640024e-06,6.998915508640024e-07
0.23398797595190307,7.827785571142268e-05,6.367026052104235e-05,1.3026052104208425,1.6535735522929774e-10,1.6535735522929774e-10,1.6535735522929775e-11
0.2845490981963917,5.8440380761523374e-05,7.76464929859719e-06,4.088176352705394,3.4585412817003523e-09,3.4585412817003523e-09,3.4585412817003525e-10
0.2409619238476946,8.747523046092141e-05,6.962150300601212e-05,1.923847695390783,9.962290327919802e-08,9.962290327919802e-08,9.962290327919802e-09
0.05266533066132266,4.3832785571142496e-05,5.600561122244488e-06,0.6212424849699402,1.4126898718987808e-06,1.4126898718987808e-06,1.4126898718987808e-07
0.43100200400801386,7.737615230460908e-05,4.3291763527054315e-05,9.779559118236524,1.060185126784533e-08,1.060185126784533e-08,1.0601851267845331e-09
0.6960120240480921,2.8503827655310713e-05,8.008126252504988e-05,2.2645290581162314,2.7239945164925986e-07,2.7239945164925986e-07,2.7239945164925987e-08
0.5844288577154276,5.4833567134268836e-05,2.002781563126255e-05,6.573146292585183,1.620380028453788e-06,1.620380028453788e-06,1.620380028453788e-07
0.683807615230457,7.40396793587174e-06,2.8323486973947986e-05,7.014028056112243,5.533307704168443e-07,5.533307704168443e-07,5.533307704168443e-08
0.5286372745490954,5.916174348697428e-05,7.972058116232444e-05,6.913827655310638,2.553065810590191e-10,2.553065810590191e-10,2.553065810590191e-11
0.5547895791583136,4.599687374749522e-05,8.837693386773501e-05,6.092184368737482,2.862224654494287e-10,2.862224654494287e-10,2.8622246544942873e-11
0.37172344689378584,6.0243787575150643e-05,1.4617595190380748e-05,9.01803607214433,1.583756973177416e-06,1.583756973177416e-06,1.583756973177416e-07
0.5774549098196361,9.568056112224443e-06,4.9603687374749756e-05,4.388777555110207,5.697386410995195e-06,5.697386410995195e-06,5.697386410995195e-07
0.35951903807615065,2.5347695390781566e-06,8.765557114228413e-05,8.296593186372778,3.765683528717025e-10,3.765683528717025e-10,3.765683528717025e-11
0.69775551102204,6.709673346693404e-05,4.780028056112249e-05,2.5450901803607175,3.7040597953057886e-09,3.7040597953057886e-09,3.704059795305789e-10
0.3752104208416816,2.2732925851703452e-05,3.6979839679358873e-05,5.751503006012027,2.38383935162554e-10,2.38383935162554e-10,2.3838393516255397e-11
0.3159318637274536,4.311142284569159e-05,1.3896232464929847e-05,9.539078156312673,3.30397140871801e-09,3.30397140871801e-09,3.30397140871801e-10
0.3229058116232451,1.8134068136272543e-06,1.642100200400801e-05,0.1603206412825651,4.0330057745352055e-10,4.0330057745352055e-10,4.0330057745352053e-11
0.8041082164328609,1.0469759519038069e-05,8.729488977955869e-05,1.042084168336674,5.963927547384928e-06,5.963927547384928e-06,5.963927547384928e-07
0.7692384769539032,8.242569138276525e-05,8.819659318637229e-05,4.709418837675341,5.19950869239506e-06,5.19950869239506e-06,5.199508692395061e-07
0.5687374749498967,4.6718236472946126e-05,7.313627254509018e-07,6.753507014028071,1.3720058967200789e-07,1.3720058967200789e-07,1.3720058967200789e-08
0.5739679358717403,1.0289418837675343e-05,1.876543086172346e-05,9.298597194388822,3.1244694252741803e-07,3.1244694252741803e-07,3.12446942527418e-08
0.42054108216432656,1.822440881763528e-05,8.693420841683325e-05,3.0460921843687285,1.6578499612501935e-06,1.6578499612501935e-06,1.6578499612501935e-07
0.5216633266533038,5.239879759519038e-06,7.376933867735468e-05,1.6032064128256525,4.625928267548222e-10,4.625928267548222e-10,4.625928267548222e-11
0.14332665330661315,4.2750741482966134e-05,6.781809619238492e-05,0.7815631262525055,3.902089122260732e-08,3.902089122260732e-08,3.902089122260732e-09
0.36126252505009854,8.170432865731437e-05,2.0388496993988002e-05,4.609218436873737,5.792172737548809e-07,5.792172737548809e-07,5.7921727375488094e-08
0.8337474949899749,5.050539078156339e-05,3.7068136272545095e-07,0.36072144288577157,3.1563096058403076e-09,3.1563096058403076e-09,3.156309605840308e-10
0.21306613226452847,3.44550701402807e-05,3.896358717434887e-05,3.2264529058116125,2.8333511404222655e-08,2.8333511404222655e-08,2.8333511404222654e-09
0.04743486973947897,1.642100200400801e-05,6.0784809619238824e-05,3.346693386773535,2.543438283138544e-07,2.543438283138544e-07,2.543438283138544e-08
0.7919038076152257,1.0920440881763526e-06,5.411220440881793e-05,6.472945891783579,3.525173523793985e-06,3.525173523793985e-06,3.525173523793985e-07
0.4902805611222419,6.096515030060155e-05,6.565400801603227e-05,1.0821643286573153,3.6203424054044113e-09,3.6203424054044113e-09,3.6203424054044115e-10
0.14158316633266527,8.008126252504988e-05,8.422909819639245e-05,2.6452905811623197,3.3462724996390475e-07,3.3462724996390475e-07,3.3462724996390477e-08
0.0857915831663327,8.260603206412797e-05,6.141583166332664e-06,3.807615230460905,4.058741160324506e-09,4.058741160324506e-09,4.0587411603245054e-10
0.09450901803607219,7.30479759519038e-05,2.895450901803608e-06,1.983967935871745,2.2033761375702947e-08,2.2033761375702947e-08,2.2033761375702947e-09
0.35080160320641124,8.224535070140253e-05,6.529332665330683e-05,1.6232464929859731,1.5538210629755687e-09,1.5538210629755687e-09,1.5538210629755687e-10
0.10845691382765536,8.044194388777532e-05,4.5095170340681584e-05,4.589178356713416,5.306020752962591e-10,5.306020752962591e-10,5.3060207529625915e-11
0.8912825651302551,1.1371462925851695e-05,5.970276553106246e-05,4.368737474949886,2.3359866097639786e-06,2.3359866097639786e-06,2.3359866097639786e-07
0.7291382765531019,5.807969939879792e-05,7.30479759519038e-05,5.4709418837675345,1.0847010210530333e-08,1.0847010210530333e-08,1.0847010210530334e-09
0.7709819639278511,8.909829659318589e-05,7.647444889779548e-05,7.515030060120265,1.0362233290459696e-08,1.0362233290459696e-08,1.0362233290459697e-09
0.6001202404809586,2.399531062124254e-05,8.477012024048061e-05,4.46893787575149,4.655447205842502e-09,4.655447205842502e-09,4.655447205842502e-10
0.6524248496993951,4.7439599198397034e-05,3.4364729458917847e-06,8.757515030060159,3.5028213468441776e-07,3.5028213468441776e-07,3.502821346844178e-08
0.03348697394789579,4.780028056112249e-05,8.531114228456877e-05,9.91983967935877,4.2216821016553884e-10,4.2216821016553884e-10,4.2216821016553885e-11
0.5425851703406784,3.71601803607216e-05,7.286763527054108e-05,5.250501002004005,1.3948316960565968e-08,1.3948316960565968e-08,1.3948316960565967e-09
0.15553106212424833,1.3535551102204397e-05,1.4437254509018023e-05,9.25851703406818,1.2284431849546003e-10,1.2284431849546003e-10,1.2284431849546003e-11
0.05963927855711425,3.066791583166343e-05,4.7439599198397034e-05,2.464929859719436,2.5018160486855433e-06,2.5018160486855433e-06,2.5018160486855434e-07
0.6123246492985938,8.846693386773542e-06,7.178559118236476e-05,8.77755511022048,9.89912212506906e-09,9.89912212506906e-09,9.899122125069062e-10
0.7117034068136231,3.2832004008016155e-05,7.629410821643276e-05,5.59118236472946,4.430614012294001e-06,4.430614012294001e-06,4.430614012294001e-07
0.8372344689378707,6.321923847695389e-06,7.557274549098188e-05,4.989979959919833,7.649312638022242e-10,7.649312638022242e-10,7.649312638022242e-11
0.8250300601202355,4.365244488977977e-05,3.193030060120252e-05,6.012024048096198,8.999999999996206e-06,8.999999999996206e-06,8.999999999996206e-07
0.0875350701402806,1.984747494989982e-05,4.4373807615230676e-05,8.136272545090211,1.0128031044122859e-08,1.0128031044122859e-08,1.0128031044122858e-09
0.6402204408817599,7.322831663326652e-05,2.633973947895799e-05,3.8276553106212257,6.38730101828493e-06,6.38730101828493e-06,6.38730101828493e-07
0.2531663326653298,2.814314629258526e-05,3.481575150300615e-05,5.671342685370743,1.0025861619226328e-06,1.0025861619226328e-06,1.0025861619226328e-07
0.3473146292585155,1.5158617234468924e-05,2.2552585170340725e-05,0.06012024048096192,9.456708423776946e-09,9.456708423776946e-09,9.456708423776946e-10
0.6262725450901768,8.29667134268534e-05,1.2814188376753496e-05,0.14028056112224446,3.4366116018718376e-10,3.4366116018718376e-10,3.4366116018718374e-11
0.324649298597193,3.0126893787575255e-05,6.06044689378761e-05,0.18036072144288573,2.928411205530999e-10,2.928411205530999e-10,2.928411205530999e-11
0.23921843687374672,3.138927855711434e-05,6.132583166332699e-05,7.555110220440906,4.152596154736201e-09,4.152596154736201e-09,4.1525961547362006e-10
0.6192985971943853,1.4978276553106199e-05,1.8945771543086187e-05,9.058116232464972,3.6900919072811463e-06,3.6900919072811463e-06,3.690091907281146e-07
0.2828056112224438,1.7322705410821645e-05,3.4635410821643424e-05,7.41482965931866,2.1755226933756993e-10,2.1755226933756993e-10,2.1755226933756994e-11
0.4676152304609194,7.467104208416828e-05,2.5347695390781566e-06,9.819639278557165,2.306456802499146e-08,2.306456802499146e-08,2.306456802499146e-09
0.07010020040080163,3.1569619238477067e-05,6.042412825651337e-05,1.7234468937875764,2.5112860259393226e-09,2.5112860259393226e-09,2.5112860259393227e-10
0.41356713426853503,5.9522424849699736e-05,5.9612424849699384e-06,1.4428857715430872,2.984829963759814e-07,2.984829963759814e-07,2.984829963759814e-08
0.190400801603206,4.761993987975976e-05,4.725925851703431e-05,0.8817635270541088,2.445271197580611e-06,2.445271197580611e-06,2.445271197580611e-07
0.16424849699398775,3.6168136272545103e-06,3.661915831663342e-05,2.344689378757513,8.597770058661916e-06,8.597770058661916e-06,8.597770058661916e-07
0.6070941883767501,5.8981402805611555e-05,3.7520861723447054e-05,6.1723446893787655,2.6455463535232158e-08,2.6455463535232158e-08,2.6455463535232157e-09
0.49376753507013765,1.119112224448897e-05,2.0749178356713456e-05,4.849699398797587,6.101838383410455e-06,6.101838383410455e-06,6.101838383410455e-07
0.2810621242484959,3.3914048096192516e-05,1.7142364729458918e-05,1.743486973947897,4.637891667090604e-06,4.637891667090604e-06,4.6378916670906043e-07
0.3856713426853689,1.1732144288577145e-05,6.8629458917835644e-06,0.42084168336673355,4.402520680793966e-07,4.402520680793966e-07,4.402520680793966e-08
0.4867935871743461,9.117034068136272e-07,1.984747494989982e-05,5.571142284569139,3.0538516600204696e-07,3.0538516600204696e-07,3.05385166002047e-08
0.8790781563126199,5.645663326653338e-05,2.1831222444889817e-05,1.7635270541082178,3.196720167281389e-07,3.196720167281389e-07,3.196720167281389e-08
0.37869739478957737,1.9667134268537095e-05,8.458977955911789e-05,2.424849699398795,8.829883500823982e-09,8.829883500823982e-09,8.829883500823982e-10
0.7361122244488935,2.895450901803608e-06,3.788154308617251e-05,3.607214428857701,1.7822599767437462e-09,1.7822599767437462e-09,1.782259976743746e-10
0.5478156312625221,6.655571142284587e-05,5.230879759519066e-05,1.8837675350701417,1.8234732479403994e-09,1.8234732479403994e-09,1.8234732479403993e-10
0.17122244488977928,5.934208416833701e-05,2.399531062124254e-05,3.527054108216419,5.682690054358476e-10,5.682690054358476e-10,5.6826900543584764e-11
0.26537074148296497,7.899921843687356e-05,2.110985971943891e-05,9.378757515030106,2.4389636426772285e-10,2.4389636426772285e-10,2.4389636426772285e-11
0.5722244488977924,2.0208156312625275e-05,5.826004008016065e-05,2.705410821643281,1.5283934734759824e-08,1.5283934734759824e-08,1.5283934734759824e-09
0.20434869739478906,3.4364729458917847e-06,5.780901803607213e-06,9.278557114228501,1.6918110575635466e-10,1.6918110575635466e-10,1.6918110575635466e-11
0.19563126252504964,3.8602905811623416e-05,3.9143927855711596e-05,4.188376753506998,8.007170844585868e-10,8.007170844585868e-10,8.007170844585868e-11
0.6872945891783527,3.211064128256525e-05,6.150617234468971e-05,0.6613226452905815,1.0296529156878686e-09,1.0296529156878686e-09,1.0296529156878686e-10
0.6942685370741443,3.8061883767535235e-05,6.601468937875771e-05,3.10621242484969,2.5596684521755253e-06,2.5596684521755253e-06,2.5596684521755255e-07
0.8686172344689326,5.3210501002004294e-05,8.873761523046045e-05,6.192384769539086,1.2941191703766615e-09,1.2941191703766615e-09,1.2941191703766614e-10
0.38044088176352525,6.475230460921867e-05,7.106422845691388e-05,9.639278557114277,2.2543273677448226e-08,2.2543273677448226e-08,2.2543273677448224e-09
0.6105811623246459,7.268729458917836e-05,7.863853707414812e-05,7.835671342685399,2.6121033219565265e-10,2.6121033219565265e-10,2.6121033219565266e-11
0.7936472945891736,2.3093607214428906e-05,7.584308617234465e-06,0.8617234468937881,2.935984551084556e-06,2.935984551084556e-06,2.9359845510845557e-07
0.27583166332665227,6.601468937875771e-05,5.510220440881764e-07,3.3667334669338556,5.068882928942187e-10,5.068882928942187e-10,5.0688829289421867e-11
0.5530460921843657,2.9405531062124347e-05,7.809751503005996e-05,2.20440881763527,3.0654112252299065e-10,3.0654112252299065e-10,3.0654112252299064e-11
0.05092184368737476,5.104641282565157e-05,4.45541482965934e-05,9.138276553106255,7.187864777930511e-09,7.187864777930511e-09,7.187864777930511e-10
0.5164328657314602,7.232661322645292e-05,8.855727454909773e-05,1.5831663326653318,2.569357414732162e-09,2.569357414732162e-09,2.569357414732162e-10
0.4484368737474927,6.682605210420839e-06,6.547366733466955e-05,6.3326653306613325,3.597386788179242e-10,3.597386788179242e-10,3.597386788179242e-11
0.3943887775551083,4.707891783567158e-05,4.3832785571142496e-05,1.6432865731462938,4.3030170116442404e-07,4.3030170116442404e-07,4.3030170116442404e-08
0.8285170340681313,1.3715891783567122e-05,6.745741482965948e-05,6.032064128256519,8.213516664628277e-06,8.213516664628277e-06,8.213516664628277e-07
0.7762124248496948,5.880106212424883e-05,1.7322705410821645e-05,6.893787575150317,2.0313211611354781e-10,2.0313211611354781e-10,2.031321161135478e-11
0.14681362725450892,5.86207214428861e-05,4.6177214428857945e-05,4.629258517034057,1.538146446289981e-07,1.538146446289981e-07,1.538146446289981e-08
0.5460721442885742,1.227316633266532e-05,4.870198396793612e-05,2.5851703406813584,2.6895598015305057e-09,2.6895598015305057e-09,2.689559801530506e-10
0.40136272545089985,8.801625250500957e-05,6.998218436873756e-05,1.6633266533066144,5.186096606823377e-10,5.186096606823377e-10,5.186096606823377e-11
0.7674949899799554,6.547366733466955e-05,1.155180360721442e-05,7.074148296593205,1.599896387950018e-08,1.599896387950018e-08,1.5998963879500182e-09
0.5077154308617208,2.0749178356713456e-05,2.345428857715436e-05,5.83166332665331,6.124935313629392e-09,6.124935313629392e-09,6.124935313629392e-10
0.5268937875751475,3.4635410821643424e-05,7.04328657314629e-06,4.669338677354699,2.2918321804121607e-09,2.2918321804121607e-09,2.2918321804121607e-10
0.16250501002003986,3.24713226452907e-05,1.6060320641282557e-05,0.6412825651302608,3.86272567641626e-06,3.86272567641626e-06,3.86272567641626e-07
0.20260521042084118,7.917955911823628e-05,5.4292545090180656e-05,9.579158316633315,5.755446128467109e-08,5.755446128467109e-08,5.755446128467109e-09
0.8267735470941834,3.048757515030071e-05,7.521206412825644e-05,6.212424849699407,4.084640768561948e-08,4.084640768561948e-08,4.084640768561948e-09
0.5007414829659292,2.291326653306618e-05,3.734052104208433e-05,2.3647294589178336,7.233731926008842e-08,7.233731926008842e-08,7.233731926008842e-09
0.2618837675350692,4.9062665330661576e-05,4.130801603206432e-05,8.09619238476957,2.104902375953338e-08,2.104902375953338e-08,2.104902375953338e-09
0.11891783567134274,6.330957915831691e-05,1.8404749498998006e-05,3.4669338677354578,4.985932917895367e-09,4.985932917895367e-09,4.985932917895367e-10
0.5321242484969911,8.3868416833667e-05,7.088388777555116e-05,0.20040080160320636,8.027878684932169e-06,8.027878684932169e-06,8.027878684932169e-07
0.42228456913827445,4.6177214428857945e-05,3.968494989979978e-05,0.8416833667334674,2.3211747471134193e-07,2.3211747471134193e-07,2.3211747471134193e-08
0.7831863727454863,7.84581963927854e-05,4.338176352705412e-06,1.0621242484969946,8.685386390868373e-08,8.685386390868373e-08,8.685386390868373e-09
0.47458917835671094,8.693420841683325e-05,3.355336673346706e-05,5.711422845691385,6.346800860880272e-07,6.346800860880272e-07,6.346800860880272e-08
0.49202404809618977,8.765557114228413e-05,4.6718236472946126e-05,7.114228456913847,1.0467830540465593e-10,1.0467830540465593e-10,1.0467830540465593e-11
0.09799599198396798,8.098296593186348e-05,8.981965931863677e-05,2.0841683366733474,6.518145033204574e-10,6.518145033204574e-10,6.518145033204574e-11
0.5600200400801573,5.7177995991984286e-05,5.284981963927884e-05,2.7655310621242424,5.888536006063764e-08,5.888536006063764e-08,5.888536006063764e-09
0.32987975951903664,4.65378957915834e-05,7.899921843687356e-05,6.072144288577161,4.8732432440843374e-09,4.8732432440843374e-09,4.873243244084338e-10
0.6785771543086133,7.431036072144284e-05,3.9865290581162504e-05,9.93987975951909,1.354662017467082e-09,1.354662017467082e-09,1.3546620174670821e-10
0.7483166332665286,3.589779559118251e-05,6.457196392785595e-05,3.5871743486973804,2.1535764827585305e-08,2.1535764827585305e-08,2.1535764827585307e-09
0.743086172344685,7.449070140280556e-05,3.066791583166343e-05,3.246492985971933,1.6641253232742929e-09,1.6641253232742929e-09,1.664125323274293e-10
0.04220440881763528,1.876543086172346e-05,1.9034068136272548e-07,5.911823647294594,1.8050784373158387e-07,1.8050784373158387e-07,1.8050784373158388e-08
0.23747494989979884,1.2092825651302595e-05,9.117034068136272e-07,4.248496993987961,5.948543650301397e-10,5.948543650301397e-10,5.948543650301398e-11
0.1694789579158314,4.293108216432886e-05,7.358899799599196e-05,1.4629258517034078,4.579262886226917e-08,4.579262886226917e-08,4.579262886226917e-09
0.7082164328657273,5.357118236472975e-05,2.6159398797595263e-05,4.22845691382764,7.976976065901924e-07,7.976976065901924e-07,7.976976065901925e-08
0.07707414829659322,6.403094188376779e-05,3.8602905811623416e-05,2.8256513026052037,6.242938292164014e-06,6.242938292164014e-06,6.242938292164014e-07
0.638476953907812,8.332739478957885e-05,5.537458917835702e-05,2.525050100200397,1.965381814410689e-08,1.965381814410689e-08,1.965381814410689e-09
0.5356112224448869,5.627629258517065e-05,1.0289418837675343e-05,2.925851703406806,1.474965319380662e-10,1.474965319380662e-10,1.474965319380662e-11
0.4379759519038054,5.212845691382793e-05,1.7503046092184372e-05,0.9218436873747501,3.380372983948503e-09,3.380372983948503e-09,3.380372983948503e-10
0.6419639278557078,8.125330661322641e-06,5.068573146292612e-05,7.494989979959944,7.401005926166316e-08,7.401005926166316e-08,7.401005926166316e-09
0.54955911823647,2.525769539078163e-05,4.834130260521067e-05,6.693386773547108,1.6162002728487966e-10,1.6162002728487966e-10,1.6162002728487966e-11
0.8163126252504961,8.855727454909773e-05,2.2732925851703452e-05,3.9078156312625074,1.7530940861852815e-08,1.7530940861852815e-08,1.7530940861852815e-09
0.4397194388777533,5.068573146292612e-05,7.39496793587174e-05,6.993987975951922,2.9961282651988997e-10,2.9961282651988997e-10,2.9961282651988996e-11
0.36823647294589007,2.5979058116232536e-05,2.1740881763527053e-06,1.22244488977956,1.149983889528423e-06,1.149983889528423e-06,1.149983889528423e-07
0.21829659318637212,2.1470541082164364e-05,8.711454909819597e-05,7.7154308617234735,1.7709591457061092e-10,1.7709591457061092e-10,1.7709591457061093e-11
0.12589178356713432,3.355336673346706e-05,1e-08,9.69939879759524,4.447384955121195e-09,4.447384955121195e-09,4.447384955121195e-10
0.7343687374749456,7.683513026052092e-05,4.996436873747521e-05,0.9619238476953914,1.0916227069626075e-07,1.0916227069626075e-07,1.0916227069626075e-08
0.3961322645290562,3.427472945891797e-05,8.999999999999949e-05,6.4929859719439,7.3263461511480485e-06,7.3263461511480485e-06,7.326346151148048e-07
0.6489378757514993,7.539240480961916e-05,4.545585170340704e-05,4.9699398797595125,6.954537268292439e-07,6.954537268292439e-07,6.95453726829244e-08
0.4153106212424829,2.5438036072144355e-05,4.311142284569159e-05,1.7835671342685384,3.2088205242547684e-10,3.2088205242547684e-10,3.208820524254768e-11
0.6768336673346654,1.4617595190380748e-05,4.879198396793587e-06,7.575150300601227,6.063148267776576e-07,6.063148267776576e-07,6.063148267776576e-08
0.049178356713426866,9.027034068136267e-06,5.3210501002004294e-05,5.190380761523042,3.270641647263611e-07,3.270641647263611e-07,3.2706416472636115e-08
0.7308817635270498,3.770120240480978e-05,1.7863727454909826e-05,6.232464929859728,2.585752978734625e-08,2.585752978734625e-08,2.5857529787346247e-09
0.8058517034068088,3.788154308617251e-05,6.908048096192396e-05,4.90981963927855,3.6666940272290375e-07,3.6666940272290375e-07,3.6666940272290375e-08
0.8424649298597143,4.5636192384769765e-05,5.239879759519038e-06,2.2244488977955905,7.747247586409063e-08,7.747247586409063e-08,7.747247586409063e-09
0.34905811623246336,6.67360521042086e-05,7.737615230460908e-05,7.154308617234489,3.104658005213131e-08,3.104658005213131e-08,3.104658005213131e-09
0.7605210420841638,5.465322645290611e-05,1.2092825651302595e-05,5.1302605210420795,3.4806108990350904e-08,3.4806108990350904e-08,3.4806108990350904e-09
0.6227855711422811,3.499609218436888e-05,1.0109078156312618e-05,5.030060120240475,3.838233172077098e-07,3.838233172077098e-07,3.838233172077098e-08
0.07533066132264532,1.191248496993987e-05,4.401312625250522e-05,0.6012024048096195,2.786984611210164e-07,2.786984611210164e-07,2.786984611210164e-08
0.18342685370741446,8.134364729458892e-05,3.71601803607216e-05,3.9478957915831483,5.4982224886219015e-08,5.4982224886219015e-08,5.498222488621901e-09
0.0840480961923848,7.016252505010028e-05,4.293108216432886e-05,4.509018036072132,4.2057622768873556e-07,4.2057622768873556e-07,4.2057622768873555e-08
0.7518036072144244,3.7068136272545095e-07,7.9359899799599e-05,8.476953907815666,1.377199270006178e-10,1.377199270006178e-10,1.3771992700061781e-11
0.1677354709418835,4.347210420841704e-05,2.5618376753507082e-05,7.254509018036093,7.524135044315824e-09,7.524135044315824e-09,7.524135044315825e-10
0.8808216432865678,2.4716673346693448e-05,8.278637274549069e-05,2.565130260521038,8.161436965110303e-07,8.161436965110303e-07,8.161436965110304e-08
0.7535470941883723,3.9143927855711596e-05,2.3814969939879813e-05,9.959919839679412,1.4361925227385327e-07,1.4361925227385327e-07,1.4361925227385327e-08
0.8529258517034016,6.908048096192396e-05,2.9585871743487074e-05,1.9438877755511037,4.5213752468542977e-10,4.5213752468542977e-10,4.5213752468542977e-11
0.13460921843687373,5.248913827655339e-05,8.11633066132262e-05,9.739478957915882,9.6140378706701e-10,9.6140378706701e-10,9.6140378706701e-11
0.5652505010020009,5.339084168336702e-05,2.3093607214428906e-05,5.971943887775557,1.6747444271363853e-08,1.6747444271363853e-08,1.6747444271363853e-09
0.49551102204408554,5.735833667334701e-05,8.603250501001965e-05,9.078156312625293,1.4694032735283116e-07,1.4694032735283116e-07,1.4694032735283116e-08
0.5390981963927827,2.688076152304617e-05,6.637537074148315e-05,5.170340681362721,3.283021814870707e-10,3.283021814870707e-10,3.283021814870707e-11
0.10671342685370747,5.519424849699429e-05,8.549148296593149e-05,8.537074148296629,5.3398794922546735e-09,5.3398794922546735e-09,5.339879492254674e-10
0.608837675350698,2.5618376753507082e-05,7.539240480961916e-05,8.396793587174383,6.559738570739111e-09,6.559738570739111e-09,6.559738570739111e-10
0.5826853707414797,5.6636973947896105e-05,1.2633847695390771e-05,5.110220440881759,1.4090458511712325e-10,1.4090458511712325e-10,1.4090458511712325e-11
0.7796993987975905,7.76464929859719e-06,5.357118236472975e-05,0.32064128256513025,2.3448288825886378e-09,2.3448288825886378e-09,2.3448288825886376e-10
0.42402805611222233,8.477012024048061e-05,1.8585090180360733e-05,7.294589178356735,1.5187023416387875e-09,1.5187023416387875e-09,1.5187023416387876e-10
0.7326252505009977,4.401312625250522e-05,7.881887775551084e-05,0.5410821643286575,1.8775445464206673e-08,1.8775445464206673e-08,1.8775445464206674e-09
0.16076152304609198,1.587997995991983e-05,6.94411623246494e-05,7.815631262525078,9.091715291807655e-08,9.091715291807655e-08,9.091715291807656e-09
0.17470941883767505,7.0342865731463e-05,4.202937875751523e-05,4.929859719438871,1.4270860123254817e-08,1.4270860123254817e-08,1.4270860123254817e-09
0.4693587174348673,7.052320641282572e-05,3.5717454909819785e-05,5.531062124248497,1.385987443518386e-09,1.385987443518386e-09,1.385987443518386e-10
0.10322645290581167,6.962150300601212e-05,3.553711422845706e-05,7.234468937875772,3.5385171559541083e-09,3.5385171559541083e-09,3.538517155954108e-10
0.8459519038076101,2.002781563126255e-05,7.827785571142268e-05,0.38076152304609223,7.115355125521681e-07,7.115355125521681e-07,7.115355125521681e-08
0.25839679358717343,4.45541482965934e-05,1.9937474949899797e-06,2.0440881763527066,1.3460724700541052e-10,1.3460724700541052e-10,1.3460724700541052e-11
0.4362324649298575,7.4851382765531e-05,2.50773547094189e-05,7.034068136272563,1e-10,1e-10,1.0000000000000001e-11
0.8877955911823593,5.39318637274552e-05,9.748396793587168e-06,8.35671342685374,1.5637362941303773e-08,1.5637362941303773e-08,1.5637362941303773e-09
0.18168336673346658,8.531114228456877e-05,7.250695390781564e-05,3.707414829659303,3.7514832596144537e-07,3.7514832596144537e-07,3.7514832596144536e-08
0.5861723446893755,4.7980621242485214e-05,7.66547895791582e-05,5.090180360721438,2.4297663907591406e-07,2.4297663907591406e-07,2.4297663907591408e-08
0.7500601202404765,5.5554929859719744e-05,7.773683366733452e-05,1.5030060120240492,1.9779232939038465e-07,1.9779232939038465e-07,1.9779232939038466e-08
0.16599198396793563,8.062228456913804e-05,7.322831663326652e-05,9.498997995992031,1.846819366326798e-07,1.846819366326798e-07,1.846819366326798e-08
0.8145691382765482,3.535677354709433e-05,3.3373026052104336e-05,9.178356713426897,6.452391371260465e-08,6.452391371260465e-08,6.452391371260465e-09
0.802364729458913,2.1740881763527053e-06,3.319268537074161e-05,0.5611222444889782,7.025408092178572e-09,7.025408092178572e-09,7.025408092178571e-10
0.6349899799599162,8.666352705410816e-06,3.950460921843705e-05,2.8657314629258446,1.6854312935433095e-07,1.6854312935433095e-07,1.6854312935433094e-08
0.29675350701402686,2.110985971943891e-05,5.104641282565157e-05,4.529058116232453,2.751753622267373e-09,2.751753622267373e-09,2.751753622267373e-10
0.6158116232464895,6.312923847695419e-05,1.2994529058116221e-05,3.426853707414817,6.411478493438621e-09,6.411478493438621e-09,6.411478493438621e-10
0.2932665330661311,7.57530861723446e-05,5.248913827655339e-05,1.9639278557114244,1.8165969901177153e-06,1.8165969901177153e-06,1.8165969901177153e-07
0.5094589178356687,2.354428857715431e-06,2.7241442885771624e-05,6.292585170340691,1.1354466475453157e-08,1.1354466475453157e-08,1.1354466475453157e-09
0.03697394789579159,1.2814188376753496e-05,3.1749959919839793e-05,8.436873747495024,2.6022531659854646e-07,2.6022531659854646e-07,2.6022531659854647e-08
0.20783567134268482,3.950460921843705e-05,5.753867735470974e-05,8.857715430861763,1.6265135577434376e-09,1.6265135577434376e-09,1.6265135577434377e-10
0.5809418837675319,4.239006012024068e-05,1.533895791583165e-05,6.773547094188392,1.4938494543691993e-08,1.4938494543691993e-08,1.4938494543691992e-09
0.818056112224444,1.9126112224448914e-05,5.212845691382793e-05,9.719438877755561,1.0428356694758392e-07,1.0428356694758392e-07,1.0428356694758392e-08
0.7552905811623202,1.4256913827655298e-05,3.084825651302616e-05,7.3747494989980185,3.229296625390487e-09,3.229296625390487e-09,3.229296625390487e-10
0.5757114228456882,2.868416833667344e-05,3.138927855711434e-05,4.769539078156304,9.149731276311929e-07,9.149731276311929e-07,9.14973127631193e-08
0.8860521042084114,7.21462725450902e-05,2.6700420841683444e-05,5.631262525050102,4.4191852835845255e-10,4.4191852835845255e-10,4.419185283584525e-11
0.4989979959919813,1.9034068136272548e-07,2.291326653306618e-05,10.000000000000053,4.2757327383983625e-08,4.2757327383983625e-08,4.275732738398362e-09
0.28629258517033956,7.178559118236476e-05,5.934208416833701e-05,8.33667334669342,8.48908343705269e-08,8.48908343705269e-08,8.48908343705269e-09
0.1781963927855708,1.930645290581164e-05,2.7782464929859805e-05,2.1843687374749496,5.252494743172759e-08,5.252494743172759e-08,5.252494743172759e-09
0.07881763527054111,3.6979839679358873e-05,4.888232464929885e-05,4.00801603206411,1.3106879132369401e-07,1.3106879132369401e-07,1.3106879132369401e-08
0.32813627254508876,8.999999999999949e-05,7.196593186372748e-05,4.408817635270528,1.3807609303181489e-06,1.3807609303181489e-06,1.380760930318149e-07
0.5669939879759488,1.0830440881763519e-05,4.004563126252523e-05,3.3066132264528942,3.084972204036884e-09,3.084972204036884e-09,3.084972204036884e-10
0.7099599198396752,1.7142364729458918e-05,1.76833867735471e-05,8.917835671342726,8.058266142308294e-09,8.058266142308294e-09,8.058266142308294e-10
0.7239078156312583,3.5717454909819785e-05,8.29667134268534e-05,4.208416833667319,8.109687488956145e-08,8.109687488956145e-08,8.109687488956145e-09
0.5443286573146263,6.565400801603227e-05,4.698857715430862e-06,6.152304609218445,6.226834689391767e-10,6.226834689391767e-10,6.226834689391767e-11
0.5059719438877729,3.1749959919839793e-05,5.447288577154338e-05,9.23847695390786,2.1894051222482004e-09,2.1894051222482004e-09,2.1894051222482005e-10
0.21655310621242424,7.142490981963932e-05,6.682605210420839e-06,8.677354709418875,3.358938948266701e-10,3.358938948266701e-10,3.358938948266701e-11
0.04569138276553107,8.567182364729421e-05,5.5554929859719744e-05,4.2685370741482815,7.354078138654125e-09,7.354078138654125e-09,7.354078138654125e-10
0.4606412825651279,8.657352705410781e-05,6.294889779559147e-05,7.314629258517056,5.049768337635864e-07,5.049768337635864e-07,5.049768337635864e-08
0.5408416833667306,7.990092184368716e-05,6.980184368737484e-05,6.252505010020049,1.7134714911793995e-08,1.7134714911793995e-08,1.7134714911793996e-09
0.2601402805611213,2.3634629258517086e-05,3.643881763527069e-05,7.334669338677377,2.1399212336501777e-09,2.1399212336501777e-09,2.1399212336501776e-10
0.22352705410821577,5.7899358717435194e-05,5.573527054108247e-05,5.6513026052104225,1.0257701283071679e-06,1.0257701283071679e-06,1.0257701283071679e-07
0.6140681362725416,6.745741482965948e-05,5.6636973947896105e-05,8.837675350701442,5.7189523929331805e-09,5.7189523929331805e-09,5.71895239293318e-10
0.7779559118236427,4.076699398797614e-05,3.607813627254524e-05,7.675350701402832,1.2316201379436526e-06,1.2316201379436526e-06,1.2316201379436525e-07
0.2514228456913819,4.157835671342686e-06,5.4833567134268836e-05,2.384769539078154,7.620467330900357e-07,7.620467330900357e-07,7.620467330900357e-08
0.24444889779559037,9.207374749498992e-06,4.491482965931886e-05,0.9819639278557121,1.724405482432989e-07,1.724405482432989e-07,1.724405482432989e-08
0.5879158316633234,4.888232464929885e-05,6.114549098196427e-05,3.8677354709418665,2.070456586262503e-07,2.070456586262503e-07,2.070456586262503e-08
0.10496993987975957,2.345428857715436e-05,5.050539078156339e-05,7.975951903807645,6.493565322027256e-07,6.493565322027256e-07,6.493565322027256e-08
0.47284569138276306,6.457196392785595e-05,7.142490981963932e-05,4.348697394789565,2.8988700155972077e-08,2.8988700155972077e-08,2.8988700155972076e-09
0.22004008016032,6.348991983967963e-05,1.6601342685370737e-05,6.372745490981974,7.846436406165732e-06,7.846436406165732e-06,7.846436406165733e-07
0.25490981963927767,3.265166332665343e-05,3.6799498997996147e-05,1.5230460921843698,4.8548664036142015e-06,4.8548664036142015e-06,4.854866403614201e-07
0.8354909819639228,8.675386773547053e-05,4.157835671342686e-06,8.496993987975987,1.006381192397933e-09,1.006381192397933e-09,1.0063811923979331e-10
0.7204208416833625,7.647444889779548e-05,8.639318637274509e-05,0.8216432865731468,6.711427038315516e-09,6.711427038315516e-09,6.711427038315515e-10
0.7587775551102159,7.106422845691388e-05,6.871979959919852e-05,1.4829659318637285,8.575592188679522e-10,8.575592188679522e-10,8.575592188679522e-11
0.1590180360721441,3.6258476953907966e-05,5.7899358717435194e-05,8.617234468937912,5.926111887260628e-07,5.926111887260628e-07,5.9261118872606276e-08
0.429258517034066,8.729488977955869e-05,8.963931863727405e-05,3.1863727454909716,1.1282470858183015e-09,1.1282470858183015e-09,1.1282470858183015e-10
0.832004008016027,3.120893787575161e-05,4.518517034068137e-06,8.176352705410853,2.495362636850953e-10,2.495362636850953e-10,2.495362636850953e-11
0.7640080160320596,2.7962805611222532e-05,5.735833667334701e-05,5.931863727454915,2.09155575626162e-09,2.09155575626162e-09,2.09155575626162e-10
0.6454509018036035,6.76377555110222e-05,4.076699398797614e-05,2.5050100200400767,1.7026068294228109e-09,1.7026068294228109e-09,1.702606829422811e-10
0.7378557114228413,4.698857715430862e-06,4.419346693386795e-05,2.745490981963922,6.203353499968312e-07,6.203353499968312e-07,6.203353499968312e-08
0.38915831663326467,8.891795591182317e-05,8.134364729458892e-05,3.4068136272544964,1.5737147962828574e-07,1.5737147962828574e-07,1.5737147962828573e-08
0.78841683366733,4.635755511022067e-05,8.332739478957885e-05,7.054108216432884,4.043435780503082e-06,4.043435780503082e-06,4.0434357805030824e-07
0.20609218436873694,4.3291763527054315e-05,1.5519298597194376e-05,5.891783567134273,4.967131128360607e-06,4.967131128360607e-06,4.967131128360607e-07
0.3769539078156295,3.9865290581162504e-05,6.926082164328668e-05,9.418837675350748,5.133780366335107e-08,5.133780366335107e-08,5.1337803663351075e-09
0.7744689378757469,2.1290200400801637e-05,8.242569138276525e-05,5.81162324649299,2.672506026391465e-10,2.672506026391465e-10,2.672506026391465e-11
0.7186773547094146,3.842256513026069e-05,5.916174348697428e-05,4.048096192384752,4.842343319704456e-10,4.842343319704456e-10,4.842343319704456e-11
0.2095791583166327,6.835911823647308e-05,3.427472945891797e-05,7.655310621242511,4.954318458610342e-10,4.954318458610342e-10,4.954318458610342e-11
0.1886573146292581,5.0325050100200664e-05,5.339084168336702e-05,4.428857715430849,2.662428093802708e-07,2.662428093802708e-07,2.662428093802708e-08
0.5617635270541051,7.593342685370732e-05,3.3914048096192516e-05,7.935871743487003,8.192329972794974e-10,8.192329972794974e-10,8.192329972794974e-11
0.13112224448897797,5.59156112224452e-05,7.070354709418844e-05,4.869739478957908,5.554252608620607e-10,5.554252608620607e-10,5.5542526086206076e-11
0.06835671342685373,9.387715430861717e-06,6.475230460921867e-05,2.024048096192386,3.56109711472964e-08,3.56109711472964e-08,3.56109711472964e-09
0.31941883767534934,1.8404749498998006e-05,8.801625250500957e-05,4.7895791583166245,6.797354139442534e-07,6.797354139442534e-07,6.797354139442534e-08
0.4083366733466914,2.4175651302605267e-05,8.044194388777532e-05,7.695390781563153,1.8351091815679916e-08,1.8351091815679916e-08,1.8351091815679915e-09
0.4798196392785546,7.088388777555116e-05,4.365244488977977e-05,2.8056112224448833,1.1810299302120125e-09,1.1810299302120125e-09,1.1810299302120126e-10
0.3438276553106197,1.4527254509018034e-06,8.783591182364685e-05,7.63527054108219,9.24297241786789e-09,9.24297241786789e-09,9.24297241786789e-10
0.038717434869739484,6.94411623246494e-05,8.621284569138237e-05,7.17434869739481,1.5090726586614084e-10,1.5090726586614084e-10,1.5090726586614084e-11
0.4187975951903787,2.165088176352709e-05,4.5636192384769765e-05,4.649298597194378,1.049490204522194e-06,1.049490204522194e-06,1.049490204522194e-07
0.504228456913825,6.781809619238492e-05,7.719581162324636e-05,3.1462925851703307,5.625364284701012e-08,5.625364284701012e-08,5.625364284701012e-09
0.09276553106212429,7.223627254509015e-06,6.276855711422875e-05,8.036072144288607,9.799261884703215e-07,9.799261884703215e-07,9.799261884703214e-08
0.3734669338677337,8.711454909819597e-05,8.486012024048091e-06,3.6472945891783417,2.1673188686386775e-07,2.1673188686386775e-07,2.1673188686386775e-08
0.6297595190380726,2.4897014028056175e-05,4.1488356713427046e-05,5.9919839679358775,6.910440418427994e-08,6.910440418427994e-08,6.9104404184279935e-09
0.7901603206412778,3.878324649298614e-05,5.501390781563156e-05,1.0220440881763533,5.081991880963312e-06,5.081991880963312e-06,5.081991880963312e-07
0.5966332665330628,4.419346693386795e-05,2.0929519038076183e-05,5.611222444889781,2.851431299180209e-07,2.851431299180209e-07,2.851431299180209e-08
0.12937875751503009,1.3355210420841672e-05,5.158743486973975e-05,8.456913827655345,4.904340346826786e-08,4.904340346826786e-08,4.904340346826786e-09
0.09625250501002008,7.358899799599196e-05,1.930645290581164e-05,5.450901803607214,2.9470979608537566e-09,2.9470979608537566e-09,2.9470979608537566e-10
0.488537074148294,1.8585090180360733e-05,8.675386773547053e-05,0.26052104208416826,5.589695363142939e-09,5.589695363142939e-09,5.589695363142939e-10
0.41008016032063926,2.8323486973947986e-05,2.814314629258526e-05,6.05210420841684,2.1183341629931634e-07,2.1183341629931634e-07,2.1183341629931635e-08
0.3316232464929845,6.132583166332699e-05,8.260603206412797e-05,3.4468937875751373,5.442757588566945e-06,5.442757588566945e-06,5.442757588566945e-07
0.5129458917835644,7.954024048096172e-05,5.12267535070143e-05,9.398797595190427,1.7354092455884483e-06,1.7354092455884483e-06,1.7354092455884483e-07
0.39264529058116043,8.152398797595164e-05,5.3751523046092475e-05,6.132264529058124,3.2915122408795002e-06,3.2915122408795002e-06,3.2915122408795e-07
0.5582765531062094,3.6799498997996147e-05,1.3715891783567122e-05,9.519038076152352,5.661260816510151e-07,5.661260816510151e-07,5.661260816510152e-08
0.383927855711421,6.168651302605243e-05,2.742178356713435e-05,5.951903807615236,6.668871685016272e-10,6.668871685016272e-10,6.668871685016273e-11
0.4275150300601181,3.734052104208433e-05,3.842256513026069e-05,8.416833667334704,1.2648701071454006e-09,1.2648701071454006e-09,1.2648701071454006e-10
0.6210420841683332,5.681731462925883e-05,6.835911823647308e-05,2.164328657314629,1.315649183163909e-10,1.315649183163909e-10,1.3156491831639089e-11
0.06312625250501004,1.9486793587174368e-05,8.666352705410816e-06,2.6252505010019993,1.1617029015291595e-08,1.1617029015291595e-08,1.1617029015291595e-09
0.5704809619238446,5.2669478957916114e-05,4.707891783567158e-05,2.4849699398797562,2.4859527061752755e-07,2.4859527061752755e-07,2.4859527061752755e-08
0.07358717434869742,7.972058116232444e-05,2.4175651302605267e-05,1.3827655310621252,2.9173682629033395e-07,2.9173682629033395e-07,2.9173682629033396e-08
0.5181763527054081,6.5834348697395e-05,5.86207214428861e-05,1.0020040080160326,1.3495536314212663e-06,1.3495536314212663e-06,1.3495536314212662e-07
0.8564128256512974,3.607813627254524e-05,8.495046092184333e-05,8.196392785571174,5.017749115127665e-08,5.017749115127665e-08,5.017749115127665e-09
0.8668737474949847,1e-08,7.449070140280556e-05,4.1082164328657145,1.8895255194070682e-07,1.8895255194070682e-07,1.8895255194070683e-08
0.6053507014028022,8.458977955911789e-05,6.330957915831691e-05,2.9659318637274468,4.017797442009687e-07,4.017797442009687e-07,4.017797442009687e-08
0.8075951903807567,1.6060320641282557e-05,9.387715430861717e-06,1.803607214428859,5.851198383420681e-09,5.851198383420681e-09,5.851198383420681e-10
0.11194388777555116,5.176777555110248e-05,8.062228456913804e-05,0.220440881763527,5.2191900870658066e-09,5.2191900870658066e-09,5.219190087065806e-10
0.4170541082164308,4.879198396793587e-06,2.525769539078163e-05,0.12024048096192383,1.2037836479849065e-06,1.2037836479849065e-06,1.2037836479849065e-07
0.7570340681362681,4.2209719438877954e-05,5.1407094188377025e-05,2.4048096192384745,1.0985885614816929e-06,1.0985885614816929e-06,1.0985885614816929e-07
0.4780761523046067,1.272384769539078e-06,6.0243787575150643e-05,8.957915831663367,2.2258298359511498e-10,2.2258298359511498e-10,2.22582983595115e-11
0.35777555110220277,1.4076573146292573e-05,6.5834348697395e-05,3.747494989979944,4.3193049690439415e-10,4.3193049690439415e-10,4.3193049690439415e-11
0.29849699398797475,1.7863727454909826e-05,4.635755511022067e-05,4.308617234468923,3.9269891037037604e-07,3.9269891037037604e-07,3.92698910370376e-08
0.6471943887775514,5.411220440881793e-05,8.585216432865693e-05,1.683366733466935,6.164019704290581e-08,6.164019704290581e-08,6.16401970429058e-09
0.5373547094188348,2.6159398797595263e-05,7.268729458917836e-05,9.599198396793636,7.307447907617714e-10,7.307447907617714e-10,7.307447907617715e-11
0.5513026052104179,4.112767535070159e-05,4.239006012024068e-05,6.73346693386775,8.886228686294111e-08,8.886228686294111e-08,8.886228686294111e-09
0.6245290581162289,8.404875751502973e-05,5.8440380761523374e-05,1.9038076152304624,9.184365216369317e-10,9.184365216369317e-10,9.184365216369317e-11
0.6646292585170303,5.059539078156312e-06,6.890014028056124e-05,6.392785571142295,1.1765763050734954e-06,1.1765763050734954e-06,1.1765763050734954e-07
0.3630060120240464,8.02616032064126e-05,1.4797935871743473e-05,1.2424849699398806,3.852761810524898e-10,3.852761810524898e-10,3.852761810524898e-11
0.3647494989979943,8.278637274549069e-05,4.166869739478977e-05,9.979959919839732,1.543968701634049e-10,1.543968701634049e-10,1.543968701634049e-11
0.6698597194388739,2.7782464929859805e-05,2.453633266533072e-05,3.56713426853706,9.396745979765522e-10,9.396745979765522e-10,9.396745979765521e-11
0.5146893787575123,8.639318637274509e-05,6.348991983967963e-05,5.551102204408818,1.1691159512530546e-07,1.1691159512530546e-07,1.1691159512530545e-08
0.4571543086172321,4.92430060120243e-05,3.589779559118251e-05,7.394789579158339,2.769313091562781e-08,2.769313091562781e-08,2.769313091562781e-09
0.6803206412825612,5.988310621242519e-05,1.3535551102204397e-05,9.118236472945934,1.1027469841978454e-09,1.1027469841978454e-09,1.1027469841978454e-10
0.2915230460921832,1.2994529058116221e-05,6.799843687374764e-05,3.1262525050100103,7.279891761183791e-07,7.279891761183791e-07,7.279891761183791e-08
0.1380961923847695,3.319268537074161e-05,7.503172344689372e-05,3.206412825651292,8.543253911746649e-07,8.543253911746649e-07,8.543253911746649e-08
0.2636272545090171,1.8945771543086187e-05,1.6240661322645284e-05,2.6853707414829606,7.070238572888788e-08,7.070238572888788e-08,7.070238572888788e-09
0.13635270541082162,7.39496793587174e-05,4.978402805611248e-05,1.863727454909821,2.240033284379423e-09,2.240033284379423e-09,2.2400332843794228e-10
0.8825651302605156,4.473448897795613e-05,8.909829659318589e-05,8.99799599198401,1.940536917638263e-10,1.940536917638263e-10,1.940536917638263e-11
0.563507014028053,6.421128256513051e-05,2.7962805611222532e-05,5.230460921843684,6.266569319574902e-09,6.266569319574902e-09,6.266569319574902e-10
0.43274549098196174,6.529332665330683e-05,3.256132264529059e-06,1.3226452905811632,5.319742981794605e-06,5.319742981794605e-06,5.319742981794605e-07
0.3019839679358705,4.9603687374749756e-05,2.579871743486981e-05,0.7014028056112228,8.350163368321142e-07,8.350163368321142e-07,8.350163368321142e-08
0.7988777555110173,4.491482965931886e-05,1.4256913827655298e-05,9.799599198396844,1.2810643711951653e-07,1.2810643711951653e-07,1.2810643711951653e-08
0.6890380761523006,4.0947334669338865e-05,3.0126893787575255e-05,2.1242484969939883,5.428718044671095e-10,5.428718044671095e-10,5.428718044671094e-11
0.7395991983967892,6.799843687374764e-05,4.65378957915834e-05,5.270541082164326,3.1764506247026196e-08,3.1764506247026196e-08,3.1764506247026194e-09
0.04046092184368738,8.305671342685366e-06,8.657352705410781e-05,5.290581162324647,1.1961507797225564e-07,1.1961507797225564e-07,1.1961507797225564e-08
0.40310621242484773,1.155180360721442e-05,6.321923847695389e-06,0.02004008016032064,3.516080370622556e-10,3.516080370622556e-10,3.516080370622556e-11
0.2217835671342679,6.0784809619238824e-05,4.473448897795613e-05,7.615230460921869,3.034488008210854e-08,3.034488008210854e-08,3.034488008210854e-09
0.7221643286573104,6.619503006012043e-05,3.878324649298614e-05,6.533066132264541,2.628771655817212e-09,2.628771655817212e-09,2.628771655817212e-10
0.668116232464926,6.385060120240507e-05,4.18490380761525e-05,7.134268537074168,1.3190516649849534e-06,1.3190516649849534e-06,1.3190516649849534e-07
0.3874148296593168,4.0406312625250685e-05,1.0920440881763526e-06,6.873747494989996,4.6084840437446547e-07,4.6084840437446547e-07,4.6084840437446547e-08
0.8755911823647241,6.114549098196427e-05,6.655571142284587e-05,7.434869739478981,1.853810023133934e-10,1.853810023133934e-10,1.853810023133934e-11
0.41182364729458715,8.585216432865693e-05,2.0208156312625275e-05,5.771543086172348,5.81409750859795e-10,5.81409750859795e-10,5.81409750859795e-11
0.38218436873747313,2.9044849699398893e-05,6.168651302605243e-05,4.889779559118229,1.0534627781133267e-09,1.0534627781133267e-09,1.0534627781133268e-10
0.11368737474949905,4.942334669338703e-05,6.0063446893787916e-05,2.9458917835671263,2.0573283780563895e-08,2.0573283780563895e-08,2.0573283780563896e-09
0.8581563126252453,1.4797935871743473e-05,1.1732144288577145e-05,4.068136272545073,1.1210931745753224e-10,1.1210931745753224e-10,1.1210931745753223e-11
0.8947695390781508,7.196593186372748e-05,8.440943887775517e-05,2.064128256513027,7.669094999101012e-06,7.669094999101012e-06,7.669094999101012e-07
0.6593987975951866,2.219190380761527e-05,6.186685370741515e-05,7.1943887775551305,1.1470175165026506e-10,1.1470175165026506e-10,1.1470175165026506e-11
0.3037274549098184,3.824222444889796e-05,2.056883767535073e-05,4.829659318637266,8.381770750968165e-10,8.381770750968165e-10,8.381770750968166e-11
