0.11675350701402808 3.381763527054107e-06 4.969138276553105e-06 9.659318637274598 8.081182364729515e-07 8.081182364729515e-07 8.081182364729514e-08
0.2969338677354678 7.929859719438875e-06 8.64328657314629e-06 3.3266533066132147 8.387374749499004e-08 8.387374749499004e-08 8.387374749499004e-09
0.39406813627254017 2.96192384769539e-07 7.287775551102202e-06 4.9699398797595125 2.15390781563126e-07 2.15390781563126e-07 2.1539078156312602e-08
0.06633266533066133 1.3567134268537072e-07 1.1523046092184365e-06 4.68937875751502 8.513567134268597e-07 8.513567134268597e-07 8.513567134268597e-08
0.15456913827655258 7.145090180360719e-06 7.269939879759517e-06 8.436873747495024 8.027054108216437e-08 8.027054108216437e-08 8.027054108216437e-09
0.1123046092184369 6.9667334669338655e-06 5.111823647294588e-06 9.69939879759524 5.270681362725477e-07 5.270681362725477e-07 5.270681362725477e-08
0.23835671342685164 8.482765531062121e-06 1.0452905811623243e-06 0.7214428857715435 4.55004008016034e-07 4.55004008016034e-07 4.55004008016034e-08
0.03370741482965932 2.989378757515029e-06 9.204408817635267e-07 8.016032064128286 1.8656513026052092e-07 1.8656513026052092e-07 1.8656513026052093e-08
0.30583166332665 2.240280561122244e-06 5.290180360721441e-06 7.454909819639302 8.765791583166395e-07 8.765791583166395e-07 8.765791583166396e-08
0.16494989979959848 6.467334669338675e-06 2.596993987975951e-06 3.4068136272544964 4.640120240480982e-07 4.640120240480982e-07 4.640120240480982e-08
0.2984168336673315 8.625450901803604e-06 3.952505010020039e-06 0.9418837675350707 3.865430861723459e-07 3.865430861723459e-07 3.865430861723459e-08
0.37627254509017577 5.7895791583166315e-06 2.3294589178356707e-06 6.192384769539086 8.855871743487038e-07 8.855871743487038e-07 8.855871743487038e-08
0.26801603206412566 1.0987975951903804e-06 3.863326653306612e-06 9.358717434869785 3.6492384769539176e-07 3.6492384769539176e-07 3.649238476953918e-08
0.2939679358717404 7.4126252505009995e-06 5.48637274549098e-06 6.753507014028071 1.3972344689378765e-07 1.3972344689378765e-07 1.3972344689378764e-08
0.24206412825651089 4.309218436873746e-06 2.426853707414829e-07 0.5611222444889782 7.955070140280615e-07 7.955070140280615e-07 7.955070140280616e-08
0.21759519038075983 1.8478957915831657e-06 5.415030060120239e-06 9.859719438877807 2.802404809619238e-08 2.802404809619238e-08 2.802404809619238e-09
0.12787575150300598 3.3104208416833656e-06 4.184368737474949e-06 1.0020040080160326 4.117655310621257e-07 4.117655310621257e-07 4.117655310621257e-08
0.37182364729458467 7.876352705410819e-06 5.272344689378756e-06 4.529058116232453 7.000220440881808e-07 7.000220440881808e-07 7.000220440881808e-08
0.36292585170340247 4.380561122244488e-06 4.933466933867734e-06 8.597194388777591 6.441723446893826e-07 6.441723446893826e-07 6.441723446893826e-08
0.3933266533066083 3.613627254509017e-06 2.632665330661322e-06 1.983967935871745 6.423707414829698e-07 6.423707414829698e-07 6.423707414829698e-08
0.2732064128256486 3.577955911823646e-06 7.697995991983965e-06 7.755511022044115 3.4870941883767615e-07 3.4870941883767615e-07 3.4870941883767614e-08
0.37330661322644837 8.286573146292582e-06 3.0963927855711413e-06 6.973947895791601 2.7484368737474953e-07 2.7484368737474953e-07 2.7484368737474954e-08
0.20424849699398653 5.2010020040080145e-06 7.94769539078156e-06 5.671342685370743 7.342525050100248e-07 7.342525050100248e-07 7.342525050100248e-08
0.07374749498997997 2.2224448897795585e-06 7.805010020040078e-06 1.6432865731462938 8.801823647294652e-07 8.801823647294652e-07 8.801823647294652e-08
0.2539278557114205 1.1344689378757512e-06 3.631462925851702e-06 1.0220440881763533 5.86513026052104e-08 5.86513026052104e-08 5.86513026052104e-09
0.10711422845691385 7.430460921843685e-06 3.496993987975951e-07 5.931863727454915 4.027575150300615e-07 4.027575150300615e-07 4.027575150300615e-08
0.3325250501001966 1.3663326653306609e-06 1.0096192384769536e-06 7.214428857715451 8.94595190380768e-07 8.94595190380768e-07 8.94595190380768e-08
0.29915831663326337 2.1154308617234463e-06 1.7765531062124242e-06 2.66533066132264 7.126252505010022e-08 7.126252505010022e-08 7.126252505010022e-09
0.3414228456913788 8.821643286573143e-06 5.807414829659317e-06 1.7835671342685384 5.522905811623275e-07 5.522905811623275e-07 5.5229058116232756e-08
0.0381563126252505 3.5957915831663314e-06 3.6753507014028044e-07 0.0 1.541362725450902e-07 1.541362725450902e-07 1.541362725450902e-08
0.09895791583166334 5.843086172344688e-06 2.2937875751503e-06 9.178356713426897 4.3698797595190554e-07 4.3698797595190554e-07 4.3698797595190555e-08
0.16272545090180293 1.4555110220440877e-06 8.197394789579156e-06 8.11623246492989 3.469078156312633e-07 3.469078156312633e-07 3.469078156312633e-08
0.34513026052103807 8.607615230460919e-06 7.483967935871741e-06 0.5210420841683369 4.712184368737496e-07 4.712184368737496e-07 4.7121843687374956e-08
0.22278557114228278 2.882364729458917e-06 3.6492985971943875e-06 0.9819639278557121 7.018236472945936e-07 7.018236472945936e-07 7.018236472945936e-08
0.23687374749498794 3.1142284569138266e-06 1.1344689378757512e-06 1.9639278557114244 5.504809619238475e-08 5.504809619238475e-08 5.504809619238475e-09
0.15679358717434813 4.897795591182363e-06 3.381763527054107e-06 6.252505010020049 9.000000000000065e-07 9.000000000000065e-07 9.000000000000065e-08
0.08635270541082166 1.277154308617234e-06 5.129659318637273e-06 7.434869739478981 8.639679358717496e-07 8.639679358717496e-07 8.639679358717496e-08
0.11378757515030062 5.415030060120239e-06 2.5078156312625243e-06 9.418837675350748 2.442084168336673e-08 2.442084168336673e-08 2.442084168336673e-09
0.38072144288576687 5.3436873747494974e-06 6.699198396793585e-06 2.0841683366733474 7.450621242485019e-07 7.450621242485019e-07 7.450621242485019e-08
0.04927855711422846 8.429258517034065e-06 7.0202404809619216e-06 4.048096192384752 6.74799599198401e-07 6.74799599198401e-07 6.747995991984009e-08
0.036673346693386774 3.1498997995991974e-06 3.809819639278556e-06 1.683366733466935 2.1178757515030037e-07 2.1178757515030037e-07 2.1178757515030038e-08
0.10414829659318639 2.5613226452905804e-06 8.892985971943885e-06 6.73346693386775 1.847635270541081e-07 1.847635270541081e-07 1.847635270541081e-08
0.18274549098196288 4.023847695390781e-06 3.934669338677354e-06 9.899799599198449 7.468637274549147e-07 7.468637274549147e-07 7.468637274549147e-08
0.1204609218436874 9.382765531062121e-07 4.006012024048095e-06 9.438877755511069 7.252444889779606e-07 7.252444889779606e-07 7.252444889779606e-08
0.21462925851703243 6.556513026052102e-06 2.1867735470941878e-06 6.292585170340691 4.279799599198413e-07 4.279799599198413e-07 4.279799599198413e-08
0.06855711422845692 9.739478957915829e-07 1.7408817635270535e-06 0.9218436873747501 6.946172344689422e-07 6.946172344689422e-07 6.946172344689423e-08
0.276172344689376 1.3841683366733462e-06 7.777555110220438e-07 5.490981963927855 2.946613226452908e-07 2.946613226452908e-07 2.946613226452908e-08
0.2865531062124219 3.809819639278556e-06 7.127254509018034e-06 9.539078156312673 3.306933867735477e-07 3.306933867735477e-07 3.306933867735477e-08
0.3918436873747446 1.4911823647294584e-06 6.556513026052102e-06 1.0821643286573153 1.3611222444889782e-08 1.3611222444889782e-08 1.361122244488978e-09
0.04557114228456914 7.3591182364729435e-06 2.6148296593186365e-06 9.378757515030106 2.6763727454909815e-07 2.6763727454909815e-07 2.6763727454909814e-08
0.31398797595190037 1.473346693386773e-06 1.1166332665330658e-06 5.611222444889781 1.4873146292585174e-07 1.4873146292585174e-07 1.4873146292585173e-08
0.22797595190380573 7.064128256513023e-07 7.002404809619236e-06 6.613226452905825 4.7482164328657527e-07 4.7482164328657527e-07 4.7482164328657526e-08
0.030741482965931863 8.1438877755511e-06 3.417434869739478e-06 5.971943887775557 4.856312625250523e-07 4.856312625250523e-07 4.856312625250523e-08
0.23761523046091979 7.697995991983965e-06 9.382765531062121e-07 4.609218436873737 3.180821643286578e-07 3.180821643286578e-07 3.180821643286578e-08
0.13084168336673338 1.5981963927855706e-06 1.5350701402805608e-07 6.112224448897803 5.721082164328688e-07 5.721082164328688e-07 5.721082164328688e-08
0.30953907815630927 4.469739478957915e-06 8.999999999999997e-06 0.3006012024048096 8.981983967935937e-07 8.981983967935937e-07 8.981983967935937e-08
0.12268537074148299 7.073747494989978e-06 4.648096192384768e-06 7.114228456913847 1.2350901803607228e-07 1.2350901803607228e-07 1.2350901803607228e-08
0.2821042084168308 1.1166332665330658e-06 8.44709418837675e-06 8.757515030060159 6.946092184368739e-08 6.946092184368739e-08 6.9460921843687384e-09
0.13158316633266523 7.341282565130258e-06 8.108216432865729e-06 0.08016032064128256 6.693947895791624e-07 6.693947895791624e-07 6.693947895791625e-08
0.19016032064128138 6.342484969939878e-06 6.164128256513024e-06 7.775551102204436 6.045290581162323e-08 6.045290581162323e-08 6.045290581162323e-09
0.04482965931863728 6.806212424849697e-06 7.5553106212424824e-06 6.773547094188392 7.594749498998047e-07 7.594749498998047e-07 7.594749498998047e-08
0.14715430861723408 8.44709418837675e-06 2.7575150300601194e-06 1.4028056112224458 2.766452905811624e-07 2.766452905811624e-07 2.7664529058116236e-08
0.05521042084168337 2.846693386773546e-06 7.6088176352705385e-06 8.517034068136308 6.765931863727455e-08 6.765931863727455e-08 6.765931863727456e-09
0.3621843687374706 6.092785571142283e-06 3.898997995991983e-06 7.995991983967966 2.8745490981963944e-07 2.8745490981963944e-07 2.8745490981963943e-08
0.39555110220440387 5.272344689378756e-06 4.1665330661322635e-06 9.01803607214433 2.4781963927855686e-07 2.4781963927855686e-07 2.4781963927855688e-08
0.20721442885771393 9.917835671342682e-07 4.594589178356712e-06 3.6873747494989826 3.1628056112224495e-07 3.1628056112224495e-07 3.1628056112224495e-08
0.20498997995991838 2.7040080160320633e-06 6.057114228456912e-06 6.5130260521042205 8.819839679358781e-07 8.819839679358781e-07 8.81983967935878e-08
0.21537074148296428 6.039278557114227e-06 4.2104208416833653e-07 8.35671342685374 3.3609819639278624e-07 3.3609819639278624e-07 3.360981963927862e-08
0.2806212424849671 4.237875751503005e-06 3.4887775551102193e-06 2.104208416833668 6.27957915831667e-07 6.27957915831667e-07 6.27957915831667e-08
0.37923847695390317 6.610020040080158e-06 7.3591182364729435e-06 2.3647294589178336 4.1356713426853856e-07 4.1356713426853856e-07 4.135671342685386e-08
0.05891783567134269 2.3294589178356707e-06 3.274749498997995e-06 7.41482965931866 2.6403406813627246e-07 2.6403406813627246e-07 2.6403406813627247e-08
0.15901803607214368 7.777555110220438e-07 7.876352705410819e-06 0.38076152304609223 4.2617835671342847e-07 4.2617835671342847e-07 4.2617835671342844e-08
0.33919839679358327 4.576753507014027e-06 6.663527054108214e-06 8.55711422845695 1.9917635270541064e-07 1.9917635270541064e-07 1.9917635270541066e-08
0.29026052104208117 3.7384769539078144e-06 4.5671342685370725e-07 6.472945891783579 8.675711422845753e-07 8.675711422845753e-07 8.675711422845753e-08
0.3888777555110172 1.9192384769539073e-06 1.277154308617234e-06 5.030060120240475 5.667034068136303e-07 5.667034068136303e-07 5.667034068136303e-08
0.17384769539078068 7.091583166332663e-06 7.252104208416831e-06 6.713426853707429 4.910360721442908e-07 4.910360721442908e-07 4.910360721442908e-08
0.07967935871743488 3.470941883767534e-06 1.2058116232464926e-06 4.7895791583166245 1e-09 1e-09 1e-10
0.3814629258516987 8.126052104208414e-06 7.4126252505009995e-06 2.20440881763527 8.657695390781625e-07 8.657695390781625e-07 8.657695390781625e-08
0.15086172344689333 7.662324649298595e-06 3.720641282565129e-06 0.8617234468937881 4.0455911823647433e-07 4.0455911823647433e-07 4.0455911823647436e-08
0.10933867735470944 2.4543086172344682e-06 8.571943887775548e-06 7.1943887775551305 4.405911823647312e-07 4.405911823647312e-07 4.4059118236473125e-08
0.3710821643286528 4.344889779559117e-06 8.375751503006009e-06 3.607214428857701 2.1899398797595164e-07 2.1899398797595164e-07 2.1899398797595165e-08
0.23909819639278349 7.626653306613224e-06 6.5743486973947875e-06 3.10621242484969 8.027134268537129e-07 8.027134268537129e-07 8.02713426853713e-08
0.13973947895791558 2.828857715430861e-06 7.198597194388775e-06 3.026052104208408 5.450841683366762e-07 5.450841683366762e-07 5.4508416833667615e-08
0.11452905811623248 8.036873747494987e-06 3.613627254509017e-06 6.212424849699407 4.4959919839679545e-07 4.4959919839679545e-07 4.495991983967955e-08
0.34068136272544697 2.632665330661322e-06 6.94889779559118e-06 7.394789579158339 2.8024849699398806e-07 2.8024849699398806e-07 2.8024849699398806e-08
0.36589178356712987 4.630260521042083e-06 4.683767535070139e-06 0.6412825651302608 7.576733466933918e-07 7.576733466933918e-07 7.576733466933919e-08
0.08486973947895793 4.8086172344689366e-06 3.5601202404809607e-06 7.515030060120265 2.9646292585170366e-07 2.9646292585170366e-07 2.9646292585170366e-08
0.059659318637274555 1.5803607214428852e-06 6.788376753507012e-06 2.164328657314629 3.577174348697404e-07 3.577174348697404e-07 3.5771743486974036e-08
0.09821643286573148 8.750300601202402e-06 5.736072144288575e-06 6.693386773547108 4.477975951903826e-07 4.477975951903826e-07 4.477975951903826e-08
0.18645290581162213 1.419839679358717e-06 5.682565130260519e-06 3.667334669338662 5.919258517034101e-07 5.919258517034101e-07 5.919258517034101e-08
0.2924849699398767 5.611222444889778e-06 7.323446893787573e-06 5.1503006012024 1.1269939879759534e-07 1.1269939879759534e-07 1.1269939879759534e-08
0.25466933867735236 5.48637274549098e-06 4.7551102204408805e-06 7.014028056112243 7.162364729458964e-07 7.162364729458964e-07 7.162364729458964e-08
0.032965931863727455 5.664729458917834e-06 6.021442885771541e-06 0.3406813627254509 5.252665330661349e-07 5.252665330661349e-07 5.252665330661349e-08
0.0752304609218437 8.215230460921841e-06 3.916833667334668e-06 6.412825651302616 7.720861723446946e-07 7.720861723446946e-07 7.720861723446945e-08
0.34809619238476547 6.841883767535068e-06 5.5398797595190364e-06 0.1603206412825651 8.423486973947955e-07 8.423486973947955e-07 8.423486973947955e-08
0.035190380761523046 1.3484969939879755e-06 2.2759519038076146e-06 2.064128256513027 1.343186372745492e-07 1.343186372745492e-07 1.3431863727454919e-08
0.36440881763526617 2.543486973947895e-06 6.752705410821641e-06 6.132264529058124 2.730420841683367e-07 2.730420841683367e-07 2.730420841683367e-08
0.33474949899799217 2.596993987975951e-06 8.072545090180358e-06 2.745490981963922 8.71174348697401e-07 8.71174348697401e-07 8.71174348697401e-08
0.25615230460921606 8.357915831663324e-06 3.7028056112224436e-06 4.90981963927855 3.8113827655310736e-07 3.8113827655310736e-07 3.811382765531073e-08
0.3013827655310589 8.857314629258514e-06 3.5066132264529046e-06 5.711422845691385 3.955511022044101e-07 3.955511022044101e-07 3.9555110220441014e-08
0.17681362725450808 6.074949899799597e-06 5.646893787575149e-06 7.675350701402832 5.090521042084193e-07 5.090521042084193e-07 5.0905210420841926e-08
0.07597194388777556 3.5066132264529046e-06 2.2581162324649292e-06 1.6633266533066144 5.12655310621245e-07 5.12655310621245e-07 5.1265531062124497e-08
0.24947895791582939 6.859719438877753e-06 4.291382765531061e-06 2.7254509018036015 6.045370741483e-07 6.045370741483e-07 6.045370741483001e-08
0.08931863727454911 3.318637274549097e-07 8.17955911823647e-06 3.8677354709418665 1.8296192384769528e-07 1.8296192384769528e-07 1.829619238476953e-08
0.15827655310621183 8.161723446893785e-06 1.5446893787575145e-06 6.232464929859728 3.523046092184368e-08 3.523046092184368e-08 3.5230460921843676e-09
0.05446893787575151 7.376953907815629e-06 3.827655310621242e-06 7.294589178356735 3.1988376753507064e-07 3.1988376753507064e-07 3.1988376753507066e-08
0.08412825651302606 2.1689378757515024e-06 6.913226452905809e-06 1.3827655310621252 5.991322645290615e-07 5.991322645290615e-07 5.991322645290615e-08
0.2672745490981938 8.768136272545087e-06 5.71823647294589e-06 9.338677354709464 8.567535070140287e-08 8.567535070140287e-08 8.567535070140287e-09
0.13010020040080153 7.252104208416831e-06 1.9014028056112218e-06 1.2024048096192392 4.4599599198396976e-07 4.4599599198396976e-07 4.459959919839698e-08
0.23464929859719239 5.432865731462924e-06 5.522044088176351e-06 6.392785571142295 6.85609218436878e-07 6.85609218436878e-07 6.856092184368781e-08
0.08042084168336674 3.6753507014028044e-07 2.9180360721442877e-06 0.8016032064128261 2.496212424849697e-07 2.496212424849697e-07 2.496212424849697e-08
0.21981963927855538 6.431663326653305e-06 4.790781563126251e-06 1.5230460921843698 1.1810420841683383e-07 1.1810420841683383e-07 1.1810420841683383e-08
0.32436873747494627 5.807414829659317e-06 4.630260521042083e-06 6.27254509018037 1.937715430861722e-07 1.937715430861722e-07 1.937715430861722e-08
0.08190380761523047 5.165330661322644e-06 1.4376753507014023e-06 9.819639278557165 4.153687374749514e-07 4.153687374749514e-07 4.153687374749514e-08
0.10118236472945893 7.287775551102202e-06 6.841883767535068e-06 7.735470941883794 8.747775551102267e-07 8.747775551102267e-07 8.747775551102268e-08
0.06410821643286574 5.993987975951902e-07 4.897795591182363e-06 8.256513026052136 6.729979959919881e-07 6.729979959919881e-07 6.729979959919881e-08
0.07448897795591183 5.860921843687373e-06 6.431663326653305e-06 4.769539078156304 7.846893787575154e-08 7.846893787575154e-08 7.846893787575155e-09
0.28284569138276267 4.059519038076151e-06 6.6278557114228436e-06 8.276553106212457 8.351422845691441e-07 8.351422845691441e-07 8.351422845691441e-08
0.18571142284569028 6.94889779559118e-06 3.0250501002004e-06 6.352705410821653 6.766012024048138e-07 6.766012024048138e-07 6.766012024048139e-08
0.07745490981963929 1.3128256513026048e-06 3.5422845691382754e-06 7.655310621242511 5.70306613226456e-07 5.70306613226456e-07 5.70306613226456e-08
0.23242484969939683 8.304408817635268e-06 6.306813627254507e-06 3.4468937875751373 5.054488977955936e-07 5.054488977955936e-07 5.0544889779559356e-08
0.14789579158316593 5.236673346693385e-06 6.1819639278557095e-06 9.038076152304651 6.910140280561166e-07 6.910140280561166e-07 6.910140280561165e-08
0.29767535070139967 2.008416833667334e-06 5.611222444889778e-06 4.348697394789565 1.739539078156312e-07 1.739539078156312e-07 1.739539078156312e-08
0.34957915831662917 4.077354709418837e-06 3.7384769539078144e-06 8.917835671342726 9.108016032064136e-08 9.108016032064136e-08 9.108016032064136e-09
0.13232464929859708 1.027454909819639e-06 6.360320641282563e-06 8.136272545090211 2.5862925851703393e-07 2.5862925851703393e-07 2.586292585170339e-08
0.19535070140280433 8.554108216432863e-06 2.1689378757515024e-06 2.384769539078154 2.982645290581165e-07 2.982645290581165e-07 2.982645290581165e-08
0.335490981963924 3.7028056112224436e-06 7.983366733466931e-06 2.2244488977955905 1.0909619238476967e-07 1.0909619238476967e-07 1.0909619238476967e-08
0.39703406813626757 5.71823647294589e-06 7.394789579158314e-06 8.076152304609248 6.117434869739514e-07 6.117434869739514e-07 6.117434869739513e-08
0.06781563126252506 7.002404809619236e-06 4.745490981963926e-07 8.496993987975987 1.4332665330661328e-07 1.4332665330661328e-07 1.4332665330661328e-08
0.19831663326653173 3.898997995991983e-06 6.520841683366731e-06 9.398797595190427 6.297595190380798e-07 6.297595190380798e-07 6.297595190380798e-08
0.21018036072144133 3.845490981963927e-06 1.9192384769539073e-06 4.869739478957908 7.144348697394835e-07 7.144348697394835e-07 7.144348697394836e-08
0.24058116232464719 2.3651302605210414e-06 7.822845691382763e-06 1.4428857715430872 7.810941883767588e-07 7.810941883767588e-07 7.810941883767588e-08
0.2998997995991952 5.254509018036071e-06 4.92384769539078e-07 8.637274549098233 1.36120240480962e-07 1.36120240480962e-07 1.36120240480962e-08
0.08709418837675352 2.783567134268536e-07 5.236673346693385e-06 5.83166332665331 4.784168336673345e-08 4.784168336673345e-08 4.784168336673345e-09
0.2895190380761493 3.952505010020039e-06 2.9002004008016023e-06 5.731462925851706 8.387454909819698e-07 8.387454909819698e-07 8.387454909819699e-08
0.34661322645290177 7.1629258517034045e-06 3.3995991983967925e-06 1.1422845691382773 5.612985971943918e-07 5.612985971943918e-07 5.612985971943918e-08
0.35699398797594767 2.935871743486973e-06 4.041683366733466e-06 1.1823647294589186 7.937054108216487e-07 7.937054108216487e-07 7.937054108216488e-08
0.32585170340680997 7.751503006012021e-06 8.669338677354706e-07 6.793587174348713 8.927855711422853e-08 8.927855711422853e-08 8.927855711422852e-09
0.21166332665330503 3.9703406813627245e-06 5.325851703406812e-06 8.476953907815666 4.676152304609239e-07 4.676152304609239e-07 4.676152304609239e-08
0.09673346693386775 3.667134268537073e-06 8.126052104208414e-06 7.955911823647324 8.206412825651303e-09 8.206412825651303e-09 8.206412825651303e-10
0.12416833667334672 5.076152304609217e-06 4.113026052104207e-06 7.815631262525078 5.108537074148321e-07 5.108537074148321e-07 5.108537074148321e-08
0.36144288577153877 5.2188376753507e-06 5.379358717434868e-06 8.877755511022084 7.054268537074193e-07 7.054268537074193e-07 7.054268537074193e-08
0.19386773547094063 5.3971943887775535e-06 8.661122244488975e-06 8.7975951903808 4.568056112224468e-07 4.568056112224468e-07 4.568056112224468e-08
0.2746893787575123 2.9002004008016023e-06 3.5957915831663314e-06 7.254509018036093 1.55937875751503e-07 1.55937875751503e-07 1.5593787575150302e-08
0.09525050100200402 5.1474949899799584e-06 8.982164328657311e-06 3.0861723446893694 9.648496993987986e-08 9.648496993987986e-08 9.648496993987986e-09
0.07893787575150302 4.4162324649298586e-06 4.772945891783566e-06 8.33667334669342 1.8116032064128246e-07 1.8116032064128246e-07 1.8116032064128248e-08
0.16865731462925773 3.916833667334668e-06 3.7563126252504997e-06 7.8757515030060405 7.666733466933871e-08 7.666733466933871e-08 7.666733466933871e-09
0.3666332665330617 2.739679358717434e-06 2.400801603206412e-06 4.068136272545073 3.703286573146303e-07 3.703286573146303e-07 3.703286573146303e-08
0.12194388777555112 4.388777555110219e-07 1.669539078156312e-06 5.250501002004005 7.036252505010065e-07 7.036252505010065e-07 7.036252505010065e-08
0.16198396793587108 2.5256513026052097e-06 8.696793587174346e-06 2.4048096192384745 8.693727454909882e-07 8.693727454909882e-07 8.693727454909882e-08
0.055951903807615236 4.541082164328656e-06 7.2164328657314605e-06 5.290581162324647 2.406132264529055e-07 2.406132264529055e-07 2.4061322645290547e-08
0.26356713426853456 6.44949899799599e-06 5.753907815631261e-06 5.390781563126251 1.2170741482965947e-07 1.2170741482965947e-07 1.2170741482965946e-08
0.04779559118236473 3.435270541082163e-06 4.237875751503005e-06 6.913827655310638 8.74769539078157e-08 8.74769539078157e-08 8.74769539078157e-09
0.13603206412825633 4.826452905811622e-06 1.027454909819639e-06 5.631262525050102 3.9735270541082296e-07 3.9735270541082296e-07 3.9735270541082296e-08
0.3087975951903774 4.737274549098195e-06 3.1402805611222435e-07 0.5410821643286575 2.2619238476953905e-08 2.2619238476953905e-08 2.2619238476953904e-09
0.35995991983967507 7.0202404809619216e-06 5.3971943887775535e-06 5.190380761523042 5.540921843687404e-07 5.540921843687404e-07 5.540921843687404e-08
0.3740480961923802 4.933466933867734e-06 5.878757515030058e-06 1.8436873747495004 4.063607214428872e-07 4.063607214428872e-07 4.063607214428872e-08
0.057434869739478964 4.915631262525049e-06 6.395991983967934e-06 9.599198396793636 7.630781563126303e-07 7.630781563126303e-07 7.630781563126303e-08
0.22204408817635093 8.999999999999997e-06 6.172344689378755e-07 0.06012024048096192 6.549819639278597e-07 6.549819639278597e-07 6.549819639278596e-08
0.03444889779559118 1.7587174348697389e-06 8.161723446893785e-06 3.6472945891783417 7.306412825651305e-08 7.306412825651305e-08 7.3064128256513045e-09
0.03593186372745491 5.637274549098194e-07 6.71703406813627e-06 2.5050100200400767 7.396573146292634e-07 7.396573146292634e-07 7.396573146292634e-08
0.18496993987975843 5.325851703406812e-06 6.7705410821643265e-06 2.705410821643281 1.4152505010020047e-07 1.4152505010020047e-07 1.4152505010020046e-08
0.27098196392785306 1.8835671342685364e-06 2.5256513026052097e-06 4.849699398797587 4.820280561122266e-07 4.820280561122266e-07 4.820280561122266e-08
0.09450901803607216 4.5589178356713415e-06 6.271142284569136e-06 4.2685370741482815 4.9643286573146275e-08 4.9643286573146275e-08 4.964328657314628e-09
0.05298597194388778 5.0048096192384755e-06 7.091583166332663e-06 8.897795591182405 2.4241482965931833e-07 2.4241482965931833e-07 2.4241482965931832e-08
0.13380761523046078 6.350701402805609e-07 5.896593186372744e-06 7.975951903807645 4.89234468937878e-07 4.89234468937878e-07 4.89234468937878e-08
0.04408817635270541 6.1819639278557095e-06 4.3627254509018025e-06 7.935871743487003 5.6849699398797574e-08 5.6849699398797574e-08 5.6849699398797575e-09
0.06114228456913828 5.5933867735470925e-06 4.327054108216432e-06 5.551102204408818 6.62188376753511e-07 6.62188376753511e-07 6.62188376753511e-08
0.3977755511021994 2.1332665330661317e-06 3.0072144288577145e-06 1.5430861723446905 1.721442885771543e-08 1.721442885771543e-08 1.7214428857715431e-09
0.3191783567134233 5.111823647294588e-06 8.714629258517031e-06 2.1442885771543088 7.55871743486979e-07 7.55871743486979e-07 7.558717434869789e-08
0.20276553106212283 4.969138276553105e-06 5.076152304609217e-06 9.619238476953957 7.32450901803612e-07 7.32450901803612e-07 7.32450901803612e-08
0.35106212424849287 3.934669338677354e-06 2.4186372745490975e-06 0.18036072144288573 4.2436873747494976e-08 4.2436873747494976e-08 4.243687374749497e-09
0.32733466933867367 3.132064128256512e-06 5.815631262525048e-07 2.0040080160320657 5.504889779559147e-07 5.504889779559147e-07 5.504889779559147e-08
0.07078156312625251 8.518436873747492e-06 1.7943887775551096e-06 3.5470941883767395 1.0188977955911835e-07 1.0188977955911835e-07 1.0188977955911835e-08
0.24503006012023829 5.183166332665329e-06 2.1332665330661317e-06 4.509018036072132 2.604308617234468e-07 2.604308617234468e-07 2.6043086172344677e-08
0.3755310621242439 2.9180360721442877e-06 8.304408817635268e-06 2.6452905811623197 3.7213026052104313e-07 3.7213026052104313e-07 3.721302605210431e-08
0.2524448897795568 1.6873747494989974e-06 8.839478957915829e-06 4.729458917835662 3.054709418837679e-07 3.054709418837679e-07 3.054709418837679e-08
0.25911823647294346 6.164128256513024e-06 5.468537074148295e-06 4.589178356713416 4.964408817635294e-07 4.964408817635294e-07 4.9644088176352934e-08
0.22426853707414648 3.98817635270541e-06 8.928657314629255e-06 8.176352705410853 4.982424849699422e-07 4.982424849699422e-07 4.982424849699422e-08
0.2687575150300575 8.054709418837673e-06 8.429258517034065e-06 3.3667334669338556 3.5591583166332753e-07 3.5591583166332753e-07 3.5591583166332755e-08
0.2880360721442856 1.2593186372745487e-06 8.357915831663324e-06 7.054108216432884 6.892124248497037e-07 6.892124248497037e-07 6.892124248497037e-08
0.33326653306612847 5.914428857715429e-06 2.882364729458917e-06 6.312625250501012 3.919478957915844e-07 3.919478957915844e-07 3.9194789579158444e-08
0.03741482965931864 1.4376753507014023e-06 4.148697394789578e-06 8.036072144288607 6.711963927855753e-07 6.711963927855753e-07 6.711963927855753e-08
0.14492985971943853 8.803807615230458e-06 8.215230460921841e-06 8.77755511022048 3.1267735470941926e-07 3.1267735470941926e-07 3.1267735470941925e-08
0.18941883767534953 4.745490981963926e-07 3.2569138276553096e-06 9.058116232464972 5.23464929859722e-07 5.23464929859722e-07 5.23464929859722e-08
0.38220440881763057 5.280561122244487e-07 8.233066132264526e-06 4.829659318637266 3.252885771543092e-07 3.252885771543092e-07 3.252885771543092e-08
0.14196392785571113 7.840681362725448e-06 5.040480961923846e-06 1.7034068136272558 5.81116232464933e-07 5.81116232464933e-07 5.8111623246493304e-08
0.2568937875751479 6.235470941883766e-06 1.7230460921843681e-06 8.236472945891816 3.70320641282565e-08 3.70320641282565e-08 3.7032064128256502e-09
0.3102805611222411 6.057114228456912e-06 4.505410821643285e-06 0.8817635270541088 2.532244488977954e-07 2.532244488977954e-07 2.532244488977954e-08
0.14344689378757483 8.964328657314626e-06 5.932264529058114e-06 2.284569138276552 3.595190380761532e-07 3.595190380761532e-07 3.5951903807615325e-08
0.06929859719438879 6.110621242484968e-06 2.3116232464929853e-06 8.697394789579196 2.856533066132266e-07 2.856533066132266e-07 2.856533066132266e-08
0.16050100200400738 4.041683366733466e-06 5.458917835671341e-07 6.95390781563128 8.47753507014034e-07 8.47753507014034e-07 8.477535070140341e-08
0.20943887775550948 6.172344689378755e-07 2.097595190380761e-06 1.3226452905811632 6.405611222444889e-08 6.405611222444889e-08 6.405611222444889e-09
0.15308617234468888 9.204408817635267e-07 8.482765531062121e-06 4.188376753506998 5.216633266533092e-07 5.216633266533092e-07 5.216633266533092e-08
0.20350701402805468 6.413827655310619e-06 1.473346693386773e-06 5.350701402805609 3.216853707414835e-07 3.216853707414835e-07 3.216853707414835e-08
0.34216432865731067 8.500601202404807e-06 2.543486973947895e-06 5.571142284569139 6.405691382765569e-07 6.405691382765569e-07 6.40569138276557e-08
0.26505010020039826 7.965531062124246e-06 3.3460921843687364e-06 4.128256513026035 6.459739478957954e-07 6.459739478957954e-07 6.459739478957954e-08
0.15753507014027998 8.17955911823647e-06 8.393587174348695e-06 3.166332665330651 8.243326653306671e-07 8.243326653306671e-07 8.24332665330667e-08
0.39258517034067647 2.2484969939879754e-07 6.110621242484968e-06 0.8416833667334674 7.612765531062175e-07 7.612765531062175e-07 7.612765531062175e-08
0.13825651302605188 5.682565130260519e-06 7.68016032064128e-06 3.9478957915831483 4.1717034068136425e-07 4.1717034068136425e-07 4.171703406813642e-08
0.17829659318637178 1.9014028056112218e-06 2.5791583166332658e-06 7.314629258517056 3.9374949899799727e-07 3.9374949899799727e-07 3.9374949899799725e-08
0.10637274549098198 8.67895791583166e-06 2.151102204408817e-06 9.498997995992031 2.135891783567132e-07 2.135891783567132e-07 2.135891783567132e-08
0.12861723446893783 1.1783567134268536e-07 7.894188376753504e-06 1.1222444889779566 6.51378757515034e-07 6.51378757515034e-07 6.51378757515034e-08
0.35402805611222027 8.785971943887772e-06 6.529058116232462e-07 6.372745490981974 8.621663326653368e-07 8.621663326653368e-07 8.621663326653368e-08
0.3518036072144247 1.7052104208416828e-06 5.2188376753507e-06 2.845691382765524 6.838076152304652e-07 6.838076152304652e-07 6.838076152304651e-08
0.22352705410821463 8.928657314629255e-06 4.541082164328656e-06 2.2645290581162314 5.306713426853734e-07 5.306713426853734e-07 5.306713426853734e-08
0.08561122244488979 5.629058116232463e-06 9.739478957915829e-07 8.156312625250532 8.963967935871808e-07 8.963967935871808e-07 8.963967935871808e-08
0.23539078156312424 2.400801603206412e-06 1.5803607214428852e-06 9.91983967935877 3.829398797595202e-07 3.829398797595202e-07 3.829398797595202e-08
0.3473547094188336 5.468537074148295e-06 3.6849699398797583e-06 2.1242484969939883 7.180380761523092e-07 7.180380761523092e-07 7.180380761523092e-08
0.2628256513026027 3.2569138276553096e-06 3.318637274549097e-07 0.7815631262525055 3.8474148296593305e-07 3.8474148296593305e-07 3.84741482965933e-08
0.26208416833667086 3.720641282565129e-06 1.5625250501001999e-06 1.9038076152304624 3.090741482965936e-07 3.090741482965936e-07 3.0907414829659355e-08
0.11897795591182367 8.91082164328657e-06 8.019038076152302e-06 7.915831663326682 5.342745490981991e-07 5.342745490981991e-07 5.342745490981991e-08
0.31547094188376407 6.128456913827653e-06 2.489979959919839e-06 8.817635270541121 4.189719438877771e-07 4.189719438877771e-07 4.189719438877771e-08
0.3310420841683329 1.5350701402805608e-07 2.9537074148296584e-06 9.559118236472994 5.432825651302633e-07 5.432825651302633e-07 5.4328256513026334e-08
0.3992585170340631 7.234268537074146e-06 4.095190380761522e-06 2.4448897795591154 1.16302605210421e-07 1.16302605210421e-07 1.16302605210421e-08
0.23390781563126053 1.7230460921843681e-06 4.25571142284569e-06 4.549098196392774 3.901462925851716e-07 3.901462925851716e-07 3.9014629258517155e-08
0.29322645290580857 8.250901803607212e-06 2.7218436873747487e-06 5.791583166332669 8.315390781563184e-07 8.315390781563184e-07 8.315390781563185e-08
0.11156312625250503 5.932264529058114e-06 8.625450901803604e-06 5.81162324649299 4.838296593186394e-07 4.838296593186394e-07 4.838296593186394e-08
0.22501002004007833 8.64328657314629e-06 8.286573146292582e-06 4.1082164328657145 3.018677354709422e-07 3.018677354709422e-07 3.018677354709422e-08
0.14863727454909778 3.042885771543085e-06 7.91202404809619e-06 2.5851703406813584 6.081402805611257e-07 6.081402805611257e-07 6.081402805611257e-08
0.30212424849699077 8.393587174348695e-06 3.52444889779559e-06 7.5350701402805855 7.486653306613276e-07 7.486653306613276e-07 7.486653306613276e-08
0.30360721442885447 7.394789579158314e-06 7.234268537074146e-06 2.7655310621242424 4.063527054108215e-08 4.063527054108215e-08 4.0635270541082155e-09
0.16717434869739403 4.98697394789579e-06 1.616032064128256e-06 8.57715430861727 6.225450901803606e-08 6.225450901803606e-08 6.225450901803606e-09
0.33771543086171957 1.223647294589178e-06 7.430460921843685e-06 3.3066132264528942 7.522685370741533e-07 7.522685370741533e-07 7.522685370741533e-08
0.29619238476953597 7.805010020040078e-06 1.3484969939879755e-06 4.428857715430849 8.009118236473001e-07 8.009118236473001e-07 8.009118236473e-08
0.20202404809619098 3.274749498997995e-06 8.589779559118233e-06 8.657314629258554 2.0998597194388755e-07 2.0998597194388755e-07 2.0998597194388756e-08
0.17236472945891698 7.894188376753504e-06 2.783567134268536e-07 8.316633266533099 2.6222444889779554e-08 2.6222444889779554e-08 2.6222444889779553e-09
0.15975951903807553 5.575551102204407e-06 6.6813627254509e-06 5.050100200400796 3.415030060120248e-07 3.415030060120248e-07 3.415030060120248e-08
0.06559118236472947 3.0072144288577145e-06 6.88577154308617e-07 1.5831663326653318 7.540701402805661e-07 7.540701402805661e-07 7.540701402805661e-08
0.2554108216432842 4.844288577154307e-06 2.4543086172344682e-06 7.134268537074168 6.135450901803642e-07 6.135450901803642e-07 6.135450901803643e-08
0.0915430861723447 6.503006012024046e-06 3.1677354709418827e-06 3.6272545090180213 4.5320240480962114e-07 4.5320240480962114e-07 4.532024048096211e-08
0.15605210420841628 5.700400801603205e-06 2.989378757515029e-06 6.3326653306613325 5.46885771543089e-07 5.46885771543089e-07 5.46885771543089e-08
0.22649298597194203 3.631462925851702e-06 5.7895791583166315e-06 0.6212424849699402 5.414809619238505e-07 5.414809619238505e-07 5.4148096192385045e-08
0.09006012024048098 7.109418837675348e-06 5.557715430861722e-06 2.8657314629258446 1.7935871743486964e-07 1.7935871743486964e-07 1.7935871743486966e-08
0.16569138276553033 7.733667334669336e-06 8.607615230460919e-06 8.216432865731495 8.153246492986028e-07 8.153246492986028e-07 8.153246492986028e-08
0.0833867735470942 3.853707414829658e-07 6.806212424849697e-06 4.929859719438871 1.0008817635270552e-07 1.0008817635270552e-07 1.0008817635270551e-08
0.17607214428857623 3.1402805611222435e-07 4.915631262525049e-06 2.885771543086165 5.829178356713459e-07 5.829178356713459e-07 5.8291783567134586e-08
0.20054108216432728 8.732464929859716e-06 1.812224448897795e-06 0.4408817635270542 6.874108216432909e-07 6.874108216432909e-07 6.874108216432909e-08
0.2509619238476931 3.5422845691382754e-06 4.6124248496993976e-06 4.22845691382764 7.66681362725456e-07 7.66681362725456e-07 7.666813627254561e-08
0.2657915831663301 7.305611222444887e-06 1.5090180360721438e-06 4.488977955911811 3.0006613226452935e-07 3.0006613226452935e-07 3.000661322645293e-08
0.19609218436873618 7.983366733466931e-06 2.2224448897795585e-06 2.525050100200397 2.2079559118236446e-07 2.2079559118236446e-07 2.2079559118236447e-08
0.2583767535070116 5.290180360721441e-06 4.023847695390781e-06 0.42084168336673355 5.775130260521074e-07 5.775130260521074e-07 5.7751302605210734e-08
0.16124248496993923 5.646893787575149e-06 8.054709418837673e-06 2.985971943887767 4.874328657314651e-07 4.874328657314651e-07 4.874328657314651e-08
0.0996993987975952 8.108216432865729e-06 7.064128256513023e-07 7.274549098196414 1.6854909819639274e-07 1.6854909819639274e-07 1.6854909819639275e-08
0.21833667334669168 4.862124248496993e-06 7.376953907815629e-06 6.452905811623258 5.847194388777587e-07 5.847194388777587e-07 5.8471943887775875e-08
0.08116232464929861 8.839478957915829e-06 4.4875751503006e-06 0.7414829659318641 8.261342685370799e-07 8.261342685370799e-07 8.261342685370799e-08
0.13751503006012003 1.0631262525050097e-06 6.253306613226451e-06 0.12024048096192383 3.883366733466933e-08 3.883366733466933e-08 3.883366733466933e-09
0.3221442885771507 8.589779559118233e-06 1.6873747494989974e-06 7.85571142284572 6.333627254509055e-07 6.333627254509055e-07 6.333627254509056e-08
0.26653306613226196 5.825250501002002e-06 5.9501002004008e-06 9.198396793587218 1.4692985971943892e-07 1.4692985971943892e-07 1.4692985971943892e-08
0.13454909819639263 4.879959919839678e-06 5.165330661322644e-06 4.288577154308602 4.802264529058138e-07 4.802264529058138e-07 4.802264529058138e-08
0.3429058116232425 4.25571142284569e-06 2.3829659318637268e-06 2.9458917835671263 6.009338677354743e-07 6.009338677354743e-07 6.009338677354743e-08
0.07226452905811624 4.006012024048095e-06 4.826452905811622e-06 8.537074148296629 6.603867735470982e-07 6.603867735470982e-07 6.603867735470982e-08
0.15160320641282518 7.44829659318637e-06 4.130861723446893e-06 3.747494989979944 1.9016032064128256e-08 1.9016032064128256e-08 1.9016032064128256e-09
0.30509018036071817 1.1523046092184365e-06 1.3841683366733462e-06 7.3747494989980185 3.342965931863734e-07 3.342965931863734e-07 3.342965931863734e-08
0.2850701402805582 5.753907815631261e-06 2.436472945891783e-06 5.911823647294594 7.270460921843735e-07 7.270460921843735e-07 7.270460921843734e-08
0.16791583166332588 5.9857715430861705e-06 2.4721442885771536e-06 10.000000000000053 6.784028056112266e-07 6.784028056112266e-07 6.784028056112267e-08
0.05150300601202405 3.0250501002004e-06 2.347294589178356e-06 4.46893787575149 2.8016032064128258e-09 2.8016032064128258e-09 2.801603206412826e-10
0.12713426853707413 1.4020040080160316e-06 7.733667334669336e-06 2.6853707414829606 5.649018036072174e-07 5.649018036072174e-07 5.649018036072174e-08
0.38961923847694907 1.812224448897795e-06 5.825250501002002e-06 2.9058116232464855 6.639899799599239e-07 6.639899799599239e-07 6.639899799599239e-08
0.22575150300601018 1.954909819639278e-06 2.6505010020040072e-06 9.298597194388822 1.3792184368737483e-07 1.3792184368737483e-07 1.3792184368737483e-08
0.32288577154308257 5.896593186372744e-06 6.877555110220439e-06 4.328657314629244 4.0996392785571287e-07 4.0996392785571287e-07 4.099639278557129e-08
0.16346693386773478 8.94649298597194e-06 6.44949899799599e-06 8.09619238476957 6.207515030060156e-07 6.207515030060156e-07 6.207515030060156e-08
0.17533066132264438 4.273547094188376e-06 1.1783567134268536e-07 1.8837675350701417 3.667254509018046e-07 3.667254509018046e-07 3.667254509018046e-08
0.25763527054107976 3.185571142284568e-06 7.038076152304607e-06 7.63527054108219 8.36943887775557e-07 8.36943887775557e-07 8.369438877755569e-08
0.20573146292585023 8.134268537074145e-07 6.288977955911822e-06 3.807615230460905 8.405470941883827e-07 8.405470941883827e-07 8.405470941883827e-08
0.13306613226452893 1e-07 4.469739478957915e-06 9.739478957915882 9.468336673346702e-08 9.468336673346702e-08 9.468336673346703e-09
0.17014028056112143 3.0963927855711413e-06 6.538677354709417e-06 9.47895791583171 7.234428857715478e-07 7.234428857715478e-07 7.234428857715478e-08
0.3043486973947863 2.097595190380761e-06 5.45070140280561e-06 8.196392785571174 4.2978156312625416e-07 4.2978156312625416e-07 4.2978156312625414e-08
0.2598597194388753 3.496993987975951e-07 1.7587174348697389e-06 1.743486973947897 6.964188376753551e-07 6.964188376753551e-07 6.964188376753551e-08
0.24577154308617014 4.434068136272544e-06 2.6052104208416826e-07 9.959919839679412 1.0008016032064129e-08 1.0008016032064129e-08 1.0008016032064128e-09
0.0937675350701403 7.537474949899797e-06 7.662324649298595e-06 0.48096192384769554 1.451282565130261e-07 1.451282565130261e-07 1.451282565130261e-08
0.0648496993987976 8.090380761523043e-06 5.058316633266532e-06 7.334669338677377 5.93727454909823e-07 5.93727454909823e-07 5.93727454909823e-08
0.3532865731462884 1.1879759519038072e-06 5.432865731462924e-06 4.889779559118229 5.324729458917862e-07 5.324729458917862e-07 5.324729458917862e-08
0.24132264529057904 6.71703406813627e-06 8.536272545090177e-06 3.2264529058116125 1.75755511022044e-07 1.75755511022044e-07 1.7575551102204402e-08
0.19979959919839543 1.669539078156312e-06 3.4531062124248485e-06 3.7675350701402643 7.504669338677404e-07 7.504669338677404e-07 7.504669338677405e-08
0.19905811623246358 3.078557114228456e-06 8.554108216432863e-06 0.5010020040080162 3.3249498997996055e-07 3.3249498997996055e-07 3.324949899799606e-08
0.3903607214428809 8.001202404809617e-06 6.003607214428856e-06 3.847695390781546 2.92859719438878e-07 2.92859719438878e-07 2.92859719438878e-08
0.24428857715430644 6.146292585170339e-06 4.862124248496993e-06 9.098196392785614 7.864989979959973e-07 7.864989979959973e-07 7.864989979959973e-08
0.24725450901803384 4.184368737474949e-06 6.199799599198395e-06 3.346693386773535 3.6132064128256607e-07 3.6132064128256607e-07 3.6132064128256607e-08
0.3770140280561076 2.7218436873747487e-06 5.280561122244487e-07 3.0460921843687285 6.153466933867771e-07 6.153466933867771e-07 6.153466933867771e-08
0.18422845691382658 7.64448897795591e-06 1.080961923847695e-06 0.32064128256513025 4.766232464929881e-07 4.766232464929881e-07 4.7662324649298814e-08
0.3725651302605165 1.2414829659318633e-06 1.2593186372745487e-06 1.2825651302605219 3.378997995991991e-07 3.378997995991991e-07 3.378997995991991e-08
0.10266533066132266 2.4721442885771536e-06 2.0619238476953902e-06 2.8056112224448833 2.622324649298596e-07 2.622324649298596e-07 2.6223246492985962e-08
0.3147294589178322 6.288977955911822e-06 1.5268537074148291e-06 5.871743486973952 8.225310621242542e-07 8.225310621242542e-07 8.225310621242542e-08
0.19460921843687248 2.686172344689378e-06 1.3567134268537072e-07 0.26052104208416826 4.6040080160320626e-08 4.6040080160320626e-08 4.6040080160320626e-09
0.19164328657314508 4.772945891783566e-06 8.964328657314626e-06 2.024048096192386 8.603647294589239e-07 8.603647294589239e-07 8.60364729458924e-08
0.27543086172344416 5.504208416833666e-06 7.341282565130258e-06 8.857715430861763 6.928156312625294e-07 6.928156312625294e-07 6.928156312625294e-08
0.19312625250500878 5.040480961923846e-06 6.21763527054108e-06 1.102204408817636 1.3251703406813637e-07 1.3251703406813637e-07 1.3251703406813637e-08
0.17755511022043993 1.1701402805611219e-06 3.0607214428857706e-06 3.5070140280560986 2.8385170340681375e-07 2.8385170340681375e-07 2.8385170340681377e-08
0.10044088176352707 6.8240480961923826e-06 3.239078156312624e-06 4.408817635270528 1.7035070140280555e-07 1.7035070140280555e-07 1.7035070140280557e-08
0.06188376753507015 4.451903807615229e-06 8.732464929859716e-06 3.4669338677354578 8.837855711422909e-07 8.837855711422909e-07 8.83785571142291e-08
0.0566933867735471 6.003607214428856e-06 6.342484969939878e-06 9.639278557114277 2.5502605210420824e-07 2.5502605210420824e-07 2.5502605210420825e-08
0.35254509018035657 1.865731462925851e-06 4.8086172344689366e-06 0.4609218436873749 6.243547094188413e-07 6.243547094188413e-07 6.243547094188413e-08
0.23094188376753313 2.9537074148296584e-06 5.700400801603205e-06 5.891783567134273 3.433046092184376e-07 3.433046092184376e-07 3.433046092184376e-08
0.18052104208416733 3.7563126252504997e-06 5.0048096192384755e-06 1.923847695390783 4.603206412825652e-09 4.603206412825652e-09 4.603206412825652e-10
0.24354709418837459 7.91202404809619e-06 1.8835671342685364e-06 8.957915831663367 3.342885771543085e-08 3.342885771543085e-08 3.3428857715430854e-09
0.3577354709418795 6.913226452905809e-06 8.090380761523043e-06 7.154308617234489 3.757334669338688e-07 3.757334669338688e-07 3.757334669338688e-08
0.053727454909819644 5.058316633266532e-06 4.844288577154307e-06 3.1462925851703307 5.396793587174376e-07 5.396793587174376e-07 5.3967935871743763e-08
0.17310621242484883 7.198597194388775e-06 1.891783567134268e-07 0.8216432865731468 1.1809619238476955e-08 1.1809619238476955e-08 1.1809619238476954e-09
0.20869739478957763 8.340080160320638e-06 7.073747494989978e-06 4.148296593186356 5.576953907815661e-07 5.576953907815661e-07 5.576953907815661e-08
0.37775551102203947 8.696793587174346e-06 2.935871743486973e-06 2.4849699398797562 2.3881162324649264e-07 2.3881162324649264e-07 2.3881162324649265e-08
0.17162324649298513 5.815631262525048e-07 1.7134268537074145e-07 6.432865731462937 3.6852705410821744e-07 3.6852705410821744e-07 3.685270541082175e-08
0.11304609218436876 3.328256513026051e-06 2.739679358717434e-06 5.110220440881759 1.1990581162324665e-07 1.1990581162324665e-07 1.1990581162324665e-08
0.2717234468937849 2.6505010020040072e-06 4.71943887775551e-06 6.653306613226467 7.306492985971991e-07 7.306492985971991e-07 7.306492985971992e-08
0.04705410821643287 7.466132264529056e-06 7.929859719438875e-06 5.851703406813631 3.793366733466945e-07 3.793366733466945e-07 3.793366733466945e-08
0.29470941883767227 2.3829659318637268e-06 8.41142284569138e-06 2.244488977955911 7.378557114228505e-07 7.378557114228505e-07 7.378557114228505e-08
0.365150300601198 7.038076152304607e-06 1.0987975951903804e-06 2.925851703406806 2.243987975951901e-07 2.243987975951901e-07 2.243987975951901e-08
0.31250501002003667 3.417434869739478e-06 6.592184368737473e-06 0.4008016032064129 4.946392785571165e-07 4.946392785571165e-07 4.946392785571165e-08
0.3176953907815596 8.375751503006009e-06 8.67895791583166e-06 7.494989979959944 6.531803607214468e-07 6.531803607214468e-07 6.531803607214468e-08
0.37034068136272097 8.571943887775548e-06 1.1701402805611219e-06 6.072144288577161 8.117214428857771e-07 8.117214428857771e-07 8.117214428857772e-08
0.320661322645287 1.5446893787575145e-06 4.576753507014027e-06 6.533066132264541 2.5142284569138255e-07 2.5142284569138255e-07 2.5142284569138254e-08
0.27394789579158046 7.71583166332665e-06 8.268737474949897e-06 1.042084168336674 2.7124048096192384e-07 2.7124048096192384e-07 2.7124048096192384e-08
0.050020040080160325 3.0607214428857706e-06 8.134268537074145e-07 6.8537074148296755 5.883226452905844e-07 5.883226452905844e-07 5.8832264529058445e-08
0.2643086172344664 5.102204408817633e-07 8.857314629258514e-06 0.14028056112224446 7.360541082164377e-07 7.360541082164377e-07 7.360541082164376e-08
0.0485370741482966 3.4887775551102193e-06 8.464929859719436e-06 9.118236472945934 3.108757515030064e-07 3.108757515030064e-07 3.1087575150300643e-08
0.28877755511021747 1.7765531062124242e-06 5.254509018036071e-06 0.7615230460921848 5.162585170340706e-07 5.162585170340706e-07 5.162585170340707e-08
0.1182364729458918 2.4186372745490975e-06 5.993987975951902e-07 7.354709418837698 3.50511022044089e-07 3.50511022044089e-07 3.50511022044089e-08
0.39999999999999497 7.055911823647292e-06 1.9905811623246488e-06 4.368737474949886 1.5412825651302606e-08 1.5412825651302606e-08 1.5412825651302607e-09
0.03148296593186373 8.019038076152302e-06 8.84769539078156e-07 2.9659318637274468 6.567835671342725e-07 6.567835671342725e-07 6.567835671342725e-08
0.15531062124248443 3.774148296593185e-06 2.0262525050100195e-06 6.1723446893787655 1.9016833667334655e-07 1.9016833667334655e-07 1.9016833667334657e-08
0.21388777555110058 2.79318637274549e-06 3.881162324649298e-06 4.4488977955911695 5.036472945891807e-07 5.036472945891807e-07 5.0364729458918074e-08
0.14567134268537038 4.130861723446893e-06 2.7040080160320633e-06 4.168336673346677 6.063386773547129e-07 6.063386773547129e-07 6.063386773547129e-08
0.23168336673346498 1.0452905811623243e-06 6.859719438877753e-06 1.3426853707414839 1.0549298597194401e-07 1.0549298597194401e-07 1.0549298597194402e-08
0.10340681362725453 7.599198396793584e-07 3.470941883767534e-06 0.2805611222444889 4.6221042084168536e-07 4.6221042084168536e-07 4.622104208416853e-08
0.11601202404809621 4.148697394789578e-06 7.858517034068134e-06 7.074148296593205 1.2711222444889792e-07 1.2711222444889792e-07 1.2711222444889792e-08
0.15382765531062073 8.490981963927852e-07 7.590981963927853e-06 9.318637274549143 2.3340681362725419e-07 2.3340681362725419e-07 2.334068136272542e-08
0.3028657314629226 4.523246492985971e-06 5.361523046092183e-06 1.162324649298598 8.927935871743551e-07 8.927935871743551e-07 8.927935871743552e-08
0.11749498997995994 5.5398797595190364e-06 2.3651302605210414e-06 3.987975951903789 8.495551102204469e-07 8.495551102204469e-07 8.495551102204469e-08
0.23613226452905609 1.7943887775551096e-06 6.128456913827653e-06 3.5871743486973804 7.108316633266578e-07 7.108316633266578e-07 7.108316633266578e-08
0.3488376753506973 2.204609218436873e-06 3.435270541082163e-06 9.519038076152352 4.2077354709418994e-07 4.2077354709418994e-07 4.207735470941899e-08
0.22130260521041908 7.787174348697392e-06 7.420841683366731e-07 9.759519038076203 3.27090180360722e-07 3.27090180360722e-07 3.27090180360722e-08
0.350320641282561 4.665931863727454e-06 1.7052104208416828e-06 9.799599198396844 4.4239278557114407e-07 4.4239278557114407e-07 4.423927855711441e-08
0.20795591182364578 4.7551102204408805e-06 5.5933867735470925e-06 9.078156312625293 7.198396793587221e-07 7.198396793587221e-07 7.19839679358722e-08
0.2954509018036041 2.2937875751503e-06 2.8645290581162316e-06 8.056112224448928 8.783807615230524e-07 8.783807615230524e-07 8.783807615230524e-08
0.38517034068135797 4.113026052104207e-06 3.042885771543085e-06 6.993987975951922 5.865210420841716e-07 5.865210420841716e-07 5.8652104208417156e-08
0.30064128256512707 3.6849699398797583e-06 1.4555110220440877e-06 1.5030060120240492 6.404809619238477e-09 6.404809619238477e-09 6.404809619238478e-10
0.14418837675350668 4.202204408817634e-06 7.965531062124246e-06 0.9018036072144294 1.0369138276553118e-07 1.0369138276553118e-07 1.0369138276553118e-08
0.19757515030059988 4.648096192384768e-06 8.1438877755511e-06 5.010020040080154 4.225751503006028e-07 4.225751503006028e-07 4.225751503006028e-08
0.36885771543085727 2.0701402805611217e-07 1.4020040080160316e-06 1.5631262525050111 8.297374749499056e-07 8.297374749499056e-07 8.297374749499056e-08
0.05076152304609219 1.7408817635270535e-06 7.44829659318637e-06 5.430861723446893 4.31583166332667e-07 4.31583166332667e-07 4.31583166332667e-08
0.38368737474949427 7.242484969939877e-07 2.1154308617234463e-06 1.2424849699398806 3.541142284569147e-07 3.541142284569147e-07 3.5411422845691466e-08
0.26060120240480716 6.645691382765529e-06 8.91082164328657e-06 9.218436873747539 1.7215230460921837e-07 1.7215230460921837e-07 1.721523046092184e-08
0.379979959919835 5.771743486973946e-06 2.2484969939879754e-07 1.4629258517034078 3.0727254509018073e-07 3.0727254509018073e-07 3.072725450901807e-08
0.31991983967935517 4.327054108216432e-06 7.599198396793584e-07 4.00801603206411 8.189278557114285e-07 8.189278557114285e-07 8.189278557114285e-08
0.31843687374749147 8.714629258517031e-06 5.308016032064127e-06 3.2665330661322534 7.486573146292588e-08 7.486573146292588e-08 7.486573146292588e-09
0.14270541082164298 3.3460921843687364e-06 8.785971943887772e-06 3.9679358717434687 8.279358717434927e-07 8.279358717434927e-07 8.279358717434927e-08
0.18793587174348583 1.2949899799599194e-06 5.1474949899799584e-06 5.771543086172348 4.604088176352725e-07 4.604088176352725e-07 4.604088176352725e-08
0.06040080160320642 4.92384769539078e-07 4.434068136272544e-06 0.1002004008016032 2.1719238476953882e-07 2.1719238476953882e-07 2.1719238476953884e-08
0.03 6.788376753507012e-06 8.250901803607212e-06 0.04008016032064128 1.9196993987975937e-07 1.9196993987975937e-07 1.919699398797594e-08
0.22871743486973758 4.2200400801603196e-06 3.774148296593185e-06 8.737474949899838 2.9105811623246513e-07 2.9105811623246513e-07 2.9105811623246514e-08
0.0670741482965932 3.863326653306612e-06 7.1629258517034045e-06 7.7154308617234735 8.171262525050157e-07 8.171262525050157e-07 8.171262525050156e-08
0.04186372745490982 7.590981963927853e-06 2.846693386773546e-06 7.474949899799623 3.162725450901803e-08 3.162725450901803e-08 3.1627254509018027e-09
0.16420841683366663 7.5553106212424824e-06 3.3104208416833656e-06 0.9619238476953914 5.486873747495018e-07 5.486873747495018e-07 5.4868737474950186e-08
0.3844288577154261 7.501803607214426e-06 8.500601202404807e-06 8.617234468937912 7.792925851703459e-07 7.792925851703459e-07 7.79292585170346e-08
0.0730060120240481 8.661122244488975e-06 8.803807615230458e-06 0.6813627254509022 8.873887775551166e-07 8.873887775551166e-07 8.873887775551166e-08
0.3384569138276514 5.308016032064127e-06 4.380561122244488e-06 4.709418837675341 1.0729458917835684e-07 1.0729458917835684e-07 1.0729458917835684e-08
0.07004008016032065 3.5601202404809607e-06 6.645691382765529e-06 1.4228456913827665 5.180601202404835e-07 5.180601202404835e-07 5.180601202404835e-08
0.27987975951903526 8.072545090180358e-06 6.503006012024046e-06 2.1843687374749496 4.387895791583184e-07 4.387895791583184e-07 4.387895791583184e-08
0.18348697394789473 6.520841683366731e-06 7.519639278557112e-06 7.795591182364757 5.901242484969973e-07 5.901242484969973e-07 5.901242484969973e-08
0.17088176352705328 2.7575150300601194e-06 3.7919839679358704e-06 1.9438877755511037 7.09030060120245e-07 7.09030060120245e-07 7.09030060120245e-08
0.11971943887775553 6.306813627254507e-06 5.575551102204407e-06 2.565130260521038 2.820501002004009e-07 2.820501002004009e-07 2.820501002004009e-08
0.22056112224448723 2.0262525050100195e-06 6.146292585170339e-06 5.170340681362721 4.081623246493e-07 4.081623246493e-07 4.081623246493e-08
0.06262525050100201 6.253306613226451e-06 5.664729458917834e-06 3.0060120240480876 4.351863727454927e-07 4.351863727454927e-07 4.3518637274549267e-08
0.18719438877755398 3.221242484969939e-06 7.955911823647291e-07 6.4929859719439 6.351643286573184e-07 6.351643286573184e-07 6.351643286573184e-08
0.3562525050100158 1.8300601202404803e-06 4.344889779559117e-06 6.893787575150317 5.360761523046119e-07 5.360761523046119e-07 5.360761523046119e-08
0.3295591182364692 2.0797595190380756e-06 1.0631262525050097e-06 3.787575150300585 5.378777555110248e-07 5.378777555110248e-07 5.3787775551102475e-08
0.13677354709418818 2.8110220440881755e-06 5.9857715430861705e-06 1.2625250501002012 2.784468937875752e-07 2.784468937875752e-07 2.784468937875752e-08
0.23020040080160128 1.5268537074148291e-06 2.6683366733466926e-06 3.707414829659303 6.315611222444927e-07 6.315611222444927e-07 6.315611222444927e-08
0.38665330661322167 6.21763527054108e-06 5.843086172344688e-06 8.456913827655345 4.784248496994009e-07 4.784248496994009e-07 4.784248496994009e-08
0.32140280561121887 7.18076152304609e-06 3.2034068136272535e-06 2.3246492985971927 5.757114228456945e-07 5.757114228456945e-07 5.757114228456945e-08
0.13529058116232448 1.5625250501001999e-06 8.490981963927852e-07 2.3046092184368723 8.459519038076212e-07 8.459519038076212e-07 8.459519038076211e-08
0.22945891783566943 4.594589178356712e-06 5.967935871743485e-06 8.717434869739517 5.3246492985971924e-08 5.3246492985971924e-08 5.324649298597192e-09
0.13899799599198373 7.323446893787573e-06 2.008416833667334e-06 5.59118236472946 1.8836673346693373e-07 1.8836673346693373e-07 1.8836673346693375e-08
0.18867735470941768 2.044088176352705e-06 2.686172344689378e-06 9.579158316633315 3.4510621242485047e-07 3.4510621242485047e-07 3.4510621242485044e-08
0.04334669338677355 1.7134268537074145e-07 7.109418837675348e-06 4.809619238476945 7.846973947895845e-07 7.846973947895845e-07 7.846973947895845e-08
0.052244488977955916 1.9727454909819634e-06 6.350701402805609e-07 9.93987975951909 3.991543086172358e-07 3.991543086172358e-07 3.991543086172358e-08
0.25318637274548866 5.022645290581161e-06 6.9667334669338655e-06 9.839679358717486 6.802044088176395e-07 6.802044088176395e-07 6.802044088176395e-08
0.09747494989979961 6.734869739478956e-06 7.573146292585168e-06 4.949899799599192 4.928376753507037e-07 4.928376753507037e-07 4.9283767535070364e-08
0.10563126252505012 3.881162324649298e-06 4.451903807615229e-06 1.8236472945891797 2.658356713426853e-07 2.658356713426853e-07 2.6583567134268532e-08
0.10859719438877757 3.4531062124248485e-06 3.98817635270541e-06 3.386773547094176 3.631222444889789e-07 3.631222444889789e-07 3.631222444889789e-08
0.3265931863727418 5.379358717434868e-06 7.242484969939877e-07 9.879759519038128 3.7753507014028167e-07 3.7753507014028167e-07 3.775350701402817e-08
0.3607014028056069 2.6148296593186365e-06 6.895390781563124e-06 6.152304609218445 1.5053306613226456e-07 1.5053306613226456e-07 1.5053306613226457e-08
0.08264529058116234 8.41142284569138e-06 3.132064128256512e-06 3.426853707414817 5.685050100200431e-07 5.685050100200431e-07 5.685050100200431e-08
0.04112224448897796 4.9513026052104195e-06 7.769338677354707e-06 8.296593186372778 7.991102204408872e-07 7.991102204408872e-07 7.991102204408872e-08
0.33623246492985587 5.361523046092183e-06 5.102204408817633e-07 1.4829659318637285 2.045811623246491e-07 2.045811623246491e-07 2.045811623246491e-08
0.08857715430861725 2.2581162324649292e-06 1.9727454909819634e-06 3.1262525050100103 7.756893787575203e-07 7.756893787575203e-07 7.756893787575203e-08
0.07671342685370743 6.199799599198395e-06 4.4162324649298586e-06 5.9919839679358775 5.739098196392817e-07 5.739098196392817e-07 5.7390981963928164e-08
0.12342685370741485 6.88577154308617e-07 1e-07 4.028056112224431 8.063166332665386e-07 8.063166332665386e-07 8.063166332665386e-08
0.21611222444889613 7.2164328657314605e-06 5.629058116232463e-06 3.1863727454909716 5.631002004008046e-07 5.631002004008046e-07 5.631002004008046e-08
0.12490981963927858 2.7753507014028048e-06 3.1142284569138266e-06 6.633266533066146 8.585631262525111e-07 8.585631262525111e-07 8.585631262525111e-08
0.39851703406813127 6.271142284569136e-06 4.665931863727454e-06 2.0440881763527066 8.207294589178414e-07 8.207294589178414e-07 8.207294589178414e-08
0.20128256513025913 6.324649298597192e-06 8.001202404809617e-06 7.234468937875772 1.7755711422845683e-07 1.7755711422845683e-07 1.7755711422845684e-08
0.05817635270541083 1.0096192384769536e-06 3.853707414829658e-07 9.23847695390786 3.0366933867735504e-07 3.0366933867735504e-07 3.03669338677355e-08
0.11082164328657317 8.982164328657311e-06 4.077354709418837e-06 1.0621242484969946 5.594969939879789e-07 5.594969939879789e-07 5.594969939879789e-08
0.24651302605210199 5.878757515030058e-06 1.8300601202404803e-06 7.034068136272563 2.0097795591182346e-07 2.0097795591182346e-07 2.0097795591182347e-08
0.11527054108216435 8.892985971943885e-06 6.039278557114227e-06 1.6032064128256525 7.774909819639331e-07 7.774909819639331e-07 7.774909819639331e-08
0.2791382765531034 6.663527054108214e-06 5.093987975951902e-06 2.6252505010019993 3.8834468937875873e-07 3.8834468937875873e-07 3.8834468937875873e-08
0.24873747494989754 4.505410821643285e-06 1.865731462925851e-06 2.605210420841679 2.081763527054108e-08 2.081763527054108e-08 2.081763527054108e-09
0.16643286573146218 2.2759519038076146e-06 5.860921843687373e-06 1.3026052104208425 6.261563126252542e-07 6.261563126252542e-07 6.261563126252542e-08
0.23316633266532868 7.955911823647291e-07 3.2925851703406803e-06 3.927855711422828 6.820060120240523e-07 6.820060120240523e-07 6.820060120240523e-08
0.15012024048096148 1.9905811623246488e-06 4.879959919839678e-06 5.3106212424849675 4.6581362725451105e-07 4.6581362725451105e-07 4.6581362725451104e-08
0.394809619238472 4.683767535070139e-06 1.2414829659318633e-06 1.22244488977956 8.531583166332726e-07 8.531583166332726e-07 8.531583166332725e-08
0.33030060120240107 5.093987975951902e-06 5.022645290581161e-06 9.25851703406818 4.0095591182364865e-07 4.0095591182364865e-07 4.0095591182364866e-08
0.14048096192384743 7.68016032064128e-06 1.6517034068136267e-06 4.088176352705394 8.045150300601258e-07 8.045150300601258e-07 8.045150300601258e-08
0.261342685370739 1.3306613226452901e-06 7.055911823647292e-06 8.99799599198401 7.738877755511074e-07 7.738877755511074e-07 7.738877755511074e-08
0.21314629258516873 7.94769539078156e-06 3.667134268537073e-06 3.7274549098196235 9.288176352705419e-08 9.288176352705419e-08 9.28817635270542e-09
0.3458717434869699 2.151102204408817e-06 8.518436873747492e-06 3.887775551102187 2.9825651302605204e-08 2.9825651302605204e-08 2.9825651302605205e-09
0.2835871743486945 7.769338677354707e-06 3.1498997995991974e-06 5.210420841683363 5.288697394789606e-07 5.288697394789606e-07 5.288697394789605e-08
0.3236272545090144 3.52444889779559e-06 6.324649298597192e-06 4.388777555110207 7.702845691382817e-07 7.702845691382817e-07 7.702845691382817e-08
0.2776553106212397 6.895390781563124e-06 2.240280561122244e-06 0.24048096192384763 8.099198396793643e-07 8.099198396793643e-07 8.099198396793642e-08
0.34364729458917437 6.7705410821643265e-06 4.059519038076151e-06 2.785571142284563 7.126332665330707e-07 7.126332665330707e-07 7.126332665330707e-08
0.3962925851703357 1.080961923847695e-06 2.044088176352705e-06 9.779559118236524 4.514008016032083e-07 4.514008016032083e-07 4.514008016032083e-08
0.3162124248496959 2.489979959919839e-06 2.96192384769539e-07 3.066132264529049 5.955290581162358e-07 5.955290581162358e-07 5.955290581162358e-08
0.08783567134268538 2.5791583166332658e-06 4.701603206412824e-06 8.376753507014062 6.477755511022083e-07 6.477755511022083e-07 6.477755511022082e-08
0.3547695390781521 8.233066132264526e-06 5.771743486973946e-06 5.4709418837675345 1.5233466933867737e-07 1.5233466933867737e-07 1.523346693386774e-08
0.038897795591182366 6.360320641282563e-06 2.0797595190380756e-06 5.090180360721438 8.20721442885772e-08 8.20721442885772e-08 8.20721442885772e-09
0.09599198396793589 2.6052104208416826e-07 7.537474949899797e-06 2.8256513026052037 2.0638276553106191e-07 2.0638276553106191e-07 2.0638276553106193e-08
0.12565130260521043 5.736072144288575e-06 2.8110220440881755e-06 5.450901803607214 1.3071543086172356e-07 1.3071543086172356e-07 1.3071543086172355e-08
0.3443887775551062 4.3627254509018025e-06 7.501803607214426e-06 8.837675350701442 9.828657314629269e-08 9.828657314629269e-08 9.828657314629268e-09
0.03222444889779559 4.291382765531061e-06 1.419839679358717e-06 6.092184368737482 3.144789579158321e-07 3.144789579158321e-07 3.1447895791583214e-08
0.39110220440881277 6.699198396793585e-06 1.1879759519038072e-06 6.813627254509034 8.549599198396854e-07 8.549599198396854e-07 8.549599198396854e-08
0.3592184368737432 6.3781563126252485e-06 7.64448897795591e-06 1.863727454909821 6.495771543086211e-07 6.495771543086211e-07 6.495771543086212e-08
0.32881763527053737 5.129659318637273e-06 5.183166332665329e-06 5.37074148296593 1.6674749498997992e-07 1.6674749498997992e-07 1.6674749498997993e-08
0.21907815631262353 4.701603206412824e-06 7.305611222444887e-06 2.424849699398795 7.973086172344744e-07 7.973086172344744e-07 7.973086172344744e-08
0.07152304609218438 4.095190380761522e-06 1.3663326653306609e-06 5.751503006012027 8.729759519038139e-07 8.729759519038139e-07 8.729759519038138e-08
0.36737474949899357 2.1867735470941878e-06 4.388777555110219e-07 8.677354709418875 2.2259719438877728e-07 2.2259719438877728e-07 2.225971943887773e-08
0.3280761523046055 6.592184368737473e-06 6.8240480961923826e-06 5.691382765531064 8.1352304609219e-07 8.1352304609219e-07 8.1352304609219e-08
0.26949899799598936 8.312625250500999e-07 4.273547094188376e-06 6.833667334669355 6.027354709418872e-07 6.027354709418872e-07 6.027354709418871e-08
0.06336673346693387 4.2104208416833653e-07 1.2949899799599194e-06 4.208416833667319 7.90102204408823e-07 7.90102204408823e-07 7.90102204408823e-08
0.09228456913827657 5.522044088176351e-06 1.3128256513026048e-06 5.951903807615236 2.46018036072144e-07 2.46018036072144e-07 2.4601803607214402e-08
0.31695390781562777 3.1677354709418827e-06 3.078557114228456e-06 7.575150300601227 7.414589178356762e-07 7.414589178356762e-07 7.414589178356762e-08
0.3784969939879713 3.7919839679358704e-06 2.9715430861723437e-06 2.464929859719436 8.891903807615295e-07 8.891903807615295e-07 8.891903807615294e-08
0.17977955911823548 4.4875751503006e-06 9.026052104208413e-07 6.873747494989996 7.072284569138322e-07 7.072284569138322e-07 7.072284569138322e-08
0.09080160320641284 3.2034068136272535e-06 6.467334669338675e-06 0.5811623246492988 6.585851703406854e-07 6.585851703406854e-07 6.585851703406854e-08
0.12935871743486968 4.5671342685370725e-07 1.9370741482965927e-06 1.7234468937875764 6.675931863727496e-07 6.675931863727496e-07 6.675931863727496e-08
0.18200400801603103 3.239078156312624e-06 5.504208416833666e-06 5.270541082164326 3.3970140280561193e-07 3.3970140280561193e-07 3.397014028056119e-08
0.21685370741482798 1.5090180360721438e-06 7.145090180360719e-06 9.719438877755561 5.14448897795591e-08 5.14448897795591e-08 5.14448897795591e-09
0.3873947895791535 7.483967935871741e-06 6.235470941883766e-06 3.527054108216419 5.973306613226486e-07 5.973306613226486e-07 5.973306613226487e-08
0.35551102204408397 7.573146292585168e-06 8.312625250500999e-07 6.593186372745504 1.5773947895791583e-07 1.5773947895791583e-07 1.5773947895791584e-08
0.3369739478957877 6.752705410821641e-06 2.828857715430861e-06 9.138276553106255 2.262004008016029e-07 2.262004008016029e-07 2.2620040080160293e-08
0.28581162324649007 8.84769539078156e-07 6.413827655310619e-06 1.803607214428859 7.648797595190432e-07 7.648797595190432e-07 7.648797595190431e-08
0.35847695390781137 2.6683366733466926e-06 4.0320641282565117e-07 3.206412825651292 1.9737474949899782e-07 1.9737474949899782e-07 1.9737474949899784e-08
0.07819639278557115 5.458917835671341e-07 8.8751503006012e-06 6.032064128256519 2.3701002004007982e-07 2.3701002004007982e-07 2.3701002004007983e-08
0.30657314629258187 5.45070140280561e-06 8.322244488977953e-06 7.595190380761548 1.1450100200400817e-07 1.1450100200400817e-07 1.1450100200400817e-08
0.3340080160320603 4.790781563126251e-06 5.637274549098194e-07 4.308617234468923 2.2980360721442855e-07 2.2980360721442855e-07 2.2980360721442856e-08
0.3829458917835624 6.6278557114228436e-06 4.523246492985971e-06 9.278557114228501 4.441943887775569e-07 4.441943887775569e-07 4.441943887775569e-08
0.28729458917835377 1.616032064128256e-06 1.6338677354709413e-06 6.933867735470959 2.2800200400801573e-07 2.2800200400801573e-07 2.2800200400801574e-08
0.1019238476953908 7.858517034068134e-06 2.7753507014028048e-06 7.094188376753526 4.42384769539078e-08 4.42384769539078e-08 4.42384769539078e-09
0.17903807615230363 6.984569138276551e-06 6.734869739478956e-06 7.555110220440906 2.4421643286573117e-07 2.4421643286573117e-07 2.4421643286573117e-08
0.14937875751502963 2.9715430861723437e-06 6.074949899799597e-06 6.6733466933867875 1.253106212424851e-07 1.253106212424851e-07 1.253106212424851e-08
0.22723446893787388 8.8751503006012e-06 8.821643286573143e-06 5.410821643286572 6.099418837675386e-07 6.099418837675386e-07 6.099418837675385e-08
0.23983967935871534 4.0320641282565117e-07 3.9703406813627245e-06 6.05210420841684 4.6941683366733674e-07 4.6941683366733674e-07 4.6941683366733674e-08
0.25022044088176126 6.877555110220439e-06 8.768136272545087e-06 0.20040080160320636 1.5954108216432865e-07 1.5954108216432865e-07 1.5954108216432866e-08
0.27691382765530786 8.536272545090177e-06 3.3639278557114217e-06 5.511022044088176 2.892565130260523e-07 2.892565130260523e-07 2.892565130260523e-08
0.27839679358717156 7.519639278557112e-06 3.185571142284568e-06 3.9078156312625074 8.909919839679423e-07 8.909919839679423e-07 8.909919839679422e-08
0.30805611222444557 1.2058116232464926e-06 5.2010020040080145e-06 2.5450901803607175 7.828957915831716e-07 7.828957915831716e-07 7.828957915831716e-08
0.16939879759518958 2.8645290581162316e-06 5.3436873747494974e-06 5.1302605210420795 7.919038076152359e-07 7.919038076152359e-07 7.919038076152358e-08
0.3636673346693343 7.269939879759517e-06 8.036873747494987e-06 4.749498997995983 4.3338476953907985e-07 4.3338476953907985e-07 4.3338476953907985e-08
0.09302605210420843 4.1665330661322635e-06 6.984569138276551e-06 5.230460921843684 7.288476953907863e-07 7.288476953907863e-07 7.288476953907862e-08
0.24280561122244274 8.669338677354706e-07 6.610020040080158e-06 5.6513026052104225 6.225531062124285e-07 6.225531062124285e-07 6.225531062124285e-08
0.37478957915831207 2.436472945891783e-06 7.751503006012021e-06 0.02004008016032064 7.216412825651349e-07 7.216412825651349e-07 7.21641282565135e-08
0.1100801603206413 3.6492985971943875e-06 6.707414829659316e-07 1.3627254509018045 3.2889178356713487e-07 3.2889178356713487e-07 3.288917835671349e-08
0.3681162324649254 5.967935871743485e-06 8.94649298597194e-06 7.695390781563153 2.568276553106211e-07 2.568276553106211e-07 2.568276553106211e-08
0.2702404809619212 8.197394789579156e-06 2.79318637274549e-06 0.220440881763527 2.69438877755511e-07 2.69438877755511e-07 2.69438877755511e-08
0.19683366733466803 5.9501002004008e-06 8.340080160320638e-06 7.615230460921869 6.387675350701441e-07 6.387675350701441e-07 6.38767535070144e-08
0.18126252505009918 7.822845691382763e-06 7.840681362725448e-06 4.649298597194378 2.3160521042084137e-07 2.3160521042084137e-07 2.3160521042084138e-08
0.21092184368737318 6.021442885771541e-06 1.5981963927855706e-06 0.7014028056112228 5.018456913827679e-07 5.018456913827679e-07 5.0184569138276786e-08
0.25170340681362496 1.891783567134268e-07 2.0701402805611217e-07 4.989979959919833 5.558937875751532e-07 5.558937875751532e-07 5.558937875751532e-08
0.19090180360721323 3.2925851703406803e-06 7.466132264529056e-06 7.17434869739481 8.333406813627313e-07 8.333406813627313e-07 8.333406813627313e-08
0.14122244488977928 8.464929859719436e-06 3.328256513026051e-06 8.396793587174383 8.567615230460983e-07 8.567615230460983e-07 8.567615230460983e-08
0.28136272545089897 1.6338677354709413e-06 6.092785571142283e-06 9.158316633266576 6.171482965931899e-07 6.171482965931899e-07 6.1714829659319e-08
0.12639278557114228 8.268737474949897e-06 4.398396793587173e-06 1.6232464929859731 1.649458917835671e-07 1.649458917835671e-07 1.649458917835671e-08
0.3132464929859685 7.6088176352705385e-06 8.750300601202402e-06 7.835671342685399 4.5860721442885967e-07 4.5860721442885967e-07 4.586072144288597e-08
0.24799599198396569 9.026052104208413e-07 4.9513026052104195e-06 9.45891783567139 6.189498997996028e-07 6.189498997996028e-07 6.189498997996028e-08
0.3073146292585137 2.0619238476953902e-06 1.223647294589178e-06 8.416833667334704 2.0277955911823628e-07 2.0277955911823628e-07 2.027795591182363e-08
0.31102204408817297 2.426853707414829e-07 4.98697394789579e-06 1.7635270541082178 2.35208416833667e-07 2.35208416833667e-07 2.3520841683366702e-08
0.3251102204408781 4.71943887775551e-06 7.71583166332665e-06 3.8276553106212257 5.198617234468963e-07 5.198617234468963e-07 5.198617234468963e-08
0.33178356713426477 6.529058116232462e-07 4.202204408817634e-06 3.286573146292574 4.243767535070156e-07 4.243767535070156e-07 4.243767535070156e-08
0.29174348697394487 6.395991983967934e-06 4.2200400801603196e-06 5.070140280561117 7.43260521042089e-07 7.43260521042089e-07 7.43260521042089e-08
0.046312625250501005 3.3995991983967925e-06 7.787174348697392e-06 7.895791583166361 1.6314428857715428e-07 1.6314428857715428e-07 1.631442885771543e-08
0.12120240480961926 6.931062124248495e-06 1.8478957915831657e-06 0.6613226452905815 4.7302004008016243e-07 4.7302004008016243e-07 4.7302004008016244e-08
0.28432865731462637 5.557715430861722e-06 3.577955911823646e-06 6.573146292585183 8.441503006012083e-07 8.441503006012083e-07 8.441503006012083e-08
0.040380761523046094 3.827655310621242e-06 7.18076152304609e-06 9.67935871743492 7.684829659318689e-07 7.684829659318689e-07 7.684829659318689e-08
0.21240480961923688 2.5078156312625243e-06 1.3306613226452901e-06 6.553106212424862 3.5231262525050184e-07 3.5231262525050184e-07 3.5231262525050184e-08
0.19238476953907693 4.398396793587173e-06 4.737274549098195e-06 3.56713426853706 6.982204408817679e-07 6.982204408817679e-07 6.98220440881768e-08
0.042605210420841685 6.538677354709417e-06 4.5589178356713415e-06 6.012024048096198 3.2348697394789633e-07 3.2348697394789633e-07 3.2348697394789636e-08
0.38813627254508537 6.6813627254509e-06 3.221242484969939e-06 4.629258517034057 6.657915831663367e-07 6.657915831663367e-07 6.657915831663367e-08
0.17458917835671253 1.9370741482965927e-06 6.931062124248495e-06 8.937875751503046 6.585771543086172e-08 6.585771543086172e-08 6.585771543086172e-09
0.20647294589178208 9.561122244488975e-07 9.917835671342682e-07 5.330661322645288 1.6134268537074146e-07 1.6134268537074146e-07 1.6134268537074148e-08
0.10785571142284571 4.6124248496993976e-06 7.626653306613224e-06 8.977955911823688 5.072505010020064e-07 5.072505010020064e-07 5.0725050100200645e-08
0.3695991983967891 6.707414829659316e-07 1.4911823647294584e-06 4.569138276553095 7.883006012024102e-07 7.883006012024102e-07 7.883006012024102e-08
0.27246492985971676 2.347294589178356e-06 9.561122244488975e-07 3.246492985971933 2.0818436873747473e-07 2.0818436873747473e-07 2.0818436873747475e-08
0.03963927855711423 7.127254509018034e-06 4.309218436873746e-06 0.36072144288577157 1.2891382765531074e-07 1.2891382765531074e-07 1.2891382765531074e-08
0.14641282565130223 6.485170340681361e-06 2.204609218436873e-06 5.531062124248497 5.793146292585202e-07 5.793146292585202e-07 5.793146292585202e-08
0.3859118236472898 2.3116232464929853e-06 6.3781563126252485e-06 3.486973947895778 5.144569138276578e-07 5.144569138276578e-07 5.144569138276578e-08
0.15234468937875703 8.322244488977953e-06 6.485170340681361e-06 2.344689378757513 6.369659318637312e-07 6.369659318637312e-07 6.369659318637312e-08
0.3117635270541048 6.5743486973947875e-06 1.954909819639278e-06 4.669338677354699 1.95573146292585e-07 1.95573146292585e-07 1.9557314629258502e-08
0.291002004008013 1.6517034068136267e-06 2.5613226452905804e-06 4.248496993987961 1.108977955911825e-07 1.108977955911825e-07 1.108977955911825e-08
0.10488977955911825 3.3639278557114217e-06 3.845490981963927e-06 9.979959919839732 5.00044088176355e-07 5.00044088176355e-07 5.0004408817635504e-08
0.3399398797595151 7.420841683366731e-07 5.914428857715429e-06 0.6012024048096195 3.73931863727456e-07 3.73931863727456e-07 3.73931863727456e-08
0.032965931863727455 3.1142284569138266e-06 5.504208416833666e-06 7.755511022044115 4.964408817635294e-07 4.964408817635294e-07 4.9644088176352934e-08
0.046312625250501005 2.5613226452905804e-06 2.7575150300601194e-06 1.5430861723446905 7.198396793587221e-07 7.198396793587221e-07 7.19839679358722e-08
0.07819639278557115 5.272344689378756e-06 3.720641282565129e-06 6.132264529058124 7.270460921843735e-07 7.270460921843735e-07 7.270460921843734e-08
0.15234468937875703 4.059519038076151e-06 5.236673346693385e-06 1.9639278557114244 2.406132264529055e-07 2.406132264529055e-07 2.4061322645290547e-08
0.14344689378757483 3.496993987975951e-07 4.4875751503006e-06 2.7655310621242424 4.55004008016034e-07 4.55004008016034e-07 4.55004008016034e-08
0.3814629258516987 8.67895791583166e-06 2.828857715430861e-06 9.67935871743492 8.657695390781625e-07 8.657695390781625e-07 8.657695390781625e-08
0.35847695390781137 3.7028056112224436e-06 1.0987975951903804e-06 2.6853707414829606 1.55937875751503e-07 1.55937875751503e-07 1.5593787575150302e-08
0.3369739478957877 1.6338677354709413e-06 5.993987975951902e-07 8.016032064128286 3.108757515030064e-07 3.108757515030064e-07 3.1087575150300643e-08
0.09747494989979961 1.865731462925851e-06 6.021442885771541e-06 4.769539078156304 5.865210420841716e-07 5.865210420841716e-07 5.8652104208417156e-08
0.08412825651302606 3.042885771543085e-06 4.2200400801603196e-06 5.851703406813631 7.774909819639331e-07 7.774909819639331e-07 7.774909819639331e-08
0.10340681362725453 7.234268537074146e-06 3.667134268537073e-06 9.47895791583171 6.567835671342725e-07 6.567835671342725e-07 6.567835671342725e-08
0.34216432865731067 8.625450901803604e-06 3.185571142284568e-06 8.7975951903808 9.000000000000065e-07 9.000000000000065e-07 9.000000000000065e-08
0.30509018036071817 7.697995991983965e-06 2.3829659318637268e-06 7.074148296593205 3.0006613226452935e-07 3.0006613226452935e-07 3.000661322645293e-08
0.11156312625250503 8.892985971943885e-06 2.783567134268536e-07 3.486973947895778 3.7213026052104313e-07 3.7213026052104313e-07 3.721302605210431e-08
0.08190380761523047 2.1332665330661317e-06 3.4887775551102193e-06 3.3667334669338556 7.486653306613276e-07 7.486653306613276e-07 7.486653306613276e-08
0.13751503006012003 4.148697394789578e-06 7.697995991983965e-06 7.014028056112243 1.0369138276553118e-07 1.0369138276553118e-07 1.0369138276553118e-08
0.18571142284569028 3.3639278557114217e-06 6.503006012024046e-06 9.418837675350748 4.874328657314651e-07 4.874328657314651e-07 4.874328657314651e-08
0.25466933867735236 2.1689378757515024e-06 4.683767535070139e-06 3.787575150300585 4.063527054108215e-08 4.063527054108215e-08 4.0635270541082155e-09
0.15308617234468888 2.0262525050100195e-06 6.71703406813627e-06 2.424849699398795 1.3792184368737483e-07 1.3792184368737483e-07 1.3792184368737483e-08
0.05817635270541083 6.44949899799599e-06 4.202204408817634e-06 0.8016032064128261 3.1988376753507064e-07 3.1988376753507064e-07 3.1988376753507066e-08
0.18274549098196288 4.897795591182363e-06 8.054709418837673e-06 7.695390781563153 8.027054108216437e-08 8.027054108216437e-08 8.027054108216437e-09
0.36144288577153877 7.573146292585168e-06 5.611222444889778e-06 4.348697394789565 7.342525050100248e-07 7.342525050100248e-07 7.342525050100248e-08
0.3488376753506973 6.6278557114228436e-06 1.7943887775551096e-06 4.048096192384752 3.8474148296593305e-07 3.8474148296593305e-07 3.84741482965933e-08
0.3666332665330617 5.2188376753507e-06 3.0963927855711413e-06 3.5470941883767395 5.667034068136303e-07 5.667034068136303e-07 5.667034068136303e-08
0.19535070140280433 1.8300601202404803e-06 8.964328657314626e-06 5.4709418837675345 1.343186372745492e-07 1.343186372745492e-07 1.3431863727454919e-08
0.3013827655310589 6.859719438877753e-06 8.589779559118233e-06 2.8256513026052037 4.514008016032083e-07 4.514008016032083e-07 4.514008016032083e-08
0.04482965931863728 4.862124248496993e-06 5.3971943887775535e-06 9.278557114228501 1.1990581162324665e-07 1.1990581162324665e-07 1.1990581162324665e-08
0.24354709418837459 4.398396793587173e-06 3.934669338677354e-06 8.316633266533099 8.621663326653368e-07 8.621663326653368e-07 8.621663326653368e-08
0.21018036072144133 3.898997995991983e-06 7.91202404809619e-06 4.649298597194378 6.495771543086211e-07 6.495771543086211e-07 6.495771543086212e-08
0.18200400801603103 2.4186372745490975e-06 5.682565130260519e-06 5.511022044088176 5.883226452905844e-07 5.883226452905844e-07 5.8832264529058445e-08
0.0381563126252505 4.451903807615229e-06 6.8240480961923826e-06 6.1723446893787655 4.189719438877771e-07 4.189719438877771e-07 4.189719438877771e-08
0.0648496993987976 1.9370741482965927e-06 3.52444889779559e-06 9.619238476953957 1.8116032064128246e-07 1.8116032064128246e-07 1.8116032064128248e-08
0.291002004008013 8.286573146292582e-06 3.863326653306612e-06 6.593186372745504 8.1352304609219e-07 8.1352304609219e-07 8.1352304609219e-08
0.39258517034067647 5.3971943887775535e-06 5.71823647294589e-06 8.496993987975987 3.3609819639278624e-07 3.3609819639278624e-07 3.360981963927862e-08
0.06336673346693387 1.7134268537074145e-07 3.3639278557114217e-06 4.288577154308602 6.027354709418872e-07 6.027354709418872e-07 6.027354709418871e-08
0.3933266533066083 2.6148296593186365e-06 2.347294589178356e-06 8.737474949899838 6.802044088176395e-07 6.802044088176395e-07 6.802044088176395e-08
0.15531062124248443 4.665931863727454e-06 2.1332665330661317e-06 7.41482965931866 4.42384769539078e-08 4.42384769539078e-08 4.42384769539078e-09
0.3592184368737432 2.347294589178356e-06 2.8110220440881755e-06 1.2625250501002012 8.549599198396854e-07 8.549599198396854e-07 8.549599198396854e-08
0.07152304609218438 2.3829659318637268e-06 5.896593186372744e-06 7.454909819639302 3.27090180360722e-07 3.27090180360722e-07 3.27090180360722e-08
0.09228456913827657 4.98697394789579e-06 4.6124248496993976e-06 8.416833667334704 8.081182364729515e-07 8.081182364729515e-07 8.081182364729514e-08
0.17903807615230363 3.5601202404809607e-06 1.891783567134268e-07 6.993987975951922 5.955290581162358e-07 5.955290581162358e-07 5.955290581162358e-08
0.3043486973947863 1.7587174348697389e-06 7.2164328657314605e-06 4.7895791583166245 2.46018036072144e-07 2.46018036072144e-07 2.4601803607214402e-08
0.3918436873747446 5.458917835671341e-07 3.274749498997995e-06 6.713426853707429 2.92859719438878e-07 2.92859719438878e-07 2.92859719438878e-08
0.19460921843687248 8.589779559118233e-06 2.1867735470941878e-06 2.384769539078154 8.675711422845753e-07 8.675711422845753e-07 8.675711422845753e-08
0.3176953907815596 3.0250501002004e-06 7.198597194388775e-06 0.5010020040080162 1.4692985971943892e-07 1.4692985971943892e-07 1.4692985971943892e-08
0.21092184368737318 6.306813627254507e-06 7.323446893787573e-06 5.691382765531064 3.054709418837679e-07 3.054709418837679e-07 3.054709418837679e-08
0.29174348697394487 2.739679358717434e-06 4.041683366733466e-06 8.677354709418875 6.603867735470982e-07 6.603867735470982e-07 6.603867735470982e-08
0.2717234468937849 6.3781563126252485e-06 8.072545090180358e-06 3.2264529058116125 3.6132064128256607e-07 3.6132064128256607e-07 3.6132064128256607e-08
0.3621843687374706 4.915631262525049e-06 6.172344689378755e-07 5.951903807615236 1.75755511022044e-07 1.75755511022044e-07 1.7575551102204402e-08
0.11452905811623248 5.102204408817633e-07 2.426853707414829e-07 4.9699398797595125 8.441503006012083e-07 8.441503006012083e-07 8.441503006012083e-08
0.22130260521041908 2.3651302605210414e-06 3.0072144288577145e-06 1.6232464929859731 8.963967935871808e-07 8.963967935871808e-07 8.963967935871808e-08
0.23020040080160128 2.2224448897795585e-06 3.1677354709418827e-06 9.098196392785614 3.70320641282565e-08 3.70320641282565e-08 3.7032064128256502e-09
0.17014028056112143 3.845490981963927e-06 5.932264529058114e-06 7.1943887775551305 7.054268537074193e-07 7.054268537074193e-07 7.054268537074193e-08
0.3265931863727418 1.8835671342685364e-06 5.308016032064127e-06 0.7815631262525055 8.333406813627313e-07 8.333406813627313e-07 8.333406813627313e-08
0.27987975951903526 2.7753507014028048e-06 2.3294589178356707e-06 7.354709418837698 4.3338476953907985e-07 4.3338476953907985e-07 4.3338476953907985e-08
0.0937675350701403 7.055911823647292e-06 8.768136272545087e-06 2.0440881763527066 6.874108216432909e-07 6.874108216432909e-07 6.874108216432909e-08
0.3992585170340631 2.632665330661322e-06 3.2925851703406803e-06 0.5611222444889782 7.576733466933918e-07 7.576733466933918e-07 7.576733466933919e-08
0.12490981963927858 2.6683366733466926e-06 4.862124248496993e-06 1.2024048096192392 4.0996392785571287e-07 4.0996392785571287e-07 4.099639278557129e-08
0.10563126252505012 6.1819639278557095e-06 7.894188376753504e-06 8.99799599198401 2.892565130260523e-07 2.892565130260523e-07 2.892565130260523e-08
0.12565130260521043 6.271142284569136e-06 6.520841683366731e-06 6.813627254509034 1.8296192384769528e-07 1.8296192384769528e-07 1.829619238476953e-08
0.21907815631262353 3.3460921843687364e-06 4.3627254509018025e-06 4.428857715430849 5.018456913827679e-07 5.018456913827679e-07 5.0184569138276786e-08
0.20424849699398653 6.592184368737473e-06 7.466132264529056e-06 7.895791583166361 7.90102204408823e-07 7.90102204408823e-07 7.90102204408823e-08
0.17829659318637178 4.772945891783566e-06 5.771743486973946e-06 2.7254509018036015 1.4152505010020047e-07 1.4152505010020047e-07 1.4152505010020046e-08
0.14048096192384743 1.027454909819639e-06 8.019038076152302e-06 7.314629258517056 1e-09 1e-09 1e-10
0.27098196392785306 4.344889779559117e-06 2.6052104208416826e-07 2.0841683366733474 1.3972344689378765e-07 1.3972344689378765e-07 1.3972344689378764e-08
0.14418837675350668 9.561122244488975e-07 6.841883767535068e-06 4.4488977955911695 3.8834468937875873e-07 3.8834468937875873e-07 3.8834468937875873e-08
0.17236472945891698 2.989378757515029e-06 2.0797595190380756e-06 5.1302605210420795 2.658356713426853e-07 2.658356713426853e-07 2.6583567134268532e-08
0.20276553106212283 4.380561122244488e-06 4.237875751503005e-06 8.817635270541121 1.3611222444889782e-08 1.3611222444889782e-08 1.361122244488978e-09
0.2598597194388753 3.5066132264529046e-06 3.381763527054107e-06 5.030060120240475 7.180380761523092e-07 7.180380761523092e-07 7.180380761523092e-08
0.25763527054107976 1.3663326653306609e-06 8.607615230460919e-06 7.975951903807645 7.630781563126303e-07 7.630781563126303e-07 7.630781563126303e-08
0.0566933867735471 1.080961923847695e-06 5.860921843687373e-06 4.028056112224431 7.450621242485019e-07 7.450621242485019e-07 7.450621242485019e-08
0.17607214428857623 6.350701402805609e-07 8.393587174348695e-06 2.6252505010019993 7.540701402805661e-07 7.540701402805661e-07 7.540701402805661e-08
0.16272545090180293 9.917835671342682e-07 7.242484969939877e-07 1.7835671342685384 3.829398797595202e-07 3.829398797595202e-07 3.829398797595202e-08
0.21388777555110058 6.021442885771541e-06 3.577955911823646e-06 0.9819639278557121 8.297374749499056e-07 8.297374749499056e-07 8.297374749499056e-08
0.08931863727454911 3.5957915831663314e-06 6.610020040080158e-06 8.77755511022048 5.12655310621245e-07 5.12655310621245e-07 5.1265531062124497e-08
0.042605210420841685 8.036873747494987e-06 3.6849699398797583e-06 3.807615230460905 6.135450901803642e-07 6.135450901803642e-07 6.135450901803643e-08
0.3962925851703357 1e-07 1.6338677354709413e-06 6.533066132264541 2.820501002004009e-07 2.820501002004009e-07 2.820501002004009e-08
0.36589178356712987 1.5446893787575145e-06 6.645691382765529e-06 3.7274549098196235 8.171262525050157e-07 8.171262525050157e-07 8.171262525050156e-08
0.27246492985971676 1.2593186372745487e-06 2.935871743486973e-06 7.515030060120265 7.306412825651305e-08 7.306412825651305e-08 7.3064128256513045e-09
0.37923847695390317 3.98817635270541e-06 4.059519038076151e-06 7.815631262525078 6.62188376753511e-07 6.62188376753511e-07 6.62188376753511e-08
0.37034068136272097 4.844288577154307e-06 5.280561122244487e-07 5.931863727454915 8.495551102204469e-07 8.495551102204469e-07 8.495551102204469e-08
0.16717434869739403 1.4555110220440877e-06 7.055911823647292e-06 3.0060120240480876 3.631222444889789e-07 3.631222444889789e-07 3.631222444889789e-08
0.25022044088176126 2.2484969939879754e-07 2.4186372745490975e-06 4.128256513026035 1.0909619238476967e-07 1.0909619238476967e-07 1.0909619238476967e-08
0.29915831663326337 7.002404809619236e-06 6.306813627254507e-06 1.4428857715430872 4.982424849699422e-07 4.982424849699422e-07 4.982424849699422e-08
0.394809619238472 5.5398797595190364e-06 2.6505010020040072e-06 5.83166332665331 6.369659318637312e-07 6.369659318637312e-07 6.369659318637312e-08
0.11378757515030062 7.323446893787573e-06 5.825250501002002e-06 4.368737474949886 1.5773947895791583e-07 1.5773947895791583e-07 1.5773947895791584e-08
0.03963927855711423 3.667134268537073e-06 2.4543086172344682e-06 2.66533066132264 2.8024849699398806e-07 2.8024849699398806e-07 2.8024849699398806e-08
0.22945891783566943 3.435270541082163e-06 5.9501002004008e-06 1.4028056112224458 4.0455911823647433e-07 4.0455911823647433e-07 4.0455911823647436e-08
0.24058116232464719 5.325851703406812e-06 1.812224448897795e-06 2.525050100200397 3.883366733466933e-08 3.883366733466933e-08 3.883366733466933e-09
0.365150300601198 3.1402805611222435e-07 6.592184368737473e-06 2.845691382765524 8.47753507014034e-07 8.47753507014034e-07 8.477535070140341e-08
0.11897795591182367 8.1438877755511e-06 5.9857715430861705e-06 1.7034068136272558 5.342745490981991e-07 5.342745490981991e-07 5.342745490981991e-08
0.3251102204408781 2.596993987975951e-06 5.736072144288575e-06 5.450901803607214 4.568056112224468e-07 4.568056112224468e-07 4.568056112224468e-08
0.24651302605210199 3.274749498997995e-06 8.625450901803604e-06 6.553106212424862 3.252885771543092e-07 3.252885771543092e-07 3.252885771543092e-08
0.37182364729458467 7.751503006012021e-06 2.2937875751503e-06 3.4068136272544964 5.108537074148321e-07 5.108537074148321e-07 5.108537074148321e-08
0.21981963927855538 9.382765531062121e-07 3.881162324649298e-06 1.863727454909821 5.180601202404835e-07 5.180601202404835e-07 5.180601202404835e-08
0.17755511022043993 7.44829659318637e-06 5.058316633266532e-06 1.923847695390783 8.819839679358781e-07 8.819839679358781e-07 8.81983967935878e-08
0.33178356713426477 5.736072144288575e-06 4.745490981963926e-07 4.589178356713416 5.576953907815661e-07 5.576953907815661e-07 5.576953907815661e-08
0.05446893787575151 4.969138276553105e-06 4.113026052104207e-06 5.751503006012027 1.5053306613226456e-07 1.5053306613226456e-07 1.5053306613226457e-08
0.2880360721442856 4.077354709418837e-06 5.914428857715429e-06 1.1422845691382773 1.0729458917835684e-07 1.0729458917835684e-07 1.0729458917835684e-08
0.03593186372745491 1.7230460921843681e-06 1.8300601202404803e-06 5.711422845691385 5.144569138276578e-07 5.144569138276578e-07 5.144569138276578e-08
0.2509619238476931 3.7384769539078144e-06 6.21763527054108e-06 6.633266533066146 2.0277955911823628e-07 2.0277955911823628e-07 2.027795591182363e-08
0.06040080160320642 8.785971943887772e-06 6.788376753507012e-06 6.893787575150317 2.3160521042084137e-07 2.3160521042084137e-07 2.3160521042084138e-08
0.05891783567134269 2.6052104208416826e-07 4.25571142284569e-06 8.35671342685374 7.108316633266578e-07 7.108316633266578e-07 7.108316633266578e-08
0.06781563126252506 4.1665330661322635e-06 7.1629258517034045e-06 6.3326653306613325 3.090741482965936e-07 3.090741482965936e-07 3.0907414829659355e-08
0.03370741482965932 4.309218436873746e-06 6.092785571142283e-06 5.911823647294594 2.532244488977954e-07 2.532244488977954e-07 2.532244488977954e-08
0.035190380761523046 6.164128256513024e-06 3.3104208416833656e-06 9.058116232464972 2.135891783567132e-07 2.135891783567132e-07 2.135891783567132e-08
0.3429058116232425 1.419839679358717e-06 4.451903807615229e-06 0.6412825651302608 8.513567134268597e-07 8.513567134268597e-07 8.513567134268597e-08
0.19238476953907693 4.92384769539078e-07 7.394789579158314e-06 5.110220440881759 7.018236472945936e-07 7.018236472945936e-07 7.018236472945936e-08
0.08561122244488979 2.0701402805611217e-07 8.928657314629255e-06 6.573146292585183 3.8113827655310736e-07 3.8113827655310736e-07 3.811382765531073e-08
0.10933867735470944 3.6753507014028044e-07 8.64328657314629e-06 2.344689378757513 4.946392785571165e-07 4.946392785571165e-07 4.946392785571165e-08
0.3414228456913788 4.5589178356713415e-06 6.485170340681361e-06 9.799599198396844 7.468637274549147e-07 7.468637274549147e-07 7.468637274549147e-08
0.08709418837675352 6.538677354709417e-06 8.304408817635268e-06 6.312625250501012 6.549819639278597e-07 6.549819639278597e-07 6.549819639278596e-08
0.20647294589178208 9.026052104208413e-07 9.561122244488975e-07 0.4408817635270542 7.702845691382817e-07 7.702845691382817e-07 7.702845691382817e-08
0.16346693386773478 3.934669338677354e-06 5.5398797595190364e-06 0.24048096192384763 2.1178757515030037e-07 2.1178757515030037e-07 2.1178757515030038e-08
0.21685370741482798 4.0320641282565117e-07 8.233066132264526e-06 6.072144288577161 6.405691382765569e-07 6.405691382765569e-07 6.40569138276557e-08
0.07745490981963929 2.543486973947895e-06 1.2949899799599194e-06 9.859719438877807 2.045811623246491e-07 2.045811623246491e-07 2.045811623246491e-08
0.29767535070139967 6.645691382765529e-06 1.419839679358717e-06 0.7014028056112228 5.46885771543089e-07 5.46885771543089e-07 5.46885771543089e-08
0.04705410821643287 4.879959919839678e-06 4.594589178356712e-06 2.985971943887767 7.991102204408872e-07 7.991102204408872e-07 7.991102204408872e-08
0.18126252505009918 1.2414829659318633e-06 3.809819639278556e-06 0.1002004008016032 8.639679358717496e-07 8.639679358717496e-07 8.639679358717496e-08
0.33474949899799217 1.7052104208416828e-06 5.557715430861722e-06 9.038076152304651 6.928156312625294e-07 6.928156312625294e-07 6.928156312625294e-08
0.16569138276553033 7.073747494989978e-06 2.0619238476953902e-06 0.9218436873747501 6.315611222444927e-07 6.315611222444927e-07 6.315611222444927e-08
0.39406813627254017 8.91082164328657e-06 5.290180360721441e-06 3.56713426853706 8.927855711422853e-08 8.927855711422853e-08 8.927855711422852e-09
0.28432865731462637 4.4162324649298586e-06 1.3663326653306609e-06 0.3006012024048096 2.730420841683367e-07 2.730420841683367e-07 2.730420841683367e-08
0.30953907815630927 4.2104208416833653e-07 4.8086172344689366e-06 7.134268537074168 4.5860721442885967e-07 4.5860721442885967e-07 4.586072144288597e-08
0.28729458917835377 1.9905811623246488e-06 8.44709418837675e-06 6.693386773547108 2.6763727454909815e-07 2.6763727454909815e-07 2.6763727454909814e-08
0.24280561122244274 4.113026052104207e-06 8.375751503006009e-06 8.476953907815666 4.802264529058138e-07 4.802264529058138e-07 4.802264529058138e-08
0.20350701402805468 6.6813627254509e-06 2.5256513026052097e-06 5.731462925851706 3.469078156312633e-07 3.469078156312633e-07 3.469078156312633e-08
0.30360721442885447 8.17955911823647e-06 6.6813627254509e-06 7.835671342685399 1.1809619238476955e-08 1.1809619238476955e-08 1.1809619238476954e-09
0.17310621242484883 6.806212424849697e-06 7.662324649298595e-06 9.178356713426897 3.6492384769539176e-07 3.6492384769539176e-07 3.649238476953918e-08
0.31102204408817297 5.48637274549098e-06 3.5601202404809607e-06 2.5050100200400767 8.207294589178414e-07 8.207294589178414e-07 8.207294589178414e-08
0.24132264529057904 1.7408817635270535e-06 1.2058116232464926e-06 8.917835671342726 4.5320240480962114e-07 4.5320240480962114e-07 4.532024048096211e-08
0.03 4.184368737474949e-06 3.0250501002004e-06 3.0460921843687285 7.162364729458964e-07 7.162364729458964e-07 7.162364729458964e-08
0.11601202404809621 2.9002004008016023e-06 3.6753507014028044e-07 9.078156312625293 7.792925851703459e-07 7.792925851703459e-07 7.79292585170346e-08
0.35995991983967507 1.1523046092184365e-06 8.1438877755511e-06 4.68937875751502 5.6849699398797574e-08 5.6849699398797574e-08 5.6849699398797575e-09
0.16494989979959848 2.7040080160320633e-06 7.483967935871741e-06 2.4048096192384745 1.6854909819639274e-07 1.6854909819639274e-07 1.6854909819639275e-08
0.22575150300601018 3.631462925851702e-06 3.496993987975951e-07 0.7615230460921848 8.189278557114285e-07 8.189278557114285e-07 8.189278557114285e-08
0.28284569138276267 6.074949899799597e-06 1.2414829659318633e-06 1.0621242484969946 6.045370741483e-07 6.045370741483e-07 6.045370741483001e-08
0.23464929859719239 7.466132264529056e-06 1.4376753507014023e-06 0.9018036072144294 3.9735270541082296e-07 3.9735270541082296e-07 3.9735270541082296e-08
0.38665330661322167 6.88577154308617e-07 8.821643286573143e-06 4.46893787575149 9.108016032064136e-08 9.108016032064136e-08 9.108016032064136e-09
0.0670741482965932 1.1879759519038072e-06 7.573146292585168e-06 6.5130260521042205 6.063386773547129e-07 6.063386773547129e-07 6.063386773547129e-08
0.05298597194388778 5.183166332665329e-06 3.1498997995991974e-06 5.010020040080154 8.729759519038139e-07 8.729759519038139e-07 8.729759519038138e-08
0.29026052104208117 3.853707414829658e-07 7.71583166332665e-06 4.2685370741482815 7.072284569138322e-07 7.072284569138322e-07 7.072284569138322e-08
0.3073146292585137 1.4020040080160316e-06 4.344889779559117e-06 4.809619238476945 6.711963927855753e-07 6.711963927855753e-07 6.711963927855753e-08
0.3147294589178322 5.022645290581161e-06 4.469739478957915e-06 1.6432865731462938 5.378777555110248e-07 5.378777555110248e-07 5.3787775551102475e-08
0.25911823647294346 2.882364729458917e-06 1.9192384769539073e-06 3.667334669338662 5.072505010020064e-07 5.072505010020064e-07 5.0725050100200645e-08
0.3770140280561076 3.328256513026051e-06 3.7919839679358704e-06 1.1222444889779566 2.8016032064128258e-09 2.8016032064128258e-09 2.801603206412826e-10
0.35551102204408397 8.94649298597194e-06 7.064128256513023e-07 7.214428857715451 2.5862925851703393e-07 2.5862925851703393e-07 2.586292585170339e-08
0.38517034068135797 8.312625250500999e-07 5.7895791583166315e-06 9.93987975951909 8.747775551102267e-07 8.747775551102267e-07 8.747775551102268e-08
0.29322645290580857 4.130861723446893e-06 1.0452905811623243e-06 3.1462925851703307 3.523046092184368e-08 3.523046092184368e-08 3.5230460921843676e-09
0.37478957915831207 8.8751503006012e-06 8.571943887775548e-06 9.158316633266576 7.126332665330707e-07 7.126332665330707e-07 7.126332665330707e-08
0.21759519038075983 2.79318637274549e-06 3.470941883767534e-06 8.276553106212457 4.225751503006028e-07 4.225751503006028e-07 4.225751503006028e-08
0.34661322645290177 4.737274549098195e-06 8.750300601202402e-06 9.639278557114277 3.4870941883767615e-07 3.4870941883767615e-07 3.4870941883767614e-08
0.09080160320641284 8.750300601202402e-06 7.3591182364729435e-06 3.887775551102187 6.838076152304652e-07 6.838076152304652e-07 6.838076152304651e-08
0.18052104208416733 7.805010020040078e-06 7.733667334669336e-06 7.775551102204436 1.2170741482965947e-07 1.2170741482965947e-07 1.2170741482965946e-08
0.3102805611222411 2.436472945891783e-06 5.700400801603205e-06 6.793587174348713 5.252665330661349e-07 5.252665330661349e-07 5.252665330661349e-08
0.33623246492985587 7.955911823647291e-07 5.093987975951902e-06 2.6452905811623197 2.0818436873747473e-07 2.0818436873747473e-07 2.0818436873747475e-08
0.2791382765531034 3.3104208416833656e-06 7.94769539078156e-06 1.0220440881763533 6.585771543086172e-08 6.585771543086172e-08 6.585771543086172e-09
0.3028657314629226 6.039278557114227e-06 7.18076152304609e-06 0.04008016032064128 7.864989979959973e-07 7.864989979959973e-07 7.864989979959973e-08
0.38368737474949427 2.097595190380761e-06 4.737274549098195e-06 2.8056112224448833 3.7753507014028167e-07 3.7753507014028167e-07 3.775350701402817e-08
0.11971943887775553 4.594589178356712e-06 2.204609218436873e-06 9.118236472945934 1.5954108216432865e-07 1.5954108216432865e-07 1.5954108216432866e-08
0.38961923847694907 7.376953907815629e-06 8.982164328657311e-06 9.318637274549143 3.6852705410821744e-07 3.6852705410821744e-07 3.685270541082175e-08
0.32436873747494627 8.482765531062121e-06 4.398396793587173e-06 0.8216432865731468 3.1628056112224495e-07 3.1628056112224495e-07 3.1628056112224495e-08
0.22871743486973758 5.1474949899799584e-06 6.360320641282563e-06 4.989979959919833 1.3071543086172356e-07 1.3071543086172356e-07 1.3071543086172355e-08
0.30064128256512707 7.18076152304609e-06 1.3128256513026048e-06 8.537074148296629 3.50511022044089e-07 3.50511022044089e-07 3.50511022044089e-08
0.2539278557114205 5.0048096192384755e-06 8.554108216432863e-06 6.873747494989996 1.4332665330661328e-07 1.4332665330661328e-07 1.4332665330661328e-08
0.2924849699398767 3.6849699398797583e-06 8.41142284569138e-06 5.1503006012024 7.738877755511074e-07 7.738877755511074e-07 7.738877755511074e-08
0.13158316633266523 6.841883767535068e-06 6.88577154308617e-07 3.4468937875751373 3.5231262525050184e-07 3.5231262525050184e-07 3.5231262525050184e-08
0.16791583166332588 7.5553106212424824e-06 5.967935871743485e-06 1.2825651302605219 8.71174348697401e-07 8.71174348697401e-07 8.71174348697401e-08
0.2568937875751479 7.287775551102202e-06 6.931062124248495e-06 4.328657314629244 4.6941683366733674e-07 4.6941683366733674e-07 4.6941683366733674e-08
0.17458917835671253 5.280561122244487e-07 1.9014028056112218e-06 2.9659318637274468 2.8745490981963944e-07 2.8745490981963944e-07 2.8745490981963943e-08
0.3443887775551062 5.646893787575149e-06 2.4721442885771536e-06 4.088176352705394 7.216412825651349e-07 7.216412825651349e-07 7.21641282565135e-08
0.3532865731462884 8.44709418837675e-06 8.215230460921841e-06 3.5871743486973804 8.603647294589239e-07 8.603647294589239e-07 8.60364729458924e-08
0.08783567134268538 2.1154308617234463e-06 3.631462925851702e-06 4.829659318637266 6.405611222444889e-08 6.405611222444889e-08 6.405611222444889e-09
0.18422845691382658 5.129659318637273e-06 8.429258517034065e-06 4.1082164328657145 7.684829659318689e-07 7.684829659318689e-07 7.684829659318689e-08
0.29619238476953597 5.093987975951902e-06 8.126052104208414e-06 9.759519038076203 2.6222444889779554e-08 2.6222444889779554e-08 2.6222444889779553e-09
0.06262525050100201 8.803807615230458e-06 7.805010020040078e-06 9.378757515030106 4.31583166332667e-07 4.31583166332667e-07 4.31583166332667e-08
0.18348697394789473 7.091583166332663e-06 4.71943887775551e-06 9.879759519038128 3.378997995991991e-07 3.378997995991991e-07 3.378997995991991e-08
0.16643286573146218 2.489979959919839e-06 7.769338677354707e-06 5.230460921843684 8.855871743487038e-07 8.855871743487038e-07 8.855871743487038e-08
0.04408817635270541 4.701603206412824e-06 2.0701402805611217e-07 7.294589178356735 2.3881162324649264e-07 2.3881162324649264e-07 2.3881162324649265e-08
0.20054108216432728 1.5625250501001999e-06 6.342484969939878e-06 4.929859719438871 1.7215230460921837e-07 1.7215230460921837e-07 1.721523046092184e-08
0.36737474949899357 4.576753507014027e-06 8.518436873747492e-06 2.4849699398797562 1.5233466933867737e-07 1.5233466933867737e-07 1.523346693386774e-08
0.26801603206412566 5.2010020040080145e-06 5.3436873747494974e-06 6.252505010020049 6.117434869739514e-07 6.117434869739514e-07 6.117434869739513e-08
0.1019238476953908 8.928657314629255e-06 3.0607214428857706e-06 8.717434869739517 3.991543086172358e-07 3.991543086172358e-07 3.991543086172358e-08
0.09302605210420843 7.6088176352705385e-06 8.340080160320638e-06 0.38076152304609223 7.919038076152359e-07 7.919038076152359e-07 7.919038076152358e-08
0.26356713426853456 8.393587174348695e-06 2.79318637274549e-06 6.613226452905825 5.793146292585202e-07 5.793146292585202e-07 5.793146292585202e-08
0.31547094188376407 2.4721442885771536e-06 8.322244488977953e-06 1.9038076152304624 2.6403406813627246e-07 2.6403406813627246e-07 2.6403406813627247e-08
0.23835671342685164 3.881162324649298e-06 1.669539078156312e-06 2.1442885771543088 2.946613226452908e-07 2.946613226452908e-07 2.946613226452908e-08
0.30805611222444557 7.038076152304607e-06 7.341282565130258e-06 5.671342685370743 1.16302605210421e-07 1.16302605210421e-07 1.16302605210421e-08
0.18645290581162213 2.8110220440881755e-06 5.022645290581161e-06 2.3647294589178336 6.404809619238477e-09 6.404809619238477e-09 6.404809619238478e-10
0.23539078156312424 3.52444889779559e-06 9.739478957915829e-07 8.517034068136308 8.891903807615295e-07 8.891903807615295e-07 8.891903807615294e-08
0.16198396793587108 3.0072144288577145e-06 6.538677354709417e-06 1.162324649298598 5.270681362725477e-07 5.270681362725477e-07 5.270681362725477e-08
0.24206412825651089 8.233066132264526e-06 6.859719438877753e-06 1.8236472945891797 6.225531062124285e-07 6.225531062124285e-07 6.225531062124285e-08
0.3844288577154261 4.71943887775551e-06 6.235470941883766e-06 8.637274549098233 5.757114228456945e-07 5.757114228456945e-07 5.757114228456945e-08
0.059659318637274555 5.700400801603205e-06 1.3306613226452901e-06 2.164328657314629 4.603206412825652e-09 4.603206412825652e-09 4.603206412825652e-10
0.13899799599198373 1.1701402805611219e-06 5.637274549098194e-07 9.599198396793636 4.910360721442908e-07 4.910360721442908e-07 4.910360721442908e-08
0.13380761523046078 5.807414829659317e-06 5.522044088176351e-06 3.426853707414817 4.0095591182364865e-07 4.0095591182364865e-07 4.0095591182364866e-08
0.06633266533066133 2.0619238476953902e-06 6.734869739478956e-06 2.5851703406813584 7.000220440881808e-07 7.000220440881808e-07 7.000220440881808e-08
0.34364729458917437 1.1783567134268536e-07 3.328256513026051e-06 3.166332665330651 3.955511022044101e-07 3.955511022044101e-07 3.9555110220441014e-08
0.14715430861723408 7.590981963927853e-06 1.616032064128256e-06 5.771543086172348 6.892124248497037e-07 6.892124248497037e-07 6.892124248497037e-08
0.16124248496993923 3.4531062124248485e-06 2.151102204408817e-06 7.334669338677377 6.27957915831667e-07 6.27957915831667e-07 6.27957915831667e-08
0.39851703406813127 8.857314629258514e-06 3.2569138276553096e-06 0.14028056112224446 1.5412825651302606e-08 1.5412825651302606e-08 1.5412825651302607e-09
0.24947895791582939 7.64448897795591e-06 7.983366733466931e-06 5.611222444889781 6.153466933867771e-07 6.153466933867771e-07 6.153466933867771e-08
0.27394789579158046 2.240280561122244e-06 8.161723446893785e-06 7.17434869739481 7.55871743486979e-07 7.55871743486979e-07 7.558717434869789e-08
0.3903607214428809 8.41142284569138e-06 5.646893787575149e-06 4.709418837675341 6.910140280561166e-07 6.910140280561166e-07 6.910140280561165e-08
0.39555110220440387 7.252104208416831e-06 1.865731462925851e-06 9.719438877755561 6.171482965931899e-07 6.171482965931899e-07 6.1714829659319e-08
0.335490981963924 3.720641282565129e-06 5.102204408817633e-07 4.669338677354699 5.00044088176355e-07 5.00044088176355e-07 5.0004408817635504e-08
0.17533066132264438 7.626653306613224e-06 4.388777555110219e-07 2.244488977955911 8.351422845691441e-07 8.351422845691441e-07 8.351422845691441e-08
0.20202404809619098 7.064128256513023e-07 6.707414829659316e-07 8.456913827655345 4.784168336673345e-08 4.784168336673345e-08 4.784168336673345e-09
0.2806212424849671 1.5981963927855706e-06 6.913226452905809e-06 5.050100200400796 6.784028056112266e-07 6.784028056112266e-07 6.784028056112267e-08
0.06855711422845692 4.202204408817634e-06 4.826452905811622e-06 5.3106212424849675 6.693947895791624e-07 6.693947895791624e-07 6.693947895791625e-08
0.13306613226452893 5.637274549098194e-07 7.430460921843685e-06 3.206412825651292 2.243987975951901e-07 2.243987975951901e-07 2.243987975951901e-08
0.15605210420841628 2.5078156312625243e-06 1.5350701402805608e-07 7.3747494989980185 1.1269939879759534e-07 1.1269939879759534e-07 1.1269939879759534e-08
0.23761523046091979 8.340080160320638e-06 1.4555110220440877e-06 9.01803607214433 2.0998597194388755e-07 2.0998597194388755e-07 2.0998597194388756e-08
0.13232464929859708 8.518436873747492e-06 5.165330661322644e-06 1.1823647294589186 6.946092184368739e-08 6.946092184368739e-08 6.9460921843687384e-09
0.12935871743486968 1.3841683366733462e-06 1.0631262525050097e-06 4.308617234468923 6.946172344689422e-07 6.946172344689422e-07 6.946172344689423e-08
0.24577154308617014 7.198597194388775e-06 8.001202404809617e-06 4.90981963927855 5.721082164328688e-07 5.721082164328688e-07 5.721082164328688e-08
0.25318637274548866 7.242484969939877e-07 6.529058116232462e-07 7.575150300601227 9.648496993987986e-08 9.648496993987986e-08 9.648496993987986e-09
0.31991983967935517 2.204609218436873e-06 6.44949899799599e-06 5.59118236472946 2.604308617234468e-07 2.604308617234468e-07 2.6043086172344677e-08
0.3636673346693343 5.9857715430861705e-06 1.7408817635270535e-06 0.5811623246492988 8.765791583166395e-07 8.765791583166395e-07 8.765791583166396e-08
0.22056112224448723 9.204408817635267e-07 7.44829659318637e-06 6.292585170340691 1.8836673346693373e-07 1.8836673346693373e-07 1.8836673346693375e-08
0.07448897795591183 7.2164328657314605e-06 5.843086172344688e-06 0.7214428857715435 2.4241482965931833e-07 2.4241482965931833e-07 2.4241482965931832e-08
0.3518036072144247 5.914428857715429e-06 6.431663326653305e-06 2.284569138276552 9.288176352705419e-08 9.288176352705419e-08 9.28817635270542e-09
0.11749498997995994 8.357915831663324e-06 4.5671342685370725e-07 8.056112224448928 7.252444889779606e-07 7.252444889779606e-07 7.252444889779606e-08
0.33771543086171957 6.663527054108214e-06 7.822845691382763e-06 6.833667334669355 5.450841683366762e-07 5.450841683366762e-07 5.4508416833667615e-08
0.2643086172344664 7.599198396793584e-07 6.467334669338675e-06 6.232464929859728 5.594969939879789e-07 5.594969939879789e-07 5.594969939879789e-08
0.08042084168336674 8.250901803607212e-06 5.878757515030058e-06 3.346693386773535 4.838296593186394e-07 4.838296593186394e-07 4.838296593186394e-08
0.04779559118236473 4.273547094188376e-06 8.312625250500999e-07 5.190380761523042 1.2891382765531074e-07 1.2891382765531074e-07 1.2891382765531074e-08
0.17977955911823548 1.2949899799599194e-06 4.701603206412824e-06 8.697394789579196 8.585631262525111e-07 8.585631262525111e-07 8.585631262525111e-08
0.14270541082164298 7.840681362725448e-06 1.4911823647294584e-06 5.070140280561117 8.873887775551166e-07 8.873887775551166e-07 8.873887775551166e-08
0.06188376753507015 2.4543086172344682e-06 3.3995991983967925e-06 4.549098196392774 4.820280561122266e-07 4.820280561122266e-07 4.820280561122266e-08
0.22649298597194203 8.571943887775548e-06 3.7563126252504997e-06 9.559118236472994 4.604088176352725e-07 4.604088176352725e-07 4.604088176352725e-08
0.35699398797594767 4.648096192384768e-06 5.45070140280561e-06 1.6032064128256525 7.846973947895845e-07 7.846973947895845e-07 7.846973947895845e-08
0.15086172344689333 1.954909819639278e-06 5.1474949899799584e-06 3.246492985971933 1.253106212424851e-07 1.253106212424851e-07 1.253106212424851e-08
0.05150300601202405 1.5090180360721438e-06 2.2759519038076146e-06 0.3406813627254509 5.504889779559147e-07 5.504889779559147e-07 5.504889779559147e-08
0.07374749498997997 2.008416833667334e-06 5.361523046092183e-06 5.871743486973952 8.909919839679423e-07 8.909919839679423e-07 8.909919839679422e-08
0.20943887775550948 6.520841683366731e-06 4.665931863727454e-06 5.571142284569139 6.74799599198401e-07 6.74799599198401e-07 6.747995991984009e-08
0.22278557114228278 2.935871743486973e-06 5.629058116232463e-06 7.474949899799623 2.3701002004007982e-07 2.3701002004007982e-07 2.3701002004007983e-08
0.3784969939879713 6.110621242484968e-06 2.7753507014028048e-06 3.7675350701402643 1.649458917835671e-07 1.649458917835671e-07 1.649458917835671e-08
0.2954509018036041 1.3306613226452901e-06 4.273547094188376e-06 0.7414829659318641 8.387374749499004e-08 8.387374749499004e-08 8.387374749499004e-09
0.09006012024048098 1.0631262525050097e-06 7.840681362725448e-06 2.1843687374749496 4.243767535070156e-07 4.243767535070156e-07 4.243767535070156e-08
0.20573146292585023 8.090380761523043e-06 2.686172344689378e-06 2.785571142284563 1.9917635270541064e-07 1.9917635270541064e-07 1.9917635270541066e-08
0.2746893787575123 8.161723446893785e-06 2.596993987975951e-06 5.37074148296593 5.14448897795591e-08 5.14448897795591e-08 5.14448897795591e-09
0.3873947895791535 5.815631262525048e-07 4.7551102204408805e-06 0.2805611222444889 3.541142284569147e-07 3.541142284569147e-07 3.5411422845691466e-08
0.2984168336673315 5.860921843687373e-06 5.0048096192384755e-06 3.4669338677354578 6.333627254509055e-07 6.333627254509055e-07 6.333627254509056e-08
0.038897795591182366 8.536272545090177e-06 6.1819639278557095e-06 4.168336673346677 5.162585170340706e-07 5.162585170340706e-07 5.162585170340707e-08
0.24799599198396569 2.5791583166332658e-06 4.309218436873746e-06 0.06012024048096192 8.153246492986028e-07 8.153246492986028e-07 8.153246492986028e-08
0.23909819639278349 6.707414829659316e-07 4.98697394789579e-06 3.386773547094176 2.3340681362725419e-07 2.3340681362725419e-07 2.334068136272542e-08
0.3340080160320603 6.172344689378755e-07 1.1523046092184365e-06 3.6873747494989826 8.693727454909882e-07 8.693727454909882e-07 8.693727454909882e-08
0.20721442885771393 3.185571142284568e-06 2.1689378757515024e-06 9.25851703406818 6.766012024048138e-07 6.766012024048138e-07 6.766012024048139e-08
0.15827655310621183 7.501803607214426e-06 8.91082164328657e-06 1.6633266533066144 3.4510621242485047e-07 3.4510621242485047e-07 3.4510621242485044e-08
0.3295591182364692 3.417434869739478e-06 7.5553106212424824e-06 4.00801603206411 6.099418837675386e-07 6.099418837675386e-07 6.099418837675385e-08
0.27839679358717156 8.982164328657311e-06 5.458917835671341e-07 5.81162324649299 2.1719238476953882e-07 2.1719238476953882e-07 2.1719238476953884e-08
0.17162324649298513 7.109418837675348e-06 6.699198396793585e-06 0.8416833667334674 6.243547094188413e-07 6.243547094188413e-07 6.243547094188413e-08
0.10785571142284571 3.827655310621242e-06 3.132064128256512e-06 9.579158316633315 7.612765531062175e-07 7.612765531062175e-07 7.612765531062175e-08
0.14567134268537038 2.151102204408817e-06 8.090380761523043e-06 1.4629258517034078 1.7035070140280555e-07 1.7035070140280555e-07 1.7035070140280557e-08
0.36292585170340247 7.127254509018034e-06 6.110621242484968e-06 7.054108216432884 8.099198396793643e-07 8.099198396793643e-07 8.099198396793642e-08
0.32733466933867367 2.828857715430861e-06 8.536272545090177e-06 1.4228456913827665 7.666733466933871e-08 7.666733466933871e-08 7.666733466933871e-09
0.3221442885771507 8.661122244488975e-06 3.827655310621242e-06 9.839679358717486 1.2711222444889792e-07 1.2711222444889792e-07 1.2711222444889792e-08
0.35402805611222027 3.318637274549097e-07 2.7040080160320633e-06 0.08016032064128256 4.766232464929881e-07 4.766232464929881e-07 4.7662324649298814e-08
0.3695991983967891 1.3128256513026048e-06 1.6517034068136267e-06 0.4609218436873749 7.810941883767588e-07 7.810941883767588e-07 7.810941883767588e-08
0.11304609218436876 8.490981963927852e-07 2.882364729458917e-06 5.090180360721438 2.2619238476953905e-08 2.2619238476953905e-08 2.2619238476953904e-09
0.21314629258516873 5.415030060120239e-06 8.17955911823647e-06 1.8436873747495004 9.468336673346702e-08 9.468336673346702e-08 9.468336673346703e-09
0.21833667334669168 6.931062124248495e-06 3.3460921843687364e-06 5.350701402805609 3.919478957915844e-07 3.919478957915844e-07 3.9194789579158444e-08
0.3132464929859685 8.768136272545087e-06 3.6492985971943875e-06 4.729458917835662 6.657915831663367e-07 6.657915831663367e-07 6.657915831663367e-08
0.0730060120240481 6.128456913827653e-06 3.318637274549097e-07 7.675350701402832 1.0008817635270552e-07 1.0008817635270552e-07 1.0008817635270551e-08
0.06559118236472947 2.846693386773546e-06 4.023847695390781e-06 0.1603206412825651 5.901242484969973e-07 5.901242484969973e-07 5.901242484969973e-08
0.14863727454909778 6.199799599198395e-06 3.435270541082163e-06 8.33667334669342 4.856312625250523e-07 4.856312625250523e-07 4.856312625250523e-08
0.39999999999999497 5.076152304609217e-06 1.4020040080160316e-06 6.452905811623258 4.477975951903826e-07 4.477975951903826e-07 4.477975951903826e-08
0.26653306613226196 4.327054108216432e-06 6.3781563126252485e-06 9.198396793587218 5.090521042084193e-07 5.090521042084193e-07 5.0905210420841926e-08
0.1123046092184369 1.0452905811623243e-06 4.92384769539078e-07 1.042084168336674 3.703286573146303e-07 3.703286573146303e-07 3.703286573146303e-08
0.37330661322644837 8.821643286573143e-06 4.933466933867734e-06 3.2665330661322534 2.982645290581165e-07 2.982645290581165e-07 2.982645290581165e-08
0.3755310621242439 5.361523046092183e-06 1.9727454909819634e-06 6.933867735470959 6.423707414829698e-07 6.423707414829698e-07 6.423707414829698e-08
0.24873747494989754 1.7943887775551096e-06 9.204408817635267e-07 5.290581162324647 8.405470941883827e-07 8.405470941883827e-07 8.405470941883827e-08
0.06929859719438879 1.3567134268537072e-07 5.129659318637273e-06 8.897795591182405 8.387454909819698e-07 8.387454909819698e-07 8.387454909819699e-08
0.36885771543085727 5.629058116232463e-06 8.785971943887772e-06 4.148296593186356 4.1356713426853856e-07 4.1356713426853856e-07 4.135671342685386e-08
0.07967935871743488 6.71703406813627e-06 1.1344689378757512e-06 4.749498997995983 7.648797595190432e-07 7.648797595190432e-07 7.648797595190431e-08
0.21166332665330503 2.426853707414829e-07 3.952505010020039e-06 5.9919839679358775 4.279799599198413e-07 4.279799599198413e-07 4.279799599198413e-08
0.11527054108216435 5.7895791583166315e-06 7.002404809619236e-06 7.955911823647324 2.622324649298596e-07 2.622324649298596e-07 2.6223246492985962e-08
0.10711422845691385 7.894188376753504e-06 1.8478957915831657e-06 10.000000000000053 2.15390781563126e-07 2.15390781563126e-07 2.1539078156312602e-08
0.13529058116232448 8.197394789579156e-06 4.879959919839678e-06 6.392785571142295 3.901462925851716e-07 3.901462925851716e-07 3.9014629258517155e-08
0.34068136272544697 2.686172344689378e-06 1.5803607214428852e-06 5.410821643286572 2.9825651302605204e-08 2.9825651302605204e-08 2.9825651302605205e-09
0.10118236472945893 5.843086172344688e-06 4.1665330661322635e-06 8.216432865731495 2.4781963927855686e-07 2.4781963927855686e-07 2.4781963927855688e-08
0.2969338677354678 6.788376753507012e-06 8.268737474949897e-06 9.138276553106255 6.441723446893826e-07 6.441723446893826e-07 6.441723446893826e-08
0.38220440881763057 5.932264529058114e-06 7.876352705410819e-06 4.408817635270528 2.784468937875752e-07 2.784468937875752e-07 2.784468937875752e-08
0.04186372745490982 6.413827655310619e-06 4.541082164328656e-06 0.4008016032064129 5.973306613226486e-07 5.973306613226486e-07 5.973306613226487e-08
0.2524448897795568 5.468537074148295e-06 8.661122244488975e-06 0.9619238476953914 1.7935871743486964e-07 1.7935871743486964e-07 1.7935871743486966e-08
0.2998997995991952 7.341282565130258e-06 5.5933867735470925e-06 7.555110220440906 7.126252505010022e-08 7.126252505010022e-08 7.126252505010022e-09
0.19386773547094063 7.91202404809619e-06 8.8751503006012e-06 2.705410821643281 2.7484368737474953e-07 2.7484368737474953e-07 2.7484368737474954e-08
0.22797595190380573 3.577955911823646e-06 2.9180360721442877e-06 6.73346693386775 1.1810420841683383e-07 1.1810420841683383e-07 1.1810420841683383e-08
0.2687575150300575 6.324649298597192e-06 4.630260521042083e-06 3.987975951903789 3.306933867735477e-07 3.306933867735477e-07 3.306933867735477e-08
0.05521042084168337 1.0096192384769536e-06 2.008416833667334e-06 2.2645290581162314 3.342965931863734e-07 3.342965931863734e-07 3.342965931863734e-08
0.23613226452905609 6.984569138276551e-06 7.64448897795591e-06 4.188376753506998 9.828657314629269e-08 9.828657314629269e-08 9.828657314629268e-09
0.15679358717434813 4.9513026052104195e-06 5.753907815631261e-06 9.438877755511069 8.459519038076212e-07 8.459519038076212e-07 8.459519038076211e-08
0.3162124248496959 4.095190380761522e-06 7.038076152304607e-06 1.3026052104208425 8.94595190380768e-07 8.94595190380768e-07 8.94595190380768e-08
0.34513026052103807 3.774148296593185e-06 3.1142284569138266e-06 3.707414829659303 7.09030060120245e-07 7.09030060120245e-07 7.09030060120245e-08
0.07597194388777556 5.557715430861722e-06 6.663527054108214e-06 8.176352705410853 2.5502605210420824e-07 2.5502605210420824e-07 2.5502605210420825e-08
0.20795591182364578 1.277154308617234e-06 4.9513026052104195e-06 8.837675350701442 1.3251703406813637e-07 1.3251703406813637e-07 1.3251703406813637e-08
0.21462925851703243 4.2200400801603196e-06 7.0202404809619216e-06 3.9478957915831483 7.378557114228505e-07 7.378557114228505e-07 7.378557114228505e-08
0.3681162324649254 1.6517034068136267e-06 1.027454909819639e-06 9.218436873747539 3.793366733466945e-07 3.793366733466945e-07 3.793366733466945e-08
0.37775551102203947 1.2058116232464926e-06 4.434068136272544e-06 9.69939879759524 7.43260521042089e-07 7.43260521042089e-07 7.43260521042089e-08
0.3977755511021994 8.322244488977953e-06 2.097595190380761e-06 3.286573146292574 8.261342685370799e-07 8.261342685370799e-07 8.261342685370799e-08
0.053727454909819644 5.040480961923846e-06 2.632665330661322e-06 8.296593186372778 8.315390781563184e-07 8.315390781563184e-07 8.315390781563185e-08
0.03148296593186373 1.223647294589178e-06 1.5625250501001999e-06 4.849699398797587 1.7755711422845683e-07 1.7755711422845683e-07 1.7755711422845684e-08
0.3562525050100158 6.913226452905809e-06 4.006012024048095e-06 4.488977955911811 2.2800200400801573e-07 2.2800200400801573e-07 2.2800200400801574e-08
0.3859118236472898 3.0963927855711413e-06 6.253306613226451e-06 3.8276553106212257 1.2350901803607228e-07 1.2350901803607228e-07 1.2350901803607228e-08
0.0996993987975952 3.5422845691382754e-06 5.111823647294588e-06 6.012024048096198 4.6040080160320626e-08 4.6040080160320626e-08 4.6040080160320626e-09
0.16939879759518958 3.381763527054107e-06 7.252104208416831e-06 7.254509018036093 6.351643286573184e-07 6.351643286573184e-07 6.351643286573184e-08
0.32140280561121887 3.9703406813627245e-06 1.3567134268537072e-07 8.55711422845695 2.0638276553106191e-07 2.0638276553106191e-07 2.0638276553106193e-08
0.040380761523046094 1.3484969939879755e-06 4.380561122244488e-06 2.2244488977955905 7.594749498998047e-07 7.594749498998047e-07 7.594749498998047e-08
0.2702404809619212 6.235470941883766e-06 2.989378757515029e-06 9.899799599198449 1.4873146292585174e-07 1.4873146292585174e-07 1.4873146292585173e-08
0.37627254509017577 8.054709418837673e-06 1.7230460921843681e-06 8.376753507014062 3.162725450901803e-08 3.162725450901803e-08 3.1627254509018027e-09
0.04112224448897796 3.132064128256512e-06 7.4126252505009995e-06 0.5210420841683369 5.70306613226456e-07 5.70306613226456e-07 5.70306613226456e-08
0.2776553106212397 6.7705410821643265e-06 4.095190380761522e-06 2.925851703406806 5.847194388777587e-07 5.847194388777587e-07 5.8471943887775875e-08
0.3087975951903774 8.375751503006009e-06 1.5446893787575145e-06 6.432865731462937 1.6314428857715428e-07 1.6314428857715428e-07 1.631442885771543e-08
0.21611222444889613 3.2925851703406803e-06 7.234268537074146e-06 5.971943887775557 4.4599599198396976e-07 4.4599599198396976e-07 4.459959919839698e-08
0.18867735470941768 5.664729458917834e-06 7.145090180360719e-06 0.6813627254509022 2.802404809619238e-08 2.802404809619238e-08 2.802404809619238e-09
0.320661322645287 7.394789579158314e-06 8.84769539078156e-07 0.8817635270541088 2.262004008016029e-07 2.262004008016029e-07 2.2620040080160293e-08
0.14641282565130223 5.504208416833666e-06 6.350701402805609e-07 6.653306613226467 4.153687374749514e-07 4.153687374749514e-07 4.153687374749514e-08
0.12194388777555112 5.254509018036071e-06 5.48637274549098e-06 3.9078156312625074 6.261563126252542e-07 6.261563126252542e-07 6.261563126252542e-08
0.06114228456913828 6.610020040080158e-06 1.473346693386773e-06 2.064128256513027 6.982204408817679e-07 6.982204408817679e-07 6.98220440881768e-08
0.17088176352705328 3.4887775551102193e-06 3.916833667334668e-06 2.3046092184368723 5.360761523046119e-07 5.360761523046119e-07 5.360761523046119e-08
0.07893787575150302 8.268737474949897e-06 2.3116232464929853e-06 8.57715430861727 6.639899799599239e-07 6.639899799599239e-07 6.639899799599239e-08
0.09599198396793589 6.431663326653305e-06 1.080961923847695e-06 5.490981963927855 2.0097795591182346e-07 2.0097795591182346e-07 2.0097795591182347e-08
0.18793587174348583 5.3436873747494974e-06 7.599198396793584e-07 9.779559118236524 7.883006012024102e-07 7.883006012024102e-07 7.883006012024102e-08
0.08116232464929861 7.1629258517034045e-06 7.109418837675348e-06 8.09619238476957 1.95573146292585e-07 1.95573146292585e-07 1.9557314629258502e-08
0.3236272545090144 4.826452905811622e-06 3.98817635270541e-06 2.024048096192386 5.612985971943918e-07 5.612985971943918e-07 5.612985971943918e-08
0.06410821643286574 8.696793587174346e-06 8.500601202404807e-06 9.298597194388822 5.324729458917862e-07 5.324729458917862e-07 5.324729458917862e-08
0.04334669338677355 2.400801603206412e-06 4.969138276553105e-06 5.270541082164326 1.847635270541081e-07 1.847635270541081e-07 1.847635270541081e-08
0.32585170340680997 7.483967935871741e-06 7.68016032064128e-06 6.753507014028071 5.306713426853734e-07 5.306713426853734e-07 5.306713426853734e-08
0.2895190380761493 7.983366733466931e-06 3.2034068136272535e-06 7.394789579158339 4.081623246493e-07 4.081623246493e-07 4.081623246493e-08
0.2583767535070116 6.94889779559118e-06 2.2224448897795585e-06 0.9418837675350707 3.865430861723459e-07 3.865430861723459e-07 3.865430861723459e-08
0.0915430861723447 3.221242484969939e-06 4.0320641282565117e-07 1.8837675350701417 6.765931863727455e-08 6.765931863727455e-08 6.765931863727456e-09
0.050020040080160325 4.041683366733466e-06 4.915631262525049e-06 6.27254509018037 8.837855711422909e-07 8.837855711422909e-07 8.83785571142291e-08
0.2732064128256486 4.8086172344689366e-06 6.395991983967934e-06 5.631262525050102 4.928376753507037e-07 4.928376753507037e-07 4.9283767535070364e-08
0.12639278557114228 3.239078156312624e-06 8.696793587174346e-06 9.979959919839732 3.2348697394789633e-07 3.2348697394789633e-07 3.2348697394789636e-08
0.09525050100200402 4.4875751503006e-06 1.9905811623246488e-06 8.597194388777591 3.1267735470941926e-07 3.1267735470941926e-07 3.1267735470941925e-08
0.27543086172344416 5.878757515030058e-06 1.1166332665330658e-06 9.398797595190427 6.045290581162323e-08 6.045290581162323e-08 6.045290581162323e-09
0.32881763527053737 7.733667334669336e-06 7.537474949899797e-06 3.0861723446893694 8.206412825651303e-09 8.206412825651303e-09 8.206412825651303e-10
0.13825651302605188 7.269939879759517e-06 1.223647294589178e-06 8.396793587174383 8.423486973947955e-07 8.423486973947955e-07 8.423486973947955e-08
0.3710821643286528 6.485170340681361e-06 7.305611222444887e-06 7.995991983967966 5.558937875751532e-07 5.558937875751532e-07 5.558937875751532e-08
0.3577354709418795 5.896593186372744e-06 3.9703406813627245e-06 5.551102204408818 8.74769539078157e-08 8.74769539078157e-08 8.74769539078157e-09
0.35106212424849287 2.044088176352705e-06 4.648096192384768e-06 6.95390781563128 7.937054108216487e-07 7.937054108216487e-07 7.937054108216488e-08
0.33030060120240107 7.3591182364729435e-06 3.7028056112224436e-06 8.757515030060159 7.036252505010065e-07 7.036252505010065e-07 7.036252505010065e-08
0.12268537074148299 1.4376753507014023e-06 2.400801603206412e-06 2.0040080160320657 7.955070140280615e-07 7.955070140280615e-07 7.955070140280616e-08
0.03222444889779559 1.6873747494989974e-06 5.415030060120239e-06 0.0 8.243326653306671e-07 8.243326653306671e-07 8.24332665330667e-08
0.1182364729458918 6.253306613226451e-06 6.806212424849697e-06 0.42084168336673355 8.009118236473001e-07 8.009118236473001e-07 8.009118236473e-08
0.07004008016032065 5.575551102204407e-06 6.057114228456912e-06 5.210420841683363 3.216853707414835e-07 3.216853707414835e-07 3.216853707414835e-08
0.33919839679358327 2.9715430861723437e-06 2.2581162324649292e-06 2.464929859719436 1.9737474949899782e-07 1.9737474949899782e-07 1.9737474949899784e-08
0.09895791583166334 5.5933867735470925e-06 6.984569138276551e-06 8.036072144288607 2.35208416833667e-07 2.35208416833667e-07 2.3520841683366702e-08
0.12342685370741485 5.825250501002002e-06 8.490981963927852e-07 6.032064128256519 5.3246492985971924e-08 5.3246492985971924e-08 5.324649298597192e-09
0.23687374749498794 6.699198396793585e-06 3.078557114228456e-06 2.885771543086165 2.496212424849697e-07 2.496212424849697e-07 2.496212424849697e-08
0.11082164328657317 2.1867735470941878e-06 7.590981963927853e-06 7.85571142284572 4.4239278557114407e-07 4.4239278557114407e-07 4.423927855711441e-08
0.2939679358717404 8.429258517034065e-06 5.325851703406812e-06 1.803607214428859 2.9105811623246513e-07 2.9105811623246513e-07 2.9105811623246514e-08
0.261342685370739 5.753907815631261e-06 7.777555110220438e-07 7.5350701402805855 1.8656513026052092e-07 1.8656513026052092e-07 1.8656513026052093e-08
0.3829458917835624 7.94769539078156e-06 2.3651302605210414e-06 6.05210420841684 8.027134268537129e-07 8.027134268537129e-07 8.02713426853713e-08
0.21537074148296428 6.734869739478956e-06 5.040480961923846e-06 9.519038076152352 7.522685370741533e-07 7.522685370741533e-07 7.522685370741533e-08
0.0752304609218437 7.0202404809619216e-06 9.917835671342682e-07 3.9679358717434687 5.919258517034101e-07 5.919258517034101e-07 5.919258517034101e-08
0.18941883767534953 7.876352705410819e-06 4.844288577154307e-06 4.388777555110207 1.6674749498997992e-07 1.6674749498997992e-07 1.6674749498997993e-08
0.16420841683366663 3.6492985971943875e-06 3.7384769539078144e-06 6.4929859719439 1.0008016032064129e-08 1.0008016032064129e-08 1.0008016032064128e-09
0.18496993987975843 5.290180360721441e-06 5.807414829659317e-06 8.196392785571174 6.477755511022083e-07 6.477755511022083e-07 6.477755511022082e-08
0.08264529058116234 7.71583166332665e-06 9.382765531062121e-07 5.170340681362721 5.504809619238475e-08 5.504809619238475e-08 5.504809619238475e-09
0.13454909819639263 3.952505010020039e-06 6.039278557114227e-06 6.352705410821653 4.1717034068136425e-07 4.1717034068136425e-07 4.171703406813642e-08
0.16865731462925773 1.5268537074148291e-06 1.7765531062124242e-06 9.659318637274598 6.85609218436878e-07 6.85609218436878e-07 6.856092184368781e-08
0.13677354709418818 5.771743486973946e-06 6.6278557114228436e-06 4.248496993987961 1.937715430861722e-07 1.937715430861722e-07 1.937715430861722e-08
0.055951903807615236 3.1498997995991974e-06 7.6088176352705385e-06 9.45891783567139 4.2978156312625416e-07 4.2978156312625416e-07 4.2978156312625414e-08
0.19831663326653173 5.611222444889778e-06 6.164128256513024e-06 7.935871743487003 1.6134268537074146e-07 1.6134268537074146e-07 1.6134268537074148e-08
0.24503006012023829 1.5803607214428852e-06 7.420841683366731e-07 3.847695390781546 4.2436873747494976e-08 4.2436873747494976e-08 4.243687374749497e-09
0.3888777555110172 1.0987975951903804e-06 5.432865731462924e-06 7.595190380761548 3.0366933867735504e-07 3.0366933867735504e-07 3.03669338677355e-08
0.19683366733466803 2.7218436873747487e-06 2.543486973947895e-06 3.10621242484969 7.828957915831716e-07 7.828957915831716e-07 7.828957915831716e-08
0.07671342685370743 2.9537074148296584e-06 4.505410821643285e-06 6.192384769539086 5.054488977955936e-07 5.054488977955936e-07 5.0544889779559356e-08
0.08857715430861725 6.21763527054108e-06 7.127254509018034e-06 8.857715430861763 4.4959919839679545e-07 4.4959919839679545e-07 4.495991983967955e-08
0.1204609218436874 9.739478957915829e-07 7.858517034068134e-06 9.739478957915882 3.3970140280561193e-07 3.3970140280561193e-07 3.397014028056119e-08
0.28136272545089897 5.058316633266532e-06 2.739679358717434e-06 3.6472945891783417 3.5591583166332753e-07 3.5591583166332753e-07 3.5591583166332755e-08
0.34957915831662917 3.809819639278556e-06 1.2593186372745487e-06 0.5410821643286575 4.405911823647312e-07 4.405911823647312e-07 4.4059118236473125e-08
0.16050100200400738 8.964328657314626e-06 5.664729458917834e-06 2.565130260521038 8.36943887775557e-07 8.36943887775557e-07 8.369438877755569e-08
0.24428857715430644 8.304408817635268e-06 7.091583166332663e-06 0.8617234468937881 1.1450100200400817e-07 1.1450100200400817e-07 1.1450100200400817e-08
0.39110220440881277 4.388777555110219e-07 8.669338677354706e-07 1.0821643286573153 3.667254509018046e-07 3.667254509018046e-07 3.667254509018046e-08
0.2850701402805582 7.4126252505009995e-06 6.7705410821643265e-06 5.250501002004005 7.504669338677404e-07 7.504669338677404e-07 7.504669338677405e-08
0.2865531062124219 6.503006012024046e-06 5.379358717434868e-06 6.472945891783579 3.2889178356713487e-07 3.2889178356713487e-07 3.288917835671349e-08
0.10637274549098198 6.057114228456912e-06 7.501803607214426e-06 5.891783567134273 1.451282565130261e-07 1.451282565130261e-07 1.451282565130261e-08
0.20498997995991838 2.783567134268536e-07 4.5589178356713415e-06 4.068136272545073 4.027575150300615e-07 4.027575150300615e-07 4.027575150300615e-08
0.3191783567134233 2.96192384769539e-07 7.929859719438875e-06 1.9438877755511037 2.7124048096192384e-07 2.7124048096192384e-07 2.7124048096192384e-08
0.12861723446893783 5.45070140280561e-06 1.277154308617234e-06 4.609218436873737 2.766452905811624e-07 2.766452905811624e-07 2.7664529058116236e-08
0.21240480961923688 8.64328657314629e-06 1.7134268537074145e-07 9.91983967935877 2.2079559118236446e-07 2.2079559118236446e-07 2.2079559118236447e-08
0.25615230460921606 7.305611222444887e-06 1.1879759519038072e-06 7.795591182364757 1.9016032064128256e-08 1.9016032064128256e-08 1.9016032064128256e-09
0.2628256513026027 7.787174348697392e-06 3.239078156312624e-06 3.6272545090180213 3.595190380761532e-07 3.595190380761532e-07 3.5951903807615325e-08
0.28581162324649007 8.215230460921841e-06 8.286573146292582e-06 5.330661322645288 6.585851703406854e-07 6.585851703406854e-07 6.585851703406854e-08
0.10488977955911825 1.9014028056112218e-06 1.1783567134268536e-07 7.494989979959944 5.036472945891807e-07 5.036472945891807e-07 5.0364729458918074e-08
0.31398797595190037 4.683767535070139e-06 4.576753507014027e-06 7.234468937875772 4.387895791583184e-07 4.387895791583184e-07 4.387895791583184e-08
0.31695390781562777 6.342484969939878e-06 3.853707414829658e-07 6.372745490981974 5.432825651302633e-07 5.432825651302633e-07 5.4328256513026334e-08
0.13603206412825633 7.519639278557112e-06 6.324649298597192e-06 7.154308617234489 3.9374949899799727e-07 3.9374949899799727e-07 3.9374949899799725e-08
0.25170340681362496 3.7563126252504997e-06 8.732464929859716e-06 0.26052104208416826 5.86513026052104e-08 5.86513026052104e-08 5.86513026052104e-09
0.14492985971943853 2.7575150300601194e-06 6.003607214428856e-06 8.877755511022084 7.720861723446946e-07 7.720861723446946e-07 7.720861723446945e-08
0.39703406813626757 5.111823647294588e-06 2.9715430861723437e-06 4.569138276553095 1.9016833667334655e-07 1.9016833667334655e-07 1.9016833667334657e-08
0.28877755511021747 7.965531062124246e-06 2.240280561122244e-06 1.5831663326653318 2.5142284569138255e-07 2.5142284569138255e-07 2.5142284569138254e-08
0.26208416833667086 3.1677354709418827e-06 2.6683366733466926e-06 4.208416833667319 6.729979959919881e-07 6.729979959919881e-07 6.729979959919881e-08
0.03741482965931864 8.134268537074145e-07 3.5066132264529046e-06 5.791583166332669 3.3249498997996055e-07 3.3249498997996055e-07 3.324949899799606e-08
0.23983967935871534 4.630260521042083e-06 6.877555110220439e-06 7.094188376753526 6.081402805611257e-07 6.081402805611257e-07 6.081402805611257e-08
0.10859719438877757 4.006012024048095e-06 2.5613226452905804e-06 0.6613226452905815 4.9643286573146275e-08 4.9643286573146275e-08 4.964328657314628e-09
0.18719438877755398 1.1344689378757512e-06 8.803807615230458e-06 8.436873747495024 3.577174348697404e-07 3.577174348697404e-07 3.5771743486974036e-08
0.34809619238476547 5.71823647294589e-06 4.772945891783566e-06 3.066132264529049 5.198617234468963e-07 5.198617234468963e-07 5.198617234468963e-08
0.3117635270541048 6.092785571142283e-06 1.8835671342685364e-06 0.36072144288577157 3.415030060120248e-07 3.415030060120248e-07 3.415030060120248e-08
0.2821042084168308 5.165330661322644e-06 6.146292585170339e-06 7.915831663326682 3.757334669338688e-07 3.757334669338688e-07 3.757334669338688e-08
0.35254509018035657 7.777555110220438e-07 1.5268537074148291e-06 3.8677354709418665 5.23464929859722e-07 5.23464929859722e-07 5.23464929859722e-08
0.13084168336673338 4.790781563126251e-06 2.489979959919839e-06 1.5631262525050111 2.2980360721442855e-07 2.2980360721442855e-07 2.2980360721442856e-08
0.14122244488977928 7.430460921843685e-06 1.7052104208416828e-06 3.1863727454909716 2.442084168336673e-08 2.442084168336673e-08 2.442084168336673e-09
0.19312625250500878 5.379358717434868e-06 6.94889779559118e-06 9.338677354709464 4.784248496994009e-07 4.784248496994009e-07 4.784248496994009e-08
0.23316633266532868 2.2937875751503e-06 3.417434869739478e-06 4.529058116232453 5.288697394789606e-07 5.288697394789606e-07 5.288697394789605e-08
0.07226452905811624 3.0607214428857706e-06 2.9537074148296584e-06 7.114228456913847 6.964188376753551e-07 6.964188376753551e-07 6.964188376753551e-08
0.2657915831663301 8.500601202404807e-06 8.197394789579156e-06 8.957915831663367 2.1899398797595164e-07 2.1899398797595164e-07 2.1899398797595165e-08
0.10414829659318639 4.7551102204408805e-06 3.042885771543085e-06 7.434869739478981 7.66681362725456e-07 7.66681362725456e-07 7.666813627254561e-08
0.19090180360721323 7.858517034068134e-06 8.464929859719436e-06 1.0020040080160326 8.783807615230524e-07 8.783807615230524e-07 8.783807615230524e-08
0.03444889779559118 1.9192384769539073e-06 2.8645290581162316e-06 6.8537074148296755 5.775130260521074e-07 5.775130260521074e-07 5.7751302605210734e-08
0.09450901803607216 6.752705410821641e-06 8.857314629258514e-06 2.1242484969939883 4.7302004008016243e-07 4.7302004008016243e-07 4.7302004008016244e-08
0.13010020040080153 6.360320641282563e-06 6.271142284569136e-06 4.22845691382764 6.459739478957954e-07 6.459739478957954e-07 6.459739478957954e-08
0.10266533066132266 3.078557114228456e-06 4.077354709418837e-06 8.617234468937912 4.3698797595190554e-07 4.3698797595190554e-07 4.3698797595190555e-08
0.26060120240480716 3.916833667334668e-06 8.839478957915829e-06 2.4448897795591154 7.32450901803612e-07 7.32450901803612e-07 7.32450901803612e-08
0.12120240480961926 6.556513026052102e-06 2.5791583166332658e-06 8.156312625250532 3.144789579158321e-07 3.144789579158321e-07 3.1447895791583214e-08
0.30212424849699077 5.682565130260519e-06 1.5981963927855706e-06 2.8657314629258446 1.0549298597194401e-07 1.0549298597194401e-07 1.0549298597194402e-08
0.08635270541082166 7.537474949899797e-06 1e-07 2.5450901803607175 2.4421643286573117e-07 2.4421643286573117e-07 2.4421643286573117e-08
0.17384769539078068 1.9727454909819634e-06 5.2188376753507e-06 6.6733466933867875 7.360541082164377e-07 7.360541082164377e-07 7.360541082164376e-08
0.19757515030059988 8.84769539078156e-07 8.94649298597194e-06 7.274549098196414 7.306492985971991e-07 7.306492985971991e-07 7.306492985971992e-08
0.30657314629258187 1.7765531062124242e-06 6.5743486973947875e-06 6.212424849699407 3.180821643286578e-07 3.180821643286578e-07 3.180821643286578e-08
0.33326653306612847 6.146292585170339e-06 3.4531062124248485e-06 2.9458917835671263 7.486573146292588e-08 7.486573146292588e-08 7.486573146292588e-09
0.350320641282561 3.2034068136272535e-06 2.044088176352705e-06 0.220440881763527 7.396573146292634e-07 7.396573146292634e-07 7.396573146292634e-08
0.23094188376753313 6.467334669338675e-06 6.199799599198395e-06 1.3426853707414839 8.117214428857771e-07 8.117214428857771e-07 8.117214428857772e-08
0.15160320641282518 8.072545090180358e-06 7.376953907815629e-06 9.498997995992031 8.567535070140287e-08 8.567535070140287e-08 8.567535070140287e-09
0.31250501002003667 7.68016032064128e-06 7.955911823647291e-07 1.983967935871745 5.540921843687404e-07 5.540921843687404e-07 5.540921843687404e-08
0.379979959919835 2.6505010020040072e-06 7.626653306613224e-06 3.747494989979944 8.045150300601258e-07 8.045150300601258e-07 8.045150300601258e-08
0.276172344689376 6.395991983967934e-06 9.026052104208413e-07 7.655310621242511 1.739539078156312e-07 1.739539078156312e-07 1.739539078156312e-08
0.19905811623246358 2.2581162324649292e-06 8.036873747494987e-06 6.152304609218445 5.93727454909823e-07 5.93727454909823e-07 5.93727454909823e-08
0.19609218436873618 8.126052104208414e-06 6.288977955911822e-06 5.430861723446893 2.856533066132266e-07 2.856533066132266e-07 2.856533066132266e-08
0.3547695390781521 3.3995991983967925e-06 7.519639278557112e-06 2.104208416833668 5.486873747495018e-07 5.486873747495018e-07 5.4868737474950186e-08
0.20869739478957763 2.0797595190380756e-06 8.134268537074145e-07 1.102204408817636 5.216633266533092e-07 5.216633266533092e-07 5.216633266533092e-08
0.3473547094188336 4.933466933867734e-06 7.787174348697392e-06 0.6012024048096195 5.414809619238505e-07 5.414809619238505e-07 5.4148096192385045e-08
0.19164328657314508 7.662324649298595e-06 2.846693386773546e-06 3.026052104208408 4.2077354709418994e-07 4.2077354709418994e-07 4.207735470941899e-08
0.26949899799598936 5.236673346693385e-06 5.815631262525048e-07 7.615230460921869 1.721442885771543e-08 1.721442885771543e-08 1.7214428857715431e-09
0.04927855711422846 4.3627254509018025e-06 2.96192384769539e-07 9.819639278557165 7.756893787575203e-07 7.756893787575203e-07 7.756893787575203e-08
0.3384569138276514 2.3116232464929853e-06 3.5957915831663314e-06 1.2424849699398806 7.288476953907863e-07 7.288476953907863e-07 7.288476953907862e-08
0.3280761523046055 4.541082164328656e-06 4.130861723446893e-06 5.390781563126251 3.342885771543085e-08 3.342885771543085e-08 3.3428857715430854e-09
0.15753507014027998 5.993987975951902e-07 4.2104208416833653e-07 4.629258517034057 2.69438877755511e-07 2.69438877755511e-07 2.69438877755511e-08
0.22204408817635093 4.745490981963926e-07 8.67895791583166e-06 0.02004008016032064 8.531583166332726e-07 8.531583166332726e-07 8.531583166332725e-08
0.0833867735470942 3.470941883767534e-06 8.999999999999997e-06 3.527054108216419 8.063166332665386e-07 8.063166332665386e-07 8.063166332665386e-08
0.3725651302605165 8.732464929859716e-06 7.287775551102202e-06 7.034068136272563 4.063607214428872e-07 4.063607214428872e-07 4.063607214428872e-08
0.2672745490981938 5.522044088176351e-06 2.0262525050100195e-06 8.136272545090211 2.2259719438877728e-07 2.2259719438877728e-07 2.225971943887773e-08
0.05076152304609219 7.769338677354707e-06 3.898997995991983e-06 0.12024048096192383 5.991322645290615e-07 5.991322645290615e-07 5.991322645290615e-08
0.13973947895791558 4.523246492985971e-06 1.3484969939879755e-06 3.5070140280560986 7.973086172344744e-07 7.973086172344744e-07 7.973086172344744e-08
0.30583166332665 5.308016032064127e-06 4.291382765531061e-06 7.735470941883794 8.927935871743551e-07 8.927935871743551e-07 8.927935871743552e-08
0.15382765531062073 4.434068136272544e-06 8.714629258517031e-06 0.6212424849699402 5.396793587174376e-07 5.396793587174376e-07 5.3967935871743763e-08
0.38813627254508537 1.8478957915831657e-06 6.752705410821641e-06 1.5230460921843698 4.351863727454927e-07 4.351863727454927e-07 4.3518637274549267e-08
0.09673346693386775 7.145090180360719e-06 2.9002004008016023e-06 8.937875751503046 3.0727254509018073e-07 3.0727254509018073e-07 3.072725450901807e-08
0.22426853707414648 1.616032064128256e-06 1.954909819639278e-06 0.32064128256513025 4.2617835671342847e-07 4.2617835671342847e-07 4.2617835671342844e-08
0.15456913827655258 6.9667334669338655e-06 8.250901803607212e-06 2.605210420841679 3.73931863727456e-07 3.73931863727456e-07 3.73931863727456e-08
0.15901803607214368 8.999999999999997e-06 3.221242484969939e-06 8.657314629258554 1.9196993987975937e-07 1.9196993987975937e-07 1.919699398797594e-08
0.09821643286573148 2.9180360721442877e-06 5.468537074148295e-06 2.9058116232464855 6.009338677354743e-07 6.009338677354743e-07 6.009338677354743e-08
0.14789579158316593 3.613627254509017e-06 5.2010020040080145e-06 1.3226452905811632 5.631002004008046e-07 5.631002004008046e-07 5.631002004008046e-08
0.27691382765530786 6.288977955911822e-06 8.108216432865729e-06 4.869739478957908 6.387675350701441e-07 6.387675350701441e-07 6.38767535070144e-08
0.12416833667334672 6.5743486973947875e-06 1.3841683366733462e-06 8.236472945891816 5.739098196392817e-07 5.739098196392817e-07 5.7390981963928164e-08
0.22723446893787388 1.891783567134268e-07 6.9667334669338655e-06 1.7635270541082178 8.981983967935937e-07 8.981983967935937e-07 8.981983967935937e-08
0.1100801603206413 3.7919839679358704e-06 4.184368737474949e-06 2.20440881763527 6.189498997996028e-07 6.189498997996028e-07 6.189498997996028e-08
0.19979959919839543 4.5671342685370725e-07 2.6148296593186365e-06 5.531062124248497 3.433046092184376e-07 3.433046092184376e-07 3.433046092184376e-08
0.26505010020039826 8.669338677354706e-07 5.076152304609217e-06 1.22244488977956 4.640120240480982e-07 4.640120240480982e-07 4.640120240480982e-08
0.19016032064128138 8.464929859719436e-06 5.183166332665329e-06 1.743486973947897 4.6221042084168536e-07 4.6221042084168536e-07 4.622104208416853e-08
0.030741482965931863 2.3294589178356707e-06 7.965531062124246e-06 9.23847695390786 4.89234468937878e-07 4.89234468937878e-07 4.89234468937878e-08
0.07078156312625251 4.237875751503005e-06 1.9370741482965927e-06 4.509018036072132 4.441943887775569e-07 4.441943887775569e-07 4.441943887775569e-08
0.20128256513025913 8.714629258517031e-06 3.845490981963927e-06 8.076152304609248 4.712184368737496e-07 4.712184368737496e-07 4.7121843687374956e-08
0.12787575150300598 3.863326653306612e-06 4.327054108216432e-06 8.11623246492989 7.144348697394835e-07 7.144348697394835e-07 7.144348697394836e-08
0.29470941883767227 5.9501002004008e-06 3.774148296593185e-06 1.3827655310621252 5.829178356713459e-07 5.829178356713459e-07 5.8291783567134586e-08
0.17681362725450808 4.505410821643285e-06 1.0096192384769536e-06 0.18036072144288573 6.51378757515034e-07 6.51378757515034e-07 6.51378757515034e-08
0.052244488977955916 1.812224448897795e-06 4.897795591182363e-06 9.959919839679412 7.846893787575154e-08 7.846893787575154e-08 7.846893787575155e-09
0.31843687374749147 6.529058116232462e-07 2.5078156312625243e-06 6.112224448897803 7.414589178356762e-07 7.414589178356762e-07 7.414589178356762e-08
0.3458717434869699 6.877555110220439e-06 1.7587174348697389e-06 4.949899799599192 6.820060120240523e-07 6.820060120240523e-07 6.820060120240523e-08
0.3310420841683329 1.1166332665330658e-06 7.751503006012021e-06 3.3066132264528942 7.234428857715478e-07 7.234428857715478e-07 7.234428857715478e-08
0.36440881763526617 4.023847695390781e-06 4.790781563126251e-06 3.3266533066132147 6.531803607214468e-07 6.531803607214468e-07 6.531803607214468e-08
0.0485370741482966 4.291382765531061e-06 7.269939879759517e-06 1.3627254509018045 1.541362725450902e-07 1.541362725450902e-07 1.541362725450902e-08
0.11675350701402808 4.25571142284569e-06 6.413827655310619e-06 7.8757515030060405 8.20721442885772e-08 8.20721442885772e-08 8.20721442885772e-09
0.3740480961923802 8.108216432865729e-06 1.6873747494989974e-06 4.889779559118229 2.8385170340681375e-07 2.8385170340681375e-07 2.8385170340681377e-08
0.12713426853707413 1.669539078156312e-06 4.523246492985971e-06 7.7154308617234735 8.567615230460983e-07 8.567615230460983e-07 8.567615230460983e-08
0.23242484969939683 8.554108216432863e-06 5.254509018036071e-06 5.6513026052104225 5.649018036072174e-07 5.649018036072174e-07 5.649018036072174e-08
0.036673346693386774 1.473346693386773e-06 6.128456913827653e-06 0.48096192384769554 8.801823647294652e-07 8.801823647294652e-07 8.801823647294652e-08
0.38072144288576687 7.420841683366731e-07 3.613627254509017e-06 9.358717434869785 5.522905811623275e-07 5.522905811623275e-07 5.5229058116232756e-08
0.22352705410821463 1.4911823647294584e-06 7.073747494989978e-06 6.412825651302616 8.279358717434927e-07 8.279358717434927e-07 8.279358717434927e-08
0.3399398797595151 7.929859719438875e-06 2.7218436873747487e-06 1.7234468937875764 6.297595190380798e-07 6.297595190380798e-07 6.297595190380798e-08
0.15012024048096148 8.019038076152302e-06 6.895390781563124e-06 3.927855711422828 2.9646292585170366e-07 2.9646292585170366e-07 2.9646292585170366e-08
0.23390781563126053 4.469739478957915e-06 8.892985971943885e-06 8.977955911823688 4.7482164328657527e-07 4.7482164328657527e-07 4.7482164328657526e-08
0.22501002004007833 1.5350701402805608e-07 5.272344689378756e-06 1.683366733466935 4.676152304609239e-07 4.676152304609239e-07 4.676152304609239e-08
0.08486973947895793 2.8645290581162316e-06 6.074949899799597e-06 6.913827655310638 8.225310621242542e-07 8.225310621242542e-07 8.225310621242542e-08
0.3325250501001966 7.822845691382763e-06 1.1701402805611219e-06 3.1262525050100103 5.685050100200431e-07 5.685050100200431e-07 5.685050100200431e-08
0.10044088176352707 4.6124248496993976e-06 6.556513026052102e-06 6.092184368737482 6.675931863727496e-07 6.675931863727496e-07 6.675931863727496e-08
0.14196392785571113 8.607615230460919e-06 2.1154308617234463e-06 3.607214428857701 1.36120240480962e-07 1.36120240480962e-07 1.36120240480962e-08
0.057434869739478964 5.967935871743485e-06 8.357915831663324e-06 6.973947895791601 4.6581362725451105e-07 4.6581362725451105e-07 4.6581362725451104e-08
0.32288577154308257 5.432865731462924e-06 5.575551102204407e-06 2.3246492985971927 1.108977955911825e-07 1.108977955911825e-07 1.108977955911825e-08
0.24725450901803384 6.8240480961923826e-06 8.482765531062121e-06 8.256513026052136 1.0188977955911835e-07 1.0188977955911835e-07 1.0188977955911835e-08
0.23168336673346498 8.839478957915829e-06 3.5422845691382754e-06 1.4829659318637285 2.081763527054108e-08 2.081763527054108e-08 2.081763527054108e-09
0.04557114228456914 6.895390781563124e-06 1.5090180360721438e-06 9.539078156312673 5.81116232464933e-07 5.81116232464933e-07 5.8111623246493304e-08
0.15975951903807553 8.001202404809617e-06 4.148697394789578e-06 2.745490981963922 2.568276553106211e-07 2.568276553106211e-07 2.568276553106211e-08
0.3607014028056069 3.2569138276553096e-06 2.2484969939879754e-07 1.5030060120240492 6.207515030060156e-07 6.207515030060156e-07 6.207515030060156e-08
0.2554108216432842 2.5256513026052097e-06 3.1402805611222435e-07 7.63527054108219 4.117655310621257e-07 4.117655310621257e-07 4.117655310621257e-08
0.14937875751502963 2.2759519038076146e-06 2.436472945891783e-06 6.773547094188392 6.225450901803606e-08 6.225450901803606e-08 6.225450901803606e-09
0.2835871743486945 6.003607214428856e-06 4.4162324649298586e-06 0.20040080160320636 3.018677354709422e-07 3.018677354709422e-07 3.018677354709422e-08
0.13751503006012003 8.803807615230458e-06 1.0096192384769536e-06 6.352705410821653 3.018677354709422e-07 3.018677354709422e-07 3.018677354709422e-08
0.3592184368737432 2.489979959919839e-06 5.040480961923846e-06 9.358717434869785 8.099198396793643e-07 8.099198396793643e-07 8.099198396793642e-08
0.2984168336673315 4.2200400801603196e-06 3.1142284569138266e-06 3.346693386773535 2.3701002004007982e-07 2.3701002004007982e-07 2.3701002004007983e-08
0.10044088176352707 8.768136272545087e-06 3.667134268537073e-06 5.110220440881759 9.828657314629269e-08 9.828657314629269e-08 9.828657314629268e-09
0.16050100200400738 8.233066132264526e-06 5.646893787575149e-06 1.4428857715430872 6.243547094188413e-07 6.243547094188413e-07 6.243547094188413e-08
0.20573146292585023 4.8086172344689366e-06 6.8240480961923826e-06 4.629258517034057 5.12655310621245e-07 5.12655310621245e-07 5.1265531062124497e-08
0.22130260521041908 7.965531062124246e-06 2.6148296593186365e-06 8.09619238476957 5.432825651302633e-07 5.432825651302633e-07 5.4328256513026334e-08
0.16791583166332588 2.9715430861723437e-06 8.785971943887772e-06 0.26052104208416826 2.622324649298596e-07 2.622324649298596e-07 2.6223246492985962e-08
0.2524448897795568 1.8300601202404803e-06 3.4887775551102193e-06 5.571142284569139 6.315611222444927e-07 6.315611222444927e-07 6.315611222444927e-08
0.365150300601198 6.485170340681361e-06 4.745490981963926e-07 8.476953907815666 3.5231262525050184e-07 3.5231262525050184e-07 3.5231262525050184e-08
0.37034068136272097 6.3781563126252485e-06 2.1689378757515024e-06 0.6212424849699402 8.657695390781625e-07 8.657695390781625e-07 8.657695390781625e-08
0.3547695390781521 1.419839679358717e-06 5.361523046092183e-06 4.148296593186356 4.6221042084168536e-07 4.6221042084168536e-07 4.622104208416853e-08
0.19164328657314508 3.98817635270541e-06 3.3639278557114217e-06 5.330661322645288 2.568276553106211e-07 2.568276553106211e-07 2.568276553106211e-08
0.09228456913827657 5.896593186372744e-06 5.860921843687373e-06 4.308617234468923 8.225310621242542e-07 8.225310621242542e-07 8.225310621242542e-08
0.09821643286573148 3.381763527054107e-06 4.202204408817634e-06 3.5070140280560986 5.576953907815661e-07 5.576953907815661e-07 5.576953907815661e-08
0.14270541082164298 2.151102204408817e-06 8.054709418837673e-06 2.745490981963922 4.6941683366733674e-07 4.6941683366733674e-07 4.6941683366733674e-08
0.21314629258516873 4.576753507014027e-06 5.111823647294588e-06 0.36072144288577157 8.729759519038139e-07 8.729759519038139e-07 8.729759519038138e-08
0.08783567134268538 9.739478957915829e-07 2.2484969939879754e-07 5.751503006012027 6.477755511022083e-07 6.477755511022083e-07 6.477755511022082e-08
0.11527054108216435 6.734869739478956e-06 2.543486973947895e-06 0.9418837675350707 4.063527054108215e-08 4.063527054108215e-08 4.0635270541082155e-09
0.25763527054107976 8.304408817635268e-06 1.1344689378757512e-06 6.132264529058124 2.35208416833667e-07 2.35208416833667e-07 2.3520841683366702e-08
0.08931863727454911 6.663527054108214e-06 8.928657314629255e-06 7.63527054108219 6.404809619238477e-09 6.404809619238477e-09 6.404809619238478e-10
0.2880360721442856 3.435270541082163e-06 4.25571142284569e-06 6.613226452905825 7.576733466933918e-07 7.576733466933918e-07 7.576733466933919e-08
0.16198396793587108 2.8645290581162316e-06 4.665931863727454e-06 7.234468937875772 3.3609819639278624e-07 3.3609819639278624e-07 3.360981963927862e-08
0.15753507014027998 6.092785571142283e-06 4.969138276553105e-06 3.2665330661322534 5.252665330661349e-07 5.252665330661349e-07 5.252665330661349e-08
0.31250501002003667 2.1867735470941878e-06 6.707414829659316e-07 0.5410821643286575 6.51378757515034e-07 6.51378757515034e-07 6.51378757515034e-08
0.11971943887775553 4.665931863727454e-06 1.5446893787575145e-06 3.3066132264528942 5.685050100200431e-07 5.685050100200431e-07 5.685050100200431e-08
0.29767535070139967 2.4721442885771536e-06 6.931062124248495e-06 2.885771543086165 8.333406813627313e-07 8.333406813627313e-07 8.333406813627313e-08
0.3295591182364692 4.71943887775551e-06 7.242484969939877e-07 1.0821643286573153 3.0727254509018073e-07 3.0727254509018073e-07 3.072725450901807e-08
0.10488977955911825 3.827655310621242e-06 7.073747494989978e-06 1.8236472945891797 8.153246492986028e-07 8.153246492986028e-07 8.153246492986028e-08
0.261342685370739 8.268737474949897e-06 7.305611222444887e-06 3.4068136272544964 1.6134268537074146e-07 1.6134268537074146e-07 1.6134268537074148e-08
0.3369739478957877 5.165330661322644e-06 5.504208416833666e-06 9.69939879759524 3.703286573146303e-07 3.703286573146303e-07 3.703286573146303e-08
0.13010020040080153 4.6124248496993976e-06 6.88577154308617e-07 8.757515030060159 1.5412825651302606e-08 1.5412825651302606e-08 1.5412825651302607e-09
0.19090180360721323 5.2188376753507e-06 4.398396793587173e-06 5.871743486973952 1.1809619238476955e-08 1.1809619238476955e-08 1.1809619238476954e-09
0.16346693386773478 7.876352705410819e-06 5.611222444889778e-06 5.010020040080154 6.153466933867771e-07 6.153466933867771e-07 6.153466933867771e-08
0.09895791583166334 7.94769539078156e-06 8.41142284569138e-06 7.454909819639302 7.846973947895845e-07 7.846973947895845e-07 7.846973947895845e-08
0.3695991983967891 4.737274549098195e-06 3.221242484969939e-06 5.070140280561117 4.117655310621257e-07 4.117655310621257e-07 4.117655310621257e-08
0.12935871743486968 6.520841683366731e-06 7.055911823647292e-06 2.244488977955911 8.315390781563184e-07 8.315390781563184e-07 8.315390781563185e-08
0.3770140280561076 3.078557114228456e-06 4.184368737474949e-06 4.46893787575149 8.045150300601258e-07 8.045150300601258e-07 8.045150300601258e-08
0.2702404809619212 1.6873747494989974e-06 2.204609218436873e-06 0.2805611222444889 1.3611222444889782e-08 1.3611222444889782e-08 1.361122244488978e-09
0.3518036072144247 9.917835671342682e-07 5.236673346693385e-06 5.390781563126251 3.433046092184376e-07 3.433046092184376e-07 3.433046092184376e-08
0.379979959919835 8.393587174348695e-06 6.110621242484968e-06 9.098196392785614 4.153687374749514e-07 4.153687374749514e-07 4.153687374749514e-08
0.36440881763526617 1.1783567134268536e-07 1.9192384769539073e-06 2.525050100200397 1.721442885771543e-08 1.721442885771543e-08 1.7214428857715431e-09
0.20498997995991838 6.88577154308617e-07 7.3591182364729435e-06 8.056112224448928 4.982424849699422e-07 4.982424849699422e-07 4.982424849699422e-08
0.2583767535070116 1.812224448897795e-06 7.0202404809619216e-06 2.104208416833668 1.8116032064128246e-07 1.8116032064128246e-07 1.8116032064128248e-08
0.3340080160320603 2.1689378757515024e-06 7.376953907815629e-06 3.927855711422828 3.793366733466945e-07 3.793366733466945e-07 3.793366733466945e-08
0.3429058116232425 1.9905811623246488e-06 7.805010020040078e-06 5.190380761523042 7.540701402805661e-07 7.540701402805661e-07 7.540701402805661e-08
0.30805611222444557 5.504208416833666e-06 2.783567134268536e-07 1.803607214428859 5.144569138276578e-07 5.144569138276578e-07 5.144569138276578e-08
0.24132264529057904 3.7563126252504997e-06 4.933466933867734e-06 8.216432865731495 4.42384769539078e-08 4.42384769539078e-08 4.42384769539078e-09
0.31398797595190037 1e-07 1.4020040080160316e-06 0.18036072144288573 3.8474148296593305e-07 3.8474148296593305e-07 3.84741482965933e-08
0.3636673346693343 7.0202404809619216e-06 5.815631262525048e-07 9.579158316633315 2.406132264529055e-07 2.406132264529055e-07 2.4061322645290547e-08
0.10859719438877757 7.662324649298595e-06 4.380561122244488e-06 0.0 7.504669338677404e-07 7.504669338677404e-07 7.504669338677405e-08
0.320661322645287 3.5422845691382754e-06 2.4721442885771536e-06 1.162324649298598 5.360761523046119e-07 5.360761523046119e-07 5.360761523046119e-08
0.08190380761523047 2.2224448897795585e-06 4.648096192384768e-06 7.1943887775551305 3.3970140280561193e-07 3.3970140280561193e-07 3.397014028056119e-08
0.29322645290580857 2.3829659318637268e-06 1.1783567134268536e-07 9.979959919839732 7.702845691382817e-07 7.702845691382817e-07 7.702845691382817e-08
0.3073146292585137 7.341282565130258e-06 2.882364729458917e-06 4.22845691382764 1.7935871743486964e-07 1.7935871743486964e-07 1.7935871743486966e-08
0.14789579158316593 8.126052104208414e-06 5.967935871743485e-06 2.7655310621242424 6.027354709418872e-07 6.027354709418872e-07 6.027354709418871e-08
0.030741482965931863 3.720641282565129e-06 3.916833667334668e-06 6.753507014028071 1.937715430861722e-07 1.937715430861722e-07 1.937715430861722e-08
0.24354709418837459 6.395991983967934e-06 8.94649298597194e-06 6.012024048096198 4.802264529058138e-07 4.802264529058138e-07 4.802264529058138e-08
0.050020040080160325 7.519639278557112e-06 1.9727454909819634e-06 2.4448897795591154 6.27957915831667e-07 6.27957915831667e-07 6.27957915831667e-08
0.07374749498997997 6.431663326653305e-06 3.1402805611222435e-07 7.5350701402805855 3.0006613226452935e-07 3.0006613226452935e-07 3.000661322645293e-08
0.09450901803607216 2.7575150300601194e-06 7.751503006012021e-06 8.35671342685374 2.0998597194388755e-07 2.0998597194388755e-07 2.0998597194388756e-08
0.10637274549098198 2.3651302605210414e-06 4.844288577154307e-06 0.9018036072144294 2.7124048096192384e-07 2.7124048096192384e-07 2.7124048096192384e-08
0.24428857715430644 5.575551102204407e-06 1.277154308617234e-06 4.128256513026035 5.378777555110248e-07 5.378777555110248e-07 5.3787775551102475e-08
0.31695390781562777 1.669539078156312e-06 9.382765531062121e-07 8.897795591182405 3.7213026052104313e-07 3.7213026052104313e-07 3.721302605210431e-08
0.18793587174348583 1.3128256513026048e-06 1.6517034068136267e-06 8.33667334669342 4.874328657314651e-07 4.874328657314651e-07 4.874328657314651e-08
0.2672745490981938 6.859719438877753e-06 8.357915831663324e-06 5.1302605210420795 5.81116232464933e-07 5.81116232464933e-07 5.8111623246493304e-08
0.21462925851703243 7.18076152304609e-06 3.4531062124248485e-06 6.392785571142295 1.6314428857715428e-07 1.6314428857715428e-07 1.631442885771543e-08
0.17681362725450808 5.272344689378756e-06 1.4376753507014023e-06 2.064128256513027 3.883366733466933e-08 3.883366733466933e-08 3.883366733466933e-09
0.25911823647294346 8.839478957915829e-06 6.556513026052102e-06 2.3647294589178336 2.2800200400801573e-07 2.2800200400801573e-07 2.2800200400801574e-08
0.14863727454909778 1.9370741482965927e-06 1.954909819639278e-06 6.73346693386775 6.62188376753511e-07 6.62188376753511e-07 6.62188376753511e-08
0.32288577154308257 7.038076152304607e-06 6.092785571142283e-06 0.5210420841683369 5.46885771543089e-07 5.46885771543089e-07 5.46885771543089e-08
0.3562525050100158 8.41142284569138e-06 1.3663326653306609e-06 6.95390781563128 1.1810420841683383e-07 1.1810420841683383e-07 1.1810420841683383e-08
0.07597194388777556 6.021442885771541e-06 1.5090180360721438e-06 0.32064128256513025 2.2259719438877728e-07 2.2259719438877728e-07 2.225971943887773e-08
0.09525050100200402 2.008416833667334e-06 2.828857715430861e-06 3.8677354709418665 8.351422845691441e-07 8.351422845691441e-07 8.351422845691441e-08
0.13380761523046078 4.202204408817634e-06 4.095190380761522e-06 3.667334669338662 3.541142284569147e-07 3.541142284569147e-07 3.5411422845691466e-08
0.0937675350701403 2.436472945891783e-06 8.090380761523043e-06 0.5611222444889782 4.4239278557114407e-07 4.4239278557114407e-07 4.423927855711441e-08
0.38220440881763057 8.750300601202402e-06 4.0320641282565117e-07 9.25851703406818 6.802044088176395e-07 6.802044088176395e-07 6.802044088176395e-08
0.22871743486973758 6.538677354709417e-06 8.304408817635268e-06 5.270541082164326 5.86513026052104e-08 5.86513026052104e-08 5.86513026052104e-09
0.36292585170340247 2.1154308617234463e-06 4.826452905811622e-06 8.496993987975987 2.4421643286573117e-07 2.4421643286573117e-07 2.4421643286573117e-08
0.27543086172344416 1.7052104208416828e-06 3.1498997995991974e-06 7.294589178356735 4.0095591182364865e-07 4.0095591182364865e-07 4.0095591182364866e-08
0.19683366733466803 2.846693386773546e-06 6.074949899799597e-06 4.088176352705394 5.919258517034101e-07 5.919258517034101e-07 5.919258517034101e-08
0.18126252505009918 1.027454909819639e-06 4.5589178356713415e-06 3.7274549098196235 1.1990581162324665e-07 1.1990581162324665e-07 1.1990581162324665e-08
0.12194388777555112 7.64448897795591e-06 2.097595190380761e-06 3.9478957915831483 6.045290581162323e-08 6.045290581162323e-08 6.045290581162323e-09
0.0381563126252505 1.6338677354709413e-06 4.8086172344689366e-06 8.396793587174383 2.0818436873747473e-07 2.0818436873747473e-07 2.0818436873747475e-08
0.06855711422845692 5.236673346693385e-06 7.965531062124246e-06 2.0440881763527066 4.063607214428872e-07 4.063607214428872e-07 4.063607214428872e-08
0.29915831663326337 4.862124248496993e-06 1.419839679358717e-06 3.8276553106212257 1.9737474949899782e-07 1.9737474949899782e-07 1.9737474949899784e-08
0.38961923847694907 8.375751503006009e-06 2.1867735470941878e-06 4.929859719438871 7.000220440881808e-07 7.000220440881808e-07 7.000220440881808e-08
0.032965931863727455 1.5446893787575145e-06 5.058316633266532e-06 4.028056112224431 4.4959919839679545e-07 4.4959919839679545e-07 4.495991983967955e-08
0.34661322645290177 2.5613226452905804e-06 4.6124248496993976e-06 4.048096192384752 3.901462925851716e-07 3.901462925851716e-07 3.9014629258517155e-08
0.2835871743486945 1.3567134268537072e-07 6.6813627254509e-06 1.863727454909821 7.666733466933871e-08 7.666733466933871e-08 7.666733466933871e-09
0.38072144288576687 5.379358717434868e-06 3.631462925851702e-06 4.168336673346677 6.387675350701441e-07 6.387675350701441e-07 6.38767535070144e-08
0.35847695390781137 5.993987975951902e-07 8.019038076152302e-06 6.873747494989996 3.180821643286578e-07 3.180821643286578e-07 3.180821643286578e-08
0.07078156312625251 2.2937875751503e-06 4.469739478957915e-06 6.312625250501012 3.342885771543085e-08 3.342885771543085e-08 3.3428857715430854e-09
0.39703406813626757 4.059519038076151e-06 5.102204408817633e-07 7.955911823647324 1.2891382765531074e-07 1.2891382765531074e-07 1.2891382765531074e-08
0.12416833667334672 2.783567134268536e-07 6.895390781563124e-06 0.8416833667334674 7.450621242485019e-07 7.450621242485019e-07 7.450621242485019e-08
0.10785571142284571 1.4555110220440877e-06 2.489979959919839e-06 0.9619238476953914 1.55937875751503e-07 1.55937875751503e-07 1.5593787575150302e-08
0.37182364729458467 3.470941883767534e-06 8.312625250500999e-07 8.136272545090211 4.3698797595190554e-07 4.3698797595190554e-07 4.3698797595190555e-08
0.24947895791582939 3.5957915831663314e-06 1.616032064128256e-06 5.83166332665331 8.243326653306671e-07 8.243326653306671e-07 8.24332665330667e-08
0.37923847695390317 3.898997995991983e-06 6.7705410821643265e-06 0.06012024048096192 1.9016032064128256e-08 1.9016032064128256e-08 1.9016032064128256e-09
0.2539278557114205 5.664729458917834e-06 4.71943887775551e-06 3.6873747494989826 3.577174348697404e-07 3.577174348697404e-07 3.5771743486974036e-08
0.14122244488977928 2.6148296593186365e-06 1.5803607214428852e-06 5.531062124248497 7.054268537074193e-07 7.054268537074193e-07 7.054268537074193e-08
0.16124248496993923 5.458917835671341e-07 2.686172344689378e-06 5.671342685370743 4.31583166332667e-07 4.31583166332667e-07 4.31583166332667e-08
0.19979959919839543 5.129659318637273e-06 8.490981963927852e-07 7.034068136272563 7.126332665330707e-07 7.126332665330707e-07 7.126332665330707e-08
0.07745490981963929 6.110621242484968e-06 2.3116232464929853e-06 7.995991983967966 5.00044088176355e-07 5.00044088176355e-07 5.0004408817635504e-08
0.3384569138276514 3.5601202404809607e-06 4.576753507014027e-06 6.4929859719439 5.612985971943918e-07 5.612985971943918e-07 5.612985971943918e-08
0.39258517034067647 6.5743486973947875e-06 3.3995991983967925e-06 3.286573146292574 1.2350901803607228e-07 1.2350901803607228e-07 1.2350901803607228e-08
0.0648496993987976 2.632665330661322e-06 3.496993987975951e-07 4.7895791583166245 6.838076152304652e-07 6.838076152304652e-07 6.838076152304651e-08
0.18719438877755398 1.3484969939879755e-06 8.134268537074145e-07 9.198396793587218 7.288476953907863e-07 7.288476953907863e-07 7.288476953907862e-08
0.2969338677354678 6.360320641282563e-06 5.093987975951902e-06 3.10621242484969 1.0729458917835684e-07 1.0729458917835684e-07 1.0729458917835684e-08
0.21981963927855538 6.529058116232462e-07 7.94769539078156e-06 1.1222444889779566 6.585771543086172e-08 6.585771543086172e-08 6.585771543086172e-09
0.05521042084168337 2.9180360721442877e-06 8.393587174348695e-06 3.2264529058116125 3.6132064128256607e-07 3.6132064128256607e-07 3.6132064128256607e-08
0.22501002004007833 8.928657314629255e-06 2.7753507014028048e-06 6.813627254509034 7.937054108216487e-07 7.937054108216487e-07 7.937054108216488e-08
0.15308617234468888 3.0963927855711413e-06 7.127254509018034e-06 2.0841683366733474 9.288176352705419e-08 9.288176352705419e-08 9.28817635270542e-09
0.22426853707414648 3.1142284569138266e-06 5.165330661322644e-06 1.7234468937875764 1.3071543086172356e-07 1.3071543086172356e-07 1.3071543086172355e-08
0.24651302605210199 4.327054108216432e-06 7.777555110220438e-07 0.7615230460921848 3.865430861723459e-07 3.865430861723459e-07 3.865430861723459e-08
0.30509018036071817 7.599198396793584e-07 9.026052104208413e-07 7.014028056112243 7.792925851703459e-07 7.792925851703459e-07 7.79292585170346e-08
0.20350701402805468 3.5066132264529046e-06 4.790781563126251e-06 7.474949899799623 6.711963927855753e-07 6.711963927855753e-07 6.711963927855753e-08
0.30064128256512707 3.6492985971943875e-06 8.768136272545087e-06 9.839679358717486 4.910360721442908e-07 4.910360721442908e-07 4.910360721442908e-08
0.15382765531062073 8.732464929859716e-06 5.736072144288575e-06 2.024048096192386 1.4332665330661328e-07 1.4332665330661328e-07 1.4332665330661328e-08
0.21611222444889613 4.523246492985971e-06 2.426853707414829e-07 2.785571142284563 5.883226452905844e-07 5.883226452905844e-07 5.8832264529058445e-08
0.15679358717434813 5.753907815631261e-06 4.630260521042083e-06 9.759519038076203 4.838296593186394e-07 4.838296593186394e-07 4.838296593186394e-08
0.08264529058116234 7.822845691382763e-06 2.1154308617234463e-06 4.248496993987961 2.2619238476953905e-08 2.2619238476953905e-08 2.2619238476953904e-09
0.1204609218436874 7.269939879759517e-06 8.571943887775548e-06 7.895791583166361 4.640120240480982e-07 4.640120240480982e-07 4.640120240480982e-08
0.0566933867735471 7.1629258517034045e-06 7.929859719438875e-06 1.5230460921843698 2.5142284569138255e-07 2.5142284569138255e-07 2.5142284569138254e-08
0.291002004008013 2.3116232464929853e-06 9.561122244488975e-07 4.849699398797587 3.162725450901803e-08 3.162725450901803e-08 3.1627254509018027e-09
0.34809619238476547 7.894188376753504e-06 5.637274549098194e-07 8.316633266533099 5.6849699398797574e-08 5.6849699398797574e-08 5.6849699398797575e-09
0.17607214428857623 1.7943887775551096e-06 2.6683366733466926e-06 5.971943887775557 7.306412825651305e-08 7.306412825651305e-08 7.3064128256513045e-09
0.2850701402805582 5.9857715430861705e-06 4.915631262525049e-06 1.6232464929859731 1.847635270541081e-07 1.847635270541081e-07 1.847635270541081e-08
0.25615230460921606 2.8110220440881755e-06 3.2034068136272535e-06 3.56713426853706 5.23464929859722e-07 5.23464929859722e-07 5.23464929859722e-08
0.26356713426853456 6.146292585170339e-06 7.430460921843685e-06 0.4008016032064129 7.180380761523092e-07 7.180380761523092e-07 7.180380761523092e-08
0.30360721442885447 8.785971943887772e-06 8.375751503006009e-06 2.3046092184368723 9.648496993987986e-08 9.648496993987986e-08 9.648496993987986e-09
0.15605210420841628 8.67895791583166e-06 5.932264529058114e-06 3.206412825651292 8.747775551102267e-07 8.747775551102267e-07 8.747775551102268e-08
0.28581162324649007 7.145090180360719e-06 2.240280561122244e-06 8.857715430861763 7.756893787575203e-07 7.756893787575203e-07 7.756893787575203e-08
0.03963927855711423 4.006012024048095e-06 3.881162324649298e-06 9.318637274549143 5.594969939879789e-07 5.594969939879789e-07 5.594969939879789e-08
0.3132464929859685 4.095190380761522e-06 8.892985971943885e-06 3.887775551102187 2.820501002004009e-07 2.820501002004009e-07 2.820501002004009e-08
0.2643086172344664 4.344889779559117e-06 3.0072144288577145e-06 7.795591182364757 2.784468937875752e-07 2.784468937875752e-07 2.784468937875752e-08
0.35106212424849287 8.892985971943885e-06 1.2949899799599194e-06 0.14028056112224446 2.982645290581165e-07 2.982645290581165e-07 2.982645290581165e-08
0.2628256513026027 5.058316633266532e-06 1.891783567134268e-07 2.8056112224448833 4.568056112224468e-07 4.568056112224468e-07 4.568056112224468e-08
0.22945891783566943 7.064128256513023e-07 6.395991983967934e-06 9.418837675350748 3.919478957915844e-07 3.919478957915844e-07 3.9194789579158444e-08
0.12787575150300598 2.6683366733466926e-06 3.1677354709418827e-06 4.68937875751502 6.928156312625294e-07 6.928156312625294e-07 6.928156312625294e-08
0.06410821643286574 5.022645290581161e-06 2.2937875751503e-06 5.931863727454915 4.676152304609239e-07 4.676152304609239e-07 4.676152304609239e-08
0.09599198396793589 1.2058116232464926e-06 6.324649298597192e-06 1.4228456913827665 1.16302605210421e-07 1.16302605210421e-07 1.16302605210421e-08
0.33030060120240107 1.223647294589178e-06 5.272344689378756e-06 3.707414829659303 8.909919839679423e-07 8.909919839679423e-07 8.909919839679422e-08
0.27839679358717156 3.318637274549097e-07 7.983366733466931e-06 4.869739478957908 4.5320240480962114e-07 4.5320240480962114e-07 4.532024048096211e-08
0.15086172344689333 2.6505010020040072e-06 2.0797595190380756e-06 0.6412825651302608 3.2348697394789633e-07 3.2348697394789633e-07 3.2348697394789636e-08
0.23835671342685164 3.3639278557114217e-06 4.451903807615229e-06 3.0460921843687285 5.486873747495018e-07 5.486873747495018e-07 5.4868737474950186e-08
0.3251102204408781 1.9727454909819634e-06 3.2925851703406803e-06 5.81162324649299 8.693727454909882e-07 8.693727454909882e-07 8.693727454909882e-08
0.276172344689376 7.109418837675348e-06 6.431663326653305e-06 8.156312625250532 1.36120240480962e-07 1.36120240480962e-07 1.36120240480962e-08
0.25170340681362496 3.328256513026051e-06 3.470941883767534e-06 2.5050100200400767 8.567615230460983e-07 8.567615230460983e-07 8.567615230460983e-08
0.15901803607214368 7.955911823647291e-07 5.71823647294589e-06 5.611222444889781 8.837855711422909e-07 8.837855711422909e-07 8.83785571142291e-08
0.39999999999999497 3.3995991983967925e-06 7.109418837675348e-06 7.41482965931866 6.117434869739514e-07 6.117434869739514e-07 6.117434869739513e-08
0.31843687374749147 4.4162324649298586e-06 1.3841683366733462e-06 8.7975951903808 6.351643286573184e-07 6.351643286573184e-07 6.351643286573184e-08
0.30657314629258187 1.8835671342685364e-06 7.733667334669336e-06 5.450901803607214 8.387374749499004e-08 8.387374749499004e-08 8.387374749499004e-09
0.20943887775550948 4.98697394789579e-06 4.9513026052104195e-06 5.230460921843684 2.496212424849697e-07 2.496212424849697e-07 2.496212424849697e-08
0.3740480961923802 3.7028056112224436e-06 5.7895791583166315e-06 7.675350701402832 1.3792184368737483e-07 1.3792184368737483e-07 1.3792184368737483e-08
0.23539078156312424 4.434068136272544e-06 1.812224448897795e-06 8.877755511022084 7.144348697394835e-07 7.144348697394835e-07 7.144348697394836e-08
0.18274549098196288 5.807414829659317e-06 3.078557114228456e-06 9.078156312625293 1.0008016032064129e-08 1.0008016032064129e-08 1.0008016032064128e-09
0.23390781563126053 7.777555110220438e-07 3.6492985971943875e-06 6.6733466933867875 5.216633266533092e-07 5.216633266533092e-07 5.216633266533092e-08
0.3844288577154261 8.964328657314626e-06 7.599198396793584e-07 7.615230460921869 1.0909619238476967e-07 1.0909619238476967e-07 1.0909619238476967e-08
0.08635270541082166 3.1402805611222435e-07 2.6505010020040072e-06 8.57715430861727 5.3246492985971924e-08 5.3246492985971924e-08 5.324649298597192e-09
0.3577354709418795 2.2759519038076146e-06 8.197394789579156e-06 0.02004008016032064 2.46018036072144e-07 2.46018036072144e-07 2.4601803607214402e-08
0.3621843687374706 1.3841683366733462e-06 4.327054108216432e-06 8.196392785571174 7.486653306613276e-07 7.486653306613276e-07 7.486653306613276e-08
0.3784969939879713 7.787174348697392e-06 9.739478957915829e-07 4.889779559118229 5.14448897795591e-08 5.14448897795591e-08 5.14448897795591e-09
0.06929859719438879 6.074949899799597e-06 2.3829659318637268e-06 5.1503006012024 4.387895791583184e-07 4.387895791583184e-07 4.387895791583184e-08
0.3221442885771507 3.132064128256512e-06 6.984569138276551e-06 0.7014028056112228 5.757114228456945e-07 5.757114228456945e-07 5.757114228456945e-08
0.06781563126252506 8.161723446893785e-06 1e-07 8.737474949899838 8.855871743487038e-07 8.855871743487038e-07 8.855871743487038e-08
0.28284569138276267 4.4875751503006e-06 2.436472945891783e-06 2.4048096192384745 6.459739478957954e-07 6.459739478957954e-07 6.459739478957954e-08
0.28136272545089897 3.631462925851702e-06 5.2188376753507e-06 2.8256513026052037 6.045370741483e-07 6.045370741483e-07 6.045370741483001e-08
0.17310621242484883 8.482765531062121e-06 3.934669338677354e-06 3.7675350701402643 2.0097795591182346e-07 2.0097795591182346e-07 2.0097795591182347e-08
0.26653306613226196 1.0096192384769536e-06 7.955911823647291e-07 3.026052104208408 3.1988376753507064e-07 3.1988376753507064e-07 3.1988376753507066e-08
0.19831663326653173 5.432865731462924e-06 3.774148296593185e-06 7.114228456913847 8.189278557114285e-07 8.189278557114285e-07 8.189278557114285e-08
0.08486973947895793 8.589779559118233e-06 6.288977955911822e-06 3.4468937875751373 4.820280561122266e-07 4.820280561122266e-07 4.820280561122266e-08
0.2746893787575123 7.501803607214426e-06 5.022645290581161e-06 4.729458917835662 3.1267735470941926e-07 3.1267735470941926e-07 3.1267735470941925e-08
0.20721442885771393 1.6517034068136267e-06 2.0701402805611217e-07 8.917835671342726 8.47753507014034e-07 8.47753507014034e-07 8.477535070140341e-08
0.19312625250500878 3.0607214428857706e-06 7.341282565130258e-06 6.933867735470959 2.658356713426853e-07 2.658356713426853e-07 2.6583567134268532e-08
0.17162324649298513 1.891783567134268e-07 5.700400801603205e-06 7.595190380761548 6.405691382765569e-07 6.405691382765569e-07 6.40569138276557e-08
0.07967935871743488 6.788376753507012e-06 5.914428857715429e-06 8.016032064128286 3.342965931863734e-07 3.342965931863734e-07 3.342965931863734e-08
0.3028657314629226 2.2484969939879754e-07 4.5671342685370725e-07 9.158316633266576 7.522685370741533e-07 7.522685370741533e-07 7.522685370741533e-08
0.3473547094188336 7.751503006012021e-06 1.7408817635270535e-06 7.214428857715451 3.415030060120248e-07 3.415030060120248e-07 3.415030060120248e-08
0.23242484969939683 5.290180360721441e-06 8.17955911823647e-06 6.773547094188392 4.189719438877771e-07 4.189719438877771e-07 4.189719438877771e-08
0.03370741482965932 7.055911823647292e-06 1.7765531062124242e-06 2.845691382765524 1.253106212424851e-07 1.253106212424851e-07 1.253106212424851e-08
0.19460921843687248 8.134268537074145e-07 8.554108216432863e-06 0.7815631262525055 1.3251703406813637e-07 1.3251703406813637e-07 1.3251703406813637e-08
0.12565130260521043 1.7230460921843681e-06 5.379358717434868e-06 9.218436873747539 4.964408817635294e-07 4.964408817635294e-07 4.9644088176352934e-08
0.3414228456913788 6.164128256513024e-06 2.6052104208416826e-07 5.951903807615236 6.946092184368739e-08 6.946092184368739e-08 6.9460921843687384e-09
0.32733466933867367 6.71703406813627e-06 3.274749498997995e-06 6.973947895791601 4.7302004008016243e-07 4.7302004008016243e-07 4.7302004008016244e-08
0.22204408817635093 4.915631262525049e-06 5.3971943887775535e-06 7.555110220440906 7.738877755511074e-07 7.738877755511074e-07 7.738877755511074e-08
0.38665330661322167 8.607615230460919e-06 2.9002004008016023e-06 0.8016032064128261 5.108537074148321e-07 5.108537074148321e-07 5.108537074148321e-08
0.18348697394789473 7.805010020040078e-06 2.151102204408817e-06 9.559118236472994 5.396793587174376e-07 5.396793587174376e-07 5.3967935871743763e-08
0.06633266533066133 5.415030060120239e-06 5.0048096192384755e-06 8.957915831663367 7.036252505010065e-07 7.036252505010065e-07 7.036252505010065e-08
0.19609218436873618 9.026052104208413e-07 7.91202404809619e-06 10.000000000000053 1.5954108216432865e-07 1.5954108216432865e-07 1.5954108216432866e-08
0.055951903807615236 3.1498997995991974e-06 5.771743486973946e-06 5.511022044088176 4.2436873747494976e-08 4.2436873747494976e-08 4.243687374749497e-09
0.3176953907815596 4.790781563126251e-06 6.350701402805609e-07 4.428857715430849 7.414589178356762e-07 7.414589178356762e-07 7.414589178356762e-08
0.36144288577153877 5.308016032064127e-06 7.466132264529056e-06 8.77755511022048 1.649458917835671e-07 1.649458917835671e-07 1.649458917835671e-08
0.3147294589178322 6.306813627254507e-06 8.64328657314629e-06 4.709418837675341 6.081402805611257e-07 6.081402805611257e-07 6.081402805611257e-08
0.15160320641282518 1.1523046092184365e-06 3.185571142284568e-06 0.9218436873747501 2.262004008016029e-07 2.262004008016029e-07 2.2620040080160293e-08
0.13973947895791558 4.25571142284569e-06 3.7028056112224436e-06 0.12024048096192383 3.4870941883767615e-07 3.4870941883767615e-07 3.4870941883767614e-08
0.03222444889779559 2.2581162324649292e-06 3.863326653306612e-06 3.847695390781546 6.171482965931899e-07 6.171482965931899e-07 6.1714829659319e-08
0.12639278557114228 7.68016032064128e-06 1.4911823647294584e-06 2.2645290581162314 3.108757515030064e-07 3.108757515030064e-07 3.1087575150300643e-08
0.11601202404809621 1.5268537074148291e-06 7.858517034068134e-06 2.1442885771543088 8.081182364729515e-07 8.081182364729515e-07 8.081182364729514e-08
0.23761523046091979 5.5398797595190364e-06 5.325851703406812e-06 2.6853707414829606 1.2170741482965947e-07 1.2170741482965947e-07 1.2170741482965946e-08
0.12861723446893783 5.637274549098194e-07 2.596993987975951e-06 6.1723446893787655 7.468637274549147e-07 7.468637274549147e-07 7.468637274549147e-08
0.39555110220440387 7.71583166332665e-06 2.2581162324649292e-06 1.3026052104208425 3.0366933867735504e-07 3.0366933867735504e-07 3.03669338677355e-08
0.29174348697394487 4.745490981963926e-07 6.306813627254507e-06 1.8436873747495004 2.8024849699398806e-07 2.8024849699398806e-07 2.8024849699398806e-08
0.07152304609218438 8.17955911823647e-06 1.6873747494989974e-06 0.220440881763527 7.973086172344744e-07 7.973086172344744e-07 7.973086172344744e-08
0.2554108216432842 3.7384769539078144e-06 2.347294589178356e-06 2.9458917835671263 4.2617835671342847e-07 4.2617835671342847e-07 4.2617835671342844e-08
0.3043486973947863 7.252104208416831e-06 8.669338677354706e-07 9.739478957915882 1.7755711422845683e-07 1.7755711422845683e-07 1.7755711422845684e-08
0.17903807615230363 6.199799599198395e-06 8.108216432865729e-06 3.246492985971933 2.9646292585170366e-07 2.9646292585170366e-07 2.9646292585170366e-08
0.13084168336673338 3.881162324649298e-06 1.8300601202404803e-06 2.384769539078154 9.468336673346702e-08 9.468336673346702e-08 9.468336673346703e-09
0.25466933867735236 5.111823647294588e-06 7.2164328657314605e-06 6.713426853707429 4.603206412825652e-09 4.603206412825652e-09 4.603206412825652e-10
0.07004008016032065 2.686172344689378e-06 6.806212424849697e-06 1.983967935871745 2.5862925851703393e-07 2.5862925851703393e-07 2.586292585170339e-08
0.17755511022043993 1.954909819639278e-06 7.091583166332663e-06 6.292585170340691 7.09030060120245e-07 7.09030060120245e-07 7.09030060120245e-08
0.35551102204408397 9.204408817635267e-07 3.952505010020039e-06 5.170340681362721 6.495771543086211e-07 6.495771543086211e-07 6.495771543086212e-08
0.2509619238476931 2.0619238476953902e-06 3.98817635270541e-06 0.1002004008016032 7.846893787575154e-08 7.846893787575154e-08 7.846893787575155e-09
0.28729458917835377 3.274749498997995e-06 5.575551102204407e-06 1.4829659318637285 8.94595190380768e-07 8.94595190380768e-07 8.94595190380768e-08
0.24058116232464719 5.1474949899799584e-06 6.663527054108214e-06 9.539078156312673 7.810941883767588e-07 7.810941883767588e-07 7.810941883767588e-08
0.2687575150300575 2.882364729458917e-06 4.879959919839678e-06 5.891783567134273 6.261563126252542e-07 6.261563126252542e-07 6.261563126252542e-08
0.11304609218436876 1.865731462925851e-06 1.080961923847695e-06 5.59118236472946 5.450841683366762e-07 5.450841683366762e-07 5.4508416833667615e-08
0.11452905811623248 3.52444889779559e-06 8.696793587174346e-06 6.893787575150317 7.162364729458964e-07 7.162364729458964e-07 7.162364729458964e-08
0.27246492985971676 5.611222444889778e-06 4.862124248496993e-06 5.410821643286572 8.639679358717496e-07 8.639679358717496e-07 8.639679358717496e-08
0.27691382765530786 7.537474949899797e-06 7.002404809619236e-06 9.93987975951909 1.7035070140280555e-07 1.7035070140280555e-07 1.7035070140280557e-08
0.3458717434869699 5.736072144288575e-06 3.417434869739478e-06 4.328657314629244 5.955290581162358e-07 5.955290581162358e-07 5.955290581162358e-08
0.042605210420841685 6.931062124248495e-06 1.3306613226452901e-06 4.068136272545073 4.2077354709418994e-07 4.2077354709418994e-07 4.207735470941899e-08
0.14048096192384743 8.554108216432863e-06 8.072545090180358e-06 6.533066132264541 7.774909819639331e-07 7.774909819639331e-07 7.774909819639331e-08
0.32585170340680997 6.707414829659316e-07 5.522044088176351e-06 9.01803607214433 7.018236472945936e-07 7.018236472945936e-07 7.018236472945936e-08
0.12713426853707413 2.240280561122244e-06 6.44949899799599e-06 5.030060120240475 4.946392785571165e-07 4.946392785571165e-07 4.946392785571165e-08
0.17236472945891698 4.469739478957915e-06 4.523246492985971e-06 7.655310621242511 7.648797595190432e-07 7.648797595190432e-07 7.648797595190431e-08
0.13158316633266523 7.198597194388775e-06 5.807414829659317e-06 7.094188376753526 6.892124248497037e-07 6.892124248497037e-07 6.892124248497037e-08
0.10563126252505012 7.376953907815629e-06 2.008416833667334e-06 2.3246492985971927 1.0008817635270552e-07 1.0008817635270552e-07 1.0008817635270551e-08
0.18052104208416733 4.648096192384768e-06 1.8835671342685364e-06 7.054108216432884 5.631002004008046e-07 5.631002004008046e-07 5.631002004008046e-08
0.08857715430861725 3.7919839679358704e-06 1.4555110220440877e-06 5.250501002004005 8.927855711422853e-08 8.927855711422853e-08 8.927855711422852e-09
0.18941883767534953 4.077354709418837e-06 4.594589178356712e-06 0.5010020040080162 8.603647294589239e-07 8.603647294589239e-07 8.60364729458924e-08
0.3191783567134233 6.913226452905809e-06 8.536272545090177e-06 4.829659318637266 3.9735270541082296e-07 3.9735270541082296e-07 3.9735270541082296e-08
0.08709418837675352 3.774148296593185e-06 3.5957915831663314e-06 1.0621242484969946 5.775130260521074e-07 5.775130260521074e-07 5.7751302605210734e-08
0.07448897795591183 3.613627254509017e-06 8.607615230460919e-06 4.388777555110207 5.901242484969973e-07 5.901242484969973e-07 5.901242484969973e-08
0.10933867735470944 7.127254509018034e-06 7.4126252505009995e-06 3.807615230460905 6.85609218436878e-07 6.85609218436878e-07 6.856092184368781e-08
0.03593186372745491 8.518436873747492e-06 6.021442885771541e-06 0.7214428857715435 8.027134268537129e-07 8.027134268537129e-07 8.02713426853713e-08
0.37330661322644837 8.94649298597194e-06 6.172344689378755e-07 6.3326653306613325 6.74799599198401e-07 6.74799599198401e-07 6.747995991984009e-08
0.19386773547094063 6.003607214428856e-06 3.809819639278556e-06 2.4849699398797562 3.306933867735477e-07 3.306933867735477e-07 3.306933867735477e-08
0.08042084168336674 8.571943887775548e-06 6.057114228456912e-06 5.851703406813631 2.730420841683367e-07 2.730420841683367e-07 2.730420841683367e-08
0.26949899799598936 1.7765531062124242e-06 7.519639278557112e-06 9.278557114228501 3.8113827655310736e-07 3.8113827655310736e-07 3.811382765531073e-08
0.04112224448897796 1.7587174348697389e-06 6.877555110220439e-06 1.3426853707414839 8.765791583166395e-07 8.765791583166395e-07 8.765791583166396e-08
0.37478957915831207 8.536272545090177e-06 5.45070140280561e-06 3.5470941883767395 8.783807615230524e-07 8.783807615230524e-07 8.783807615230524e-08
0.16272545090180293 3.577955911823646e-06 3.52444889779559e-06 1.923847695390783 6.441723446893826e-07 6.441723446893826e-07 6.441723446893826e-08
0.23687374749498794 1.3306613226452901e-06 8.8751503006012e-06 0.1603206412825651 2.1719238476953882e-07 2.1719238476953882e-07 2.1719238476953884e-08
0.23094188376753313 8.1438877755511e-06 1.027454909819639e-06 0.24048096192384763 8.261342685370799e-07 8.261342685370799e-07 8.261342685370799e-08
0.34068136272544697 2.828857715430861e-06 3.5601202404809607e-06 5.911823647294594 8.117214428857771e-07 8.117214428857771e-07 8.117214428857772e-08
0.22575150300601018 2.6052104208416826e-07 6.3781563126252485e-06 5.350701402805609 4.7482164328657527e-07 4.7482164328657527e-07 4.7482164328657526e-08
0.39406813627254017 4.041683366733466e-06 8.126052104208414e-06 0.48096192384769554 2.802404809619238e-08 2.802404809619238e-08 2.802404809619238e-09
0.21092184368737318 6.271142284569136e-06 6.752705410821641e-06 8.296593186372778 4.514008016032083e-07 4.514008016032083e-07 4.514008016032083e-08
0.16865731462925773 2.9537074148296584e-06 2.8110220440881755e-06 7.695390781563153 7.720861723446946e-07 7.720861723446946e-07 7.720861723446945e-08
0.34216432865731067 6.6813627254509e-06 1.6338677354709413e-06 9.799599198396844 1e-09 1e-09 1e-10
0.23613226452905609 8.625450901803604e-06 1.1523046092184365e-06 3.386773547094176 5.847194388777587e-07 5.847194388777587e-07 5.8471943887775875e-08
0.13529058116232448 5.7895791583166315e-06 5.468537074148295e-06 5.290581162324647 5.054488977955936e-07 5.054488977955936e-07 5.0544889779559356e-08
0.14937875751502963 6.44949899799599e-06 8.286573146292582e-06 8.436873747495024 2.8385170340681375e-07 2.8385170340681375e-07 2.8385170340681377e-08
0.05446893787575151 8.197394789579156e-06 1.7134268537074145e-07 5.3106212424849675 6.585851703406854e-07 6.585851703406854e-07 6.585851703406854e-08
0.3918436873747446 6.1819639278557095e-06 6.467334669338675e-06 7.935871743487003 3.73931863727456e-07 3.73931863727456e-07 3.73931863727456e-08
0.14715430861723408 1.5090180360721438e-06 2.5078156312625243e-06 2.925851703406806 8.801823647294652e-07 8.801823647294652e-07 8.801823647294652e-08
0.36589178356712987 6.592184368737473e-06 3.6849699398797583e-06 0.7414829659318641 1.0369138276553118e-07 1.0369138276553118e-07 1.0369138276553118e-08
0.21388777555110058 4.933466933867734e-06 8.233066132264526e-06 4.669338677354699 2.892565130260523e-07 2.892565130260523e-07 2.892565130260523e-08
0.34364729458917437 6.342484969939878e-06 1.7230460921843681e-06 1.5631262525050111 6.964188376753551e-07 6.964188376753551e-07 6.964188376753551e-08
0.3236272545090144 1.5350701402805608e-07 2.935871743486973e-06 7.3747494989980185 7.883006012024102e-07 7.883006012024102e-07 7.883006012024102e-08
0.3102805611222411 1.0631262525050097e-06 5.290180360721441e-06 1.0220440881763533 2.045811623246491e-07 2.045811623246491e-07 2.045811623246491e-08
0.2732064128256486 1.4376753507014023e-06 6.9667334669338655e-06 6.232464929859728 5.991322645290615e-07 5.991322645290615e-07 5.991322645290615e-08
0.06188376753507015 5.843086172344688e-06 4.344889779559117e-06 7.074148296593205 8.009118236473001e-07 8.009118236473001e-07 8.009118236473e-08
0.18200400801603103 5.076152304609217e-06 6.235470941883766e-06 0.6012024048096195 8.873887775551166e-07 8.873887775551166e-07 8.873887775551166e-08
0.19757515030059988 7.573146292585168e-06 3.318637274549097e-07 4.368737474949886 1.108977955911825e-07 1.108977955911825e-07 1.108977955911825e-08
0.04186372745490982 2.5791583166332658e-06 4.541082164328656e-06 2.1242484969939883 5.721082164328688e-07 5.721082164328688e-07 5.721082164328688e-08
0.14492985971943853 7.858517034068134e-06 8.964328657314626e-06 5.490981963927855 1.0549298597194401e-07 1.0549298597194401e-07 1.0549298597194402e-08
0.33474949899799217 4.630260521042083e-06 1.9370741482965927e-06 7.334669338677377 6.946172344689422e-07 6.946172344689422e-07 6.946172344689423e-08
0.17088176352705328 1.9014028056112218e-06 6.71703406813627e-06 9.178356713426897 3.144789579158321e-07 3.144789579158321e-07 3.1447895791583214e-08
0.18645290581162213 3.952505010020039e-06 6.128456913827653e-06 1.1823647294589186 2.243987975951901e-07 2.243987975951901e-07 2.243987975951901e-08
0.15012024048096148 1.0987975951903804e-06 3.0963927855711413e-06 3.9078156312625074 5.090521042084193e-07 5.090521042084193e-07 5.0905210420841926e-08
0.15827655310621183 3.6849699398797583e-06 7.394789579158314e-06 9.378757515030106 8.387454909819698e-07 8.387454909819698e-07 8.387454909819699e-08
0.3117635270541048 7.394789579158314e-06 4.130861723446893e-06 0.42084168336673355 6.207515030060156e-07 6.207515030060156e-07 6.207515030060156e-08
0.03741482965931864 5.468537074148295e-06 6.485170340681361e-06 3.0060120240480876 8.621663326653368e-07 8.621663326653368e-07 8.621663326653368e-08
0.17458917835671253 3.2034068136272535e-06 6.271142284569136e-06 8.697394789579196 8.063166332665386e-07 8.063166332665386e-07 8.063166332665386e-08
0.05891783567134269 6.556513026052102e-06 6.146292585170339e-06 1.7034068136272558 1.0188977955911835e-07 1.0188977955911835e-07 1.0188977955911835e-08
0.10266533066132266 6.610020040080158e-06 6.734869739478956e-06 2.705410821643281 8.423486973947955e-07 8.423486973947955e-07 8.423486973947955e-08
0.2657915831663301 5.914428857715429e-06 1.3567134268537072e-07 7.134268537074168 2.604308617234468e-07 2.604308617234468e-07 2.6043086172344677e-08
0.10711422845691385 4.2104208416833653e-07 7.769338677354707e-06 7.314629258517056 5.522905811623275e-07 5.522905811623275e-07 5.5229058116232756e-08
0.16569138276553033 8.91082164328657e-06 3.042885771543085e-06 5.771543086172348 6.549819639278597e-07 6.549819639278597e-07 6.549819639278596e-08
0.2717234468937849 7.287775551102202e-06 6.841883767535068e-06 7.735470941883794 3.523046092184368e-08 3.523046092184368e-08 3.5230460921843676e-09
0.32140280561121887 5.5933867735470925e-06 6.6278557114228436e-06 6.072144288577161 2.1899398797595164e-07 2.1899398797595164e-07 2.1899398797595165e-08
0.32881763527053737 8.44709418837675e-06 2.632665330661322e-06 8.937875751503046 2.4241482965931833e-07 2.4241482965931833e-07 2.4241482965931832e-08
0.3280761523046055 2.347294589178356e-06 2.7040080160320633e-06 1.0020040080160326 4.856312625250523e-07 4.856312625250523e-07 4.856312625250523e-08
0.22056112224448723 1.616032064128256e-06 4.006012024048095e-06 6.793587174348713 5.180601202404835e-07 5.180601202404835e-07 5.180601202404835e-08
0.33326653306612847 8.054709418837673e-06 7.483967935871741e-06 5.37074148296593 5.540921843687404e-07 5.540921843687404e-07 5.540921843687404e-08
0.21833667334669168 6.9667334669338655e-06 8.001202404809617e-06 5.050100200400796 3.6492384769539176e-07 3.6492384769539176e-07 3.649238476953918e-08
0.2954509018036041 8.215230460921841e-06 7.876352705410819e-06 9.118236472945934 3.469078156312633e-07 3.469078156312633e-07 3.469078156312633e-08
0.3962925851703357 6.94889779559118e-06 5.415030060120239e-06 4.649298597194378 3.090741482965936e-07 3.090741482965936e-07 3.0907414829659355e-08
0.29470941883767227 5.825250501002002e-06 2.3294589178356707e-06 3.0861723446893694 1.8296192384769528e-07 1.8296192384769528e-07 1.829619238476953e-08
0.17829659318637178 5.280561122244487e-07 1.0631262525050097e-06 9.298597194388822 6.567835671342725e-07 6.567835671342725e-07 6.567835671342725e-08
0.1100801603206413 6.8240480961923826e-06 1.5981963927855706e-06 6.452905811623258 4.081623246493e-07 4.081623246493e-07 4.081623246493e-08
0.0915430861723447 5.878757515030058e-06 6.859719438877753e-06 1.2625250501002012 5.667034068136303e-07 5.667034068136303e-07 5.667034068136303e-08
0.2806212424849671 1.2414829659318633e-06 1.2593186372745487e-06 4.769539078156304 2.856533066132266e-07 2.856533066132266e-07 2.856533066132266e-08
0.03444889779559118 7.430460921843685e-06 3.3460921843687364e-06 7.915831663326682 6.766012024048138e-07 6.766012024048138e-07 6.766012024048139e-08
0.08412825651302606 1.0452905811623243e-06 5.254509018036071e-06 1.2825651302605219 1.6674749498997992e-07 1.6674749498997992e-07 1.6674749498997993e-08
0.394809619238472 7.769338677354707e-06 4.077354709418837e-06 6.5130260521042205 3.955511022044101e-07 3.955511022044101e-07 3.9555110220441014e-08
0.05298597194388778 2.7218436873747487e-06 6.164128256513024e-06 1.5030060120240492 5.018456913827679e-07 5.018456913827679e-07 5.0184569138276786e-08
0.17384769539078068 8.019038076152302e-06 8.803807615230458e-06 7.394789579158339 7.108316633266578e-07 7.108316633266578e-07 7.108316633266578e-08
0.3829458917835624 4.594589178356712e-06 8.518436873747492e-06 3.787575150300585 7.955070140280615e-07 7.955070140280615e-07 7.955070140280616e-08
0.38813627254508537 7.6088176352705385e-06 1.223647294589178e-06 4.589178356713416 2.7484368737474953e-07 2.7484368737474953e-07 2.7484368737474954e-08
0.13603206412825633 2.5256513026052097e-06 7.822845691382763e-06 5.711422845691385 6.189498997996028e-07 6.189498997996028e-07 6.189498997996028e-08
0.22649298597194203 2.0262525050100195e-06 7.198597194388775e-06 0.8216432865731468 2.69438877755511e-07 2.69438877755511e-07 2.69438877755511e-08
0.14344689378757483 1.3663326653306609e-06 4.023847695390781e-06 2.6452905811623197 3.1628056112224495e-07 3.1628056112224495e-07 3.1628056112224495e-08
0.11749498997995994 1.080961923847695e-06 7.662324649298595e-06 3.426853707414817 8.74769539078157e-08 8.74769539078157e-08 8.74769539078157e-09
0.3681162324649254 8.8751503006012e-06 1.1701402805611219e-06 9.138276553106255 7.342525050100248e-07 7.342525050100248e-07 7.342525050100248e-08
0.23316633266532868 5.522044088176351e-06 8.84769539078156e-07 8.176352705410853 3.829398797595202e-07 3.829398797595202e-07 3.829398797595202e-08
0.1019238476953908 2.543486973947895e-06 4.237875751503005e-06 3.3266533066132147 6.009338677354743e-07 6.009338677354743e-07 6.009338677354743e-08
0.03 8.357915831663324e-06 4.113026052104207e-06 3.1262525050100103 1.343186372745492e-07 1.343186372745492e-07 1.3431863727454919e-08
0.26208416833667086 6.467334669338675e-06 1.5268537074148291e-06 1.6633266533066144 9.000000000000065e-07 9.000000000000065e-07 9.000000000000065e-08
0.3814629258516987 5.967935871743485e-06 6.039278557114227e-06 1.9639278557114244 7.684829659318689e-07 7.684829659318689e-07 7.684829659318689e-08
0.39851703406813127 1.5625250501001999e-06 7.501803607214426e-06 4.488977955911811 7.396573146292634e-07 7.396573146292634e-07 7.396573146292634e-08
0.1123046092184369 6.057114228456912e-06 1.473346693386773e-06 4.569138276553095 3.50511022044089e-07 3.50511022044089e-07 3.50511022044089e-08
0.2924849699398767 7.305611222444887e-06 4.4162324649298586e-06 9.879759519038128 5.793146292585202e-07 5.793146292585202e-07 5.793146292585202e-08
0.3325250501001966 4.130861723446893e-06 8.91082164328657e-06 2.6252505010019993 8.927935871743551e-07 8.927935871743551e-07 8.927935871743552e-08
0.3310420841683329 5.3971943887775535e-06 9.917835671342682e-07 2.164328657314629 6.135450901803642e-07 6.135450901803642e-07 6.135450901803643e-08
0.04408817635270541 3.496993987975951e-07 8.821643286573143e-06 6.653306613226467 8.981983967935937e-07 8.981983967935937e-07 8.981983967935937e-08
0.24873747494989754 8.429258517034065e-06 9.204408817635267e-07 8.076152304609248 2.5502605210420824e-07 2.5502605210420824e-07 2.5502605210420825e-08
0.24799599198396569 6.895390781563124e-06 1.0987975951903804e-06 0.3406813627254509 1.5053306613226456e-07 1.5053306613226456e-07 1.5053306613226457e-08
0.38517034068135797 4.291382765531061e-06 3.3104208416833656e-06 4.90981963927855 4.1717034068136425e-07 4.1717034068136425e-07 4.171703406813642e-08
0.3443887775551062 6.128456913827653e-06 8.250901803607212e-06 3.066132264529049 4.712184368737496e-07 4.712184368737496e-07 4.7121843687374956e-08
0.19905811623246358 2.400801603206412e-06 3.9703406813627245e-06 6.192384769539086 4.279799599198413e-07 4.279799599198413e-07 4.279799599198413e-08
0.05150300601202405 2.0701402805611217e-07 5.458917835671341e-07 7.7154308617234735 6.765931863727455e-08 6.765931863727455e-08 6.765931863727456e-09
0.06336673346693387 8.999999999999997e-06 7.1629258517034045e-06 8.99799599198401 7.216412825651349e-07 7.216412825651349e-07 7.21641282565135e-08
0.2598597194388753 7.929859719438875e-06 7.18076152304609e-06 8.376753507014062 3.3249498997996055e-07 3.3249498997996055e-07 3.324949899799606e-08
0.15234468937875703 2.4186372745490975e-06 6.520841683366731e-06 7.815631262525078 1.75755511022044e-07 1.75755511022044e-07 1.7575551102204402e-08
0.09673346693386775 4.3627254509018025e-06 4.2104208416833653e-07 6.472945891783579 1.6854909819639274e-07 1.6854909819639274e-07 1.6854909819639275e-08
0.19535070140280433 6.7705410821643265e-06 3.577955911823646e-06 3.9679358717434687 1.8656513026052092e-07 1.8656513026052092e-07 1.8656513026052093e-08
0.17014028056112143 2.1332665330661317e-06 7.590981963927853e-06 3.486973947895778 5.414809619238505e-07 5.414809619238505e-07 5.4148096192385045e-08
0.3087975951903774 1.7134268537074145e-07 6.788376753507012e-06 7.154308617234489 3.054709418837679e-07 3.054709418837679e-07 3.054709418837679e-08
0.21537074148296428 7.44829659318637e-06 6.913226452905809e-06 9.719438877755561 8.20721442885772e-08 8.20721442885772e-08 8.20721442885772e-09
0.18496993987975843 1.1166332665330658e-06 4.3627254509018025e-06 7.835671342685399 3.631222444889789e-07 3.631222444889789e-07 3.631222444889789e-08
0.15456913827655258 4.772945891783566e-06 6.610020040080158e-06 1.9038076152304624 1.451282565130261e-07 1.451282565130261e-07 1.451282565130261e-08
0.13232464929859708 6.172344689378755e-07 8.340080160320638e-06 4.609218436873737 5.198617234468963e-07 5.198617234468963e-07 5.198617234468963e-08
0.04779559118236473 1.4911823647294584e-06 6.003607214428856e-06 0.38076152304609223 4.604088176352725e-07 4.604088176352725e-07 4.604088176352725e-08
0.35995991983967507 2.426853707414829e-07 5.753907815631261e-06 9.519038076152352 6.405611222444889e-08 6.405611222444889e-08 6.405611222444889e-09
0.24206412825651089 5.557715430861722e-06 8.625450901803604e-06 1.683366733466935 1.7215230460921837e-07 1.7215230460921837e-07 1.721523046092184e-08
0.33623246492985587 2.097595190380761e-06 1.5350701402805608e-07 8.717434869739517 1.4692985971943892e-07 1.4692985971943892e-07 1.4692985971943892e-08
0.09006012024048098 5.183166332665329e-06 8.732464929859716e-06 7.775551102204436 4.225751503006028e-07 4.225751503006028e-07 4.225751503006028e-08
0.20276553106212283 5.254509018036071e-06 1.7943887775551096e-06 6.833667334669355 7.919038076152359e-07 7.919038076152359e-07 7.919038076152358e-08
0.20869739478957763 5.093987975951902e-06 7.787174348697392e-06 4.288577154308602 7.864989979959973e-07 7.864989979959973e-07 7.864989979959973e-08
0.04557114228456914 4.826452905811622e-06 8.44709418837675e-06 0.6613226452905815 2.8016032064128258e-09 2.8016032064128258e-09 2.801603206412826e-10
0.21759519038075983 3.4531062124248485e-06 7.234268537074146e-06 6.212424849699407 7.991102204408872e-07 7.991102204408872e-07 7.991102204408872e-08
0.16717434869739403 8.340080160320638e-06 6.413827655310619e-06 3.3667334669338556 7.828957915831716e-07 7.828957915831716e-07 7.828957915831716e-08
0.11675350701402808 1.473346693386773e-06 6.592184368737473e-06 7.434869739478981 7.234428857715478e-07 7.234428857715478e-07 7.234428857715478e-08
0.35402805611222027 5.325851703406812e-06 2.0262525050100195e-06 4.549098196392774 8.206412825651303e-09 8.206412825651303e-09 8.206412825651303e-10
0.3888777555110172 2.5078156312625243e-06 1.3128256513026048e-06 6.553106212424862 5.829178356713459e-07 5.829178356713459e-07 5.8291783567134586e-08
0.0730060120240481 6.503006012024046e-06 4.059519038076151e-06 3.6272545090180213 4.6581362725451105e-07 4.6581362725451105e-07 4.6581362725451104e-08
0.07671342685370743 6.413827655310619e-06 7.68016032064128e-06 9.45891783567139 2.3881162324649264e-07 2.3881162324649264e-07 2.3881162324649265e-08
0.3992585170340631 4.184368737474949e-06 1.9014028056112218e-06 9.498997995992031 8.531583166332726e-07 8.531583166332726e-07 8.531583166332725e-08
0.32436873747494627 8.108216432865729e-06 6.360320641282563e-06 0.20040080160320636 6.225531062124285e-07 6.225531062124285e-07 6.225531062124285e-08
0.23909819639278349 2.7040080160320633e-06 7.323446893787573e-06 5.430861723446893 8.405470941883827e-07 8.405470941883827e-07 8.405470941883827e-08
0.09302605210420843 4.5589178356713415e-06 2.739679358717434e-06 5.631262525050102 4.2978156312625416e-07 4.2978156312625416e-07 4.2978156312625414e-08
0.2821042084168308 3.3104208416833656e-06 3.845490981963927e-06 8.637274549098233 4.6040080160320626e-08 4.6040080160320626e-08 4.6040080160320626e-09
0.31991983967935517 1.277154308617234e-06 7.5553106212424824e-06 9.23847695390786 5.739098196392817e-07 5.739098196392817e-07 5.7390981963928164e-08
0.33178356713426477 2.9002004008016023e-06 2.96192384769539e-07 4.949899799599192 8.171262525050157e-07 8.171262525050157e-07 8.171262525050156e-08
0.20647294589178208 4.273547094188376e-06 8.500601202404807e-06 3.4669338677354578 8.963967935871808e-07 8.963967935871808e-07 8.963967935871808e-08
0.2791382765531034 3.809819639278556e-06 2.5791583166332658e-06 1.743486973947897 6.784028056112266e-07 6.784028056112266e-07 6.784028056112267e-08
0.18422845691382658 8.64328657314629e-06 8.036873747494987e-06 8.256513026052136 8.819839679358781e-07 8.819839679358781e-07 8.81983967935878e-08
0.3977755511021994 5.71823647294589e-06 4.897795591182363e-06 2.565130260521038 5.504809619238475e-08 5.504809619238475e-08 5.504809619238475e-09
0.0996993987975952 3.1677354709418827e-06 7.573146292585168e-06 0.6813627254509022 3.27090180360722e-07 3.27090180360722e-07 3.27090180360722e-08
0.30583166332665 8.286573146292582e-06 6.199799599198395e-06 9.338677354709464 4.027575150300615e-07 4.027575150300615e-07 4.027575150300615e-08
0.057434869739478964 4.148697394789578e-06 8.982164328657311e-06 0.8617234468937881 8.1352304609219e-07 8.1352304609219e-07 8.1352304609219e-08
0.22352705410821463 8.001202404809617e-06 5.9501002004008e-06 4.809619238476945 2.4781963927855686e-07 2.4781963927855686e-07 2.4781963927855688e-08
0.20795591182364578 4.541082164328656e-06 8.67895791583166e-06 6.432865731462937 7.252444889779606e-07 7.252444889779606e-07 7.252444889779606e-08
0.3903607214428809 2.3294589178356707e-06 1.1879759519038072e-06 1.3226452905811632 2.2079559118236446e-07 2.2079559118236446e-07 2.2079559118236447e-08
0.350320641282561 2.79318637274549e-06 6.1819639278557095e-06 4.1082164328657145 7.594749498998047e-07 7.594749498998047e-07 7.594749498998047e-08
0.12342685370741485 7.590981963927853e-06 5.432865731462924e-06 7.354709418837698 2.081763527054108e-08 2.081763527054108e-08 2.081763527054108e-09
0.17533066132264438 4.380561122244488e-06 6.253306613226451e-06 3.1863727454909716 2.946613226452908e-07 2.946613226452908e-07 2.946613226452908e-08
0.07226452905811624 5.629058116232463e-06 2.8645290581162316e-06 3.607214428857701 1.8836673346693373e-07 1.8836673346693373e-07 1.8836673346693375e-08
0.1182364729458918 7.840681362725448e-06 2.4543086172344682e-06 6.05210420841684 2.0638276553106191e-07 2.0638276553106191e-07 2.0638276553106193e-08
0.13454909819639263 7.483967935871741e-06 2.7575150300601194e-06 4.408817635270528 8.549599198396854e-07 8.549599198396854e-07 8.549599198396854e-08
0.24577154308617014 8.322244488977953e-06 4.701603206412824e-06 0.4408817635270542 4.441943887775569e-07 4.441943887775569e-07 4.441943887775569e-08
0.06114228456913828 3.0072144288577145e-06 3.827655310621242e-06 7.254509018036093 2.6222444889779554e-08 2.6222444889779554e-08 2.6222444889779553e-09
0.08561122244488979 2.989378757515029e-06 7.6088176352705385e-06 1.6032064128256525 6.982204408817679e-07 6.982204408817679e-07 6.98220440881768e-08
0.08116232464929861 5.771743486973946e-06 5.629058116232463e-06 8.456913827655345 4.55004008016034e-07 4.55004008016034e-07 4.55004008016034e-08
0.3399398797595151 1.4020040080160316e-06 3.853707414829658e-07 9.959919839679412 1.541362725450902e-07 1.541362725450902e-07 1.541362725450902e-08
0.3607014028056069 7.4126252505009995e-06 4.148697394789578e-06 4.749498997995983 2.442084168336673e-08 2.442084168336673e-08 2.442084168336673e-09
0.17977955911823548 1.1701402805611219e-06 3.0607214428857706e-06 0.9819639278557121 8.027054108216437e-08 8.027054108216437e-08 8.027054108216437e-09
0.11156312625250503 1.2949899799599194e-06 3.7384769539078144e-06 1.7635270541082178 2.0277955911823628e-07 2.0277955911823628e-07 2.027795591182363e-08
0.31547094188376407 5.0048096192384755e-06 7.038076152304607e-06 5.691382765531064 3.70320641282565e-08 3.70320641282565e-08 3.7032064128256502e-09
0.2865531062124219 8.857314629258514e-06 5.076152304609217e-06 8.276553106212457 3.5591583166332753e-07 3.5591583166332753e-07 3.5591583166332755e-08
0.27394789579158046 6.253306613226451e-06 8.268737474949897e-06 2.284569138276552 7.486573146292588e-08 7.486573146292588e-08 7.486573146292588e-09
0.04705410821643287 6.752705410821641e-06 8.429258517034065e-06 4.2685370741482815 1.9196993987975937e-07 1.9196993987975937e-07 1.919699398797594e-08
0.3265931863727418 3.2925851703406803e-06 3.239078156312624e-06 6.412825651302616 6.675931863727496e-07 6.675931863727496e-07 6.675931863727496e-08
0.39110220440881277 4.388777555110219e-07 5.308016032064127e-06 8.537074148296629 7.306492985971991e-07 7.306492985971991e-07 7.306492985971992e-08
0.05076152304609219 6.350701402805609e-07 3.381763527054107e-06 4.188376753506998 6.333627254509055e-07 6.333627254509055e-07 6.333627254509056e-08
0.3755310621242439 5.45070140280561e-06 2.7218436873747487e-06 0.8817635270541088 2.3160521042084137e-07 2.3160521042084137e-07 2.3160521042084138e-08
0.16643286573146218 7.626653306613224e-06 8.322244488977953e-06 2.424849699398795 5.162585170340706e-07 5.162585170340706e-07 5.162585170340707e-08
0.14641282565130223 5.700400801603205e-06 1.1166332665330658e-06 8.977955911823688 7.378557114228505e-07 7.378557114228505e-07 7.378557114228505e-08
0.3666332665330617 3.934669338677354e-06 3.5422845691382754e-06 6.372745490981974 8.459519038076212e-07 8.459519038076212e-07 8.459519038076211e-08
0.2998997995991952 3.2569138276553096e-06 3.132064128256512e-06 1.9438877755511037 8.585631262525111e-07 8.585631262525111e-07 8.585631262525111e-08
0.25318637274548866 4.9513026052104195e-06 7.840681362725448e-06 1.5831663326653318 5.70306613226456e-07 5.70306613226456e-07 5.70306613226456e-08
0.16939879759518958 3.4887775551102193e-06 5.3436873747494974e-06 5.731462925851706 4.89234468937878e-07 4.89234468937878e-07 4.89234468937878e-08
0.06040080160320642 6.877555110220439e-06 6.538677354709417e-06 8.817635270541121 6.874108216432909e-07 6.874108216432909e-07 6.874108216432909e-08
0.24280561122244274 5.102204408817633e-07 8.589779559118233e-06 2.344689378757513 4.1356713426853856e-07 4.1356713426853856e-07 4.135671342685386e-08
0.23983967935871534 6.324649298597192e-06 1.9905811623246488e-06 6.913827655310638 3.757334669338688e-07 3.757334669338688e-07 3.757334669338688e-08
0.07893787575150302 7.697995991983965e-06 6.342484969939878e-06 2.9659318637274468 8.567535070140287e-08 8.567535070140287e-08 8.567535070140287e-09
0.27098196392785306 5.361523046092183e-06 5.557715430861722e-06 9.819639278557165 8.297374749499056e-07 8.297374749499056e-07 8.297374749499056e-08
0.11378757515030062 6.841883767535068e-06 2.5256513026052097e-06 3.166332665330651 4.9643286573146275e-08 4.9643286573146275e-08 4.964328657314628e-09
0.35699398797594767 7.002404809619236e-06 1.7587174348697389e-06 7.85571142284572 1.9917635270541064e-07 1.9917635270541064e-07 1.9917635270541066e-08
0.22797595190380573 5.860921843687373e-06 6.699198396793585e-06 1.3827655310621252 4.405911823647312e-07 4.405911823647312e-07 4.4059118236473125e-08
0.3013827655310589 4.113026052104207e-06 3.720641282565129e-06 7.515030060120265 6.820060120240523e-07 6.820060120240523e-07 6.820060120240523e-08
0.04482965931863728 7.2164328657314605e-06 4.273547094188376e-06 4.989979959919833 2.6763727454909815e-07 2.6763727454909815e-07 2.6763727454909814e-08
0.21166332665330503 4.505410821643285e-06 3.7563126252504997e-06 6.152304609218445 3.991543086172358e-07 3.991543086172358e-07 3.991543086172358e-08
0.13677354709418818 3.0250501002004e-06 2.044088176352705e-06 6.112224448897803 5.973306613226486e-07 5.973306613226486e-07 5.973306613226487e-08
0.10414829659318639 7.5553106212424824e-06 4.737274549098195e-06 3.1462925851703307 7.55871743486979e-07 7.55871743486979e-07 7.558717434869789e-08
0.3873947895791535 4.451903807615229e-06 7.145090180360719e-06 3.5871743486973804 1.1269939879759534e-07 1.1269939879759534e-07 1.1269939879759534e-08
0.23464929859719239 1.8478957915831657e-06 5.5398797595190364e-06 6.8537074148296755 2.92859719438878e-07 2.92859719438878e-07 2.92859719438878e-08
0.15531062124248443 7.733667334669336e-06 2.3651302605210414e-06 9.47895791583171 8.36943887775557e-07 8.36943887775557e-07 8.369438877755569e-08
0.036673346693386774 3.042885771543085e-06 3.5066132264529046e-06 5.4709418837675345 4.5860721442885967e-07 4.5860721442885967e-07 4.586072144288597e-08
0.3162124248496959 4.398396793587173e-06 5.48637274549098e-06 1.4028056112224458 3.7753507014028167e-07 3.7753507014028167e-07 3.775350701402817e-08
0.21907815631262353 7.983366733466931e-06 3.435270541082163e-06 6.032064128256519 2.15390781563126e-07 2.15390781563126e-07 2.1539078156312602e-08
0.0670741482965932 9.382765531062121e-07 2.4186372745490975e-06 1.3627254509018045 5.036472945891807e-07 5.036472945891807e-07 5.0364729458918074e-08
0.37627254509017577 8.714629258517031e-06 4.1665330661322635e-06 1.8837675350701417 1.9016833667334655e-07 1.9016833667334655e-07 1.9016833667334657e-08
0.18867735470941768 2.204609218436873e-06 4.98697394789579e-06 8.11623246492989 6.729979959919881e-07 6.729979959919881e-07 6.729979959919881e-08
0.14418837675350668 4.5671342685370725e-07 2.0619238476953902e-06 6.693386773547108 3.9374949899799727e-07 3.9374949899799727e-07 3.9374949899799725e-08
0.19238476953907693 8.312625250500999e-07 1.8478957915831657e-06 3.527054108216419 4.784248496994009e-07 4.784248496994009e-07 4.784248496994009e-08
0.3532865731462884 3.417434869739478e-06 2.2224448897795585e-06 2.605210420841679 6.693947895791624e-07 6.693947895791624e-07 6.693947895791625e-08
0.22723446893787388 5.815631262525048e-07 5.183166332665329e-06 4.4488977955911695 8.675711422845753e-07 8.675711422845753e-07 8.675711422845753e-08
0.12490981963927858 4.92384769539078e-07 8.999999999999997e-06 9.67935871743492 3.252885771543092e-07 3.252885771543092e-07 3.252885771543092e-08
0.0485370741482966 3.185571142284568e-06 7.252104208416831e-06 8.617234468937912 4.477975951903826e-07 4.477975951903826e-07 4.477975951903826e-08
0.36737474949899357 6.806212424849697e-06 3.898997995991983e-06 7.575150300601227 3.8834468937875873e-07 3.8834468937875873e-07 3.8834468937875873e-08
0.12268537074148299 1.1879759519038072e-06 4.92384769539078e-07 8.236472945891816 7.360541082164377e-07 7.360541082164377e-07 7.360541082164376e-08
0.09747494989979961 8.072545090180358e-06 3.328256513026051e-06 8.677354709418875 1.1450100200400817e-07 1.1450100200400817e-07 1.1450100200400817e-08
0.3933266533066083 1.9192384769539073e-06 5.825250501002002e-06 8.597194388777591 6.225450901803606e-08 6.225450901803606e-08 6.225450901803606e-09
0.16494989979959848 2.7753507014028048e-06 3.0250501002004e-06 2.1843687374749496 7.270460921843735e-07 7.270460921843735e-07 7.270460921843734e-08
0.038897795591182366 4.701603206412824e-06 2.989378757515029e-06 2.464929859719436 7.43260521042089e-07 7.43260521042089e-07 7.43260521042089e-08
0.24503006012023829 7.242484969939877e-07 2.9715430861723437e-06 6.252505010020049 4.784168336673345e-08 4.784168336673345e-08 4.784168336673345e-09
0.31102204408817297 3.239078156312624e-06 8.161723446893785e-06 2.9058116232464855 6.603867735470982e-07 6.603867735470982e-07 6.603867735470982e-08
0.11897795591182367 4.7551102204408805e-06 5.843086172344688e-06 1.22244488977956 7.90102204408823e-07 7.90102204408823e-07 7.90102204408823e-08
0.13306613226452893 1.5803607214428852e-06 4.388777555110219e-07 6.633266533066146 3.378997995991991e-07 3.378997995991991e-07 3.378997995991991e-08
0.34513026052103807 6.6278557114228436e-06 5.664729458917834e-06 5.210420841683363 2.2980360721442855e-07 2.2980360721442855e-07 2.2980360721442856e-08
0.28432865731462637 6.039278557114227e-06 2.400801603206412e-06 9.599198396793636 6.639899799599239e-07 6.639899799599239e-07 6.639899799599239e-08
0.24725450901803384 2.596993987975951e-06 5.9857715430861705e-06 1.102204408817636 7.630781563126303e-07 7.630781563126303e-07 7.630781563126303e-08
0.0752304609218437 4.969138276553105e-06 2.79318637274549e-06 4.00801603206411 6.423707414829698e-07 6.423707414829698e-07 6.423707414829698e-08
0.3725651302605165 8.500601202404807e-06 7.894188376753504e-06 8.55711422845695 7.198396793587221e-07 7.198396793587221e-07 7.19839679358722e-08
0.2776553106212397 6.984569138276551e-06 5.280561122244487e-07 2.5851703406813584 5.324729458917862e-07 5.324729458917862e-07 5.324729458917862e-08
0.23168336673346498 2.935871743486973e-06 7.420841683366731e-07 9.619238476953957 4.766232464929881e-07 4.766232464929881e-07 4.7662324649298814e-08
0.21240480961923688 8.982164328657311e-06 7.697995991983965e-06 5.551102204408818 2.3340681362725419e-07 2.3340681362725419e-07 2.334068136272542e-08
0.13899799599198373 8.090380761523043e-06 8.714629258517031e-06 2.2244488977955905 7.66681362725456e-07 7.66681362725456e-07 7.666813627254561e-08
0.053727454909819644 6.699198396793585e-06 2.9537074148296584e-06 9.058116232464972 4.4599599198396976e-07 4.4599599198396976e-07 4.459959919839698e-08
0.22278557114228278 5.9501002004008e-06 8.482765531062121e-06 1.042084168336674 8.207294589178414e-07 8.207294589178414e-07 8.207294589178414e-08
0.03148296593186373 7.420841683366731e-07 4.772945891783566e-06 8.657314629258554 1.2711222444889792e-07 1.2711222444889792e-07 1.2711222444889792e-08
0.35254509018035657 8.661122244488975e-06 6.645691382765529e-06 7.17434869739481 2.9825651302605204e-08 2.9825651302605204e-08 2.9825651302605205e-09
0.052244488977955916 8.821643286573143e-06 7.287775551102202e-06 9.779559118236524 1.739539078156312e-07 1.739539078156312e-07 1.739539078156312e-08
0.29619238476953597 9.561122244488975e-07 1.2058116232464926e-06 6.27254509018037 1.3972344689378765e-07 1.3972344689378765e-07 1.3972344689378764e-08
0.040380761523046094 2.044088176352705e-06 1.3484969939879755e-06 1.1422845691382773 1.5233466933867737e-07 1.5233466933867737e-07 1.523346693386774e-08
0.38368737474949427 3.221242484969939e-06 4.041683366733466e-06 4.9699398797595125 3.667254509018046e-07 3.667254509018046e-07 3.667254509018046e-08
0.25022044088176126 2.739679358717434e-06 1.5625250501001999e-06 6.993987975951922 4.928376753507037e-07 4.928376753507037e-07 4.9283767535070364e-08
0.12120240480961926 3.3460921843687364e-06 4.505410821643285e-06 7.494989979959944 4.351863727454927e-07 4.351863727454927e-07 4.3518637274549267e-08
0.06559118236472947 5.682565130260519e-06 7.64448897795591e-06 1.5430861723446905 5.504889779559147e-07 5.504889779559147e-07 5.504889779559147e-08
0.34957915831662917 3.853707414829658e-07 1.2414829659318633e-06 3.987975951903789 4.243767535070156e-07 4.243767535070156e-07 4.243767535070156e-08
0.20054108216432728 5.48637274549098e-06 6.21763527054108e-06 0.4609218436873749 5.270681362725477e-07 5.270681362725477e-07 5.270681362725477e-08
0.059659318637274555 4.1665330661322635e-06 6.5743486973947875e-06 6.573146292585183 5.342745490981991e-07 5.342745490981991e-07 5.342745490981991e-08
0.10340681362725453 7.091583166332663e-06 1.865731462925851e-06 7.975951903807645 7.126252505010022e-08 7.126252505010022e-08 7.126252505010022e-09
0.07819639278557115 4.683767535070139e-06 3.2569138276553096e-06 9.659318637274598 8.495551102204469e-07 8.495551102204469e-07 8.495551102204469e-08
0.26505010020039826 8.250901803607212e-06 5.896593186372744e-06 0.3006012024048096 5.865210420841716e-07 5.865210420841716e-07 5.8652104208417156e-08
0.36885771543085727 8.036873747494987e-06 7.537474949899797e-06 7.8757515030060405 8.513567134268597e-07 8.513567134268597e-07 8.513567134268597e-08
0.27987975951903526 3.863326653306612e-06 6.503006012024046e-06 1.2024048096192392 2.8745490981963944e-07 2.8745490981963944e-07 2.8745490981963943e-08
0.26060120240480716 4.309218436873746e-06 2.846693386773546e-06 9.438877755511069 2.9105811623246513e-07 2.9105811623246513e-07 2.9105811623246514e-08
0.14567134268537038 4.0320641282565117e-07 7.626653306613224e-06 9.398797595190427 8.891903807615295e-07 8.891903807615295e-07 8.891903807615294e-08
0.10118236472945893 3.916833667334668e-06 4.2200400801603196e-06 9.639278557114277 4.0455911823647433e-07 4.0455911823647433e-07 4.0455911823647436e-08
0.2939679358717404 4.897795591182363e-06 1.0452905811623243e-06 5.090180360721438 6.910140280561166e-07 6.910140280561166e-07 6.910140280561165e-08
0.11082164328657317 4.237875751503005e-06 3.613627254509017e-06 9.038076152304651 1.95573146292585e-07 1.95573146292585e-07 1.9557314629258502e-08
0.18571142284569028 2.0797595190380756e-06 4.434068136272544e-06 2.5450901803607175 1.4873146292585174e-07 1.4873146292585174e-07 1.4873146292585173e-08
0.14196392785571113 7.323446893787573e-06 8.661122244488975e-06 0.5811623246492988 5.306713426853734e-07 5.306713426853734e-07 5.306713426853734e-08
0.2895190380761493 1.2593186372745487e-06 8.464929859719436e-06 8.517034068136308 2.6403406813627246e-07 2.6403406813627246e-07 2.6403406813627247e-08
0.19016032064128138 3.845490981963927e-06 3.6753507014028044e-07 4.509018036072132 5.558937875751532e-07 5.558937875751532e-07 5.558937875751532e-08
0.30212424849699077 2.96192384769539e-07 7.269939879759517e-06 1.4629258517034078 7.612765531062175e-07 7.612765531062175e-07 7.612765531062175e-08
0.28877755511021747 7.073747494989978e-06 2.1332665330661317e-06 6.593186372745504 2.1178757515030037e-07 2.1178757515030037e-07 2.1178757515030038e-08
0.15975951903807553 7.466132264529056e-06 4.4875751503006e-06 1.6432865731462938 8.71174348697401e-07 8.71174348697401e-07 8.71174348697401e-08
0.04334669338677355 5.2010020040080145e-06 8.750300601202402e-06 0.08016032064128256 8.279358717434927e-07 8.279358717434927e-07 8.279358717434927e-08
0.3710821643286528 6.645691382765529e-06 5.993987975951902e-07 6.092184368737482 2.532244488977954e-07 2.532244488977954e-07 2.532244488977954e-08
0.06262525050100201 5.040480961923846e-06 1.7052104208416828e-06 1.2424849699398806 4.0996392785571287e-07 4.0996392785571287e-07 4.099639278557129e-08
0.3859118236472898 1.1344689378757512e-06 5.682565130260519e-06 3.6472945891783417 5.649018036072174e-07 5.649018036072174e-07 5.649018036072174e-08
0.13825651302605188 8.669338677354706e-07 7.44829659318637e-06 2.8657314629258446 4.3338476953907985e-07 4.3338476953907985e-07 4.3338476953907985e-08
0.16420841683366663 4.023847695390781e-06 1.669539078156312e-06 2.7254509018036015 3.6852705410821744e-07 3.6852705410821744e-07 3.685270541082175e-08
0.04927855711422846 6.235470941883766e-06 7.71583166332665e-06 4.208416833667319 7.072284569138322e-07 7.072284569138322e-07 7.072284569138322e-08
0.20424849699398653 7.3591182364729435e-06 7.064128256513023e-07 2.66533066132264 2.766452905811624e-07 2.766452905811624e-07 2.7664529058116236e-08
0.20202404809619098 6.288977955911822e-06 8.1438877755511e-06 2.0040080160320657 8.441503006012083e-07 8.441503006012083e-07 8.441503006012083e-08
0.035190380761523046 5.932264529058114e-06 5.878757515030058e-06 0.04008016032064128 2.135891783567132e-07 2.135891783567132e-07 2.135891783567132e-08
0.2568937875751479 5.3436873747494974e-06 5.2010020040080145e-06 5.791583166332669 5.288697394789606e-07 5.288697394789606e-07 5.288697394789605e-08
0.3488376753506973 4.879959919839678e-06 2.2759519038076146e-06 9.859719438877807 6.657915831663367e-07 6.657915831663367e-07 6.657915831663367e-08
0.30953907815630927 3.6753507014028044e-07 5.1474949899799584e-06 3.747494989979944 6.099418837675386e-07 6.099418837675386e-07 6.099418837675385e-08
0.046312625250501005 6.21763527054108e-06 4.291382765531061e-06 7.755511022044115 7.32450901803612e-07 7.32450901803612e-07 7.32450901803612e-08
0.33771543086171957 8.84769539078156e-07 5.5933867735470925e-06 2.20440881763527 9.108016032064136e-08 9.108016032064136e-08 9.108016032064136e-09
0.20128256513025913 3.667134268537073e-06 6.94889779559118e-06 7.274549098196414 5.93727454909823e-07 5.93727454909823e-07 5.93727454909823e-08
0.33919839679358327 5.646893787575149e-06 6.529058116232462e-07 8.036072144288607 6.531803607214468e-07 6.531803607214468e-07 6.531803607214468e-08
0.29026052104208117 1.7408817635270535e-06 4.7551102204408805e-06 2.985971943887767 6.297595190380798e-07 6.297595190380798e-07 6.297595190380798e-08
0.37775551102203947 4.844288577154307e-06 5.129659318637273e-06 1.7835671342685384 3.4510621242485047e-07 3.4510621242485047e-07 3.4510621242485044e-08
0.21685370741482798 8.696793587174346e-06 4.683767535070139e-06 5.9919839679358775 1.5773947895791583e-07 1.5773947895791583e-07 1.5773947895791584e-08
0.335490981963924 8.464929859719436e-06 2.9180360721442877e-06 9.899799599198449 3.2889178356713487e-07 3.2889178356713487e-07 3.288917835671349e-08
0.21018036072144133 1.5981963927855706e-06 8.839478957915829e-06 4.529058116232453 6.369659318637312e-07 6.369659318637312e-07 6.369659318637312e-08
0.23020040080160128 7.91202404809619e-06 4.309218436873746e-06 5.6513026052104225 5.072505010020064e-07 5.072505010020064e-07 5.0725050100200645e-08
0.09080160320641284 3.9703406813627245e-06 3.7919839679358704e-06 8.837675350701442 3.595190380761532e-07 3.595190380761532e-07 3.5951903807615325e-08
0.0833867735470942 8.490981963927852e-07 2.5613226452905804e-06 4.348697394789565 1.4152505010020047e-07 1.4152505010020047e-07 1.4152505010020046e-08
0.05817635270541083 7.234268537074146e-06 8.857314629258514e-06 9.91983967935877 6.063386773547129e-07 6.063386773547129e-07 6.063386773547129e-08
0.26801603206412566 2.4543086172344682e-06 8.215230460921841e-06 8.416833667334704 3.216853707414835e-07 3.216853707414835e-07 3.216853707414835e-08
0.3102805611222411 8.661122244488975e-06 6.44949899799599e-06 0.5410821643286575 2.658356713426853e-07 2.658356713426853e-07 2.6583567134268532e-08
0.3873947895791535 6.128456913827653e-06 2.044088176352705e-06 2.6853707414829606 2.081763527054108e-08 2.081763527054108e-08 2.081763527054108e-09
0.24725450901803384 3.185571142284568e-06 2.2759519038076146e-06 4.649298597194378 2.730420841683367e-07 2.730420841683367e-07 2.730420841683367e-08
0.261342685370739 8.233066132264526e-06 3.7028056112224436e-06 9.739478957915882 4.243767535070156e-07 4.243767535070156e-07 4.243767535070156e-08
0.17310621242484883 8.803807615230458e-06 5.361523046092183e-06 5.751503006012027 3.216853707414835e-07 3.216853707414835e-07 3.216853707414835e-08
0.28136272545089897 6.21763527054108e-06 3.0250501002004e-06 2.5050100200400767 7.126332665330707e-07 7.126332665330707e-07 7.126332665330707e-08
0.05076152304609219 8.589779559118233e-06 4.130861723446893e-06 8.136272545090211 7.648797595190432e-07 7.648797595190432e-07 7.648797595190431e-08
0.16420841683366663 7.840681362725448e-06 8.036873747494987e-06 0.20040080160320636 3.5231262525050184e-07 3.5231262525050184e-07 3.5231262525050184e-08
0.2568937875751479 6.395991983967934e-06 7.4126252505009995e-06 5.350701402805609 1.2170741482965947e-07 1.2170741482965947e-07 1.2170741482965946e-08
0.07893787575150302 6.3781563126252485e-06 3.809819639278556e-06 1.042084168336674 2.4781963927855686e-07 2.4781963927855686e-07 2.4781963927855688e-08
0.3518036072144247 4.9513026052104195e-06 8.001202404809617e-06 1.4829659318637285 1.1810420841683383e-07 1.1810420841683383e-07 1.1810420841683383e-08
0.39110220440881277 6.271142284569136e-06 5.022645290581161e-06 3.5871743486973804 2.0277955911823628e-07 2.0277955911823628e-07 2.027795591182363e-08
0.1204609218436874 1.7134268537074145e-07 3.0607214428857706e-06 9.438877755511069 3.469078156312633e-07 3.469078156312633e-07 3.469078156312633e-08
0.19090180360721323 1.8478957915831657e-06 4.25571142284569e-06 8.977955911823688 3.7753507014028167e-07 3.7753507014028167e-07 3.775350701402817e-08
0.25170340681362496 1.4020040080160316e-06 8.94649298597194e-06 8.937875751503046 3.342885771543085e-08 3.342885771543085e-08 3.3428857715430854e-09
0.23539078156312424 8.250901803607212e-06 1.1166332665330658e-06 7.515030060120265 3.1267735470941926e-07 3.1267735470941926e-07 3.1267735470941925e-08
0.28729458917835377 2.9180360721442877e-06 8.286573146292582e-06 5.270541082164326 3.9374949899799727e-07 3.9374949899799727e-07 3.9374949899799725e-08
0.30805611222444557 2.2224448897795585e-06 5.993987975951902e-07 2.284569138276552 3.0006613226452935e-07 3.0006613226452935e-07 3.000661322645293e-08
0.26505010020039826 4.130861723446893e-06 6.110621242484968e-06 4.1082164328657145 1.5773947895791583e-07 1.5773947895791583e-07 1.5773947895791584e-08
0.06262525050100201 7.1629258517034045e-06 6.788376753507012e-06 5.611222444889781 4.153687374749514e-07 4.153687374749514e-07 4.153687374749514e-08
0.032965931863727455 3.1677354709418827e-06 6.271142284569136e-06 0.6212424849699402 2.4241482965931833e-07 2.4241482965931833e-07 2.4241482965931832e-08
0.10488977955911825 8.999999999999997e-06 6.94889779559118e-06 9.599198396793636 1.95573146292585e-07 1.95573146292585e-07 1.9557314629258502e-08
0.06410821643286574 5.290180360721441e-06 2.686172344689378e-06 5.851703406813631 4.3698797595190554e-07 4.3698797595190554e-07 4.3698797595190555e-08
0.2583767535070116 5.040480961923846e-06 5.504208416833666e-06 4.989979959919833 7.234428857715478e-07 7.234428857715478e-07 7.234428857715478e-08
0.20795591182364578 5.1474949899799584e-06 7.787174348697392e-06 8.35671342685374 5.486873747495018e-07 5.486873747495018e-07 5.4868737474950186e-08
0.12565130260521043 7.787174348697392e-06 4.737274549098195e-06 3.346693386773535 3.595190380761532e-07 3.595190380761532e-07 3.5951903807615325e-08
0.33919839679358327 6.877555110220439e-06 7.376953907815629e-06 6.793587174348713 3.8834468937875873e-07 3.8834468937875873e-07 3.8834468937875873e-08
0.17162324649298513 4.113026052104207e-06 2.151102204408817e-06 0.8016032064128261 8.567615230460983e-07 8.567615230460983e-07 8.567615230460983e-08
0.07152304609218438 9.739478957915829e-07 4.71943887775551e-06 3.7675350701402643 9.468336673346702e-08 9.468336673346702e-08 9.468336673346703e-09
0.09080160320641284 2.5613226452905804e-06 1.9905811623246488e-06 7.074148296593205 2.3701002004007982e-07 2.3701002004007982e-07 2.3701002004007983e-08
0.11156312625250503 5.611222444889778e-06 3.853707414829658e-07 7.995991983967966 5.81116232464933e-07 5.81116232464933e-07 5.8111623246493304e-08
0.365150300601198 1.0096192384769536e-06 6.253306613226451e-06 5.59118236472946 2.9105811623246513e-07 2.9105811623246513e-07 2.9105811623246514e-08
0.26801603206412566 1.1166332665330658e-06 4.745490981963926e-07 2.3647294589178336 8.117214428857771e-07 8.117214428857771e-07 8.117214428857772e-08
0.2776553106212397 6.6278557114228436e-06 7.198597194388775e-06 3.0060120240480876 5.00044088176355e-07 5.00044088176355e-07 5.0004408817635504e-08
0.27543086172344416 2.1867735470941878e-06 2.2484969939879754e-07 4.609218436873737 6.838076152304652e-07 6.838076152304652e-07 6.838076152304651e-08
0.15975951903807553 7.68016032064128e-06 4.5589178356713415e-06 0.8817635270541088 2.262004008016029e-07 2.262004008016029e-07 2.2620040080160293e-08
0.24651302605210199 2.6052104208416826e-07 3.845490981963927e-06 2.6252505010019993 3.108757515030064e-07 3.108757515030064e-07 3.1087575150300643e-08
0.05150300601202405 7.198597194388775e-06 5.9501002004008e-06 7.895791583166361 8.441503006012083e-07 8.441503006012083e-07 8.441503006012083e-08
0.23835671342685164 4.006012024048095e-06 5.308016032064127e-06 9.559118236472994 5.270681362725477e-07 5.270681362725477e-07 5.270681362725477e-08
0.22501002004007833 2.828857715430861e-06 7.501803607214426e-06 4.248496993987961 7.684829659318689e-07 7.684829659318689e-07 7.684829659318689e-08
0.0752304609218437 2.2581162324649292e-06 4.915631262525049e-06 9.418837675350748 4.2978156312625416e-07 4.2978156312625416e-07 4.2978156312625414e-08
0.21166332665330503 6.110621242484968e-06 3.9703406813627245e-06 0.220440881763527 3.955511022044101e-07 3.955511022044101e-07 3.9555110220441014e-08
0.33771543086171957 6.931062124248495e-06 2.4721442885771536e-06 6.27254509018037 4.1356713426853856e-07 4.1356713426853856e-07 4.135671342685386e-08
0.28284569138276267 2.882364729458917e-06 1.1879759519038072e-06 3.206412825651292 3.829398797595202e-07 3.829398797595202e-07 3.829398797595202e-08
0.3562525050100158 3.952505010020039e-06 8.126052104208414e-06 1.6232464929859731 5.721082164328688e-07 5.721082164328688e-07 5.721082164328688e-08
0.34957915831662917 3.916833667334668e-06 3.1402805611222435e-07 0.36072144288577157 6.351643286573184e-07 6.351643286573184e-07 6.351643286573184e-08
0.13603206412825633 1.2058116232464926e-06 3.4887775551102193e-06 9.398797595190427 7.864989979959973e-07 7.864989979959973e-07 7.864989979959973e-08
0.39406813627254017 3.0250501002004e-06 6.699198396793585e-06 9.058116232464972 8.549599198396854e-07 8.549599198396854e-07 8.549599198396854e-08
0.3992585170340631 2.7575150300601194e-06 8.661122244488975e-06 4.68937875751502 8.783807615230524e-07 8.783807615230524e-07 8.783807615230524e-08
0.30360721442885447 8.215230460921841e-06 1.9014028056112218e-06 5.9919839679358775 7.540701402805661e-07 7.540701402805661e-07 7.540701402805661e-08
0.0485370741482966 7.038076152304607e-06 6.8240480961923826e-06 1.683366733466935 1.8116032064128246e-07 1.8116032064128246e-07 1.8116032064128248e-08
0.12713426853707413 7.858517034068134e-06 8.357915831663324e-06 8.09619238476957 1.0188977955911835e-07 1.0188977955911835e-07 1.0188977955911835e-08
0.2717234468937849 7.127254509018034e-06 2.0262525050100195e-06 2.7254509018036015 9.000000000000065e-07 9.000000000000065e-07 9.000000000000065e-08
0.23613226452905609 4.4875751503006e-06 7.858517034068134e-06 7.955911823647324 4.351863727454927e-07 4.351863727454927e-07 4.3518637274549267e-08
0.24354709418837459 1.812224448897795e-06 6.092785571142283e-06 4.929859719438871 5.865210420841716e-07 5.865210420841716e-07 5.8652104208417156e-08
0.09006012024048098 7.109418837675348e-06 7.91202404809619e-06 5.571142284569139 1.6314428857715428e-07 1.6314428857715428e-07 1.631442885771543e-08
0.03370741482965932 5.432865731462924e-06 1.2949899799599194e-06 0.5210420841683369 1.16302605210421e-07 1.16302605210421e-07 1.16302605210421e-08
0.20721442885771393 1.5090180360721438e-06 7.5553106212424824e-06 8.597194388777591 4.0996392785571287e-07 4.0996392785571287e-07 4.099639278557129e-08
0.19905811623246358 4.8086172344689366e-06 6.538677354709417e-06 2.3246492985971927 7.756893787575203e-07 7.756893787575203e-07 7.756893787575203e-08
0.14048096192384743 7.3591182364729435e-06 4.1665330661322635e-06 5.931863727454915 3.1988376753507064e-07 3.1988376753507064e-07 3.1988376753507066e-08
0.18348697394789473 8.669338677354706e-07 6.431663326653305e-06 7.615230460921869 6.405691382765569e-07 6.405691382765569e-07 6.40569138276557e-08
0.11304609218436876 2.5256513026052097e-06 3.881162324649298e-06 8.276553106212457 8.423486973947955e-07 8.423486973947955e-07 8.423486973947955e-08
0.13677354709418818 4.969138276553105e-06 7.894188376753504e-06 0.5611222444889782 5.108537074148321e-07 5.108537074148321e-07 5.108537074148321e-08
0.335490981963924 2.0619238476953902e-06 8.67895791583166e-06 7.835671342685399 2.2800200400801573e-07 2.2800200400801573e-07 2.2800200400801574e-08
0.23983967935871534 5.771743486973946e-06 3.952505010020039e-06 7.034068136272563 4.6581362725451105e-07 4.6581362725451105e-07 4.6581362725451104e-08
0.20573146292585023 8.857314629258514e-06 6.146292585170339e-06 6.3326653306613325 2.135891783567132e-07 2.135891783567132e-07 2.135891783567132e-08
0.07374749498997997 6.610020040080158e-06 7.44829659318637e-06 4.9699398797595125 4.42384769539078e-08 4.42384769539078e-08 4.42384769539078e-09
0.3844288577154261 5.504208416833666e-06 6.021442885771541e-06 8.036072144288607 8.387454909819698e-07 8.387454909819698e-07 8.387454909819699e-08
0.3784969939879713 3.7384769539078144e-06 2.1867735470941878e-06 3.8677354709418665 4.820280561122266e-07 4.820280561122266e-07 4.820280561122266e-08
0.18422845691382658 5.9857715430861705e-06 8.607615230460919e-06 2.244488977955911 3.883366733466933e-08 3.883366733466933e-08 3.883366733466933e-09
0.2687575150300575 2.79318637274549e-06 2.3829659318637268e-06 0.1603206412825651 6.693947895791624e-07 6.693947895791624e-07 6.693947895791625e-08
0.2998997995991952 7.590981963927853e-06 1.954909819639278e-06 6.1723446893787655 7.252444889779606e-07 7.252444889779606e-07 7.252444889779606e-08
0.08412825651302606 6.360320641282563e-06 2.008416833667334e-06 5.050100200400796 1.649458917835671e-07 1.649458917835671e-07 1.649458917835671e-08
0.16939879759518958 3.5066132264529046e-06 8.714629258517031e-06 7.3747494989980185 1.1809619238476955e-08 1.1809619238476955e-08 1.1809619238476954e-09
0.08264529058116234 6.431663326653305e-06 8.312625250500999e-07 0.7615230460921848 6.189498997996028e-07 6.189498997996028e-07 6.189498997996028e-08
0.27987975951903526 3.221242484969939e-06 7.697995991983965e-06 1.6032064128256525 7.288476953907863e-07 7.288476953907863e-07 7.288476953907862e-08
0.394809619238472 1.3567134268537072e-07 1.0631262525050097e-06 1.983967935871745 8.747775551102267e-07 8.747775551102267e-07 8.747775551102268e-08
0.12194388777555112 7.64448897795591e-06 6.895390781563124e-06 9.69939879759524 1.3792184368737483e-07 1.3792184368737483e-07 1.3792184368737483e-08
0.24873747494989754 6.485170340681361e-06 5.2010020040080145e-06 7.494989979959944 7.018236472945936e-07 7.018236472945936e-07 7.018236472945936e-08
0.27691382765530786 8.500601202404807e-06 5.843086172344688e-06 7.17434869739481 4.6221042084168536e-07 4.6221042084168536e-07 4.622104208416853e-08
0.14270541082164298 1.9905811623246488e-06 9.382765531062121e-07 7.274549098196414 8.47753507014034e-07 8.47753507014034e-07 8.477535070140341e-08
0.3087975951903774 6.172344689378755e-07 1.4555110220440877e-06 8.376753507014062 4.279799599198413e-07 4.279799599198413e-07 4.279799599198413e-08
0.2954509018036041 5.700400801603205e-06 3.7919839679358704e-06 9.158316633266576 5.576953907815661e-07 5.576953907815661e-07 5.576953907815661e-08
0.05521042084168337 4.541082164328656e-06 8.233066132264526e-06 6.05210420841684 2.802404809619238e-08 2.802404809619238e-08 2.802404809619238e-09
0.36737474949899357 4.737274549098195e-06 7.064128256513023e-07 9.23847695390786 7.774909819639331e-07 7.774909819639331e-07 7.774909819639331e-08
0.07078156312625251 2.2937875751503e-06 1.891783567134268e-07 6.192384769539086 2.622324649298596e-07 2.622324649298596e-07 2.6223246492985962e-08
0.30509018036071817 4.148697394789578e-06 3.185571142284568e-06 4.22845691382764 2.2619238476953905e-08 2.2619238476953905e-08 2.2619238476953904e-09
0.12490981963927858 8.036873747494987e-06 5.860921843687373e-06 5.290581162324647 2.568276553106211e-07 2.568276553106211e-07 2.568276553106211e-08
0.36440881763526617 6.6813627254509e-06 1.865731462925851e-06 4.869739478957908 6.585771543086172e-08 6.585771543086172e-08 6.585771543086172e-09
0.36292585170340247 2.935871743486973e-06 3.52444889779559e-06 4.889779559118229 1.0909619238476967e-07 1.0909619238476967e-07 1.0909619238476967e-08
0.07004008016032065 5.878757515030058e-06 4.844288577154307e-06 5.250501002004005 2.6222444889779554e-08 2.6222444889779554e-08 2.6222444889779553e-09
0.19609218436873618 5.967935871743485e-06 3.435270541082163e-06 4.068136272545073 1.2711222444889792e-07 1.2711222444889792e-07 1.2711222444889792e-08
0.20647294589178208 2.6683366733466926e-06 8.1438877755511e-06 4.208416833667319 3.3970140280561193e-07 3.3970140280561193e-07 3.397014028056119e-08
0.30657314629258187 1.3306613226452901e-06 8.785971943887772e-06 0.6012024048096195 8.171262525050157e-07 8.171262525050157e-07 8.171262525050156e-08
0.3429058116232425 5.629058116232463e-06 3.2034068136272535e-06 6.533066132264541 7.144348697394835e-07 7.144348697394835e-07 7.144348697394836e-08
0.3859118236472898 8.197394789579156e-06 2.9537074148296584e-06 4.288577154308602 5.198617234468963e-07 5.198617234468963e-07 5.198617234468963e-08
0.276172344689376 5.165330661322644e-06 3.3639278557114217e-06 4.028056112224431 8.027054108216437e-08 8.027054108216437e-08 8.027054108216437e-09
0.07597194388777556 8.91082164328657e-06 8.696793587174346e-06 3.3266533066132147 7.486573146292588e-08 7.486573146292588e-08 7.486573146292588e-09
0.31991983967935517 4.273547094188376e-06 3.3460921843687364e-06 0.3006012024048096 2.2259719438877728e-07 2.2259719438877728e-07 2.225971943887773e-08
0.31547094188376407 8.357915831663324e-06 4.6124248496993976e-06 5.37074148296593 7.342525050100248e-07 7.342525050100248e-07 7.342525050100248e-08
0.14641282565130223 3.0607214428857706e-06 5.325851703406812e-06 6.432865731462937 3.73931863727456e-07 3.73931863727456e-07 3.73931863727456e-08
0.16198396793587108 1.7587174348697389e-06 8.41142284569138e-06 1.8236472945891797 5.252665330661349e-07 5.252665330661349e-07 5.252665330661349e-08
0.25318637274548866 2.044088176352705e-06 3.7563126252504997e-06 8.456913827655345 6.135450901803642e-07 6.135450901803642e-07 6.135450901803643e-08
0.04927855711422846 2.1332665330661317e-06 8.134268537074145e-07 3.2665330661322534 1.9917635270541064e-07 1.9917635270541064e-07 1.9917635270541066e-08
0.25911823647294346 5.361523046092183e-06 6.88577154308617e-07 0.1002004008016032 2.045811623246491e-07 2.045811623246491e-07 2.045811623246491e-08
0.04186372745490982 8.286573146292582e-06 3.7384769539078144e-06 2.4448897795591154 1.0008817635270552e-07 1.0008817635270552e-07 1.0008817635270551e-08
0.33178356713426477 5.575551102204407e-06 3.6492985971943875e-06 2.885771543086165 8.261342685370799e-07 8.261342685370799e-07 8.261342685370799e-08
0.3636673346693343 1.7052104208416828e-06 5.629058116232463e-06 6.773547094188392 1.1450100200400817e-07 1.1450100200400817e-07 1.1450100200400817e-08
0.27394789579158046 5.022645290581161e-06 4.398396793587173e-06 9.358717434869785 2.1719238476953882e-07 2.1719238476953882e-07 2.1719238476953884e-08
0.34513026052103807 3.381763527054107e-06 7.091583166332663e-06 3.7274549098196235 4.2436873747494976e-08 4.2436873747494976e-08 4.243687374749497e-09
0.3577354709418795 4.059519038076151e-06 5.71823647294589e-06 4.168336673346677 8.567535070140287e-08 8.567535070140287e-08 8.567535070140287e-09
0.21018036072144133 1.5268537074148291e-06 6.306813627254507e-06 1.5831663326653318 5.757114228456945e-07 5.757114228456945e-07 5.757114228456945e-08
0.035190380761523046 1.7765531062124242e-06 5.557715430861722e-06 4.90981963927855 4.5320240480962114e-07 4.5320240480962114e-07 4.532024048096211e-08
0.0937675350701403 6.164128256513024e-06 1.027454909819639e-06 7.775551102204436 1.0729458917835684e-07 1.0729458917835684e-07 1.0729458917835684e-08
0.08857715430861725 3.417434869739478e-06 3.720641282565129e-06 4.00801603206411 6.315611222444927e-07 6.315611222444927e-07 6.315611222444927e-08
0.21759519038075983 1.473346693386773e-06 3.631462925851702e-06 2.7655310621242424 7.955070140280615e-07 7.955070140280615e-07 7.955070140280616e-08
0.28581162324649007 5.102204408817633e-07 7.822845691382763e-06 1.0220440881763533 6.404809619238477e-09 6.404809619238477e-09 6.404809619238478e-10
0.08635270541082166 5.458917835671341e-07 8.072545090180358e-06 3.6873747494989826 2.496212424849697e-07 2.496212424849697e-07 2.496212424849697e-08
0.2806212424849671 1.3841683366733462e-06 1.7943887775551096e-06 4.529058116232453 7.198396793587221e-07 7.198396793587221e-07 7.19839679358722e-08
0.2702404809619212 5.860921843687373e-06 9.204408817635267e-07 2.705410821643281 7.828957915831716e-07 7.828957915831716e-07 7.828957915831716e-08
0.23242484969939683 8.304408817635268e-06 5.815631262525048e-07 1.923847695390783 4.2617835671342847e-07 4.2617835671342847e-07 4.2617835671342844e-08
0.14863727454909778 5.664729458917834e-06 7.876352705410819e-06 8.256513026052136 5.504809619238475e-08 5.504809619238475e-08 5.504809619238475e-09
0.20498997995991838 4.648096192384768e-06 6.529058116232462e-07 4.749498997995983 1.3071543086172356e-07 1.3071543086172356e-07 1.3071543086172355e-08
0.2984168336673315 4.184368737474949e-06 2.204609218436873e-06 1.0020040080160326 4.189719438877771e-07 4.189719438877771e-07 4.189719438877771e-08
0.350320641282561 2.0701402805611217e-07 1.3306613226452901e-06 5.170340681362721 3.4870941883767615e-07 3.4870941883767615e-07 3.4870941883767614e-08
0.17903807615230363 4.772945891783566e-06 3.132064128256512e-06 6.5130260521042205 7.594749498998047e-07 7.594749498998047e-07 7.594749498998047e-08
0.35699398797594767 6.324649298597192e-06 7.483967935871741e-06 4.328657314629244 2.46018036072144e-07 2.46018036072144e-07 2.4601803607214402e-08
0.2524448897795568 2.4186372745490975e-06 8.429258517034065e-06 3.3066132264528942 1.7035070140280555e-07 1.7035070140280555e-07 1.7035070140280557e-08
0.052244488977955916 3.042885771543085e-06 8.999999999999997e-06 6.973947895791601 2.35208416833667e-07 2.35208416833667e-07 2.3520841683366702e-08
0.20276553106212283 5.914428857715429e-06 4.683767535070139e-06 2.785571142284563 7.450621242485019e-07 7.450621242485019e-07 7.450621242485019e-08
0.2939679358717404 8.108216432865729e-06 6.610020040080158e-06 7.41482965931866 7.846893787575154e-08 7.846893787575154e-08 7.846893787575155e-09
0.10785571142284571 1.9192384769539073e-06 1.473346693386773e-06 7.595190380761548 4.604088176352725e-07 4.604088176352725e-07 4.604088176352725e-08
0.06188376753507015 4.897795591182363e-06 4.879959919839678e-06 4.46893787575149 4.784248496994009e-07 4.784248496994009e-07 4.784248496994009e-08
0.06114228456913828 4.344889779559117e-06 4.380561122244488e-06 7.454909819639302 5.955290581162358e-07 5.955290581162358e-07 5.955290581162358e-08
0.3265931863727418 3.318637274549097e-07 7.751503006012021e-06 2.525050100200397 2.982645290581165e-07 2.982645290581165e-07 2.982645290581165e-08
0.3399398797595151 3.274749498997995e-06 6.752705410821641e-06 9.839679358717486 9.648496993987986e-08 9.648496993987986e-08 9.648496993987986e-09
0.12342685370741485 7.733667334669336e-06 4.2104208416833653e-07 2.384769539078154 1.1269939879759534e-07 1.1269939879759534e-07 1.1269939879759534e-08
0.036673346693386774 1.2949899799599194e-06 1.2593186372745487e-06 8.737474949899838 7.522685370741533e-07 7.522685370741533e-07 7.522685370741533e-08
0.11749498997995994 2.426853707414829e-07 5.914428857715429e-06 9.318637274549143 7.360541082164377e-07 7.360541082164377e-07 7.360541082164376e-08
0.13899799599198373 8.768136272545087e-06 2.8645290581162316e-06 1.8837675350701417 8.459519038076212e-07 8.459519038076212e-07 8.459519038076211e-08
0.37775551102203947 4.095190380761522e-06 7.252104208416831e-06 0.8216432865731468 4.856312625250523e-07 4.856312625250523e-07 4.856312625250523e-08
0.13529058116232448 3.078557114228456e-06 1.9727454909819634e-06 2.344689378757513 2.5502605210420824e-07 2.5502605210420824e-07 2.5502605210420825e-08
0.3013827655310589 4.523246492985971e-06 1.2058116232464926e-06 9.619238476953957 3.1628056112224495e-07 3.1628056112224495e-07 3.1628056112224495e-08
0.2850701402805582 1.8835671342685364e-06 6.859719438877753e-06 6.893787575150317 6.675931863727496e-07 6.675931863727496e-07 6.675931863727496e-08
0.28877755511021747 7.234268537074146e-06 8.375751503006009e-06 4.408817635270528 7.468637274549147e-07 7.468637274549147e-07 7.468637274549147e-08
0.20350701402805468 6.288977955911822e-06 7.073747494989978e-06 3.1462925851703307 4.712184368737496e-07 4.712184368737496e-07 4.7121843687374956e-08
0.2643086172344664 4.469739478957915e-06 7.127254509018034e-06 5.711422845691385 1.847635270541081e-07 1.847635270541081e-07 1.847635270541081e-08
0.15086172344689333 4.7551102204408805e-06 8.44709418837675e-06 0.32064128256513025 5.018456913827679e-07 5.018456913827679e-07 5.0184569138276786e-08
0.055951903807615236 5.807414829659317e-06 2.436472945891783e-06 3.8276553106212257 3.162725450901803e-08 3.162725450901803e-08 3.1627254509018027e-09
0.3592184368737432 7.805010020040078e-06 7.305611222444887e-06 2.925851703406806 5.901242484969973e-07 5.901242484969973e-07 5.901242484969973e-08
0.04334669338677355 1.616032064128256e-06 1.6517034068136267e-06 9.819639278557165 7.036252505010065e-07 7.036252505010065e-07 7.036252505010065e-08
0.2969338677354678 2.240280561122244e-06 2.426853707414829e-07 2.0040080160320657 4.027575150300615e-07 4.027575150300615e-07 4.027575150300615e-08
0.19757515030059988 3.863326653306612e-06 3.274749498997995e-06 0.9018036072144294 7.162364729458964e-07 7.162364729458964e-07 7.162364729458964e-08
0.34661322645290177 3.435270541082163e-06 1.5350701402805608e-07 4.769539078156304 3.342965931863734e-07 3.342965931863734e-07 3.342965931863734e-08
0.32288577154308257 6.342484969939878e-06 5.129659318637273e-06 1.863727454909821 1.7755711422845683e-07 1.7755711422845683e-07 1.7755711422845684e-08
0.19312625250500878 7.71583166332665e-06 6.199799599198395e-06 5.691382765531064 4.4599599198396976e-07 4.4599599198396976e-07 4.459959919839698e-08
0.18645290581162213 8.41142284569138e-06 1.4911823647294584e-06 3.787575150300585 3.757334669338688e-07 3.757334669338688e-07 3.757334669338688e-08
0.35106212424849287 3.667134268537073e-06 7.805010020040078e-06 0.06012024048096192 4.477975951903826e-07 4.477975951903826e-07 4.477975951903826e-08
0.20943887775550948 4.5589178356713415e-06 3.328256513026051e-06 4.188376753506998 5.46885771543089e-07 5.46885771543089e-07 5.46885771543089e-08
0.22204408817635093 1.1701402805611219e-06 3.042885771543085e-06 4.2685370741482815 2.0638276553106191e-07 2.0638276553106191e-07 2.0638276553106193e-08
0.08783567134268538 8.490981963927852e-07 6.734869739478956e-06 7.154308617234489 6.531803607214468e-07 6.531803607214468e-07 6.531803607214468e-08
0.042605210420841685 4.933466933867734e-06 1.2414829659318633e-06 9.138276553106255 8.657695390781625e-07 8.657695390781625e-07 8.657695390781625e-08
0.1182364729458918 3.720641282565129e-06 4.184368737474949e-06 0.7214428857715435 8.74769539078157e-08 8.74769539078157e-08 8.74769539078157e-09
0.23094188376753313 8.054709418837673e-06 8.500601202404807e-06 6.212424849699407 3.433046092184376e-07 3.433046092184376e-07 3.433046092184376e-08
0.29767535070139967 5.3436873747494974e-06 3.1142284569138266e-06 4.809619238476945 1.9196993987975937e-07 1.9196993987975937e-07 1.919699398797594e-08
0.17458917835671253 7.073747494989978e-06 1.7052104208416828e-06 9.278557114228501 7.072284569138322e-07 7.072284569138322e-07 7.072284569138322e-08
0.15605210420841628 7.983366733466931e-06 4.327054108216432e-06 8.57715430861727 7.126252505010022e-08 7.126252505010022e-08 7.126252505010022e-09
0.03148296593186373 7.376953907815629e-06 5.076152304609217e-06 2.8056112224448833 7.43260521042089e-07 7.43260521042089e-07 7.43260521042089e-08
0.37627254509017577 5.093987975951902e-06 3.0072144288577145e-06 1.0621242484969946 5.288697394789606e-07 5.288697394789606e-07 5.288697394789605e-08
0.03 5.7895791583166315e-06 8.304408817635268e-06 8.717434869739517 6.603867735470982e-07 6.603867735470982e-07 6.603867735470982e-08
0.11897795591182367 3.853707414829658e-07 6.164128256513024e-06 8.99799599198401 3.901462925851716e-07 3.901462925851716e-07 3.9014629258517155e-08
0.3132464929859685 7.002404809619236e-06 6.806212424849697e-06 0.6813627254509022 5.847194388777587e-07 5.847194388777587e-07 5.8471943887775875e-08
0.22945891783566943 7.537474949899797e-06 1.8300601202404803e-06 0.04008016032064128 7.054268537074193e-07 7.054268537074193e-07 7.054268537074193e-08
0.3176953907815596 8.785971943887772e-06 1.3484969939879755e-06 8.396793587174383 1.541362725450902e-07 1.541362725450902e-07 1.541362725450902e-08
0.2732064128256486 6.699198396793585e-06 4.273547094188376e-06 2.6452905811623197 3.27090180360722e-07 3.27090180360722e-07 3.27090180360722e-08
0.05446893787575151 4.434068136272544e-06 8.393587174348695e-06 9.498997995992031 6.928156312625294e-07 6.928156312625294e-07 6.928156312625294e-08
0.08486973947895793 2.7218436873747487e-06 6.556513026052102e-06 2.985971943887767 8.279358717434927e-07 8.279358717434927e-07 8.279358717434927e-08
0.14196392785571113 5.183166332665329e-06 8.161723446893785e-06 6.693386773547108 1.0549298597194401e-07 1.0549298597194401e-07 1.0549298597194402e-08
0.3251102204408781 1.4376753507014023e-06 4.0320641282565117e-07 3.807615230460905 8.36943887775557e-07 8.36943887775557e-07 8.369438877755569e-08
0.17829659318637178 1.223647294589178e-06 5.058316633266532e-06 3.066132264529049 6.297595190380798e-07 6.297595190380798e-07 6.297595190380798e-08
0.3933266533066083 7.6088176352705385e-06 1.5981963927855706e-06 1.3627254509018045 4.0095591182364865e-07 4.0095591182364865e-07 4.0095591182364866e-08
0.32881763527053737 1.7408817635270535e-06 8.732464929859716e-06 1.4428857715430872 7.937054108216487e-07 7.937054108216487e-07 7.937054108216488e-08
0.09525050100200402 2.3294589178356707e-06 2.783567134268536e-07 5.1503006012024 1.7215230460921837e-07 1.7215230460921837e-07 1.721523046092184e-08
0.17533066132264438 7.626653306613224e-06 6.350701402805609e-07 3.6272545090180213 5.450841683366762e-07 5.450841683366762e-07 5.4508416833667615e-08
0.3147294589178322 2.5078156312625243e-06 7.6088176352705385e-06 5.531062124248497 2.6403406813627246e-07 2.6403406813627246e-07 2.6403406813627247e-08
0.22723446893787388 2.204609218436873e-06 1.1783567134268536e-07 8.837675350701442 7.90102204408823e-07 7.90102204408823e-07 7.90102204408823e-08
0.0566933867735471 1.669539078156312e-06 6.413827655310619e-06 8.77755511022048 3.6132064128256607e-07 3.6132064128256607e-07 3.6132064128256607e-08
0.17384769539078068 4.71943887775551e-06 5.522044088176351e-06 0.4008016032064129 8.495551102204469e-07 8.495551102204469e-07 8.495551102204469e-08
0.3295591182364692 6.7705410821643265e-06 7.287775551102202e-06 4.088176352705394 1.4692985971943892e-07 1.4692985971943892e-07 1.4692985971943892e-08
0.28432865731462637 7.466132264529056e-06 5.040480961923846e-06 3.987975951903789 5.612985971943918e-07 5.612985971943918e-07 5.612985971943918e-08
0.03593186372745491 6.039278557114227e-06 2.935871743486973e-06 7.474949899799623 8.639679358717496e-07 8.639679358717496e-07 8.639679358717496e-08
0.08042084168336674 3.934669338677354e-06 6.467334669338675e-06 5.090180360721438 1.108977955911825e-07 1.108977955911825e-07 1.108977955911825e-08
0.17014028056112143 1.954909819639278e-06 1.8478957915831657e-06 8.316633266533099 3.577174348697404e-07 3.577174348697404e-07 3.5771743486974036e-08
0.03741482965931864 3.6849699398797583e-06 4.648096192384768e-06 8.55711422845695 6.765931863727455e-08 6.765931863727455e-08 6.765931863727456e-09
0.35254509018035657 4.630260521042083e-06 2.4186372745490975e-06 5.430861723446893 4.3338476953907985e-07 4.3338476953907985e-07 4.3338476953907985e-08
0.26356713426853456 7.894188376753504e-06 5.5398797595190364e-06 8.236472945891816 3.144789579158321e-07 3.144789579158321e-07 3.1447895791583214e-08
0.16569138276553033 5.45070140280561e-06 7.537474949899797e-06 5.891783567134273 1.2891382765531074e-07 1.2891382765531074e-07 1.2891382765531074e-08
0.24058116232464719 2.1689378757515024e-06 5.280561122244487e-07 2.104208416833668 4.0455911823647433e-07 4.0455911823647433e-07 4.0455911823647436e-08
0.10266533066132266 7.2164328657314605e-06 2.6505010020040072e-06 2.0440881763527066 8.927935871743551e-07 8.927935871743551e-07 8.927935871743552e-08
0.20202404809619098 2.151102204408817e-06 6.288977955911822e-06 9.47895791583171 2.5862925851703393e-07 2.5862925851703393e-07 2.586292585170339e-08
0.35551102204408397 4.594589178356712e-06 3.667134268537073e-06 1.4028056112224458 7.486653306613276e-07 7.486653306613276e-07 7.486653306613276e-08
0.19979959919839543 8.1438877755511e-06 5.9857715430861705e-06 6.8537074148296755 4.6040080160320626e-08 4.6040080160320626e-08 4.6040080160320626e-09
0.22056112224448723 3.239078156312624e-06 5.272344689378756e-06 8.496993987975987 4.6941683366733674e-07 4.6941683366733674e-07 4.6941683366733674e-08
0.06040080160320642 2.008416833667334e-06 8.821643286573143e-06 9.25851703406818 4.568056112224468e-07 4.568056112224468e-07 4.568056112224468e-08
0.38961923847694907 4.4162324649298586e-06 1.812224448897795e-06 0.12024048096192383 2.856533066132266e-07 2.856533066132266e-07 2.856533066132266e-08
0.26949899799598936 8.44709418837675e-06 8.571943887775548e-06 1.2625250501002012 2.0998597194388755e-07 2.0998597194388755e-07 2.0998597194388756e-08
0.10563126252505012 6.306813627254507e-06 7.323446893787573e-06 1.4228456913827665 6.892124248497037e-07 6.892124248497037e-07 6.892124248497037e-08
0.046312625250501005 5.0048096192384755e-06 4.059519038076151e-06 9.93987975951909 7.630781563126303e-07 7.630781563126303e-07 7.630781563126303e-08
0.038897795591182366 4.3627254509018025e-06 8.91082164328657e-06 5.010020040080154 1.8656513026052092e-07 1.8656513026052092e-07 1.8656513026052093e-08
0.12120240480961926 7.0202404809619216e-06 2.79318637274549e-06 8.757515030060159 8.351422845691441e-07 8.351422845691441e-07 8.351422845691441e-08
0.320661322645287 1.0987975951903804e-06 4.2200400801603196e-06 7.5350701402805855 5.144569138276578e-07 5.144569138276578e-07 5.144569138276578e-08
0.13084168336673338 6.913226452905809e-06 7.599198396793584e-07 4.128256513026035 5.775130260521074e-07 5.775130260521074e-07 5.7751302605210734e-08
0.0833867735470942 3.3460921843687364e-06 8.839478957915829e-06 7.85571142284572 2.532244488977954e-07 2.532244488977954e-07 2.532244488977954e-08
0.09673346693386775 7.599198396793584e-07 5.736072144288575e-06 9.959919839679412 4.514008016032083e-07 4.514008016032083e-07 4.514008016032083e-08
0.19831663326653173 6.859719438877753e-06 7.0202404809619216e-06 2.8256513026052037 4.7302004008016243e-07 4.7302004008016243e-07 4.7302004008016244e-08
0.3414228456913788 3.1498997995991974e-06 7.394789579158314e-06 9.218436873747539 3.415030060120248e-07 3.415030060120248e-07 3.415030060120248e-08
0.0648496993987976 2.0797595190380756e-06 2.0619238476953902e-06 2.064128256513027 6.063386773547129e-07 6.063386773547129e-07 6.063386773547129e-08
0.17088176352705328 5.468537074148295e-06 6.6813627254509e-06 3.667334669338662 5.12655310621245e-07 5.12655310621245e-07 5.1265531062124497e-08
0.23909819639278349 5.557715430861722e-06 7.769338677354707e-06 5.911823647294594 5.180601202404835e-07 5.180601202404835e-07 5.180601202404835e-08
0.31695390781562777 7.483967935871741e-06 1.0452905811623243e-06 7.354709418837698 2.406132264529055e-07 2.406132264529055e-07 2.4061322645290547e-08
0.08709418837675352 8.554108216432863e-06 5.093987975951902e-06 4.709418837675341 6.009338677354743e-07 6.009338677354743e-07 6.009338677354743e-08
0.3547695390781521 1.419839679358717e-06 3.2925851703406803e-06 2.1442885771543088 6.784028056112266e-07 6.784028056112266e-07 6.784028056112267e-08
0.17755511022043993 6.529058116232462e-07 4.077354709418837e-06 3.4669338677354578 2.3160521042084137e-07 2.3160521042084137e-07 2.3160521042084138e-08
0.10044088176352707 4.398396793587173e-06 7.055911823647292e-06 9.779559118236524 8.315390781563184e-07 8.315390781563184e-07 8.315390781563185e-08
0.21092184368737318 3.613627254509017e-06 2.3651302605210414e-06 8.877755511022084 2.6763727454909815e-07 2.6763727454909815e-07 2.6763727454909814e-08
0.26653306613226196 3.845490981963927e-06 5.825250501002002e-06 0.8617234468937881 6.207515030060156e-07 6.207515030060156e-07 6.207515030060156e-08
0.13232464929859708 3.9703406813627245e-06 4.98697394789579e-06 8.7975951903808 5.631002004008046e-07 5.631002004008046e-07 5.631002004008046e-08
0.37182364729458467 7.501803607214426e-06 8.589779559118233e-06 6.012024048096198 6.766012024048138e-07 6.766012024048138e-07 6.766012024048139e-08
0.25763527054107976 5.5933867735470925e-06 4.023847695390781e-06 9.519038076152352 5.883226452905844e-07 5.883226452905844e-07 5.8832264529058445e-08
0.21462925851703243 8.375751503006009e-06 2.0701402805611217e-07 4.048096192384752 1.3972344689378765e-07 1.3972344689378765e-07 1.3972344689378764e-08
0.12935871743486968 5.9501002004008e-06 7.038076152304607e-06 9.338677354709464 3.5591583166332753e-07 3.5591583166332753e-07 3.5591583166332755e-08
0.14418837675350668 6.841883767535068e-06 8.536272545090177e-06 7.434869739478981 8.621663326653368e-07 8.621663326653368e-07 8.621663326653368e-08
0.31250501002003667 8.607615230460919e-06 1.7134268537074145e-07 2.605210420841679 6.045370741483e-07 6.045370741483e-07 6.045370741483001e-08
0.35995991983967507 7.662324649298595e-06 5.45070140280561e-06 9.799599198396844 5.3246492985971924e-08 5.3246492985971924e-08 5.324649298597192e-09
0.22130260521041908 2.596993987975951e-06 3.863326653306612e-06 7.575150300601227 8.585631262525111e-07 8.585631262525111e-07 8.585631262525111e-08
0.25615230460921606 6.94889779559118e-06 7.242484969939877e-07 2.4849699398797562 8.891903807615295e-07 8.891903807615295e-07 8.891903807615294e-08
0.38072144288576687 6.806212424849697e-06 2.1332665330661317e-06 1.1222444889779566 3.8113827655310736e-07 3.8113827655310736e-07 3.811382765531073e-08
0.16124248496993923 5.280561122244487e-07 7.94769539078156e-06 4.488977955911811 5.090521042084193e-07 5.090521042084193e-07 5.0905210420841926e-08
0.3488376753506973 9.561122244488975e-07 3.898997995991983e-06 6.833667334669355 8.027134268537129e-07 8.027134268537129e-07 8.02713426853713e-08
0.34068136272544697 8.019038076152302e-06 8.340080160320638e-06 7.394789579158339 1.5954108216432865e-07 1.5954108216432865e-07 1.5954108216432866e-08
0.14344689378757483 2.543486973947895e-06 7.662324649298595e-06 6.653306613226467 5.649018036072174e-07 5.649018036072174e-07 5.649018036072174e-08
0.37034068136272097 1.9370741482965927e-06 5.664729458917834e-06 5.390781563126251 3.0366933867735504e-07 3.0366933867735504e-07 3.03669338677355e-08
0.21611222444889613 1.4555110220440877e-06 8.750300601202402e-06 8.817635270541121 6.567835671342725e-07 6.567835671342725e-07 6.567835671342725e-08
0.29915831663326337 9.917835671342682e-07 8.108216432865729e-06 3.246492985971933 7.000220440881808e-07 7.000220440881808e-07 7.000220440881808e-08
0.3340080160320603 1.1879759519038072e-06 4.451903807615229e-06 2.5450901803607175 4.55004008016034e-07 4.55004008016034e-07 4.55004008016034e-08
0.22649298597194203 7.94769539078156e-06 6.841883767535068e-06 3.5070140280560986 1.5053306613226456e-07 1.5053306613226456e-07 1.5053306613226457e-08
0.33326653306612847 7.055911823647292e-06 8.17955911823647e-06 6.372745490981974 8.675711422845753e-07 8.675711422845753e-07 8.675711422845753e-08
0.3666332665330617 2.3116232464929853e-06 3.0963927855711413e-06 6.553106212424862 3.50511022044089e-07 3.50511022044089e-07 3.50511022044089e-08
0.3236272545090144 5.236673346693385e-06 6.7705410821643265e-06 8.056112224448928 2.15390781563126e-07 2.15390781563126e-07 2.1539078156312602e-08
0.3191783567134233 7.955911823647291e-07 6.913226452905809e-06 5.410821643286572 3.0727254509018073e-07 3.0727254509018073e-07 3.072725450901807e-08
0.07448897795591183 7.269939879759517e-06 4.665931863727454e-06 3.527054108216419 8.71174348697401e-07 8.71174348697401e-07 8.71174348697401e-08
0.030741482965931863 2.783567134268536e-07 4.790781563126251e-06 3.607214428857701 5.396793587174376e-07 5.396793587174376e-07 5.3967935871743763e-08
0.1100801603206413 1.9727454909819634e-06 5.183166332665329e-06 1.9038076152304624 4.1717034068136425e-07 4.1717034068136425e-07 4.171703406813642e-08
0.12416833667334672 8.714629258517031e-06 2.3116232464929853e-06 5.771543086172348 5.504889779559147e-07 5.504889779559147e-07 5.504889779559147e-08
0.06929859719438879 8.84769539078156e-07 5.48637274549098e-06 7.214428857715451 6.874108216432909e-07 6.874108216432909e-07 6.874108216432909e-08
0.3473547094188336 6.734869739478956e-06 4.7551102204408805e-06 7.975951903807645 2.0097795591182346e-07 2.0097795591182346e-07 2.0097795591182347e-08
0.18126252505009918 5.415030060120239e-06 4.4162324649298586e-06 1.3426853707414839 7.612765531062175e-07 7.612765531062175e-07 7.612765531062175e-08
0.14789579158316593 5.254509018036071e-06 7.965531062124246e-06 6.913827655310638 2.442084168336673e-08 2.442084168336673e-08 2.442084168336673e-09
0.2628256513026027 1.4911823647294584e-06 1.5446893787575145e-06 3.166332665330651 7.991102204408872e-07 7.991102204408872e-07 7.991102204408872e-08
0.38813627254508537 3.6753507014028044e-07 6.039278557114227e-06 5.631262525050102 4.7482164328657527e-07 4.7482164328657527e-07 4.7482164328657526e-08
0.07226452905811624 4.701603206412824e-06 7.626653306613224e-06 0.7815631262525055 5.23464929859722e-07 5.23464929859722e-07 5.23464929859722e-08
0.3532865731462884 4.202204408817634e-06 2.9715430861723437e-06 4.509018036072132 5.86513026052104e-08 5.86513026052104e-08 5.86513026052104e-09
0.3443887775551062 2.6505010020040072e-06 2.2937875751503e-06 0.08016032064128256 2.8385170340681375e-07 2.8385170340681375e-07 2.8385170340681377e-08
0.16865731462925773 3.1402805611222435e-07 9.739478957915829e-07 7.695390781563153 7.306492985971991e-07 7.306492985971991e-07 7.306492985971992e-08
0.15901803607214368 2.9715430861723437e-06 4.933466933867734e-06 4.589178356713416 7.55871743486979e-07 7.55871743486979e-07 7.558717434869789e-08
0.2746893787575123 1.6873747494989974e-06 2.9180360721442877e-06 1.7835671342685384 1.5412825651302606e-08 1.5412825651302606e-08 1.5412825651302607e-09
0.10711422845691385 6.253306613226451e-06 1.5268537074148291e-06 1.7635270541082178 1.6134268537074146e-07 1.6134268537074146e-07 1.6134268537074148e-08
0.21388777555110058 7.876352705410819e-06 3.1677354709418827e-06 5.030060120240475 2.3340681362725419e-07 2.3340681362725419e-07 2.334068136272542e-08
0.14567134268537038 8.429258517034065e-06 8.197394789579156e-06 9.118236472945934 8.206412825651303e-09 8.206412825651303e-09 8.206412825651303e-10
0.11527054108216435 5.129659318637273e-06 3.221242484969939e-06 9.899799599198449 3.7213026052104313e-07 3.7213026052104313e-07 3.721302605210431e-08
0.32585170340680997 3.0072144288577145e-06 4.541082164328656e-06 0.0 1.9737474949899782e-07 1.9737474949899782e-07 1.9737474949899784e-08
0.15531062124248443 3.4887775551102193e-06 2.8110220440881755e-06 7.234468937875772 4.603206412825652e-09 4.603206412825652e-09 4.603206412825652e-10
0.22278557114228278 5.646893787575149e-06 4.4875751503006e-06 7.094188376753526 1.4332665330661328e-07 1.4332665330661328e-07 1.4332665330661328e-08
0.3710821643286528 7.4126252505009995e-06 4.862124248496993e-06 6.132264529058124 3.6852705410821744e-07 3.6852705410821744e-07 3.685270541082175e-08
0.22871743486973758 6.707414829659316e-07 7.18076152304609e-06 7.675350701402832 6.459739478957954e-07 6.459739478957954e-07 6.459739478957954e-08
0.21981963927855538 9.204408817635267e-07 6.663527054108214e-06 5.791583166332669 4.784168336673345e-08 4.784168336673345e-08 4.784168336673345e-09
0.39258517034067647 5.2188376753507e-06 2.7218436873747487e-06 4.4488977955911695 8.513567134268597e-07 8.513567134268597e-07 8.513567134268597e-08
0.06336673346693387 2.2484969939879754e-07 2.632665330661322e-06 8.196392785571174 8.387374749499004e-08 8.387374749499004e-08 8.387374749499004e-09
0.3369739478957877 1.5803607214428852e-06 6.592184368737473e-06 10.000000000000053 6.982204408817679e-07 6.982204408817679e-07 6.98220440881768e-08
0.23390781563126053 2.347294589178356e-06 5.468537074148295e-06 2.1242484969939883 8.063166332665386e-07 8.063166332665386e-07 8.063166332665386e-08
0.18052104208416733 8.072545090180358e-06 8.482765531062121e-06 1.4629258517034078 1.55937875751503e-07 1.55937875751503e-07 1.5593787575150302e-08
0.23761523046091979 4.6124248496993976e-06 2.3294589178356707e-06 2.164328657314629 5.6849699398797574e-08 5.6849699398797574e-08 5.6849699398797575e-09
0.2598597194388753 2.7753507014028048e-06 2.6052104208416826e-07 6.112224448897803 4.441943887775569e-07 4.441943887775569e-07 4.441943887775569e-08
0.16717434869739403 5.896593186372744e-06 1.223647294589178e-06 1.6432865731462938 3.6492384769539176e-07 3.6492384769539176e-07 3.649238476953918e-08
0.24206412825651089 7.430460921843685e-06 2.2224448897795585e-06 3.026052104208408 6.027354709418872e-07 6.027354709418872e-07 6.027354709418871e-08
0.34809619238476547 6.752705410821641e-06 2.989378757515029e-06 1.1823647294589186 3.9735270541082296e-07 3.9735270541082296e-07 3.9735270541082296e-08
0.06559118236472947 1.2593186372745487e-06 7.109418837675348e-06 0.5010020040080162 1.6854909819639274e-07 1.6854909819639274e-07 1.6854909819639275e-08
0.06781563126252506 7.287775551102202e-06 5.646893787575149e-06 5.190380761523042 3.523046092184368e-08 3.523046092184368e-08 3.5230460921843676e-09
0.2554108216432842 5.3971943887775535e-06 7.840681362725448e-06 1.22244488977956 2.69438877755511e-07 2.69438877755511e-07 2.69438877755511e-08
0.18200400801603103 7.91202404809619e-06 7.466132264529056e-06 7.294589178356735 8.729759519038139e-07 8.729759519038139e-07 8.729759519038138e-08
0.3117635270541048 5.71823647294589e-06 2.0797595190380756e-06 1.743486973947897 5.685050100200431e-07 5.685050100200431e-07 5.685050100200431e-08
0.30212424849699077 4.077354709418837e-06 2.96192384769539e-07 9.178356713426897 8.909919839679423e-07 8.909919839679423e-07 8.909919839679422e-08
0.30064128256512707 2.489979959919839e-06 4.309218436873746e-06 3.4068136272544964 6.27957915831667e-07 6.27957915831667e-07 6.27957915831667e-08
0.27839679358717156 3.0963927855711413e-06 6.71703406813627e-06 0.9218436873747501 7.973086172344744e-07 7.973086172344744e-07 7.973086172344744e-08
0.0996993987975952 5.825250501002002e-06 4.344889779559117e-06 2.2244488977955905 2.8745490981963944e-07 2.8745490981963944e-07 2.8745490981963943e-08
0.053727454909819644 1.1783567134268536e-07 8.803807615230458e-06 9.719438877755561 4.405911823647312e-07 4.405911823647312e-07 4.4059118236473125e-08
0.15308617234468888 7.305611222444887e-06 6.9667334669338655e-06 8.296593186372778 6.85609218436878e-07 6.85609218436878e-07 6.856092184368781e-08
0.17681362725450808 1.3484969939879755e-06 5.432865731462924e-06 2.424849699398795 1.1990581162324665e-07 1.1990581162324665e-07 1.1990581162324665e-08
0.07745490981963929 2.9002004008016023e-06 8.928657314629255e-06 1.3026052104208425 5.93727454909823e-07 5.93727454909823e-07 5.93727454909823e-08
0.0915430861723447 4.98697394789579e-06 3.496993987975951e-07 9.378757515030106 9.288176352705419e-08 9.288176352705419e-08 9.28817635270542e-09
0.3814629258516987 7.751503006012021e-06 6.074949899799597e-06 1.1422845691382773 4.081623246493e-07 4.081623246493e-07 4.081623246493e-08
0.19460921843687248 8.625450901803604e-06 3.381763527054107e-06 6.292585170340691 3.4510621242485047e-07 3.4510621242485047e-07 3.4510621242485044e-08
0.31102204408817297 1.5625250501001999e-06 3.613627254509017e-06 0.42084168336673355 3.252885771543092e-07 3.252885771543092e-07 3.252885771543092e-08
0.2539278557114205 6.984569138276551e-06 6.707414829659316e-07 2.66533066132264 1.36120240480962e-07 1.36120240480962e-07 1.36120240480962e-08
0.18571142284569028 8.696793587174346e-06 4.523246492985971e-06 2.4048096192384745 1.937715430861722e-07 1.937715430861722e-07 1.937715430861722e-08
0.17607214428857623 7.697995991983965e-06 8.090380761523043e-06 5.070140280561117 2.243987975951901e-07 2.243987975951901e-07 2.243987975951901e-08
0.2672745490981938 2.989378757515029e-06 5.896593186372744e-06 3.426853707414817 8.153246492986028e-07 8.153246492986028e-07 8.153246492986028e-08
0.0381563126252505 2.632665330661322e-06 6.645691382765529e-06 7.795591182364757 8.693727454909882e-07 8.693727454909882e-07 8.693727454909882e-08
0.21240480961923688 1.277154308617234e-06 7.590981963927853e-06 5.3106212424849675 2.8024849699398806e-07 2.8024849699398806e-07 2.8024849699398806e-08
0.38368737474949427 6.592184368737473e-06 3.3995991983967925e-06 7.1943887775551305 5.522905811623275e-07 5.522905811623275e-07 5.5229058116232756e-08
0.11601202404809621 6.092785571142283e-06 8.490981963927852e-07 1.803607214428859 4.928376753507037e-07 4.928376753507037e-07 4.9283767535070364e-08
0.15012024048096148 1.0631262525050097e-06 3.2569138276553096e-06 5.671342685370743 2.8016032064128258e-09 2.8016032064128258e-09 2.801603206412826e-10
0.10859719438877757 8.750300601202402e-06 2.739679358717434e-06 3.386773547094176 1.0369138276553118e-07 1.0369138276553118e-07 1.0369138276553118e-08
0.15456913827655258 2.1154308617234463e-06 7.145090180360719e-06 5.210420841683363 4.31583166332667e-07 4.31583166332667e-07 4.31583166332667e-08
0.0730060120240481 8.928657314629255e-06 3.5957915831663314e-06 8.857715430861763 3.865430861723459e-07 3.865430861723459e-07 3.865430861723459e-08
0.18719438877755398 8.090380761523043e-06 1.9370741482965927e-06 8.216432865731495 3.306933867735477e-07 3.306933867735477e-07 3.306933867735477e-08
0.3977755511021994 4.576753507014027e-06 6.485170340681361e-06 5.330661322645288 2.0818436873747473e-07 2.0818436873747473e-07 2.0818436873747475e-08
0.24428857715430644 5.48637274549098e-06 2.5256513026052097e-06 2.0841683366733474 7.792925851703459e-07 7.792925851703459e-07 7.79292585170346e-08
0.29026052104208117 8.161723446893785e-06 4.291382765531061e-06 9.659318637274598 7.32450901803612e-07 7.32450901803612e-07 7.32450901803612e-08
0.19016032064128138 3.4531062124248485e-06 1.7408817635270535e-06 1.102204408817636 5.432825651302633e-07 5.432825651302633e-07 5.4328256513026334e-08
0.16272545090180293 6.645691382765529e-06 3.5066132264529046e-06 6.232464929859728 5.216633266533092e-07 5.216633266533092e-07 5.216633266533092e-08
0.21907815631262353 4.0320641282565117e-07 6.984569138276551e-06 4.729458917835662 5.540921843687404e-07 5.540921843687404e-07 5.540921843687404e-08
0.25022044088176126 5.993987975951902e-07 8.64328657314629e-06 6.252505010020049 5.558937875751532e-07 5.558937875751532e-07 5.558937875751532e-08
0.14937875751502963 3.7028056112224436e-06 5.165330661322644e-06 8.076152304609248 1.721442885771543e-08 1.721442885771543e-08 1.7214428857715431e-09
0.35402805611222027 4.2200400801603196e-06 1.9192384769539073e-06 3.6472945891783417 1.8296192384769528e-07 1.8296192384769528e-07 1.829619238476953e-08
0.15753507014027998 2.7040080160320633e-06 2.1689378757515024e-06 1.2825651302605219 7.66681362725456e-07 7.66681362725456e-07 7.666813627254561e-08
0.19386773547094063 7.822845691382763e-06 3.5422845691382754e-06 1.162324649298598 4.4239278557114407e-07 4.4239278557114407e-07 4.423927855711441e-08
0.10414829659318639 8.732464929859716e-06 2.097595190380761e-06 8.957915831663367 8.297374749499056e-07 8.297374749499056e-07 8.297374749499056e-08
0.3725651302605165 6.021442885771541e-06 1.4020040080160316e-06 6.6733466933867875 6.639899799599239e-07 6.639899799599239e-07 6.639899799599239e-08
0.15382765531062073 4.451903807615229e-06 4.5671342685370725e-07 7.755511022044115 1.451282565130261e-07 1.451282565130261e-07 1.451282565130261e-08
0.34216432865731067 8.518436873747492e-06 6.6278557114228436e-06 6.573146292585183 8.765791583166395e-07 8.765791583166395e-07 8.765791583166396e-08
0.13158316633266523 5.325851703406812e-06 8.215230460921841e-06 7.014028056112243 5.991322645290615e-07 5.991322645290615e-07 5.991322645290615e-08
0.09895791583166334 2.3829659318637268e-06 3.6849699398797583e-06 2.845691382765524 3.2889178356713487e-07 3.2889178356713487e-07 3.288917835671349e-08
0.22426853707414648 2.6148296593186365e-06 1.616032064128256e-06 4.669338677354699 4.9643286573146275e-08 4.9643286573146275e-08 4.964328657314628e-09
0.08931863727454911 4.879959919839678e-06 2.6148296593186365e-06 5.81162324649299 8.927855711422853e-08 8.927855711422853e-08 8.927855711422852e-09
0.09747494989979961 6.9667334669338655e-06 7.983366733466931e-06 2.024048096192386 7.576733466933918e-07 7.576733466933918e-07 7.576733466933919e-08
0.05891783567134269 3.3639278557114217e-06 8.669338677354706e-07 7.735470941883794 2.7484368737474953e-07 2.7484368737474953e-07 2.7484368737474954e-08
0.18496993987975843 2.8110220440881755e-06 2.5791583166332658e-06 5.971943887775557 4.387895791583184e-07 4.387895791583184e-07 4.387895791583184e-08
0.13380761523046078 8.67895791583166e-06 3.1498997995991974e-06 6.753507014028071 1.7935871743486964e-07 1.7935871743486964e-07 1.7935871743486966e-08
0.07671342685370743 6.146292585170339e-06 4.576753507014027e-06 8.537074148296629 6.711963927855753e-07 6.711963927855753e-07 6.711963927855753e-08
0.16791583166332588 7.44829659318637e-06 6.324649298597192e-06 3.747494989979944 6.261563126252542e-07 6.261563126252542e-07 6.261563126252542e-08
0.3755310621242439 4.388777555110219e-07 2.5078156312625243e-06 3.5470941883767395 5.072505010020064e-07 5.072505010020064e-07 5.0725050100200645e-08
0.3888777555110172 3.2569138276553096e-06 8.857314629258514e-06 6.352705410821653 3.378997995991991e-07 3.378997995991991e-07 3.378997995991991e-08
0.09228456913827657 4.5671342685370725e-07 4.095190380761522e-06 0.7414829659318641 1e-09 1e-09 1e-10
0.25466933867735236 1.1523046092184365e-06 6.003607214428856e-06 4.7895791583166245 2.1178757515030037e-07 2.1178757515030037e-07 2.1178757515030038e-08
0.13751503006012003 3.2034068136272535e-06 7.777555110220438e-07 4.949899799599192 1.2350901803607228e-07 1.2350901803607228e-07 1.2350901803607228e-08
0.37330661322644837 1.6338677354709413e-06 6.360320641282563e-06 8.436873747495024 7.504669338677404e-07 7.504669338677404e-07 7.504669338677405e-08
0.2895190380761493 8.126052104208414e-06 7.269939879759517e-06 8.11623246492989 2.784468937875752e-07 2.784468937875752e-07 2.784468937875752e-08
0.20869739478957763 7.777555110220438e-07 4.897795591182363e-06 6.613226452905825 1.0008016032064129e-08 1.0008016032064129e-08 1.0008016032064128e-09
0.13010020040080153 3.827655310621242e-06 6.520841683366731e-06 1.0821643286573153 5.667034068136303e-07 5.667034068136303e-07 5.667034068136303e-08
0.04705410821643287 3.5957915831663314e-06 7.929859719438875e-06 6.713426853707429 8.873887775551166e-07 8.873887775551166e-07 8.873887775551166e-08
0.17236472945891698 8.268737474949897e-06 4.701603206412824e-06 6.593186372745504 6.081402805611257e-07 6.081402805611257e-07 6.081402805611257e-08
0.11452905811623248 7.145090180360719e-06 4.434068136272544e-06 0.8416833667334674 2.820501002004009e-07 2.820501002004009e-07 2.820501002004009e-08
0.14492985971943853 2.8645290581162316e-06 5.700400801603205e-06 5.951903807615236 8.243326653306671e-07 8.243326653306671e-07 8.24332665330667e-08
0.31843687374749147 1.9014028056112218e-06 5.575551102204407e-06 9.198396793587218 8.819839679358781e-07 8.819839679358781e-07 8.81983967935878e-08
0.13306613226452893 3.496993987975951e-07 3.3104208416833656e-06 6.452905811623258 2.4421643286573117e-07 2.4421643286573117e-07 2.4421643286573117e-08
0.29470941883767227 3.774148296593185e-06 8.464929859719436e-06 2.9659318637274468 3.919478957915844e-07 3.919478957915844e-07 3.9194789579158444e-08
0.12861723446893783 6.556513026052102e-06 4.969138276553105e-06 4.148296593186356 8.081182364729515e-07 8.081182364729515e-07 8.081182364729514e-08
0.19535070140280433 7.420841683366731e-07 8.322244488977953e-06 7.555110220440906 7.180380761523092e-07 7.180380761523092e-07 7.180380761523092e-08
0.09821643286573148 3.52444889779559e-06 2.5613226452905804e-06 2.565130260521038 1.9016833667334655e-07 1.9016833667334655e-07 1.9016833667334657e-08
0.24132264529057904 7.573146292585168e-06 8.892985971943885e-06 3.847695390781546 6.946092184368739e-08 6.946092184368739e-08 6.9460921843687384e-09
0.32436873747494627 2.436472945891783e-06 5.0048096192384755e-06 5.450901803607214 8.981983967935937e-07 8.981983967935937e-07 8.981983967935937e-08
0.3028657314629226 4.2104208416833653e-07 1e-07 2.8657314629258446 5.594969939879789e-07 5.594969939879789e-07 5.594969939879789e-08
0.16494989979959848 2.3651302605210414e-06 6.172344689378755e-07 2.464929859719436 3.541142284569147e-07 3.541142284569147e-07 3.5411422845691466e-08
0.3280761523046055 4.92384769539078e-07 5.807414829659317e-06 0.48096192384769554 8.94595190380768e-07 8.94595190380768e-07 8.94595190380768e-08
0.29174348697394487 2.2759519038076146e-06 2.846693386773546e-06 2.2645290581162314 4.063527054108215e-08 4.063527054108215e-08 4.0635270541082155e-09
0.09599198396793589 6.467334669338675e-06 5.637274549098194e-07 0.6613226452905815 7.666733466933871e-08 7.666733466933871e-08 7.666733466933871e-09
0.36589178356712987 5.753907815631261e-06 1.3663326653306609e-06 8.016032064128286 6.964188376753551e-07 6.964188376753551e-07 6.964188376753551e-08
0.38665330661322167 6.88577154308617e-07 2.4543086172344682e-06 8.677354709418875 6.946172344689422e-07 6.946172344689422e-07 6.946172344689423e-08
0.20128256513025913 5.308016032064127e-06 5.7895791583166315e-06 6.993987975951922 5.306713426853734e-07 5.306713426853734e-07 5.306713426853734e-08
0.20054108216432728 4.505410821643285e-06 2.882364729458917e-06 6.412825651302616 6.171482965931899e-07 6.171482965931899e-07 6.1714829659319e-08
0.2821042084168308 6.44949899799599e-06 1.669539078156312e-06 8.176352705410853 6.62188376753511e-07 6.62188376753511e-07 6.62188376753511e-08
0.07819639278557115 2.0262525050100195e-06 1.3841683366733462e-06 8.637274549098233 3.8474148296593305e-07 3.8474148296593305e-07 3.84741482965933e-08
0.05817635270541083 8.94649298597194e-06 1.5090180360721438e-06 2.5851703406813584 4.2077354709418994e-07 4.2077354709418994e-07 4.207735470941899e-08
0.057434869739478964 4.862124248496993e-06 7.733667334669336e-06 8.156312625250532 3.018677354709422e-07 3.018677354709422e-07 3.018677354709422e-08
0.04408817635270541 2.96192384769539e-07 2.828857715430861e-06 6.152304609218445 5.973306613226486e-07 5.973306613226486e-07 5.973306613226487e-08
0.36885771543085727 8.393587174348695e-06 4.9513026052104195e-06 3.2264529058116125 1.3251703406813637e-07 1.3251703406813637e-07 1.3251703406813637e-08
0.22352705410821463 4.309218436873746e-06 1.1701402805611219e-06 0.9418837675350707 8.045150300601258e-07 8.045150300601258e-07 8.045150300601258e-08
0.08561122244488979 8.001202404809617e-06 8.84769539078156e-07 3.10621242484969 3.180821643286578e-07 3.180821643286578e-07 3.180821643286578e-08
0.35847695390781137 8.536272545090177e-06 4.826452905811622e-06 8.697394789579196 4.910360721442908e-07 4.910360721442908e-07 4.910360721442908e-08
0.24280561122244274 4.844288577154307e-06 3.470941883767534e-06 5.6513026052104225 6.51378757515034e-07 6.51378757515034e-07 6.51378757515034e-08
0.30583166332665 1.5350701402805608e-07 1.6338677354709413e-06 1.8436873747495004 7.396573146292634e-07 7.396573146292634e-07 7.396573146292634e-08
0.10340681362725453 8.839478957915829e-06 5.3971943887775535e-06 4.849699398797587 1.9016032064128256e-08 1.9016032064128256e-08 1.9016032064128256e-09
0.19164328657314508 1.865731462925851e-06 5.102204408817633e-07 3.4468937875751373 1.8836673346693373e-07 1.8836673346693373e-07 1.8836673346693375e-08
0.10933867735470944 4.380561122244488e-06 5.3436873747494974e-06 3.887775551102187 4.063607214428872e-07 4.063607214428872e-07 4.063607214428872e-08
0.3043486973947863 1.1344689378757512e-06 2.543486973947895e-06 5.511022044088176 7.720861723446946e-07 7.720861723446946e-07 7.720861723446945e-08
0.32140280561121887 5.111823647294588e-06 8.982164328657311e-06 0.4609218436873749 3.3249498997996055e-07 3.3249498997996055e-07 3.324949899799606e-08
0.3829458917835624 7.323446893787573e-06 7.2164328657314605e-06 1.5631262525050111 2.766452905811624e-07 2.766452905811624e-07 2.7664529058116236e-08
0.18941883767534953 7.091583166332663e-06 4.469739478957915e-06 1.6633266533066144 1.6674749498997992e-07 1.6674749498997992e-07 1.6674749498997993e-08
0.04482965931863728 3.328256513026051e-06 8.8751503006012e-06 3.286573146292574 1.4152505010020047e-07 1.4152505010020047e-07 1.4152505010020046e-08
0.24799599198396569 8.571943887775548e-06 2.1154308617234463e-06 7.134268537074168 7.919038076152359e-07 7.919038076152359e-07 7.919038076152358e-08
0.32733466933867367 6.003607214428856e-06 5.611222444889778e-06 3.0861723446893694 4.946392785571165e-07 4.946392785571165e-07 4.946392785571165e-08
0.39999999999999497 2.9537074148296584e-06 2.596993987975951e-06 7.935871743487003 3.3609819639278624e-07 3.3609819639278624e-07 3.360981963927862e-08
0.050020040080160325 4.790781563126251e-06 8.625450901803604e-06 6.392785571142295 6.369659318637312e-07 6.369659318637312e-07 6.369659318637312e-08
0.3162124248496959 5.843086172344688e-06 1.0096192384769536e-06 1.2424849699398806 7.306412825651305e-08 7.306412825651305e-08 7.3064128256513045e-09
0.39555110220440387 4.915631262525049e-06 3.417434869739478e-06 3.1863727454909716 3.793366733466945e-07 3.793366733466945e-07 3.793366733466945e-08
0.16346693386773478 8.482765531062121e-06 8.768136272545087e-06 1.3827655310621252 2.9825651302605204e-08 2.9825651302605204e-08 2.9825651302605205e-09
0.3770140280561076 6.8240480961923826e-06 2.6683366733466926e-06 2.9458917835671263 2.604308617234468e-07 2.604308617234468e-07 2.6043086172344677e-08
0.3607014028056069 5.058316633266532e-06 3.934669338677354e-06 7.054108216432884 6.549819639278597e-07 6.549819639278597e-07 6.549819639278596e-08
0.17977955911823548 5.379358717434868e-06 7.430460921843685e-06 0.26052104208416826 8.009118236473001e-07 8.009118236473001e-07 8.009118236473e-08
0.3073146292585137 6.71703406813627e-06 1.080961923847695e-06 4.348697394789565 5.054488977955936e-07 5.054488977955936e-07 5.0544889779559356e-08
0.12268537074148299 8.982164328657311e-06 4.594589178356712e-06 5.490981963927855 6.387675350701441e-07 6.387675350701441e-07 6.38767535070144e-08
0.09302605210420843 1.027454909819639e-06 1.7587174348697389e-06 9.298597194388822 6.820060120240523e-07 6.820060120240523e-07 6.820060120240523e-08
0.3325250501001966 5.522044088176351e-06 4.148697394789578e-06 2.1843687374749496 1.3611222444889782e-08 1.3611222444889782e-08 1.361122244488978e-09
0.19683366733466803 6.663527054108214e-06 6.877555110220439e-06 0.2805611222444889 8.837855711422909e-07 8.837855711422909e-07 8.83785571142291e-08
0.16643286573146218 4.683767535070139e-06 3.827655310621242e-06 6.092184368737482 5.14448897795591e-08 5.14448897795591e-08 5.14448897795591e-09
0.38220440881763057 8.312625250500999e-07 6.342484969939878e-06 7.63527054108219 2.946613226452908e-07 2.946613226452908e-07 2.946613226452908e-08
0.291002004008013 4.327054108216432e-06 3.6753507014028044e-07 7.114228456913847 6.117434869739514e-07 6.117434869739514e-07 6.117434869739513e-08
0.15160320641282518 6.057114228456912e-06 8.964328657314626e-06 9.45891783567139 5.324729458917862e-07 5.324729458917862e-07 5.324729458917862e-08
0.14122244488977928 1.7943887775551096e-06 3.239078156312624e-06 3.56713426853706 8.531583166332726e-07 8.531583166332726e-07 8.531583166332725e-08
0.18867735470941768 5.815631262525048e-07 1.4376753507014023e-06 3.1262525050100103 4.225751503006028e-07 4.225751503006028e-07 4.225751503006028e-08
0.23020040080160128 8.134268537074145e-07 4.772945891783566e-06 2.20440881763527 7.883006012024102e-07 7.883006012024102e-07 7.883006012024102e-08
0.2865531062124219 4.1665330661322635e-06 5.682565130260519e-06 1.9639278557114244 1.4873146292585174e-07 1.4873146292585174e-07 1.4873146292585173e-08
0.040380761523046094 3.881162324649298e-06 5.2188376753507e-06 9.078156312625293 9.108016032064136e-08 9.108016032064136e-08 9.108016032064136e-09
0.22797595190380573 4.745490981963926e-07 4.113026052104207e-06 6.072144288577161 1.75755511022044e-07 1.75755511022044e-07 1.7575551102204402e-08
0.15234468937875703 4.665931863727454e-06 2.7040080160320633e-06 9.67935871743492 3.703286573146303e-07 3.703286573146303e-07 3.703286573146303e-08
0.14715430861723408 7.769338677354707e-06 6.235470941883766e-06 6.633266533066146 4.964408817635294e-07 4.964408817635294e-07 4.9644088176352934e-08
0.08190380761523047 4.237875751503005e-06 1.419839679358717e-06 5.230460921843684 6.243547094188413e-07 6.243547094188413e-07 6.243547094188413e-08
0.04557114228456914 7.064128256513023e-07 9.561122244488975e-07 0.24048096192384763 4.766232464929881e-07 4.766232464929881e-07 4.7662324649298814e-08
0.21537074148296428 3.470941883767534e-06 7.1629258517034045e-06 8.476953907815666 7.270460921843735e-07 7.270460921843735e-07 7.270460921843734e-08
0.31398797595190037 7.341282565130258e-06 5.967935871743485e-06 4.428857715430849 6.225531062124285e-07 6.225531062124285e-07 6.225531062124285e-08
0.11971943887775553 4.25571142284569e-06 6.128456913827653e-06 8.416833667334704 6.729979959919881e-07 6.729979959919881e-07 6.729979959919881e-08
0.21833667334669168 1.5446893787575145e-06 6.1819639278557095e-06 0.02004008016032064 7.414589178356762e-07 7.414589178356762e-07 7.414589178356762e-08
0.3681162324649254 3.5422845691382754e-06 6.931062124248495e-06 4.388777555110207 5.919258517034101e-07 5.919258517034101e-07 5.919258517034101e-08
0.13825651302605188 6.895390781563124e-06 7.71583166332665e-06 7.655310621242511 3.631222444889789e-07 3.631222444889789e-07 3.631222444889789e-08
0.2657915831663301 3.3104208416833656e-06 1.6873747494989974e-06 5.551102204408818 8.603647294589239e-07 8.603647294589239e-07 8.60364729458924e-08
0.08116232464929861 1.3663326653306609e-06 6.395991983967934e-06 6.933867735470959 8.189278557114285e-07 8.189278557114285e-07 8.189278557114285e-08
0.11378757515030062 3.898997995991983e-06 2.489979959919839e-06 0.14028056112224446 2.9646292585170366e-07 2.9646292585170366e-07 2.9646292585170366e-08
0.3384569138276514 7.929859719438875e-06 3.916833667334668e-06 0.6412825651302608 3.667254509018046e-07 3.667254509018046e-07 3.667254509018046e-08
0.12639278557114228 5.076152304609217e-06 5.1474949899799584e-06 3.9679358717434687 7.738877755511074e-07 7.738877755511074e-07 7.738877755511074e-08
0.3695991983967891 3.6492985971943875e-06 3.774148296593185e-06 3.9478957915831483 5.793146292585202e-07 5.793146292585202e-07 5.793146292585202e-08
0.05298597194388778 3.1142284569138266e-06 7.573146292585168e-06 4.569138276553095 2.892565130260523e-07 2.892565130260523e-07 2.892565130260523e-08
0.27246492985971676 5.5398797595190364e-06 2.400801603206412e-06 9.879759519038128 1.5233466933867737e-07 1.5233466933867737e-07 1.523346693386774e-08
0.23687374749498794 1.2414829659318633e-06 5.458917835671341e-07 9.01803607214433 6.099418837675386e-07 6.099418837675386e-07 6.099418837675385e-08
0.23168336673346498 3.7563126252504997e-06 7.002404809619236e-06 7.314629258517056 5.70306613226456e-07 5.70306613226456e-07 5.70306613226456e-08
0.2509619238476931 5.272344689378756e-06 7.3591182364729435e-06 7.815631262525078 8.225310621242542e-07 8.225310621242542e-07 8.225310621242542e-08
0.23316633266532868 9.026052104208413e-07 4.006012024048095e-06 5.110220440881759 6.495771543086211e-07 6.495771543086211e-07 6.495771543086212e-08
0.36144288577153877 6.5743486973947875e-06 4.388777555110219e-07 4.829659318637266 7.702845691382817e-07 7.702845691382817e-07 7.702845691382817e-08
0.30953907815630927 7.519639278557112e-06 1.3128256513026048e-06 4.549098196392774 8.099198396793643e-07 8.099198396793643e-07 8.099198396793642e-08
0.37478957915831207 8.964328657314626e-06 4.041683366733466e-06 0.18036072144288573 6.477755511022083e-07 6.477755511022083e-07 6.477755511022082e-08
0.13454909819639263 6.520841683366731e-06 5.236673346693385e-06 8.657314629258554 8.855871743487038e-07 8.855871743487038e-07 8.855871743487038e-08
0.26060120240480716 1.5981963927855706e-06 2.347294589178356e-06 0.3406813627254509 6.423707414829698e-07 6.423707414829698e-07 6.423707414829698e-08
0.33623246492985587 3.3995991983967925e-06 2.240280561122244e-06 5.83166332665331 1.253106212424851e-07 1.253106212424851e-07 1.253106212424851e-08
0.18274549098196288 6.235470941883766e-06 5.379358717434868e-06 6.4929859719439 2.1899398797595164e-07 2.1899398797595164e-07 2.1899398797595165e-08
0.29322645290580857 2.4721442885771536e-06 8.250901803607212e-06 4.308617234468923 4.4959919839679545e-07 4.4959919839679545e-07 4.495991983967955e-08
0.2835871743486945 5.2010020040080145e-06 1.3567134268537072e-07 6.312625250501012 5.162585170340706e-07 5.162585170340706e-07 5.162585170340707e-08
0.18793587174348583 8.821643286573143e-06 8.518436873747492e-06 1.5030060120240492 5.829178356713459e-07 5.829178356713459e-07 5.8291783567134586e-08
0.3903607214428809 6.788376753507012e-06 1.8835671342685364e-06 5.1302605210420795 6.74799599198401e-07 6.74799599198401e-07 6.747995991984009e-08
0.34364729458917437 4.041683366733466e-06 3.577955911823646e-06 9.91983967935877 2.7124048096192384e-07 2.7124048096192384e-07 2.7124048096192384e-08
0.16050100200400738 3.5601202404809607e-06 8.554108216432863e-06 3.707414829659303 5.739098196392817e-07 5.739098196392817e-07 5.7390981963928164e-08
0.3310420841683329 2.5791583166332658e-06 7.955911823647291e-07 6.813627254509034 2.2980360721442855e-07 2.2980360721442855e-07 2.2980360721442856e-08
0.07967935871743488 6.1819639278557095e-06 7.341282565130258e-06 1.3226452905811632 5.036472945891807e-07 5.036472945891807e-07 5.0364729458918074e-08
0.04779559118236473 1.080961923847695e-06 6.5743486973947875e-06 7.7154308617234735 4.982424849699422e-07 4.982424849699422e-07 4.982424849699422e-08
0.37923847695390317 8.464929859719436e-06 1.5803607214428852e-06 5.4709418837675345 8.333406813627313e-07 8.333406813627313e-07 8.333406813627313e-08
0.3458717434869699 7.965531062124246e-06 4.8086172344689366e-06 1.7234468937875764 2.3881162324649264e-07 2.3881162324649264e-07 2.3881162324649265e-08
0.24947895791582939 8.8751503006012e-06 2.7753507014028048e-06 5.731462925851706 4.838296593186394e-07 4.838296593186394e-07 4.838296593186394e-08
0.2880360721442856 6.503006012024046e-06 4.237875751503005e-06 9.759519038076203 6.441723446893826e-07 6.441723446893826e-07 6.441723446893826e-08
0.06633266533066133 1.8300601202404803e-06 3.078557114228456e-06 2.9058116232464855 6.153466933867771e-07 6.153466933867771e-07 6.153466933867771e-08
0.1019238476953908 5.682565130260519e-06 9.917835671342682e-07 8.917835671342726 6.910140280561166e-07 6.910140280561166e-07 6.910140280561165e-08
0.12787575150300598 7.242484969939877e-07 2.7575150300601194e-06 6.73346693386775 7.09030060120245e-07 7.09030060120245e-07 7.09030060120245e-08
0.15679358717434813 2.739679358717434e-06 6.21763527054108e-06 1.7034068136272558 4.5860721442885967e-07 4.5860721442885967e-07 4.586072144288597e-08
0.11082164328657317 6.538677354709417e-06 3.318637274549097e-07 1.9438877755511037 8.405470941883827e-07 8.405470941883827e-07 8.405470941883827e-08
0.22575150300601018 5.932264529058114e-06 5.254509018036071e-06 2.3046092184368723 9.828657314629269e-08 9.828657314629269e-08 9.828657314629268e-09
0.21314629258516873 8.892985971943885e-06 1.7765531062124242e-06 1.2024048096192392 6.045290581162323e-08 6.045290581162323e-08 6.045290581162323e-09
0.10118236472945893 2.686172344689378e-06 7.64448897795591e-06 3.9078156312625074 7.216412825651349e-07 7.216412825651349e-07 7.21641282565135e-08
0.03222444889779559 2.097595190380761e-06 5.290180360721441e-06 9.979959919839732 2.2079559118236446e-07 2.2079559118236446e-07 2.2079559118236447e-08
0.3221442885771507 6.074949899799597e-06 4.505410821643285e-06 4.368737474949886 5.360761523046119e-07 5.360761523046119e-07 5.360761523046119e-08
0.21685370741482798 1.7230460921843681e-06 5.111823647294588e-06 9.859719438877807 6.802044088176395e-07 6.802044088176395e-07 6.802044088176395e-08
0.20424849699398653 3.7919839679358704e-06 7.519639278557112e-06 8.617234468937912 7.378557114228505e-07 7.378557114228505e-07 7.378557114228505e-08
0.03444889779559118 8.322244488977953e-06 1.0987975951903804e-06 6.472945891783579 4.874328657314651e-07 4.874328657314651e-07 4.874328657314651e-08
0.3740480961923802 9.382765531062121e-07 1.1523046092184365e-06 9.098196392785614 4.676152304609239e-07 4.676152304609239e-07 4.676152304609239e-08
0.2791382765531034 7.5553106212424824e-06 7.68016032064128e-06 8.517034068136308 6.585851703406854e-07 6.585851703406854e-07 6.585851703406854e-08
0.10637274549098198 1.0452905811623243e-06 4.630260521042083e-06 6.95390781563128 1.343186372745492e-07 1.343186372745492e-07 1.3431863727454919e-08
0.27098196392785306 8.17955911823647e-06 5.415030060120239e-06 0.9819639278557121 3.991543086172358e-07 3.991543086172358e-07 3.991543086172358e-08
0.06855711422845692 4.826452905811622e-06 2.2581162324649292e-06 3.927855711422828 3.70320641282565e-08 3.70320641282565e-08 3.7032064128256502e-09
0.33474949899799217 5.637274549098194e-07 1.5625250501001999e-06 0.4408817635270542 4.89234468937878e-07 4.89234468937878e-07 4.89234468937878e-08
0.03963927855711423 7.394789579158314e-06 1.7230460921843681e-06 6.873747494989996 8.20721442885772e-08 8.20721442885772e-08 8.20721442885772e-09
0.19238476953907693 3.2925851703406803e-06 5.932264529058114e-06 8.897795591182405 4.117655310621257e-07 4.117655310621257e-07 4.117655310621257e-08
0.3962925851703357 6.350701402805609e-07 5.878757515030058e-06 9.579158316633315 5.414809619238505e-07 5.414809619238505e-07 5.4148096192385045e-08
0.13973947895791558 8.64328657314629e-06 3.4531062124248485e-06 7.334669338677377 8.801823647294652e-07 8.801823647294652e-07 8.801823647294652e-08
0.1123046092184369 7.252104208416831e-06 6.057114228456912e-06 2.745490981963922 1.739539078156312e-07 1.739539078156312e-07 1.739539078156312e-08
0.2924849699398767 6.413827655310619e-06 2.9002004008016023e-06 0.38076152304609223 4.640120240480982e-07 4.640120240480982e-07 4.640120240480982e-08
0.23464929859719239 7.18076152304609e-06 5.753907815631261e-06 7.8757515030060405 7.108316633266578e-07 7.108316633266578e-07 7.108316633266578e-08
0.09450901803607216 3.132064128256512e-06 1.277154308617234e-06 9.038076152304651 6.657915831663367e-07 6.657915831663367e-07 6.657915831663367e-08
0.15827655310621183 5.736072144288575e-06 4.202204408817634e-06 3.0460921843687285 5.378777555110248e-07 5.378777555110248e-07 5.3787775551102475e-08
0.0670741482965932 1e-07 3.5601202404809607e-06 7.254509018036093 8.207294589178414e-07 8.207294589178414e-07 8.207294589178414e-08
0.24503006012023829 1.3128256513026048e-06 6.503006012024046e-06 6.032064128256519 7.846973947895845e-07 7.846973947895845e-07 7.846973947895845e-08
0.379979959919835 4.023847695390781e-06 7.420841683366731e-07 8.33667334669342 8.963967935871808e-07 8.963967935871808e-07 8.963967935871808e-08
0.38517034068135797 1.6517034068136267e-06 9.026052104208413e-07 7.915831663326682 6.333627254509055e-07 6.333627254509055e-07 6.333627254509056e-08
0.33030060120240107 3.631462925851702e-06 5.5933867735470925e-06 4.629258517034057 7.810941883767588e-07 7.810941883767588e-07 7.810941883767588e-08
0.059659318637274555 3.809819639278556e-06 1.1344689378757512e-06 0.7014028056112228 3.054709418837679e-07 3.054709418837679e-07 3.054709418837679e-08
0.11675350701402808 2.4543086172344682e-06 3.98817635270541e-06 5.871743486973952 2.92859719438878e-07 2.92859719438878e-07 2.92859719438878e-08
0.29619238476953597 8.340080160320638e-06 6.3781563126252485e-06 0.9619238476953914 2.5142284569138255e-07 2.5142284569138255e-07 2.5142284569138254e-08
0.39851703406813127 2.400801603206412e-06 5.771743486973946e-06 1.5430861723446905 3.090741482965936e-07 3.090741482965936e-07 3.0907414829659355e-08
0.04112224448897796 3.98817635270541e-06 8.054709418837673e-06 3.486973947895778 5.342745490981991e-07 5.342745490981991e-07 5.342745490981991e-08
0.3621843687374706 3.577955911823646e-06 4.3627254509018025e-06 0.5811623246492988 6.225450901803606e-08 6.225450901803606e-08 6.225450901803606e-09
0.24577154308617014 1.891783567134268e-07 4.92384769539078e-07 9.539078156312673 8.1352304609219e-07 8.1352304609219e-07 8.1352304609219e-08
0.3918436873747446 4.291382765531061e-06 8.019038076152302e-06 3.3667334669338556 4.802264529058138e-07 4.802264529058138e-07 4.802264529058138e-08
0.26208416833667086 2.846693386773546e-06 8.268737474949897e-06 1.5230460921843698 3.2348697394789633e-07 3.2348697394789633e-07 3.2348697394789636e-08
0.39703406813626757 6.199799599198395e-06 7.234268537074146e-06 9.639278557114277 6.405611222444889e-08 6.405611222444889e-08 6.405611222444889e-09
0.03148296593186373 4.576753507014027e-06 7.242484969939877e-07 4.1082164328657145 1.0729458917835684e-07 1.0729458917835684e-07 1.0729458917835684e-08
0.23020040080160128 3.5957915831663314e-06 2.426853707414829e-07 9.519038076152352 2.658356713426853e-07 2.658356713426853e-07 2.6583567134268532e-08
0.15679358717434813 2.596993987975951e-06 2.96192384769539e-07 4.00801603206411 5.883226452905844e-07 5.883226452905844e-07 5.8832264529058445e-08
0.17310621242484883 7.4126252505009995e-06 8.464929859719436e-06 8.33667334669342 5.576953907815661e-07 5.576953907815661e-07 5.576953907815661e-08
0.30064128256512707 6.485170340681361e-06 7.91202404809619e-06 2.925851703406806 6.585771543086172e-08 6.585771543086172e-08 6.585771543086172e-09
0.07374749498997997 3.9703406813627245e-06 6.877555110220439e-06 8.176352705410853 3.3249498997996055e-07 3.3249498997996055e-07 3.324949899799606e-08
0.20424849699398653 7.064128256513023e-07 1.9014028056112218e-06 0.7815631262525055 7.937054108216487e-07 7.937054108216487e-07 7.937054108216488e-08
0.08116232464929861 5.5398797595190364e-06 8.625450901803604e-06 4.148296593186356 8.927855711422853e-08 8.927855711422853e-08 8.927855711422852e-09
0.08709418837675352 8.518436873747492e-06 7.840681362725448e-06 6.573146292585183 4.279799599198413e-07 4.279799599198413e-07 4.279799599198413e-08
0.21759519038075983 3.0607214428857706e-06 4.665931863727454e-06 2.66533066132264 3.6852705410821744e-07 3.6852705410821744e-07 3.685270541082175e-08
0.2672745490981938 8.84769539078156e-07 8.17955911823647e-06 3.847695390781546 8.261342685370799e-07 8.261342685370799e-07 8.261342685370799e-08
0.37034068136272097 6.529058116232462e-07 8.090380761523043e-06 5.270541082164326 5.144569138276578e-07 5.144569138276578e-07 5.144569138276578e-08
0.19609218436873618 6.94889779559118e-06 6.413827655310619e-06 6.192384769539086 1.108977955911825e-07 1.108977955911825e-07 1.108977955911825e-08
0.21685370741482798 3.6753507014028044e-07 3.5957915831663314e-06 8.436873747495024 4.31583166332667e-07 4.31583166332667e-07 4.31583166332667e-08
0.16124248496993923 7.198597194388775e-06 1.3484969939879755e-06 5.37074148296593 1.1810420841683383e-07 1.1810420841683383e-07 1.1810420841683383e-08
0.25911823647294346 4.969138276553105e-06 4.505410821643285e-06 2.985971943887767 8.873887775551166e-07 8.873887775551166e-07 8.873887775551166e-08
0.21092184368737318 8.17955911823647e-06 8.1438877755511e-06 8.657314629258554 3.27090180360722e-07 3.27090180360722e-07 3.27090180360722e-08
0.13899799599198373 3.5601202404809607e-06 7.0202404809619216e-06 0.7014028056112228 8.567535070140287e-08 8.567535070140287e-08 8.567535070140287e-09
0.365150300601198 2.240280561122244e-06 8.375751503006009e-06 8.637274549098233 2.8745490981963944e-07 2.8745490981963944e-07 2.8745490981963943e-08
0.3770140280561076 1.277154308617234e-06 1.891783567134268e-07 2.845691382765524 6.910140280561166e-07 6.910140280561166e-07 6.910140280561165e-08
0.17681362725450808 5.272344689378756e-06 2.989378757515029e-06 5.891783567134273 1.75755511022044e-07 1.75755511022044e-07 1.7575551102204402e-08
0.13603206412825633 7.94769539078156e-06 5.093987975951902e-06 6.653306613226467 5.432825651302633e-07 5.432825651302633e-07 5.4328256513026334e-08
0.1182364729458918 8.054709418837673e-06 3.827655310621242e-06 6.973947895791601 8.351422845691441e-07 8.351422845691441e-07 8.351422845691441e-08
0.18200400801603103 8.197394789579156e-06 6.895390781563124e-06 8.09619238476957 3.180821643286578e-07 3.180821643286578e-07 3.180821643286578e-08
0.3102805611222411 3.3995991983967925e-06 1.6338677354709413e-06 8.036072144288607 5.378777555110248e-07 5.378777555110248e-07 5.3787775551102475e-08
0.06336673346693387 5.71823647294589e-06 1.473346693386773e-06 6.5130260521042205 2.0097795591182346e-07 2.0097795591182346e-07 2.0097795591182347e-08
0.3280761523046055 8.41142284569138e-06 6.021442885771541e-06 2.6853707414829606 2.46018036072144e-07 2.46018036072144e-07 2.4601803607214402e-08
0.04705410821643287 1.9014028056112218e-06 8.67895791583166e-06 0.32064128256513025 4.6221042084168536e-07 4.6221042084168536e-07 4.622104208416853e-08
0.06855711422845692 5.0048096192384755e-06 5.646893787575149e-06 0.48096192384769554 3.3970140280561193e-07 3.3970140280561193e-07 3.397014028056119e-08
0.24503006012023829 5.3436873747494974e-06 1.7587174348697389e-06 3.8677354709418665 7.360541082164377e-07 7.360541082164377e-07 7.360541082164376e-08
0.27246492985971676 1.0631262525050097e-06 1.223647294589178e-06 6.212424849699407 7.306412825651305e-08 7.306412825651305e-08 7.3064128256513045e-09
0.07893787575150302 4.059519038076151e-06 4.4162324649298586e-06 4.729458917835662 6.567835671342725e-07 6.567835671342725e-07 6.567835671342725e-08
0.23613226452905609 7.662324649298595e-06 6.734869739478956e-06 4.529058116232453 8.206412825651303e-09 8.206412825651303e-09 8.206412825651303e-10
0.33030060120240107 4.879959919839678e-06 4.023847695390781e-06 9.759519038076203 5.00044088176355e-07 5.00044088176355e-07 5.0004408817635504e-08
0.31843687374749147 3.078557114228456e-06 4.630260521042083e-06 6.352705410821653 7.342525050100248e-07 7.342525050100248e-07 7.342525050100248e-08
0.19386773547094063 1.2414829659318633e-06 5.637274549098194e-07 6.1723446893787655 4.676152304609239e-07 4.676152304609239e-07 4.676152304609239e-08
0.35847695390781137 5.807414829659317e-06 7.269939879759517e-06 6.412825651302616 3.523046092184368e-08 3.523046092184368e-08 3.5230460921843676e-09
0.05298597194388778 3.720641282565129e-06 6.707414829659316e-07 2.424849699398795 5.306713426853734e-07 5.306713426853734e-07 5.306713426853734e-08
0.39258517034067647 3.845490981963927e-06 3.470941883767534e-06 4.649298597194378 1.847635270541081e-07 1.847635270541081e-07 1.847635270541081e-08
0.08561122244488979 6.931062124248495e-06 7.483967935871741e-06 1.3827655310621252 2.4781963927855686e-07 2.4781963927855686e-07 2.4781963927855688e-08
0.20054108216432728 5.236673346693385e-06 1.8835671342685364e-06 1.3426853707414839 8.693727454909882e-07 8.693727454909882e-07 8.693727454909882e-08
0.055951903807615236 4.023847695390781e-06 4.5671342685370725e-07 9.178356713426897 2.4421643286573117e-07 2.4421643286573117e-07 2.4421643286573117e-08
0.15012024048096148 7.805010020040078e-06 8.41142284569138e-06 1.1823647294589186 6.74799599198401e-07 6.74799599198401e-07 6.747995991984009e-08
0.038897795591182366 5.129659318637273e-06 3.667134268537073e-06 7.254509018036093 4.6581362725451105e-07 4.6581362725451105e-07 4.6581362725451104e-08
0.07671342685370743 4.469739478957915e-06 5.1474949899799584e-06 9.438877755511069 8.063166332665386e-07 8.063166332665386e-07 8.063166332665386e-08
0.18126252505009918 1.6873747494989974e-06 7.44829659318637e-06 5.631262525050102 5.342745490981991e-07 5.342745490981991e-07 5.342745490981991e-08
0.34661322645290177 6.057114228456912e-06 7.055911823647292e-06 6.993987975951922 7.306492985971991e-07 7.306492985971991e-07 7.306492985971992e-08
0.1019238476953908 6.6278557114228436e-06 4.879959919839678e-06 0.6613226452905815 5.450841683366762e-07 5.450841683366762e-07 5.4508416833667615e-08
0.35106212424849287 7.376953907815629e-06 7.127254509018034e-06 4.308617234468923 6.045370741483e-07 6.045370741483e-07 6.045370741483001e-08
0.14048096192384743 8.669338677354706e-07 8.322244488977953e-06 8.196392785571174 5.540921843687404e-07 5.540921843687404e-07 5.540921843687404e-08
0.31398797595190037 5.993987975951902e-07 5.111823647294588e-06 4.549098196392774 3.73931863727456e-07 3.73931863727456e-07 3.73931863727456e-08
0.22575150300601018 8.375751503006009e-06 2.783567134268536e-07 9.23847695390786 7.450621242485019e-07 7.450621242485019e-07 7.450621242485019e-08
0.14937875751502963 3.809819639278556e-06 1.1523046092184365e-06 3.887775551102187 7.774909819639331e-07 7.774909819639331e-07 7.774909819639331e-08
0.3384569138276514 1.891783567134268e-07 5.040480961923846e-06 7.795591182364757 6.297595190380798e-07 6.297595190380798e-07 6.297595190380798e-08
0.17162324649298513 1.0096192384769536e-06 8.892985971943885e-06 9.078156312625293 8.74769539078157e-08 8.74769539078157e-08 8.74769539078157e-09
0.040380761523046094 2.7040080160320633e-06 4.202204408817634e-06 7.595190380761548 8.891903807615295e-07 8.891903807615295e-07 8.891903807615294e-08
0.2998997995991952 7.537474949899797e-06 8.44709418837675e-06 6.232464929859728 1.4332665330661328e-07 1.4332665330661328e-07 1.4332665330661328e-08
0.38961923847694907 6.395991983967934e-06 4.130861723446893e-06 8.837675350701442 7.216412825651349e-07 7.216412825651349e-07 7.21641282565135e-08
0.07078156312625251 6.520841683366731e-06 1.7943887775551096e-06 1.8236472945891797 1.739539078156312e-07 1.739539078156312e-07 1.739539078156312e-08
0.15753507014027998 4.451903807615229e-06 6.074949899799597e-06 5.290581162324647 3.469078156312633e-07 3.469078156312633e-07 3.469078156312633e-08
0.17088176352705328 2.989378757515029e-06 5.664729458917834e-06 9.899799599198449 2.3881162324649264e-07 2.3881162324649264e-07 2.3881162324649265e-08
0.3414228456913788 5.753907815631261e-06 7.519639278557112e-06 7.975951903807645 1.16302605210421e-07 1.16302605210421e-07 1.16302605210421e-08
0.18645290581162213 1.223647294589178e-06 7.2164328657314605e-06 2.3046092184368723 6.946172344689422e-07 6.946172344689422e-07 6.946172344689423e-08
0.31991983967935517 4.434068136272544e-06 6.841883767535068e-06 8.156312625250532 1.0909619238476967e-07 1.0909619238476967e-07 1.0909619238476967e-08
0.16420841683366663 3.496993987975951e-07 8.982164328657311e-06 4.128256513026035 6.982204408817679e-07 6.982204408817679e-07 6.98220440881768e-08
0.22797595190380573 6.146292585170339e-06 6.984569138276551e-06 1.102204408817636 3.4870941883767615e-07 3.4870941883767615e-07 3.4870941883767614e-08
0.17384769539078068 2.7753507014028048e-06 4.7551102204408805e-06 7.154308617234489 7.288476953907863e-07 7.288476953907863e-07 7.288476953907862e-08
0.3221442885771507 4.113026052104207e-06 3.0072144288577145e-06 9.599198396793636 6.225531062124285e-07 6.225531062124285e-07 6.225531062124285e-08
0.15827655310621183 5.458917835671341e-07 8.785971943887772e-06 6.553106212424862 1.649458917835671e-07 1.649458917835671e-07 1.649458917835671e-08
0.14122244488977928 2.2581162324649292e-06 3.720641282565129e-06 2.8256513026052037 6.405611222444889e-08 6.405611222444889e-08 6.405611222444889e-09
0.34957915831662917 4.505410821643285e-06 7.64448897795591e-06 0.7615230460921848 6.261563126252542e-07 6.261563126252542e-07 6.261563126252542e-08
0.32881763527053737 5.637274549098194e-07 3.881162324649298e-06 9.25851703406818 3.342965931863734e-07 3.342965931863734e-07 3.342965931863734e-08
0.3873947895791535 7.955911823647291e-07 2.7575150300601194e-06 8.677354709418875 8.189278557114285e-07 8.189278557114285e-07 8.189278557114285e-08
0.19460921843687248 8.304408817635268e-06 6.520841683366731e-06 1.5831663326653318 2.406132264529055e-07 2.406132264529055e-07 2.4061322645290547e-08
0.06633266533066133 5.308016032064127e-06 3.5066132264529046e-06 7.294589178356735 6.531803607214468e-07 6.531803607214468e-07 6.531803607214468e-08
0.3977755511021994 7.109418837675348e-06 3.3995991983967925e-06 0.6212424849699402 4.063607214428872e-07 4.063607214428872e-07 4.063607214428872e-08
0.16717434869739403 3.7028056112224436e-06 7.822845691382763e-06 8.396793587174383 6.207515030060156e-07 6.207515030060156e-07 6.207515030060156e-08
0.11452905811623248 5.878757515030058e-06 8.286573146292582e-06 6.8537074148296755 3.829398797595202e-07 3.829398797595202e-07 3.829398797595202e-08
0.27543086172344416 6.707414829659316e-07 7.805010020040078e-06 6.152304609218445 4.2978156312625416e-07 4.2978156312625416e-07 4.2978156312625414e-08
0.32585170340680997 1.9727454909819634e-06 1.954909819639278e-06 4.488977955911811 2.6403406813627246e-07 2.6403406813627246e-07 2.6403406813627247e-08
0.24132264529057904 7.305611222444887e-06 1.7134268537074145e-07 0.9418837675350707 8.36943887775557e-07 8.36943887775557e-07 8.369438877755569e-08
0.10785571142284571 3.774148296593185e-06 4.92384769539078e-07 9.298597194388822 8.009118236473001e-07 8.009118236473001e-07 8.009118236473e-08
0.320661322645287 3.328256513026051e-06 3.3639278557114217e-06 7.915831663326682 4.387895791583184e-07 4.387895791583184e-07 4.387895791583184e-08
0.32733466933867367 4.71943887775551e-06 6.271142284569136e-06 9.639278557114277 2.6763727454909815e-07 2.6763727454909815e-07 2.6763727454909814e-08
0.22426853707414648 4.077354709418837e-06 2.1867735470941878e-06 7.234468937875772 8.783807615230524e-07 8.783807615230524e-07 8.783807615230524e-08
0.30212424849699077 3.853707414829658e-07 5.458917835671341e-07 2.0440881763527066 2.262004008016029e-07 2.262004008016029e-07 2.2620040080160293e-08
0.21388777555110058 3.0963927855711413e-06 7.073747494989978e-06 2.885771543086165 9.468336673346702e-08 9.468336673346702e-08 9.468336673346703e-09
0.13751503006012003 7.777555110220438e-07 7.6088176352705385e-06 3.026052104208408 7.32450901803612e-07 7.32450901803612e-07 7.32450901803612e-08
0.29619238476953597 3.5422845691382754e-06 7.323446893787573e-06 1.6232464929859731 7.414589178356762e-07 7.414589178356762e-07 7.414589178356762e-08
0.0566933867735471 5.040480961923846e-06 4.148697394789578e-06 8.597194388777591 5.829178356713459e-07 5.829178356713459e-07 5.8291783567134586e-08
0.12490981963927858 7.697995991983965e-06 2.79318637274549e-06 2.605210420841679 5.70306613226456e-07 5.70306613226456e-07 5.70306613226456e-08
0.37627254509017577 8.982164328657311e-06 4.309218436873746e-06 3.3266533066132147 6.549819639278597e-07 6.549819639278597e-07 6.549819639278596e-08
0.17607214428857623 2.783567134268536e-07 2.9002004008016023e-06 0.3406813627254509 8.639679358717496e-07 8.639679358717496e-07 8.639679358717496e-08
0.11156312625250503 7.466132264529056e-06 2.882364729458917e-06 6.452905811623258 2.1719238476953882e-07 2.1719238476953882e-07 2.1719238476953884e-08
0.29767535070139967 6.092785571142283e-06 5.860921843687373e-06 7.995991983967966 1.9917635270541064e-07 1.9917635270541064e-07 1.9917635270541066e-08
0.16272545090180293 8.429258517034065e-06 6.538677354709417e-06 3.6272545090180213 7.55871743486979e-07 7.55871743486979e-07 7.558717434869789e-08
0.2539278557114205 4.4162324649298586e-06 7.876352705410819e-06 5.170340681362721 6.333627254509055e-07 6.333627254509055e-07 6.333627254509056e-08
0.15234468937875703 1.812224448897795e-06 6.645691382765529e-06 3.7274549098196235 6.874108216432909e-07 6.874108216432909e-07 6.874108216432909e-08
0.10637274549098198 7.269939879759517e-06 1.8300601202404803e-06 2.8657314629258446 8.225310621242542e-07 8.225310621242542e-07 8.225310621242542e-08
0.34364729458917437 6.538677354709417e-06 8.8751503006012e-06 1.803607214428859 4.802264529058138e-07 4.802264529058138e-07 4.802264529058138e-08
0.11971943887775553 1.4020040080160316e-06 5.932264529058114e-06 5.050100200400796 8.099198396793643e-07 8.099198396793643e-07 8.099198396793642e-08
0.3547695390781521 3.318637274549097e-07 6.324649298597192e-06 1.5230460921843698 4.55004008016034e-07 4.55004008016034e-07 4.55004008016034e-08
0.24947895791582939 2.935871743486973e-06 7.955911823647291e-07 4.889779559118229 3.703286573146303e-07 3.703286573146303e-07 3.703286573146303e-08
0.35402805611222027 3.7384769539078144e-06 2.5613226452905804e-06 5.390781563126251 3.577174348697404e-07 3.577174348697404e-07 3.5771743486974036e-08
0.0485370741482966 7.44829659318637e-06 2.7218436873747487e-06 8.016032064128286 8.747775551102267e-07 8.747775551102267e-07 8.747775551102268e-08
0.03963927855711423 7.822845691382763e-06 6.699198396793585e-06 2.4849699398797562 5.288697394789606e-07 5.288697394789606e-07 5.288697394789605e-08
0.22649298597194203 1e-07 2.9715430861723437e-06 2.344689378757513 7.486653306613276e-07 7.486653306613276e-07 7.486653306613276e-08
0.09747494989979961 7.073747494989978e-06 1.0096192384769536e-06 0.5210420841683369 3.541142284569147e-07 3.541142284569147e-07 3.5411422845691466e-08
0.14715430861723408 5.111823647294588e-06 6.350701402805609e-07 9.559118236472994 1.2711222444889792e-07 1.2711222444889792e-07 1.2711222444889792e-08
0.12416833667334672 1.8300601202404803e-06 3.3104208416833656e-06 2.384769539078154 7.072284569138322e-07 7.072284569138322e-07 7.072284569138322e-08
0.21981963927855538 5.2010020040080145e-06 6.94889779559118e-06 0.14028056112224446 6.081402805611257e-07 6.081402805611257e-07 6.081402805611257e-08
0.19683366733466803 2.2937875751503e-06 3.1142284569138266e-06 2.5450901803607175 5.23464929859722e-07 5.23464929859722e-07 5.23464929859722e-08
0.12639278557114228 7.3591182364729435e-06 6.110621242484968e-06 0.42084168336673355 7.720861723446946e-07 7.720861723446946e-07 7.720861723446945e-08
0.35995991983967507 8.482765531062121e-06 2.5078156312625243e-06 3.166332665330651 6.820060120240523e-07 6.820060120240523e-07 6.820060120240523e-08
0.16198396793587108 8.768136272545087e-06 5.7895791583166315e-06 4.849699398797587 1.0008817635270552e-07 1.0008817635270552e-07 1.0008817635270551e-08
0.05446893787575151 6.788376753507012e-06 8.803807615230458e-06 3.206412825651292 1.7755711422845683e-07 1.7755711422845683e-07 1.7755711422845684e-08
0.15605210420841628 3.3104208416833656e-06 9.917835671342682e-07 6.833667334669355 8.531583166332726e-07 8.531583166332726e-07 8.531583166332725e-08
0.12787575150300598 3.221242484969939e-06 6.610020040080158e-06 8.136272545090211 2.9646292585170366e-07 2.9646292585170366e-07 2.9646292585170366e-08
0.37478957915831207 8.312625250500999e-07 4.594589178356712e-06 5.250501002004005 1.253106212424851e-07 1.253106212424851e-07 1.253106212424851e-08
0.05521042084168337 4.130861723446893e-06 6.057114228456912e-06 3.0861723446893694 6.603867735470982e-07 6.603867735470982e-07 6.603867735470982e-08
0.09450901803607216 8.1438877755511e-06 6.663527054108214e-06 4.669338677354699 2.243987975951901e-07 2.243987975951901e-07 2.243987975951901e-08
0.24428857715430644 2.828857715430861e-06 2.828857715430861e-06 8.617234468937912 5.973306613226486e-07 5.973306613226486e-07 5.973306613226487e-08
0.38517034068135797 2.6505010020040072e-06 4.897795591182363e-06 2.024048096192386 5.81116232464933e-07 5.81116232464933e-07 5.8111623246493304e-08
0.21611222444889613 5.280561122244487e-07 1.1701402805611219e-06 9.158316633266576 6.135450901803642e-07 6.135450901803642e-07 6.135450901803643e-08
0.08190380761523047 2.436472945891783e-06 6.503006012024046e-06 9.038076152304651 5.486873747495018e-07 5.486873747495018e-07 5.4868737474950186e-08
0.22945891783566943 2.1332665330661317e-06 4.273547094188376e-06 5.611222444889781 8.729759519038139e-07 8.729759519038139e-07 8.729759519038138e-08
0.3903607214428809 6.271142284569136e-06 4.648096192384768e-06 3.5871743486973804 1.1990581162324665e-07 1.1990581162324665e-07 1.1990581162324665e-08
0.23835671342685164 1.4376753507014023e-06 5.815631262525048e-07 3.56713426853706 8.207294589178414e-07 8.207294589178414e-07 8.207294589178414e-08
0.23168336673346498 6.288977955911822e-06 5.753907815631261e-06 2.2244488977955905 1.9196993987975937e-07 1.9196993987975937e-07 1.919699398797594e-08
0.3340080160320603 6.235470941883766e-06 8.482765531062121e-06 9.058116232464972 5.522905811623275e-07 5.522905811623275e-07 5.5229058116232756e-08
0.20721442885771393 7.519639278557112e-06 2.686172344689378e-06 3.0060120240480876 4.964408817635294e-07 4.964408817635294e-07 4.9644088176352934e-08
0.3488376753506973 9.917835671342682e-07 2.846693386773546e-06 7.755511022044115 5.504809619238475e-08 5.504809619238475e-08 5.504809619238475e-09
0.34216432865731067 5.575551102204407e-06 3.1677354709418827e-06 5.59118236472946 1.8116032064128246e-07 1.8116032064128246e-07 1.8116032064128248e-08
0.32288577154308257 5.102204408817633e-07 7.733667334669336e-06 4.388777555110207 7.486573146292588e-08 7.486573146292588e-08 7.486573146292588e-09
0.11082164328657317 8.8751503006012e-06 7.5553106212424824e-06 5.81162324649299 5.108537074148321e-07 5.108537074148321e-07 5.108537074148321e-08
0.276172344689376 4.5671342685370725e-07 1.9727454909819634e-06 8.236472945891816 1.36120240480962e-07 1.36120240480962e-07 1.36120240480962e-08
0.0670741482965932 2.9715430861723437e-06 8.233066132264526e-06 2.9458917835671263 6.639899799599239e-07 6.639899799599239e-07 6.639899799599239e-08
0.11304609218436876 3.52444889779559e-06 8.161723446893785e-06 0.5811623246492988 7.991102204408872e-07 7.991102204408872e-07 7.991102204408872e-08
0.39406813627254017 6.556513026052102e-06 7.894188376753504e-06 5.711422845691385 2.9105811623246513e-07 2.9105811623246513e-07 2.9105811623246514e-08
0.3681162324649254 5.9501002004008e-06 5.022645290581161e-06 5.070140280561117 9.108016032064136e-08 9.108016032064136e-08 9.108016032064136e-09
0.15382765531062073 4.327054108216432e-06 5.102204408817633e-07 9.959919839679412 4.874328657314651e-07 4.874328657314651e-07 4.874328657314651e-08
0.2969338677354678 4.6124248496993976e-06 7.71583166332665e-06 1.0621242484969946 8.081182364729515e-07 8.081182364729515e-07 8.081182364729514e-08
0.03741482965931864 6.431663326653305e-06 7.787174348697392e-06 1.5030060120240492 6.404809619238477e-09 6.404809619238477e-09 6.404809619238478e-10
0.12713426853707413 8.94649298597194e-06 7.3591182364729435e-06 0.4609218436873749 6.51378757515034e-07 6.51378757515034e-07 6.51378757515034e-08
0.07152304609218438 7.858517034068134e-06 6.164128256513024e-06 9.498997995992031 3.162725450901803e-08 3.162725450901803e-08 3.1627254509018027e-09
0.0996993987975952 7.2164328657314605e-06 6.039278557114227e-06 3.4468937875751373 6.62188376753511e-07 6.62188376753511e-07 6.62188376753511e-08
0.24725450901803384 3.667134268537073e-06 4.451903807615229e-06 8.937875751503046 6.85609218436878e-07 6.85609218436878e-07 6.856092184368781e-08
0.2583767535070116 7.876352705410819e-06 2.008416833667334e-06 3.8276553106212257 2.69438877755511e-07 2.69438877755511e-07 2.69438877755511e-08
0.3162124248496959 5.254509018036071e-06 5.058316633266532e-06 3.9078156312625074 8.981983967935937e-07 8.981983967935937e-07 8.981983967935937e-08
0.3740480961923802 8.554108216432863e-06 5.9501002004008e-06 2.1843687374749496 1.2891382765531074e-07 1.2891382765531074e-07 1.2891382765531074e-08
0.38220440881763057 2.632665330661322e-06 8.429258517034065e-06 0.9218436873747501 2.5862925851703393e-07 2.5862925851703393e-07 2.586292585170339e-08
0.09821643286573148 4.772945891783566e-06 8.357915831663324e-06 8.216432865731495 5.757114228456945e-07 5.757114228456945e-07 5.757114228456945e-08
0.11601202404809621 8.732464929859716e-06 3.1498997995991974e-06 9.338677354709464 8.171262525050157e-07 8.171262525050157e-07 8.171262525050156e-08
0.04927855711422846 4.737274549098195e-06 1.8478957915831657e-06 10.000000000000053 1.55937875751503e-07 1.55937875751503e-07 1.5593787575150302e-08
0.15975951903807553 3.3639278557114217e-06 5.2188376753507e-06 1.4428857715430872 4.6040080160320626e-08 4.6040080160320626e-08 4.6040080160320626e-09
0.10118236472945893 5.058316633266532e-06 1.027454909819639e-06 2.565130260521038 2.892565130260523e-07 2.892565130260523e-07 2.892565130260523e-08
0.1100801603206413 2.1867735470941878e-06 7.466132264529056e-06 8.717434869739517 5.180601202404835e-07 5.180601202404835e-07 5.180601202404835e-08
0.29322645290580857 2.008416833667334e-06 1.1783567134268536e-07 3.346693386773535 1.5954108216432865e-07 1.5954108216432865e-07 1.5954108216432866e-08
0.2954509018036041 8.999999999999997e-06 3.1402805611222435e-07 5.83166332665331 5.6849699398797574e-08 5.6849699398797574e-08 5.6849699398797575e-09
0.3710821643286528 7.983366733466931e-06 3.7563126252504997e-06 8.917835671342726 4.5320240480962114e-07 4.5320240480962114e-07 4.532024048096211e-08
0.26208416833667086 2.846693386773546e-06 5.5933867735470925e-06 0.8617234468937881 4.3338476953907985e-07 4.3338476953907985e-07 4.3338476953907985e-08
0.17977955911823548 7.323446893787573e-06 4.291382765531061e-06 4.9699398797595125 8.837855711422909e-07 8.837855711422909e-07 8.83785571142291e-08
0.20573146292585023 3.417434869739478e-06 2.400801603206412e-06 8.476953907815666 8.765791583166395e-07 8.765791583166395e-07 8.765791583166396e-08
0.13380761523046078 5.325851703406812e-06 2.151102204408817e-06 6.593186372745504 4.081623246493e-07 4.081623246493e-07 4.081623246493e-08
0.04334669338677355 4.3627254509018025e-06 6.529058116232462e-07 6.112224448897803 2.5502605210420824e-07 2.5502605210420824e-07 2.5502605210420825e-08
0.24280561122244274 5.646893787575149e-06 1.6517034068136267e-06 5.190380761523042 4.784248496994009e-07 4.784248496994009e-07 4.784248496994009e-08
0.35551102204408397 3.470941883767534e-06 5.129659318637273e-06 5.851703406813631 1.9016032064128256e-08 1.9016032064128256e-08 1.9016032064128256e-09
0.16346693386773478 2.6052104208416826e-07 3.239078156312624e-06 9.879759519038128 5.270681362725477e-07 5.270681362725477e-07 5.270681362725477e-08
0.07967935871743488 5.432865731462924e-06 6.88577154308617e-07 9.779559118236524 8.657695390781625e-07 8.657695390781625e-07 8.657695390781625e-08
0.15160320641282518 2.0701402805611217e-07 4.9513026052104195e-06 1.2625250501002012 8.909919839679423e-07 8.909919839679423e-07 8.909919839679422e-08
0.0833867735470942 2.5078156312625243e-06 5.736072144288575e-06 8.737474949899838 4.351863727454927e-07 4.351863727454927e-07 4.3518637274549267e-08
0.042605210420841685 8.696793587174346e-06 6.360320641282563e-06 3.5070140280560986 9.828657314629269e-08 9.828657314629269e-08 9.828657314629268e-09
0.37923847695390317 7.145090180360719e-06 1.0987975951903804e-06 7.835671342685399 4.604088176352725e-07 4.604088176352725e-07 4.604088176352725e-08
0.032965931863727455 5.9857715430861705e-06 4.1665330661322635e-06 4.22845691382764 5.036472945891807e-07 5.036472945891807e-07 5.0364729458918074e-08
0.04408817635270541 2.3651302605210414e-06 2.3294589178356707e-06 6.05210420841684 4.9643286573146275e-08 4.9643286573146275e-08 4.964328657314628e-09
0.08042084168336674 8.393587174348695e-06 8.554108216432863e-06 0.36072144288577157 8.459519038076212e-07 8.459519038076212e-07 8.459519038076211e-08
0.3473547094188336 6.44949899799599e-06 7.002404809619236e-06 9.318637274549143 2.2079559118236446e-07 2.2079559118236446e-07 2.2079559118236447e-08
0.09895791583166334 2.96192384769539e-07 8.126052104208414e-06 0.6813627254509022 8.315390781563184e-07 8.315390781563184e-07 8.315390781563185e-08
0.06262525050100201 6.503006012024046e-06 8.036873747494987e-06 2.7655310621242424 4.2077354709418994e-07 4.2077354709418994e-07 4.207735470941899e-08
0.21462925851703243 8.892985971943885e-06 4.790781563126251e-06 6.693386773547108 5.558937875751532e-07 5.558937875751532e-07 5.558937875751532e-08
0.18867735470941768 8.036873747494987e-06 5.48637274549098e-06 7.63527054108219 3.7753507014028167e-07 3.7753507014028167e-07 3.775350701402817e-08
0.14196392785571113 8.750300601202402e-06 3.52444889779559e-06 6.012024048096198 4.4239278557114407e-07 4.4239278557114407e-07 4.423927855711441e-08
0.14344689378757483 8.571943887775548e-06 6.806212424849697e-06 7.454909819639302 3.1988376753507064e-07 3.1988376753507064e-07 3.1988376753507066e-08
0.3443887775551062 4.745490981963926e-07 2.739679358717434e-06 1.1422845691382773 3.433046092184376e-07 3.433046092184376e-07 3.433046092184376e-08
0.20350701402805468 6.734869739478956e-06 2.347294589178356e-06 3.6873747494989826 2.5142284569138255e-07 2.5142284569138255e-07 2.5142284569138254e-08
0.31547094188376407 3.6492985971943875e-06 8.001202404809617e-06 8.697394789579196 4.7302004008016243e-07 4.7302004008016243e-07 4.7302004008016244e-08
0.14641282565130223 7.91202404809619e-06 7.751503006012021e-06 9.278557114228501 5.991322645290615e-07 5.991322645290615e-07 5.991322645290615e-08
0.06188376753507015 7.965531062124246e-06 4.915631262525049e-06 5.6513026052104225 5.3246492985971924e-08 5.3246492985971924e-08 5.324649298597192e-09
0.30509018036071817 1.2949899799599194e-06 7.420841683366731e-07 6.613226452905825 1.6674749498997992e-07 1.6674749498997992e-07 1.6674749498997993e-08
0.08635270541082166 7.6088176352705385e-06 4.4875751503006e-06 3.1462925851703307 2.820501002004009e-07 2.820501002004009e-07 2.820501002004009e-08
0.26653306613226196 1.2058116232464926e-06 1.3841683366733462e-06 2.7254509018036015 6.117434869739514e-07 6.117434869739514e-07 6.117434869739513e-08
0.10933867735470944 1.1783567134268536e-07 1.5446893787575145e-06 6.472945891783579 4.243767535070156e-07 4.243767535070156e-07 4.243767535070156e-08
0.31102204408817297 7.055911823647292e-06 1.669539078156312e-06 5.771543086172348 1.6134268537074146e-07 1.6134268537074146e-07 1.6134268537074148e-08
0.3844288577154261 6.128456913827653e-06 2.240280561122244e-06 7.735470941883794 4.514008016032083e-07 4.514008016032083e-07 4.514008016032083e-08
0.3607014028056069 8.233066132264526e-06 2.0797595190380756e-06 8.35671342685374 5.054488977955936e-07 5.054488977955936e-07 5.0544889779559356e-08
0.1123046092184369 5.611222444889778e-06 4.683767535070139e-06 4.7895791583166245 4.640120240480982e-07 4.640120240480982e-07 4.640120240480982e-08
0.27839679358717156 7.894188376753504e-06 3.7919839679358704e-06 3.2264529058116125 3.1628056112224495e-07 3.1628056112224495e-07 3.1628056112224495e-08
0.25170340681362496 1.4911823647294584e-06 3.631462925851702e-06 7.515030060120265 7.666733466933871e-08 7.666733466933871e-08 7.666733466933871e-09
0.38813627254508537 3.239078156312624e-06 2.489979959919839e-06 8.57715430861727 5.360761523046119e-07 5.360761523046119e-07 5.360761523046119e-08
0.22278557114228278 2.5256513026052097e-06 4.380561122244488e-06 2.9659318637274468 1.721442885771543e-08 1.721442885771543e-08 1.7214428857715431e-09
0.08412825651302606 6.806212424849697e-06 5.183166332665329e-06 2.745490981963922 7.810941883767588e-07 7.810941883767588e-07 7.810941883767588e-08
0.10488977955911825 2.2484969939879754e-07 5.0048096192384755e-06 8.416833667334704 3.0366933867735504e-07 3.0366933867735504e-07 3.03669338677355e-08
0.2791382765531034 5.5933867735470925e-06 1.2058116232464926e-06 7.675350701402832 1.451282565130261e-07 1.451282565130261e-07 1.451282565130261e-08
0.22056112224448723 8.001202404809617e-06 8.304408817635268e-06 4.749498997995983 1.1809619238476955e-08 1.1809619238476955e-08 1.1809619238476954e-09
0.2850701402805582 5.361523046092183e-06 7.599198396793584e-07 3.927855711422828 1.3611222444889782e-08 1.3611222444889782e-08 1.361122244488978e-09
0.2702404809619212 6.324649298597192e-06 2.6683366733466926e-06 5.731462925851706 4.6941683366733674e-07 4.6941683366733674e-07 4.6941683366733674e-08
0.3013827655310589 5.415030060120239e-06 5.290180360721441e-06 1.22244488977956 2.2980360721442855e-07 2.2980360721442855e-07 2.2980360721442856e-08
0.04779559118236473 1.473346693386773e-06 4.98697394789579e-06 3.527054108216419 5.739098196392817e-07 5.739098196392817e-07 5.7390981963928164e-08
0.18422845691382658 3.2034068136272535e-06 2.1154308617234463e-06 4.709418837675341 5.090521042084193e-07 5.090521042084193e-07 5.0905210420841926e-08
0.03370741482965932 2.0619238476953902e-06 3.417434869739478e-06 6.072144288577161 5.216633266533092e-07 5.216633266533092e-07 5.216633266533092e-08
0.24058116232464719 4.398396793587173e-06 1.5268537074148291e-06 1.7635270541082178 2.0818436873747473e-07 2.0818436873747473e-07 2.0818436873747475e-08
0.30805611222444557 7.127254509018034e-06 4.8086172344689366e-06 6.873747494989996 6.766012024048138e-07 6.766012024048138e-07 6.766012024048139e-08
0.22204408817635093 1.1523046092184365e-06 2.2224448897795585e-06 2.164328657314629 3.757334669338688e-07 3.757334669338688e-07 3.757334669338688e-08
0.379979959919835 2.2759519038076146e-06 3.5601202404809607e-06 0.7214428857715435 3.2348697394789633e-07 3.2348697394789633e-07 3.2348697394789636e-08
0.20869739478957763 7.626653306613224e-06 1.3306613226452901e-06 0.9018036072144294 4.4599599198396976e-07 4.4599599198396976e-07 4.459959919839698e-08
0.12120240480961926 3.4531062124248485e-06 6.931062124248495e-06 6.27254509018037 7.919038076152359e-07 7.919038076152359e-07 7.919038076152358e-08
0.17755511022043993 3.952505010020039e-06 6.752705410821641e-06 1.0220440881763533 7.540701402805661e-07 7.540701402805661e-07 7.540701402805661e-08
0.33326653306612847 2.4721442885771536e-06 8.84769539078156e-07 6.032064128256519 5.46885771543089e-07 5.46885771543089e-07 5.46885771543089e-08
0.13973947895791558 2.5613226452905804e-06 5.700400801603205e-06 2.9058116232464855 1.4152505010020047e-07 1.4152505010020047e-07 1.4152505010020046e-08
0.14418837675350668 5.468537074148295e-06 3.078557114228456e-06 9.979959919839732 7.864989979959973e-07 7.864989979959973e-07 7.864989979959973e-08
0.07819639278557115 5.1474949899799584e-06 2.8110220440881755e-06 7.575150300601227 4.0095591182364865e-07 4.0095591182364865e-07 4.0095591182364866e-08
0.3251102204408781 4.862124248496993e-06 6.8240480961923826e-06 8.276553106212457 1.1269939879759534e-07 1.1269939879759534e-07 1.1269939879759534e-08
0.24206412825651089 7.252104208416831e-06 8.019038076152302e-06 4.949899799599192 5.396793587174376e-07 5.396793587174376e-07 5.3967935871743763e-08
0.04557114228456914 4.148697394789578e-06 8.839478957915829e-06 2.6452905811623197 2.442084168336673e-08 2.442084168336673e-08 2.442084168336673e-09
0.24354709418837459 9.382765531062121e-07 1.2593186372745487e-06 2.4048096192384745 7.054268537074193e-07 7.054268537074193e-07 7.054268537074193e-08
0.16494989979959848 8.44709418837675e-06 3.934669338677354e-06 8.877755511022084 1.0369138276553118e-07 1.0369138276553118e-07 1.0369138276553118e-08
0.3859118236472898 1.5625250501001999e-06 5.2010020040080145e-06 3.4068136272544964 3.667254509018046e-07 3.667254509018046e-07 3.667254509018046e-08
0.14789579158316593 7.242484969939877e-07 1.3663326653306609e-06 7.094188376753526 2.766452905811624e-07 2.766452905811624e-07 2.7664529058116236e-08
0.394809619238472 7.68016032064128e-06 8.250901803607212e-06 4.809619238476945 3.8474148296593305e-07 3.8474148296593305e-07 3.84741482965933e-08
0.25763527054107976 3.7919839679358704e-06 3.132064128256512e-06 1.863727454909821 6.171482965931899e-07 6.171482965931899e-07 6.1714829659319e-08
0.12565130260521043 1.7587174348697389e-06 8.589779559118233e-06 7.8757515030060405 3.1267735470941926e-07 3.1267735470941926e-07 3.1267735470941925e-08
0.30953907815630927 3.898997995991983e-06 4.25571142284569e-06 5.691382765531064 6.892124248497037e-07 6.892124248497037e-07 6.892124248497037e-08
0.12194388777555112 2.9537074148296584e-06 6.592184368737473e-06 1.2024048096192392 2.802404809619238e-08 2.802404809619238e-08 2.802404809619238e-09
0.3992585170340631 7.840681362725448e-06 6.21763527054108e-06 5.671342685370743 6.459739478957954e-07 6.459739478957954e-07 6.459739478957954e-08
0.261342685370739 7.287775551102202e-06 3.9703406813627245e-06 3.607214428857701 8.567615230460983e-07 8.567615230460983e-07 8.567615230460983e-08
0.3087975951903774 6.913226452905809e-06 7.626653306613224e-06 1.9639278557114244 5.955290581162358e-07 5.955290581162358e-07 5.955290581162358e-08
0.10266533066132266 6.360320641282563e-06 3.577955911823646e-06 7.314629258517056 8.94595190380768e-07 8.94595190380768e-07 8.94595190380768e-08
0.28729458917835377 1.5350701402805608e-07 7.287775551102202e-06 2.464929859719436 3.595190380761532e-07 3.595190380761532e-07 3.5951903807615325e-08
0.31250501002003667 4.0320641282565117e-07 5.5398797595190364e-06 8.056112224448928 1.3792184368737483e-07 1.3792184368737483e-07 1.3792184368737483e-08
0.13677354709418818 8.857314629258514e-06 6.288977955911822e-06 5.3106212424849675 7.162364729458964e-07 7.162364729458964e-07 7.162364729458964e-08
0.37775551102203947 2.543486973947895e-06 7.234268537074146e-06 3.5470941883767395 6.369659318637312e-07 6.369659318637312e-07 6.369659318637312e-08
0.3191783567134233 2.3294589178356707e-06 7.109418837675348e-06 3.4669338677354578 1.5412825651302606e-08 1.5412825651302606e-08 1.5412825651302607e-09
0.14270541082164298 7.71583166332665e-06 5.280561122244487e-07 3.10621242484969 1.5773947895791583e-07 1.5773947895791583e-07 1.5773947895791584e-08
0.33178356713426477 2.739679358717434e-06 8.714629258517031e-06 9.859719438877807 3.2889178356713487e-07 3.2889178356713487e-07 3.288917835671349e-08
0.2776553106212397 1.7052104208416828e-06 8.750300601202402e-06 7.034068136272563 7.468637274549147e-07 7.468637274549147e-07 7.468637274549147e-08
0.06929859719438879 2.1154308617234463e-06 2.1689378757515024e-06 3.807615230460905 8.423486973947955e-07 8.423486973947955e-07 8.423486973947955e-08
0.23242484969939683 1.9192384769539073e-06 1.419839679358717e-06 9.47895791583171 5.252665330661349e-07 5.252665330661349e-07 5.252665330661349e-08
0.09228456913827657 1.7408817635270535e-06 3.98817635270541e-06 4.348697394789565 3.342885771543085e-08 3.342885771543085e-08 3.3428857715430854e-09
0.3814629258516987 3.3460921843687364e-06 5.308016032064127e-06 1.8837675350701417 2.7124048096192384e-07 2.7124048096192384e-07 2.7124048096192384e-08
0.26949899799598936 6.610020040080158e-06 8.134268537074145e-07 1.983967935871745 7.846973947895845e-07 7.846973947895845e-07 7.846973947895845e-08
0.07597194388777556 4.202204408817634e-06 5.557715430861722e-06 7.1943887775551305 3.090741482965936e-07 3.090741482965936e-07 3.0907414829659355e-08
0.3962925851703357 6.164128256513024e-06 5.967935871743485e-06 0.8817635270541088 2.856533066132266e-07 2.856533066132266e-07 2.856533066132266e-08
0.10859719438877757 4.041683366733466e-06 1.7230460921843681e-06 4.288577154308602 1.7935871743486964e-07 1.7935871743486964e-07 1.7935871743486966e-08
0.22723446893787388 2.347294589178356e-06 4.6124248496993976e-06 6.392785571142295 6.009338677354743e-07 6.009338677354743e-07 6.009338677354743e-08
0.23094188376753313 7.18076152304609e-06 3.274749498997995e-06 1.923847695390783 6.765931863727455e-08 6.765931863727455e-08 6.765931863727456e-09
0.36589178356712987 8.090380761523043e-06 8.91082164328657e-06 3.2665330661322534 2.568276553106211e-07 2.568276553106211e-07 2.568276553106211e-08
0.32436873747494627 5.7895791583166315e-06 6.395991983967934e-06 1.4228456913827665 8.963967935871808e-07 8.963967935871808e-07 8.963967935871808e-08
0.07004008016032065 4.380561122244488e-06 1.080961923847695e-06 0.26052104208416826 6.784028056112266e-07 6.784028056112266e-07 6.784028056112267e-08
0.2732064128256486 1.5981963927855706e-06 6.092785571142283e-06 4.629258517034057 3.378997995991991e-07 3.378997995991991e-07 3.378997995991991e-08
0.0915430861723447 6.699198396793585e-06 1.1166332665330658e-06 8.076152304609248 7.846893787575154e-08 7.846893787575154e-08 7.846893787575155e-09
0.03222444889779559 4.095190380761522e-06 4.576753507014027e-06 0.38076152304609223 1.8656513026052092e-07 1.8656513026052092e-07 1.8656513026052093e-08
0.21537074148296428 6.71703406813627e-06 3.5422845691382754e-06 4.769539078156304 2.3340681362725419e-07 2.3340681362725419e-07 2.334068136272542e-08
0.17236472945891698 2.1689378757515024e-06 8.661122244488975e-06 2.785571142284563 4.4959919839679545e-07 4.4959919839679545e-07 4.495991983967955e-08
0.3918436873747446 7.501803607214426e-06 1.5981963927855706e-06 2.244488977955911 3.7213026052104313e-07 3.7213026052104313e-07 3.721302605210431e-08
0.12861723446893783 8.91082164328657e-06 3.0963927855711413e-06 2.5050100200400767 2.2800200400801573e-07 2.2800200400801573e-07 2.2800200400801574e-08
0.3725651302605165 5.379358717434868e-06 1.1344689378757512e-06 9.659318637274598 6.838076152304652e-07 6.838076152304652e-07 6.838076152304651e-08
0.28877755511021747 7.733667334669336e-06 6.306813627254507e-06 5.871743486973952 4.0455911823647433e-07 4.0455911823647433e-07 4.0455911823647436e-08
0.15456913827655258 4.237875751503005e-06 5.272344689378756e-06 0.8016032064128261 6.675931863727496e-07 6.675931863727496e-07 6.675931863727496e-08
0.2746893787575123 9.026052104208413e-07 8.268737474949897e-06 5.330661322645288 7.90102204408823e-07 7.90102204408823e-07 7.90102204408823e-08
0.16791583166332588 7.420841683366731e-07 3.845490981963927e-06 7.655310621242511 7.630781563126303e-07 7.630781563126303e-07 7.630781563126303e-08
0.335490981963924 4.2200400801603196e-06 4.434068136272544e-06 6.913827655310638 5.324729458917862e-07 5.324729458917862e-07 5.324729458917862e-08
0.39703406813626757 6.110621242484968e-06 8.607615230460919e-06 3.3066132264528942 4.3698797595190554e-07 4.3698797595190554e-07 4.3698797595190555e-08
0.3073146292585137 1.3567134268537072e-07 3.4887775551102193e-06 6.73346693386775 8.153246492986028e-07 8.153246492986028e-07 8.153246492986028e-08
0.19016032064128138 6.841883767535068e-06 7.929859719438875e-06 7.775551102204436 8.585631262525111e-07 8.585631262525111e-07 8.585631262525111e-08
0.30583166332665 4.25571142284569e-06 2.7753507014028048e-06 8.296593186372778 5.919258517034101e-07 5.919258517034101e-07 5.919258517034101e-08
0.3310420841683329 1.6338677354709413e-06 3.898997995991983e-06 6.95390781563128 2.532244488977954e-07 2.532244488977954e-07 2.532244488977954e-08
0.28136272545089897 1.080961923847695e-06 1.812224448897795e-06 5.751503006012027 7.66681362725456e-07 7.66681362725456e-07 7.666813627254561e-08
0.33919839679358327 7.5553106212424824e-06 8.393587174348695e-06 9.01803607214433 8.441503006012083e-07 8.441503006012083e-07 8.441503006012083e-08
0.36292585170340247 4.933466933867734e-06 6.788376753507012e-06 8.256513026052136 1.6854909819639274e-07 1.6854909819639274e-07 1.6854909819639275e-08
0.16569138276553033 4.523246492985971e-06 2.3829659318637268e-06 3.707414829659303 6.441723446893826e-07 6.441723446893826e-07 6.441723446893826e-08
0.05150300601202405 6.877555110220439e-06 8.500601202404807e-06 8.957915831663367 2.0998597194388755e-07 2.0998597194388755e-07 2.0998597194388756e-08
0.13529058116232448 5.914428857715429e-06 1.1879759519038072e-06 3.1863727454909716 1.6314428857715428e-07 1.6314428857715428e-07 1.631442885771543e-08
0.2821042084168308 7.787174348697392e-06 3.853707414829658e-07 1.9038076152304624 3.793366733466945e-07 3.793366733466945e-07 3.793366733466945e-08
0.13010020040080153 8.161723446893785e-06 5.379358717434868e-06 6.713426853707429 8.71174348697401e-07 8.71174348697401e-07 8.71174348697401e-08
0.21166332665330503 6.895390781563124e-06 8.999999999999997e-06 1.2825651302605219 2.784468937875752e-07 2.784468937875752e-07 2.784468937875752e-08
0.21018036072144133 3.7563126252504997e-06 2.543486973947895e-06 1.0821643286573153 4.405911823647312e-07 4.405911823647312e-07 4.4059118236473125e-08
0.11897795591182367 3.435270541082163e-06 1.865731462925851e-06 1.6633266533066144 6.495771543086211e-07 6.495771543086211e-07 6.495771543086212e-08
0.10563126252505012 5.557715430861722e-06 4.3627254509018025e-06 1.042084168336674 3.018677354709422e-07 3.018677354709422e-07 3.018677354709422e-08
0.18348697394789473 4.98697394789579e-06 3.952505010020039e-06 5.9919839679358775 1.3972344689378765e-07 1.3972344689378765e-07 1.3972344689378764e-08
0.36144288577153877 4.344889779559117e-06 6.1819639278557095e-06 1.7835671342685384 1.7215230460921837e-07 1.7215230460921837e-07 1.721523046092184e-08
0.2880360721442856 3.042885771543085e-06 8.964328657314626e-06 2.6252505010019993 5.93727454909823e-07 5.93727454909823e-07 5.93727454909823e-08
0.0937675350701403 6.8240480961923826e-06 4.006012024048095e-06 8.7975951903808 2.8024849699398806e-07 2.8024849699398806e-07 2.8024849699398806e-08
0.08783567134268538 1.5268537074148291e-06 3.328256513026051e-06 2.2645290581162314 1.9737474949899782e-07 1.9737474949899782e-07 1.9737474949899784e-08
0.29915831663326337 6.592184368737473e-06 1.4020040080160316e-06 1.2424849699398806 4.441943887775569e-07 4.441943887775569e-07 4.441943887775569e-08
0.10711422845691385 3.827655310621242e-06 5.682565130260519e-06 7.695390781563153 4.2436873747494976e-08 4.2436873747494976e-08 4.243687374749497e-09
0.3265931863727418 6.1819639278557095e-06 8.536272545090177e-06 7.054108216432884 7.702845691382817e-07 7.702845691382817e-07 7.702845691382817e-08
0.3132464929859685 4.648096192384768e-06 6.5743486973947875e-06 5.210420841683363 8.027054108216437e-08 8.027054108216437e-08 8.027054108216437e-09
0.16939879759518958 3.934669338677354e-06 5.807414829659317e-06 3.667334669338662 5.847194388777587e-07 5.847194388777587e-07 5.8471943887775875e-08
0.06559118236472947 1.7943887775551096e-06 3.4531062124248485e-06 1.3627254509018045 7.180380761523092e-07 7.180380761523092e-07 7.180380761523092e-08
0.3621843687374706 3.132064128256512e-06 7.376953907815629e-06 5.090180360721438 5.775130260521074e-07 5.775130260521074e-07 5.7751302605210734e-08
0.14567134268537038 1.5803607214428852e-06 4.113026052104207e-06 7.214428857715451 1.0008016032064129e-08 1.0008016032064129e-08 1.0008016032064128e-09
0.15531062124248443 2.426853707414829e-07 4.772945891783566e-06 8.517034068136308 8.675711422845753e-07 8.675711422845753e-07 8.675711422845753e-08
0.03444889779559118 6.752705410821641e-06 4.969138276553105e-06 3.286573146292574 3.865430861723459e-07 3.865430861723459e-07 3.865430861723459e-08
0.34068136272544697 8.964328657314626e-06 7.252104208416831e-06 1.4028056112224458 7.883006012024102e-07 7.883006012024102e-07 7.883006012024102e-08
0.25318637274548866 6.5743486973947875e-06 8.94649298597194e-06 9.539078156312673 4.568056112224468e-07 4.568056112224468e-07 4.568056112224468e-08
0.26356713426853456 6.21763527054108e-06 5.076152304609217e-06 2.284569138276552 8.243326653306671e-07 8.243326653306671e-07 8.24332665330667e-08
0.2924849699398767 4.844288577154307e-06 8.518436873747492e-06 7.41482965931866 4.153687374749514e-07 4.153687374749514e-07 4.153687374749514e-08
0.2865531062124219 8.250901803607212e-06 1.9192384769539073e-06 0.220440881763527 2.081763527054108e-08 2.081763527054108e-08 2.081763527054108e-09
0.21314629258516873 8.490981963927852e-07 1.5350701402805608e-07 5.030060120240475 7.738877755511074e-07 7.738877755511074e-07 7.738877755511074e-08
0.05076152304609219 4.4875751503006e-06 5.45070140280561e-06 9.378757515030106 4.1356713426853856e-07 4.1356713426853856e-07 4.135671342685386e-08
0.3755310621242439 4.388777555110219e-07 7.305611222444887e-06 6.933867735470959 6.225450901803606e-08 6.225450901803606e-08 6.225450901803606e-09
0.3636673346693343 7.038076152304607e-06 7.064128256513023e-07 9.138276553106255 4.42384769539078e-08 4.42384769539078e-08 4.42384769539078e-09
0.23687374749498794 2.7218436873747487e-06 6.44949899799599e-06 2.1242484969939883 6.477755511022083e-07 6.477755511022083e-07 6.477755511022082e-08
0.053727454909819644 5.843086172344688e-06 2.097595190380761e-06 6.893787575150317 6.423707414829698e-07 6.423707414829698e-07 6.423707414829698e-08
0.3518036072144247 6.9667334669338655e-06 4.398396793587173e-06 6.132264529058124 2.8385170340681375e-07 2.8385170340681375e-07 2.8385170340681377e-08
0.13454909819639263 4.9513026052104195e-06 7.68016032064128e-06 4.68937875751502 7.504669338677404e-07 7.504669338677404e-07 7.504669338677405e-08
0.057434869739478964 4.273547094188376e-06 6.172344689378755e-07 1.4829659318637285 4.189719438877771e-07 4.189719438877771e-07 4.189719438877771e-08
0.052244488977955916 3.2569138276553096e-06 1.5090180360721438e-06 1.3026052104208425 3.955511022044101e-07 3.955511022044101e-07 3.9555110220441014e-08
0.09599198396793589 8.839478957915829e-06 2.6505010020040072e-06 0.4008016032064129 7.108316633266578e-07 7.108316633266578e-07 7.108316633266578e-08
0.1204609218436874 8.464929859719436e-06 9.739478957915829e-07 6.292585170340691 7.792925851703459e-07 7.792925851703459e-07 7.79292585170346e-08
0.18793587174348583 4.665931863727454e-06 5.9857715430861705e-06 8.977955911823688 3.8834468937875873e-07 3.8834468937875873e-07 3.8834468937875873e-08
0.24799599198396569 6.984569138276551e-06 1.7765531062124242e-06 9.67935871743492 1.5233466933867737e-07 1.5233466933867737e-07 1.523346693386774e-08
0.3325250501001966 4.541082164328656e-06 8.696793587174346e-06 4.428857715430849 8.495551102204469e-07 8.495551102204469e-07 8.495551102204469e-08
0.30657314629258187 7.929859719438875e-06 5.325851703406812e-06 5.110220440881759 2.3701002004007982e-07 2.3701002004007982e-07 2.3701002004007983e-08
0.2895190380761493 8.108216432865729e-06 8.571943887775548e-06 9.118236472945934 7.648797595190432e-07 7.648797595190432e-07 7.648797595190431e-08
0.2687575150300575 1.9905811623246488e-06 6.199799599198395e-06 4.168336673346677 8.405470941883827e-07 8.405470941883827e-07 8.405470941883827e-08
0.29026052104208117 5.967935871743485e-06 1.616032064128256e-06 5.430861723446893 3.216853707414835e-07 3.216853707414835e-07 3.216853707414835e-08
0.19757515030059988 6.88577154308617e-07 6.342484969939878e-06 2.1442885771543088 1.95573146292585e-07 1.95573146292585e-07 1.9557314629258502e-08
0.291002004008013 7.0202404809619216e-06 6.6278557114228436e-06 0.2805611222444889 4.0996392785571287e-07 4.0996392785571287e-07 4.099639278557129e-08
0.09080160320641284 4.8086172344689366e-06 3.0607214428857706e-06 6.813627254509034 8.819839679358781e-07 8.819839679358781e-07 8.81983967935878e-08
0.2835871743486945 5.183166332665329e-06 7.858517034068134e-06 7.394789579158339 7.198396793587221e-07 7.198396793587221e-07 7.19839679358722e-08
0.20202404809619098 1.1166332665330658e-06 8.108216432865729e-06 8.77755511022048 6.045290581162323e-08 6.045290581162323e-08 6.045290581162323e-09
0.10340681362725453 6.7705410821643265e-06 5.432865731462924e-06 0.6412825651302608 7.973086172344744e-07 7.973086172344744e-07 7.973086172344744e-08
0.036673346693386774 7.002404809619236e-06 4.095190380761522e-06 9.719438877755561 7.828957915831716e-07 7.828957915831716e-07 7.828957915831716e-08
0.16865731462925773 8.64328657314629e-06 6.913226452905809e-06 0.8216432865731468 4.784168336673345e-08 4.784168336673345e-08 4.784168336673345e-09
0.13825651302605188 1.8835671342685364e-06 5.71823647294589e-06 7.935871743487003 1.5053306613226456e-07 1.5053306613226456e-07 1.5053306613226457e-08
0.20647294589178208 1.616032064128256e-06 2.6148296593186365e-06 2.104208416833668 6.351643286573184e-07 6.351643286573184e-07 6.351643286573184e-08
0.2657915831663301 5.682565130260519e-06 3.185571142284568e-06 6.533066132264541 4.603206412825652e-09 4.603206412825652e-09 4.603206412825652e-10
0.23983967935871534 3.1677354709418827e-06 3.381763527054107e-06 5.951903807615236 3.6492384769539176e-07 3.6492384769539176e-07 3.649238476953918e-08
0.18571142284569028 5.504208416833666e-06 2.632665330661322e-06 9.69939879759524 5.649018036072174e-07 5.649018036072174e-07 5.649018036072174e-08
0.14492985971943853 1.1701402805611219e-06 5.993987975951902e-07 4.829659318637266 7.378557114228505e-07 7.378557114228505e-07 7.378557114228505e-08
0.08264529058116234 8.357915831663324e-06 6.3781563126252485e-06 9.619238476953957 6.027354709418872e-07 6.027354709418872e-07 6.027354709418871e-08
0.09006012024048098 6.6813627254509e-06 2.596993987975951e-06 6.6733466933867875 2.7484368737474953e-07 2.7484368737474953e-07 2.7484368737474954e-08
0.26505010020039826 2.4543086172344682e-06 2.4186372745490975e-06 8.817635270541121 2.1899398797595164e-07 2.1899398797595164e-07 2.1899398797595165e-08
0.29174348697394487 5.700400801603205e-06 7.662324649298595e-06 5.410821643286572 6.405691382765569e-07 6.405691382765569e-07 6.40569138276557e-08
0.3784969939879713 3.2925851703406803e-06 2.1332665330661317e-06 0.9619238476953914 8.47753507014034e-07 8.47753507014034e-07 8.477535070140341e-08
0.26801603206412566 3.4887775551102193e-06 5.361523046092183e-06 0.12024048096192383 4.946392785571165e-07 4.946392785571165e-07 4.946392785571165e-08
0.20276553106212283 5.522044088176351e-06 3.318637274549097e-07 8.897795591182405 7.396573146292634e-07 7.396573146292634e-07 7.396573146292634e-08
0.18719438877755398 1.954909819639278e-06 6.556513026052102e-06 9.418837675350748 2.92859719438878e-07 2.92859719438878e-07 2.92859719438878e-08
0.2717234468937849 3.0250501002004e-06 7.4126252505009995e-06 7.955911823647324 8.1352304609219e-07 8.1352304609219e-07 8.1352304609219e-08
0.22501002004007833 1.3841683366733462e-06 7.697995991983965e-06 4.068136272545073 4.7482164328657527e-07 4.7482164328657527e-07 4.7482164328657526e-08
0.3117635270541048 3.381763527054107e-06 2.935871743486973e-06 6.312625250501012 3.901462925851716e-07 3.901462925851716e-07 3.9014629258517155e-08
0.3295591182364692 2.400801603206412e-06 7.769338677354707e-06 9.739478957915882 3.6132064128256607e-07 3.6132064128256607e-07 3.6132064128256607e-08
0.2568937875751479 2.3116232464929853e-06 5.611222444889778e-06 5.931863727454915 5.072505010020064e-07 5.072505010020064e-07 5.0725050100200645e-08
0.08486973947895793 6.467334669338675e-06 3.6849699398797583e-06 1.6032064128256525 7.018236472945936e-07 7.018236472945936e-07 7.018236472945936e-08
0.06781563126252506 4.594589178356712e-06 8.928657314629255e-06 1.6432865731462938 2.045811623246491e-07 2.045811623246491e-07 2.045811623246491e-08
0.31695390781562777 2.044088176352705e-06 5.896593186372744e-06 7.7154308617234735 2.730420841683367e-07 2.730420841683367e-07 2.730420841683367e-08
0.21907815631262353 2.204609218436873e-06 7.091583166332663e-06 3.987975951903789 5.198617234468963e-07 5.198617234468963e-07 5.198617234468963e-08
0.36885771543085727 7.091583166332663e-06 1.7052104208416828e-06 6.4929859719439 3.50511022044089e-07 3.50511022044089e-07 3.50511022044089e-08
0.3458717434869699 2.7575150300601194e-06 6.6813627254509e-06 3.3667334669338556 5.504889779559147e-07 5.504889779559147e-07 5.504889779559147e-08
0.19905811623246358 2.5791583166332658e-06 6.467334669338675e-06 0.8416833667334674 5.865210420841716e-07 5.865210420841716e-07 5.8652104208417156e-08
0.0381563126252505 6.003607214428856e-06 2.5791583166332658e-06 5.911823647294594 3.3609819639278624e-07 3.3609819639278624e-07 3.360981963927862e-08
0.0648496993987976 7.769338677354707e-06 1.9370741482965927e-06 2.4448897795591154 7.09030060120245e-07 7.09030060120245e-07 7.09030060120245e-08
0.07226452905811624 1.6517034068136267e-06 2.044088176352705e-06 3.0460921843687285 2.135891783567132e-07 2.135891783567132e-07 2.135891783567132e-08
0.2628256513026027 8.134268537074145e-07 4.388777555110219e-07 7.074148296593205 1.4692985971943892e-07 1.4692985971943892e-07 1.4692985971943892e-08
0.2524448897795568 9.204408817635267e-07 1.3128256513026048e-06 4.46893787575149 4.820280561122266e-07 4.820280561122266e-07 4.820280561122266e-08
0.30360721442885447 2.489979959919839e-06 3.2569138276553096e-06 2.705410821643281 2.604308617234468e-07 2.604308617234468e-07 2.6043086172344677e-08
0.17903807615230363 6.859719438877753e-06 8.312625250500999e-07 7.815631262525078 6.964188376753551e-07 6.964188376753551e-07 6.964188376753551e-08
0.25615230460921606 3.916833667334668e-06 8.197394789579156e-06 7.014028056112243 1.2170741482965947e-07 1.2170741482965947e-07 1.2170741482965946e-08
0.24873747494989754 9.739478957915829e-07 4.237875751503005e-06 6.3326653306613325 5.018456913827679e-07 5.018456913827679e-07 5.0184569138276786e-08
0.030741482965931863 3.613627254509017e-06 7.983366733466931e-06 1.7034068136272558 8.20721442885772e-08 8.20721442885772e-08 8.20721442885772e-09
0.17014028056112143 5.165330661322644e-06 6.859719438877753e-06 4.088176352705394 8.621663326653368e-07 8.621663326653368e-07 8.621663326653368e-08
0.36737474949899357 3.1498997995991974e-06 7.198597194388775e-06 3.9478957915831483 2.2619238476953905e-08 2.2619238476953905e-08 2.2619238476953904e-09
0.18274549098196288 6.172344689378755e-07 3.7384769539078144e-06 8.316633266533099 8.927935871743551e-07 8.927935871743551e-07 8.927935871743552e-08
0.07745490981963929 4.790781563126251e-06 1.4376753507014023e-06 6.753507014028071 2.622324649298596e-07 2.622324649298596e-07 2.6223246492985962e-08
0.04186372745490982 1.5090180360721438e-06 7.394789579158314e-06 7.5350701402805855 1.3071543086172356e-07 1.3071543086172356e-07 1.3071543086172355e-08
0.24577154308617014 9.561122244488975e-07 4.933466933867734e-06 7.134268537074168 1.0188977955911835e-07 1.0188977955911835e-07 1.0188977955911835e-08
0.3888777555110172 8.268737474949897e-06 2.3116232464929853e-06 7.615230460921869 7.955070140280615e-07 7.955070140280615e-07 7.955070140280616e-08
0.2643086172344664 3.98817635270541e-06 6.003607214428856e-06 6.372745490981974 2.496212424849697e-07 2.496212424849697e-07 2.496212424849697e-08
0.350320641282561 8.821643286573143e-06 5.522044088176351e-06 3.386773547094176 8.117214428857771e-07 8.117214428857771e-07 8.117214428857772e-08
0.20795591182364578 4.826452905811622e-06 4.059519038076151e-06 0.24048096192384763 8.801823647294652e-07 8.801823647294652e-07 8.801823647294652e-08
0.10044088176352707 5.771743486973946e-06 3.863326653306612e-06 6.633266533066146 2.2259719438877728e-07 2.2259719438877728e-07 2.225971943887773e-08
0.035190380761523046 5.48637274549098e-06 1.3567134268537072e-07 2.3647294589178336 4.063527054108215e-08 4.063527054108215e-08 4.0635270541082155e-09
0.27394789579158046 4.7551102204408805e-06 3.2034068136272535e-06 5.1503006012024 3.5231262525050184e-07 3.5231262525050184e-07 3.5231262525050184e-08
0.22871743486973758 6.663527054108214e-06 5.165330661322644e-06 1.162324649298598 3.5591583166332753e-07 3.5591583166332753e-07 3.5591583166332755e-08
0.27691382765530786 5.825250501002002e-06 3.3460921843687364e-06 9.398797595190427 3.252885771543092e-07 3.252885771543092e-07 3.252885771543092e-08
0.38072144288576687 1.2593186372745487e-06 5.236673346693385e-06 6.252505010020049 3.306933867735477e-07 3.306933867735477e-07 3.306933867735477e-08
0.20498997995991838 7.590981963927853e-06 3.916833667334668e-06 7.474949899799623 6.928156312625294e-07 6.928156312625294e-07 6.928156312625294e-08
0.08931863727454911 7.483967935871741e-06 1.5625250501001999e-06 8.857715430861763 8.279358717434927e-07 8.279358717434927e-07 8.279358717434927e-08
0.16643286573146218 8.286573146292582e-06 6.485170340681361e-06 7.17434869739481 6.729979959919881e-07 6.729979959919881e-07 6.729979959919881e-08
0.050020040080160325 4.184368737474949e-06 7.038076152304607e-06 4.248496993987961 6.657915831663367e-07 6.657915831663367e-07 6.657915831663367e-08
0.3236272545090144 2.8110220440881755e-06 5.771743486973946e-06 5.971943887775557 6.063386773547129e-07 6.063386773547129e-07 6.063386773547129e-08
0.16050100200400738 1.7230460921843681e-06 2.2581162324649292e-06 4.509018036072132 5.12655310621245e-07 5.12655310621245e-07 5.1265531062124497e-08
0.23909819639278349 6.199799599198395e-06 8.340080160320638e-06 0.9819639278557121 7.594749498998047e-07 7.594749498998047e-07 7.594749498998047e-08
0.39110220440881277 1.3663326653306609e-06 2.2937875751503e-06 4.028056112224431 1.541362725450902e-07 1.541362725450902e-07 1.541362725450902e-08
0.15086172344689333 2.686172344689378e-06 3.221242484969939e-06 3.747494989979944 4.712184368737496e-07 4.712184368737496e-07 4.7121843687374956e-08
0.39555110220440387 3.1402805611222435e-07 5.843086172344688e-06 8.537074148296629 4.928376753507037e-07 4.928376753507037e-07 4.9283767535070364e-08
0.04482965931863728 1.4555110220440877e-06 7.18076152304609e-06 0.5010020040080162 6.693947895791624e-07 6.693947895791624e-07 6.693947895791625e-08
0.37182364729458467 6.3781563126252485e-06 5.575551102204407e-06 7.274549098196414 5.667034068136303e-07 5.667034068136303e-07 5.667034068136303e-08
0.0752304609218437 6.350701402805609e-07 5.3971943887775535e-06 0.7414829659318641 7.144348697394835e-07 7.144348697394835e-07 7.144348697394836e-08
0.33474949899799217 8.625450901803604e-06 4.826452905811622e-06 9.819639278557165 6.946092184368739e-08 6.946092184368739e-08 6.9460921843687384e-09
0.27098196392785306 1.0987975951903804e-06 5.825250501002002e-06 3.486973947895778 6.099418837675386e-07 6.099418837675386e-07 6.099418837675385e-08
0.3592184368737432 8.661122244488975e-06 8.857314629258514e-06 5.1302605210420795 8.297374749499056e-07 8.297374749499056e-07 8.297374749499056e-08
0.22352705410821463 4.92384769539078e-07 4.737274549098195e-06 5.531062124248497 7.684829659318689e-07 7.684829659318689e-07 7.684829659318689e-08
0.23761523046091979 7.64448897795591e-06 4.469739478957915e-06 0.20040080160320636 2.982645290581165e-07 2.982645290581165e-07 2.982645290581165e-08
0.19831663326653173 3.5066132264529046e-06 5.504208416833666e-06 9.218436873747539 7.576733466933918e-07 7.576733466933918e-07 7.576733466933919e-08
0.15901803607214368 4.897795591182363e-06 3.6753507014028044e-07 4.408817635270528 2.6222444889779554e-08 2.6222444889779554e-08 2.6222444889779553e-09
0.19979959919839543 2.8645290581162316e-06 1.277154308617234e-06 3.9679358717434687 1.7035070140280555e-07 1.7035070140280555e-07 1.7035070140280557e-08
0.23464929859719239 4.2104208416833653e-07 6.128456913827653e-06 5.571142284569139 3.9374949899799727e-07 3.9374949899799727e-07 3.9374949899799725e-08
0.33623246492985587 4.309218436873746e-06 6.235470941883766e-06 7.494989979959944 3.0727254509018073e-07 3.0727254509018073e-07 3.072725450901807e-08
0.09525050100200402 4.5589178356713415e-06 5.254509018036071e-06 7.334669338677377 3.4510621242485047e-07 3.4510621242485047e-07 3.4510621242485044e-08
0.13084168336673338 3.185571142284568e-06 4.344889779559117e-06 7.85571142284572 3.70320641282565e-08 3.70320641282565e-08 3.7032064128256502e-09
0.3532865731462884 4.701603206412824e-06 6.7705410821643265e-06 0.5410821643286575 8.603647294589239e-07 8.603647294589239e-07 8.60364729458924e-08
0.11527054108216435 1.5446893787575145e-06 9.204408817635267e-07 5.511022044088176 1.1450100200400817e-07 1.1450100200400817e-07 1.1450100200400817e-08
0.3695991983967891 8.607615230460919e-06 5.3436873747494974e-06 0.04008016032064128 8.387454909819698e-07 8.387454909819698e-07 8.387454909819699e-08
0.19535070140280433 4.006012024048095e-06 9.026052104208413e-07 0.18036072144288573 2.8016032064128258e-09 2.8016032064128258e-09 2.801603206412826e-10
0.09302605210420843 7.573146292585168e-06 3.774148296593185e-06 1.5631262525050111 5.612985971943918e-07 5.612985971943918e-07 5.612985971943918e-08
0.32140280561121887 2.79318637274549e-06 3.809819639278556e-06 7.555110220440906 7.126252505010022e-08 7.126252505010022e-08 7.126252505010022e-09
0.23539078156312424 1.8478957915831657e-06 4.2104208416833653e-07 1.683366733466935 7.252444889779606e-07 7.252444889779606e-07 7.252444889779606e-08
0.04112224448897796 8.340080160320638e-06 8.215230460921841e-06 4.869739478957908 1.2350901803607228e-07 1.2350901803607228e-07 1.2350901803607228e-08
0.38368737474949427 3.631462925851702e-06 7.1629258517034045e-06 2.8056112224448833 7.270460921843735e-07 7.270460921843735e-07 7.270460921843734e-08
0.24651302605210199 8.714629258517031e-06 4.184368737474949e-06 7.434869739478981 8.333406813627313e-07 8.333406813627313e-07 8.333406813627313e-08
0.35254509018035657 8.589779559118233e-06 4.041683366733466e-06 6.432865731462937 6.387675350701441e-07 6.387675350701441e-07 6.38767535070144e-08
0.06114228456913828 1.7765531062124242e-06 1.6873747494989974e-06 3.787575150300585 6.315611222444927e-07 6.315611222444927e-07 6.315611222444927e-08
0.26060120240480716 6.645691382765529e-06 1e-07 8.376753507014062 4.838296593186394e-07 4.838296593186394e-07 4.838296593186394e-08
0.09673346693386775 7.394789579158314e-06 7.537474949899797e-06 1.8436873747495004 6.243547094188413e-07 6.243547094188413e-07 6.243547094188413e-08
0.20128256513025913 5.664729458917834e-06 6.146292585170339e-06 7.354709418837698 6.585851703406854e-07 6.585851703406854e-07 6.585851703406854e-08
0.19090180360721323 2.6148296593186365e-06 3.496993987975951e-07 5.230460921843684 5.414809619238505e-07 5.414809619238505e-07 5.4148096192385045e-08
0.39999999999999497 1.0452905811623243e-06 1.0631262525050097e-06 4.609218436873737 1.3251703406813637e-07 1.3251703406813637e-07 1.3251703406813637e-08
0.11749498997995994 5.896593186372744e-06 7.94769539078156e-06 0.06012024048096192 2.1178757515030037e-07 2.1178757515030037e-07 2.1178757515030038e-08
0.10414829659318639 6.039278557114227e-06 2.436472945891783e-06 9.91983967935877 4.2617835671342847e-07 4.2617835671342847e-07 4.2617835671342844e-08
0.3577354709418795 5.932264529058114e-06 4.0320641282565117e-07 1.9438877755511037 4.89234468937878e-07 4.89234468937878e-07 4.89234468937878e-08
0.3829458917835624 8.322244488977953e-06 4.745490981963926e-07 6.793587174348713 3.883366733466933e-08 3.883366733466933e-08 3.883366733466933e-09
0.17458917835671253 8.072545090180358e-06 3.6492985971943875e-06 9.579158316633315 2.9825651302605204e-08 2.9825651302605204e-08 2.9825651302605205e-09
0.06410821643286574 1.3484969939879755e-06 8.64328657314629e-06 7.895791583166361 1.0549298597194401e-07 1.0549298597194401e-07 1.0549298597194402e-08
0.23316633266532868 8.803807615230458e-06 3.0250501002004e-06 2.5851703406813584 3.144789579158321e-07 3.144789579158321e-07 3.1447895791583214e-08
0.22130260521041908 2.9180360721442877e-06 4.541082164328656e-06 5.551102204408818 9.288176352705419e-08 9.288176352705419e-08 9.28817635270542e-09
0.13306613226452893 7.430460921843685e-06 8.490981963927852e-07 2.0841683366733474 1.9016833667334655e-07 1.9016833667334655e-07 1.9016833667334657e-08
0.2806212424849671 4.291382765531061e-06 4.5589178356713415e-06 8.55711422845695 3.9735270541082296e-07 3.9735270541082296e-07 3.9735270541082296e-08
0.07448897795591183 1.865731462925851e-06 4.71943887775551e-06 1.1222444889779566 3.0006613226452935e-07 3.0006613226452935e-07 3.000661322645293e-08
0.28581162324649007 1.1344689378757512e-06 1.2414829659318633e-06 4.589178356713416 5.901242484969973e-07 5.901242484969973e-07 5.901242484969973e-08
0.29470941883767227 6.021442885771541e-06 2.3651302605210414e-06 1.0020040080160326 8.027134268537129e-07 8.027134268537129e-07 8.02713426853713e-08
0.05817635270541083 3.863326653306612e-06 2.6052104208416826e-07 6.092184368737482 1.8296192384769528e-07 1.8296192384769528e-07 1.829619238476953e-08
0.3028657314629226 4.683767535070139e-06 4.077354709418837e-06 7.3747494989980185 7.612765531062175e-07 7.612765531062175e-07 7.612765531062175e-08
0.14863727454909778 5.290180360721441e-06 5.415030060120239e-06 9.93987975951909 6.153466933867771e-07 6.153466933867771e-07 6.153466933867771e-08
0.28284569138276267 7.599198396793584e-07 1.0452905811623243e-06 2.20440881763527 5.685050100200431e-07 5.685050100200431e-07 5.685050100200431e-08
0.3369739478957877 3.6849699398797583e-06 3.2925851703406803e-06 5.450901803607214 3.415030060120248e-07 3.415030060120248e-07 3.415030060120248e-08
0.3147294589178322 1.419839679358717e-06 8.821643286573143e-06 4.2685370741482815 5.86513026052104e-08 5.86513026052104e-08 5.86513026052104e-09
0.19312625250500878 8.500601202404807e-06 2.4543086172344682e-06 7.114228456913847 2.0638276553106191e-07 2.0638276553106191e-07 2.0638276553106193e-08
0.3933266533066083 6.253306613226451e-06 4.523246492985971e-06 3.066132264529049 5.631002004008046e-07 5.631002004008046e-07 5.631002004008046e-08
0.21240480961923688 5.076152304609217e-06 8.054709418837673e-06 5.490981963927855 2.0277955911823628e-07 2.0277955911823628e-07 2.027795591182363e-08
0.0730060120240481 3.1142284569138266e-06 4.862124248496993e-06 1.743486973947897 5.162585170340706e-07 5.162585170340706e-07 5.162585170340707e-08
0.37330661322644837 8.785971943887772e-06 1.5803607214428852e-06 2.525050100200397 2.4241482965931833e-07 2.4241482965931833e-07 2.4241482965931832e-08
0.35699398797594767 1.7134268537074145e-07 6.71703406813627e-06 4.929859719438871 9.648496993987986e-08 9.648496993987986e-08 9.648496993987986e-09
0.18941883767534953 5.815631262525048e-07 6.9667334669338655e-06 3.246492985971933 4.027575150300615e-07 4.027575150300615e-07 4.027575150300615e-08
0.25022044088176126 2.3829659318637268e-06 7.965531062124246e-06 8.99799599198401 1.8836673346693373e-07 1.8836673346693373e-07 1.8836673346693375e-08
0.21833667334669168 1.3306613226452901e-06 1.4555110220440877e-06 8.456913827655345 2.946613226452908e-07 2.946613226452908e-07 2.946613226452908e-08
0.3043486973947863 6.074949899799597e-06 5.878757515030058e-06 0.3006012024048096 7.000220440881808e-07 7.000220440881808e-07 7.000220440881808e-08
0.11378757515030062 5.3971943887775535e-06 8.072545090180358e-06 9.45891783567139 1.4873146292585174e-07 1.4873146292585174e-07 1.4873146292585173e-08
0.08857715430861725 5.736072144288575e-06 5.914428857715429e-06 2.064128256513027 7.756893787575203e-07 7.756893787575203e-07 7.756893787575203e-08
0.3562525050100158 5.860921843687373e-06 2.0619238476953902e-06 0.4408817635270542 2.35208416833667e-07 2.35208416833667e-07 2.3520841683366702e-08
0.2598597194388753 2.0797595190380756e-06 5.468537074148295e-06 0.1002004008016032 3.991543086172358e-07 3.991543086172358e-07 3.991543086172358e-08
0.3176953907815596 2.6683366733466926e-06 1.7408817635270535e-06 6.773547094188392 5.14448897795591e-08 5.14448897795591e-08 5.14448897795591e-09
0.19238476953907693 4.630260521042083e-06 4.327054108216432e-06 9.799599198396844 7.036252505010065e-07 7.036252505010065e-07 7.036252505010065e-08
0.17829659318637178 5.2188376753507e-06 1.2949899799599194e-06 4.569138276553095 7.126332665330707e-07 7.126332665330707e-07 7.126332665330707e-08
0.046312625250501005 2.2224448897795585e-06 4.701603206412824e-06 3.6472945891783417 6.711963927855753e-07 6.711963927855753e-07 6.711963927855753e-08
0.2984168336673315 7.751503006012021e-06 1.4911823647294584e-06 8.757515030060159 2.3160521042084137e-07 2.3160521042084137e-07 2.3160521042084138e-08
0.36440881763526617 1.9370741482965927e-06 3.435270541082163e-06 5.791583166332669 5.721082164328688e-07 5.721082164328688e-07 5.721082164328688e-08
0.12268537074148299 3.881162324649298e-06 7.777555110220438e-07 4.989979959919833 3.054709418837679e-07 3.054709418837679e-07 3.054709418837679e-08
0.23390781563126053 8.126052104208414e-06 7.501803607214426e-06 4.188376753506998 4.117655310621257e-07 4.117655310621257e-07 4.117655310621257e-08
0.03593186372745491 7.341282565130258e-06 7.145090180360719e-06 3.426853707414817 3.108757515030064e-07 3.108757515030064e-07 3.1087575150300643e-08
0.17533066132264438 7.234268537074146e-06 2.4721442885771536e-06 0.5611222444889782 5.594969939879789e-07 5.594969939879789e-07 5.594969939879789e-08
0.39851703406813127 2.097595190380761e-06 7.573146292585168e-06 1.7234468937875764 3.919478957915844e-07 3.919478957915844e-07 3.9194789579158444e-08
0.059659318637274555 2.151102204408817e-06 8.768136272545087e-06 0.1603206412825651 8.387374749499004e-08 8.387374749499004e-08 8.387374749499004e-09
0.27987975951903526 8.67895791583166e-06 2.0262525050100195e-06 0.0 4.766232464929881e-07 4.766232464929881e-07 4.7662324649298814e-08
0.20943887775550948 1.027454909819639e-06 1.9905811623246488e-06 0.02004008016032064 7.234428857715478e-07 7.234428857715478e-07 7.234428857715478e-08
0.19164328657314508 6.342484969939878e-06 2.2759519038076146e-06 4.328657314629244 3.8113827655310736e-07 3.8113827655310736e-07 3.811382765531073e-08
0.38665330661322167 1.3128256513026048e-06 5.629058116232463e-06 9.198396793587218 4.1717034068136425e-07 4.1717034068136425e-07 4.171703406813642e-08
0.13232464929859708 5.093987975951902e-06 6.431663326653305e-06 9.358717434869785 8.549599198396854e-07 8.549599198396854e-07 8.549599198396854e-08
0.03 8.019038076152302e-06 7.341282565130258e-06 3.1262525050100103 7.43260521042089e-07 7.43260521042089e-07 7.43260521042089e-08
0.15308617234468888 1.1879759519038072e-06 7.590981963927853e-06 9.839679358717486 6.27957915831667e-07 6.27957915831667e-07 6.27957915831667e-08
0.11675350701402808 3.577955911823646e-06 6.253306613226451e-06 1.3226452905811632 1.937715430861722e-07 1.937715430861722e-07 1.937715430861722e-08
0.18496993987975843 3.274749498997995e-06 2.9180360721442877e-06 5.010020040080154 4.856312625250523e-07 4.856312625250523e-07 4.856312625250523e-08
0.28432865731462637 8.215230460921841e-06 2.7040080160320633e-06 0.6012024048096195 5.793146292585202e-07 5.793146292585202e-07 5.793146292585202e-08
0.12935871743486968 8.928657314629255e-06 3.613627254509017e-06 5.4709418837675345 8.513567134268597e-07 8.513567134268597e-07 8.513567134268597e-08
0.18052104208416733 6.306813627254507e-06 9.382765531062121e-07 9.098196392785614 6.189498997996028e-07 6.189498997996028e-07 6.189498997996028e-08
0.05891783567134269 6.413827655310619e-06 2.204609218436873e-06 0.08016032064128256 9.000000000000065e-07 9.000000000000065e-07 9.000000000000065e-08
0.2939679358717404 5.45070140280561e-06 2.0701402805611217e-07 3.7675350701402643 4.477975951903826e-07 4.477975951903826e-07 4.477975951903826e-08
0.3399398797595151 5.629058116232463e-06 4.844288577154307e-06 2.3246492985971927 7.522685370741533e-07 7.522685370741533e-07 7.522685370741533e-08
0.34513026052103807 8.536272545090177e-06 8.732464929859716e-06 4.4488977955911695 4.225751503006028e-07 4.225751503006028e-07 4.225751503006028e-08
0.13158316633266523 2.0262525050100195e-06 2.8645290581162316e-06 5.350701402805609 1e-09 1e-09 1e-10
0.34809619238476547 2.9002004008016023e-06 9.561122244488975e-07 1.5430861723446905 8.855871743487038e-07 8.855871743487038e-07 8.855871743487038e-08
0.2509619238476931 5.022645290581161e-06 3.042885771543085e-06 4.208416833667319 3.631222444889789e-07 3.631222444889789e-07 3.631222444889789e-08
0.2554108216432842 3.0072144288577145e-06 2.5256513026052097e-06 8.496993987975987 4.910360721442908e-07 4.910360721442908e-07 4.910360721442908e-08
0.12342685370741485 1.669539078156312e-06 8.669338677354706e-07 4.048096192384752 2.15390781563126e-07 2.15390781563126e-07 2.1539078156312602e-08
0.06040080160320642 2.882364729458917e-06 3.7028056112224436e-06 2.0040080160320657 4.982424849699422e-07 4.982424849699422e-07 4.982424849699422e-08
0.25466933867735236 4.1665330661322635e-06 2.9537074148296584e-06 4.368737474949886 8.045150300601258e-07 8.045150300601258e-07 8.045150300601258e-08
0.33771543086171957 7.1629258517034045e-06 7.430460921843685e-06 8.11623246492989 1.343186372745492e-07 1.343186372745492e-07 1.3431863727454919e-08
0.3666332665330617 4.915631262525049e-06 4.2200400801603196e-06 4.90981963927855 4.5860721442885967e-07 4.5860721442885967e-07 4.586072144288597e-08
0.3429058116232425 2.4186372745490975e-06 2.2484969939879754e-07 1.4629258517034078 6.802044088176395e-07 6.802044088176395e-07 6.802044088176395e-08
