fates_allom_d2bl1,fates_maintresp_leaf_ryan1991_baserate,fates_maintresp_nonleaf_baserate,fates_cnp_store_ovrflw_frac,fates_cnp_vmax_nh4,fates_cnp_vmax_no3,fates_cnp_vmax_p
0.18517034068136234,6.781809619238492e-05,4.581653306613249e-05,4.90981963927855,3.1563096058403076e-09,3.1563096058403076e-09,3.156309605840308e-10
0.45889779559118,2.4716673346693448e-05,2.5618376753507082e-05,3.386773547094176,3.597386788179242e-10,3.597386788179242e-10,3.597386788179242e-11
0.802364729458913,3.8602905811623416e-05,4.761993987975976e-05,2.0440881763527066,7.070238572888788e-08,7.070238572888788e-08,7.070238572888788e-09
0.14158316633266527,2.7241442885771624e-05,8.621284569138237e-05,5.851703406813631,3.1764506247026196e-08,3.1764506247026196e-08,3.1764506247026194e-09
0.8721042084168283,3.8061883767535235e-05,7.629410821643276e-05,8.77755511022048,4.4191852835845255e-10,4.4191852835845255e-10,4.419185283584525e-11
0.6925250501001964,8.801625250500957e-05,7.944989979959916e-06,7.515030060120265,1.6578499612501935e-06,1.6578499612501935e-06,1.6578499612501935e-07
0.5007414829659292,8.531114228456877e-05,8.3868416833667e-05,3.787575150300585,3.249903388467101e-08,3.249903388467101e-08,3.249903388467101e-09
0.45192384769538846,6.421128256513051e-05,4.18490380761525e-05,6.873747494989996,9.836354454798719e-10,9.836354454798719e-10,9.836354454798719e-11
0.0840480961923848,6.367026052104235e-05,5.39318637274552e-05,0.5210420841683369,1.2284431849546003e-10,1.2284431849546003e-10,1.2284431849546003e-11
0.10845691382765536,7.106422845691388e-05,3.1569619238477067e-05,1.1823647294589186,3.380372983948503e-09,3.380372983948503e-09,3.380372983948503e-10
0.09799599198396798,3.048757515030071e-05,3.71601803607216e-05,0.32064128256513025,4.5502270122077455e-09,4.5502270122077455e-09,4.5502270122077453e-10
0.5408416833667306,5.7899358717435194e-05,9.027034068136267e-06,1.803607214428859,9.149731276311929e-07,9.149731276311929e-07,9.14973127631193e-08
0.22352705410821577,2.2732925851703452e-05,5.826004008016065e-05,2.3647294589178336,8.597770058661916e-06,8.597770058661916e-06,8.597770058661916e-07
0.7047294589178316,4.157835671342686e-06,5.771901803607247e-05,6.633266533066146,5.661260816510151e-07,5.661260816510151e-07,5.661260816510152e-08
0.7343687374749456,6.565400801603227e-05,8.675386773547053e-05,4.348697394789565,1.0025861619226328e-06,1.0025861619226328e-06,1.0025861619226328e-07
0.043947895791583175,4.257040080160341e-05,3.193030060120252e-05,1.162324649298598,3.4806108990350904e-08,3.4806108990350904e-08,3.4806108990350904e-09
0.3647494989979943,5.1948116232465206e-05,3.4364729458917847e-06,5.230460921843684,6.8407293640032075e-06,6.8407293640032075e-06,6.840729364003207e-07
0.7395991983967892,7.358899799599196e-05,4.9062665330661576e-05,6.132264529058124,9.962290327919802e-08,9.962290327919802e-08,9.962290327919802e-09
0.32987975951903664,8.729488977955869e-05,8.873761523046045e-05,6.452905811623258,2.851431299180209e-07,2.851431299180209e-07,2.851431299180209e-08
0.7936472945891736,1.4617595190380748e-05,1.876543086172346e-05,3.4669338677354578,2.1399212336501777e-09,2.1399212336501777e-09,2.1399212336501776e-10
0.14332665330661315,5.248913827655339e-05,5.212845691382793e-05,6.553106212424862,8.999999999996206e-06,8.999999999996206e-06,8.999999999996206e-07
0.6262725450901768,3.734052104208433e-05,9.387715430861717e-06,3.486973947895778,3.852761810524898e-10,3.852761810524898e-10,3.852761810524898e-11
0.190400801603206,8.513080160320605e-05,6.835911823647308e-05,9.579158316633315,4.402520680793966e-07,4.402520680793966e-07,4.402520680793966e-08
0.6750901803607176,6.258821643286603e-05,8.801625250500957e-05,3.9679358717434687,1.4090458511712325e-10,1.4090458511712325e-10,1.4090458511712325e-11
0.6593987975951866,3.373370741482979e-05,5.4292545090180656e-05,0.20040080160320636,1.1168655689768682e-07,1.1168655689768682e-07,1.1168655689768682e-08
0.4187975951903787,6.312923847695419e-05,2.2732925851703452e-05,8.717434869739517,6.452391371260465e-08,6.452391371260465e-08,6.452391371260465e-09
0.638476953907812,3.7520861723447054e-05,6.294889779559147e-05,9.519038076152352,8.161436965110303e-07,8.161436965110303e-07,8.161436965110304e-08
0.8163126252504961,6.926082164328668e-05,7.827785571142268e-05,7.134268537074168,1.8165969901177153e-06,1.8165969901177153e-06,1.8165969901177153e-07
0.6123246492985938,7.223627254509015e-06,8.729488977955869e-05,1.3827655310621252,3.7040597953057886e-09,3.7040597953057886e-09,3.704059795305789e-10
0.8232865731462876,9.928737474949893e-06,6.85394589178358e-05,8.697394789579196,3.643444506839694e-08,3.643444506839694e-08,3.6434445068396936e-09
0.35080160320641124,3.138927855711434e-05,2.814314629258526e-05,7.354709418837698,6.203353499968312e-07,6.203353499968312e-07,6.203353499968312e-08
0.11194388777555116,6.321923847695389e-06,6.096515030060155e-05,4.809619238476945,1.811911094637567e-10,1.811911094637567e-10,1.811911094637567e-11
0.727394789579154,8.765557114228413e-05,5.357118236472975e-05,0.3006012024048096,1.4126898718987808e-06,1.4126898718987808e-06,1.4126898718987808e-07
0.7221643286573104,5.068573146292612e-05,8.747523046092141e-05,4.048096192384752,1.724405482432989e-07,1.724405482432989e-07,1.724405482432989e-08
0.05789579158316635,4.338176352705412e-06,3.977494989979961e-06,3.987975951903789,2.2918321804121607e-09,2.2918321804121607e-09,2.2918321804121607e-10
0.8912825651302551,8.368807615230429e-05,5.0866072144288845e-05,2.424849699398795,3.7754221960716797e-06,3.7754221960716797e-06,3.7754221960716797e-07
0.21829659318637212,2.579871743486981e-05,2.525769539078163e-05,4.669338677354699,1.3633063764347168e-08,1.3633063764347168e-08,1.3633063764347169e-09
0.3368537074148282,7.196593186372748e-05,5.411220440881793e-05,3.527054108216419,2.1673188686386775e-07,2.1673188686386775e-07,2.1673188686386775e-08
0.5774549098196361,3.030723446893798e-05,4.157835671342686e-06,5.270541082164326,9.89912212506906e-09,9.89912212506906e-09,9.899122125069062e-10
0.31767535070140146,6.240787575150331e-05,4.491482965931886e-05,9.038076152304651,4.904340346826786e-08,4.904340346826786e-08,4.904340346826786e-09
0.42402805611222233,8.278637274549069e-05,3.0126893787575255e-05,0.18036072144288573,2.3748499716013735e-07,2.3748499716013735e-07,2.3748499716013734e-08
0.8581563126252453,8.170432865731437e-05,1.5699639278557103e-05,1.4028056112224458,3.0152471361080205e-09,3.0152471361080205e-09,3.0152471361080204e-10
0.4571543086172321,2.5618376753507082e-05,7.990092184368716e-05,8.416833667334704,2.104902375953338e-08,2.104902375953338e-08,2.104902375953338e-09
0.09625250501002008,8.098296593186348e-05,5.465322645290611e-05,6.3326653306613325,2.38383935162554e-10,2.38383935162554e-10,2.3838393516255397e-11
0.39961923847695197,3.950460921843705e-05,6.691639278557132e-05,1.5030060120240492,1.0257701283071679e-06,1.0257701283071679e-06,1.0257701283071679e-07
0.07184368737474953,7.449070140280556e-05,4.527551102204431e-05,1.7034068136272558,3.5385171559541083e-09,3.5385171559541083e-09,3.538517155954108e-10
0.3734669338677337,7.557274549098188e-05,6.150617234468971e-05,5.3106212424849675,7.115355125521681e-07,7.115355125521681e-07,7.115355125521681e-08
0.2740881763527044,2.345428857715436e-05,7.593342685370732e-05,5.931863727454915,1.123992503055137e-06,1.123992503055137e-06,1.123992503055137e-07
0.09450901803607219,7.39496793587174e-05,3.878324649298614e-05,0.8016032064128261,7.1422884610987e-10,7.1422884610987e-10,7.1422884610987e-11
0.2305010020040073,7.21462725450902e-05,1.1010781563126244e-05,7.8757515030060405,1.512975364909728e-06,1.512975364909728e-06,1.512975364909728e-07
0.5112024048096165,7.413002004008012e-05,5.3210501002004294e-05,0.8817635270541088,6.559738570739111e-09,6.559738570739111e-09,6.559738570739111e-10
0.7901603206412778,4.725925851703431e-05,5.970276553106246e-05,5.490981963927855,1.5283934734759824e-08,1.5283934734759824e-08,1.5283934734759824e-09
0.22875751503005942,8.440943887775517e-05,1.2633847695390771e-05,9.839679358717486,2.126352568802807e-10,2.126352568802807e-10,2.126352568802807e-11
0.34905811623246336,8.20650100200398e-05,7.584308617234465e-06,1.9639278557114244,1.1470175165026506e-10,1.1470175165026506e-10,1.1470175165026506e-11
0.4275150300601181,6.0063446893787916e-05,3.1028597194388886e-05,5.390781563126251,2.2258298359511498e-10,2.2258298359511498e-10,2.22582983595115e-11
0.23573146292585095,5.4833567134268836e-05,7.142490981963932e-05,5.551102204408818,3.86272567641626e-06,3.86272567641626e-06,3.86272567641626e-07
0.46238476953907576,5.86207214428861e-05,5.6636973947896105e-05,0.48096192384769554,1.6918110575635466e-10,1.6918110575635466e-10,1.6918110575635466e-11
0.8459519038076101,3.5176432865731605e-05,3.968494989979978e-05,5.711422845691385,4.4757645741875136e-08,4.4757645741875136e-08,4.475764574187514e-09
0.061382765531062145,5.573527054108247e-05,5.4833567134268836e-05,6.833667334669355,2.8988700155972077e-08,2.8988700155972077e-08,2.8988700155972076e-09
0.7570340681362681,5.753867735470974e-05,3.7520861723447054e-05,0.9619238476953914,8.350163368321142e-07,8.350163368321142e-07,8.350163368321142e-08
0.6454509018036035,1.3535551102204397e-05,6.926082164328668e-05,0.7414829659318641,5.017749115127665e-08,5.017749115127665e-08,5.017749115127665e-09
0.11543086172344695,2.0929519038076183e-05,5.780901803607213e-06,5.971943887775557,7.524135044315824e-09,7.524135044315824e-09,7.524135044315825e-10
0.16076152304609198,9.117034068136272e-07,9.568056112224443e-06,7.17434869739481,1.2568499060793791e-10,1.2568499060793791e-10,1.2568499060793792e-11
0.6506813627254472,2.1831222444889817e-05,5.916174348697428e-05,7.555110220440906,2.1535764827585305e-08,2.1535764827585305e-08,2.1535764827585307e-09
0.20609218436873694,4.202937875751523e-05,2.7962805611222532e-05,3.6873747494989826,3.7514832596144537e-07,3.7514832596144537e-07,3.7514832596144536e-08
0.10322645290581167,2.2011563126252544e-05,1.3174869739478947e-05,5.81162324649299,8.007170844585868e-10,8.007170844585868e-10,8.007170844585868e-11
0.2601402805611213,8.224535070140253e-05,8.927863727454861e-05,5.350701402805609,1.0296529156878686e-09,1.0296529156878686e-09,1.0296529156878686e-10
0.5251503006011996,7.376933867735468e-05,5.519424849699429e-05,8.376753507014062,1.0847010210530333e-08,1.0847010210530333e-08,1.0847010210530334e-09
0.8686172344689326,4.689857715430885e-05,6.132583166332699e-05,2.0841683366733474,2.6022531659854646e-07,2.6022531659854646e-07,2.6022531659854647e-08
0.5513026052104179,2.8503827655310713e-05,6.0063446893787916e-05,2.885771543086165,1.9980794952461943e-09,1.9980794952461943e-09,1.9980794952461943e-10
0.7587775551102159,2.110985971943891e-05,1.8404749498998006e-05,9.719438877755561,2.935984551084556e-06,2.935984551084556e-06,2.9359845510845557e-07
0.0875350701402806,2.056883767535073e-05,8.819659318637229e-05,0.6212424849699402,2.6794175597149314e-06,2.6794175597149314e-06,2.679417559714931e-07
0.0857915831663327,3.553711422845706e-05,7.719581162324636e-05,8.176352705410853,1.1097838248702528e-08,1.1097838248702528e-08,1.1097838248702528e-09
0.5844288577154276,4.599687374749522e-05,1.9126112224448914e-05,1.743486973947897,4.985932917895367e-09,4.985932917895367e-09,4.985932917895367e-10
0.20434869739478906,1.9667134268537095e-05,8.11633066132262e-05,7.494989979959944,1.8775445464206673e-08,1.8775445464206673e-08,1.8775445464206674e-09
0.2322444889779552,5.771901803607247e-05,7.21462725450902e-05,1.5430861723446905,2.880489060700734e-09,2.880489060700734e-09,2.880489060700734e-10
0.1677354709418835,4.780028056112249e-05,2.5347695390781566e-06,7.775551102204436,1.620380028453788e-06,1.620380028453788e-06,1.620380028453788e-07
0.04569138276553107,7.584308617234465e-06,8.224535070140253e-05,8.837675350701442,1.0467830540465593e-10,1.0467830540465593e-10,1.0467830540465593e-11
0.354288577154307,1.272384769539078e-06,4.780028056112249e-05,8.877755511022084,1.0534627781133267e-09,1.0534627781133267e-09,1.0534627781133268e-10
0.4780761523046067,7.322831663326652e-05,6.421128256513051e-05,5.330661322645288,1.0362233290459696e-08,1.0362233290459696e-08,1.0362233290459697e-09
0.24444889779559037,2.9044849699398893e-05,8.639318637274509e-05,2.525050100200397,3.3676257082751576e-06,3.3676257082751576e-06,3.367625708275158e-07
0.6437074148296557,1.0469759519038069e-05,4.879198396793587e-06,0.5010020040080162,1.846819366326798e-07,1.846819366326798e-07,1.846819366326798e-08
0.20783567134268482,6.141583166332664e-06,5.0325050100200664e-05,4.989979959919833,4.824083001835878e-07,4.824083001835878e-07,4.824083001835878e-08
0.7692384769539032,2.165088176352709e-05,8.783591182364685e-05,9.45891783567139,1.5796716864117503e-10,1.5796716864117503e-10,1.5796716864117504e-11
0.7657515030060075,6.980184368737484e-05,2.7782464929859805e-05,5.010020040080154,7.279891761183791e-07,7.279891761183791e-07,7.279891761183791e-08
0.713446893787571,7.521206412825644e-05,3.661915831663342e-05,9.218436873747539,3.283021814870707e-10,3.283021814870707e-10,3.283021814870707e-11
0.13983967935871738,7.773683366733452e-05,5.9612424849699384e-06,0.6813627254509022,1.7309327731598611e-10,1.7309327731598611e-10,1.7309327731598612e-11
0.1799398797595187,1.9034068136272548e-07,7.196593186372748e-05,1.8236472945891797,2.2773002891194118e-10,2.2773002891194118e-10,2.2773002891194117e-11
0.7640080160320596,1.8585090180360733e-05,5.303016032064157e-05,9.398797595190427,5.755446128467109e-08,5.755446128467109e-08,5.755446128467109e-09
0.1991182364729454,3.824222444889796e-05,3.048757515030071e-05,6.933867735470959,5.625364284701012e-08,5.625364284701012e-08,5.625364284701012e-09
0.8285170340681313,6.294889779559147e-05,3.607813627254524e-05,4.729458917835662,6.954537268292439e-07,6.954537268292439e-07,6.95453726829244e-08
0.04220440881763528,1.4437254509018023e-05,3.030723446893798e-05,6.813627254509034,5.589695363142939e-09,5.589695363142939e-09,5.589695363142939e-10
0.6036072144288543,8.666352705410816e-06,7.954024048096172e-05,5.250501002004005,2.3597916868286672e-08,2.3597916868286672e-08,2.3597916868286673e-09
0.8006212424849651,1.3715891783567122e-05,7.12445691382766e-05,3.026052104208408,1.2006784989695448e-10,1.2006784989695448e-10,1.2006784989695449e-11
0.49376753507013765,1.6330661322645289e-06,3.4635410821643424e-05,0.3406813627254509,1.7530940861852815e-08,1.7530940861852815e-08,1.7530940861852815e-09
0.18342685370741446,4.635755511022067e-05,1.533895791583165e-05,6.753507014028071,6.346800860880272e-07,6.346800860880272e-07,6.346800860880272e-08
0.19737474949899753,8.495046092184333e-05,6.114549098196427e-05,3.5470941883767395,6.823083764576323e-10,6.823083764576323e-10,6.823083764576324e-11
0.7117034068136231,3.24713226452907e-05,8.044194388777532e-05,8.537074148296629,6.226834689391767e-10,6.226834689391767e-10,6.226834689391767e-11
0.2618837675350692,1.4978276553106199e-05,7.76464929859719e-06,8.236472945891816,2.445271197580611e-06,2.445271197580611e-06,2.445271197580611e-07
0.5826853707414797,2.742178356713435e-05,3.2290981963927974e-05,0.6012024048096195,4.3746054815511335e-08,4.3746054815511335e-08,4.374605481551134e-09
0.41008016032063926,8.846693386773542e-06,8.837693386773501e-05,9.118236472945934,4.136936850808543e-06,4.136936850808543e-06,4.136936850808543e-07
0.6890380761523006,4.761993987975976e-05,6.475230460921867e-05,4.649298597194378,6.866623174825301e-09,6.866623174825301e-09,6.866623174825301e-10
0.4763326653306588,3.661915831663342e-05,6.962150300601212e-05,7.334669338677377,1.4787798185268515e-06,1.4787798185268515e-06,1.4787798185268515e-07
0.8895390781563072,6.0243787575150643e-05,1.822440881763528e-05,1.0020040080160326,1.0737587876591105e-06,1.0737587876591105e-06,1.0737587876591106e-07
0.4606412825651279,5.357118236472975e-05,8.305671342685366e-06,3.807615230460905,4.763100528443976e-09,4.763100528443976e-09,4.763100528443976e-10
0.4170541082164308,7.647444889779548e-05,5.8440380761523374e-05,3.9478957915831483,6.101838383410455e-06,6.101838383410455e-06,6.101838383410455e-07
0.8529258517034016,3.3914048096192516e-05,8.693420841683325e-05,8.7975951903808,1.3240445937298617e-09,1.3240445937298617e-09,1.3240445937298618e-10
0.6158116232464895,7.593342685370732e-05,3.138927855711434e-05,5.751503006012027,9.24297241786789e-09,9.24297241786789e-09,9.24297241786789e-10
0.4867935871743461,5.284981963927884e-05,1.76833867735471e-05,4.068136272545073,1.741978188213289e-09,1.741978188213289e-09,1.741978188213289e-10
0.038717434869739484,4.7439599198397034e-05,4.599687374749522e-05,5.83166332665331,1.6535735522929774e-10,1.6535735522929774e-10,1.6535735522929775e-11
0.8389779559118186,4.45541482965934e-05,8.125330661322641e-06,3.1262525050100103,4.715051382504799e-07,4.715051382504799e-07,4.7150513825047986e-08
0.6349899799599162,5.8440380761523374e-05,7.899921843687356e-05,4.028056112224431,9.675386896043865e-09,9.675386896043865e-09,9.675386896043865e-10
0.8738476953907762,3.535677354709433e-05,5.068573146292612e-05,7.454909819639302,4.017797442009687e-07,4.017797442009687e-07,4.017797442009687e-08
0.6210420841683332,6.835911823647308e-05,1.4076573146292573e-05,9.979959919839732,7.976976065901924e-07,7.976976065901924e-07,7.976976065901925e-08
0.20260521042084118,6.76377555110222e-05,9.928737474949893e-06,9.338677354709464,8.685386390868373e-08,8.685386390868373e-08,8.685386390868373e-09
0.29849699398797475,8.486012024048091e-06,6.998218436873756e-05,9.498997995992031,1.2316201379436526e-06,1.2316201379436526e-06,1.2316201379436525e-07
0.6628857715430824,4.707891783567158e-05,8.278637274549069e-05,8.036072144288607,4.3193049690439415e-10,4.3193049690439415e-10,4.3193049690439415e-11
0.4711022044088152,5.780901803607213e-06,1.7322705410821645e-05,2.605210420841679,3.358938948266701e-10,3.358938948266701e-10,3.358938948266701e-11
0.3856713426853689,1.227316633266532e-05,5.230879759519066e-05,8.056112224448928,1.647337980651232e-07,1.647337980651232e-07,1.647337980651232e-08
0.5687374749498967,1.4076573146292573e-05,8.098296593186348e-05,3.1462925851703307,5.166540006581435e-07,5.166540006581435e-07,5.166540006581435e-08
0.5077154308617208,7.016252505010028e-05,7.75564929859718e-05,8.55711422845695,8.79658629969176e-06,8.79658629969176e-06,8.796586299691759e-07
0.15727454909819621,5.880106212424883e-05,2.9044849699398893e-05,4.2685370741482815,2.6121033219565265e-10,2.6121033219565265e-10,2.6121033219565266e-11
0.3769539078156295,1.2453507014028046e-05,1.0650100200400794e-05,6.192384769539086,1.4416288578877648e-10,1.4416288578877648e-10,1.4416288578877648e-11
0.2514228456913819,1.2633847695390771e-05,4.0947334669338865e-05,0.02004008016032064,3.5028213468441776e-07,3.5028213468441776e-07,3.502821346844178e-08
0.5704809619238446,1.4527254509018034e-06,5.2669478957916114e-05,9.959919839679412,5.408246526943056e-07,5.408246526943056e-07,5.4082465269430566e-08
0.5373547094188348,7.57530861723446e-05,3.24713226452907e-05,1.6032064128256525,1.0428356694758392e-07,1.0428356694758392e-07,1.0428356694758392e-08
0.17470941883767505,8.125330661322641e-06,6.817877755511036e-05,8.476953907815666,2.672506026391465e-10,2.672506026391465e-10,2.672506026391465e-11
0.3943887775551083,1.191248496993987e-05,7.503172344689372e-05,3.747494989979944,1.049490204522194e-06,1.049490204522194e-06,1.049490204522194e-07
0.295010020040079,1.4256913827655298e-05,4.5636192384769765e-05,9.659318637274598,4.2757327383983625e-08,4.2757327383983625e-08,4.275732738398362e-09
0.09973947895791588,8.080262525050076e-05,1.6781683366733464e-05,9.01803607214433,1.6368926536932457e-08,1.6368926536932457e-08,1.6368926536932458e-09
0.07533066132264532,7.899921843687356e-05,4.707891783567158e-05,7.995991983967966,7.495761777794998e-06,7.495761777794998e-06,7.495761777794998e-07
0.7099599198396752,5.6095951903807925e-05,2.8503827655310713e-05,0.7214428857715435,4.935635886164836e-07,4.935635886164836e-07,4.935635886164836e-08
0.7204208416833625,3.788154308617251e-05,1.9667134268537095e-05,5.290581162324647,1.0128031044122859e-08,1.0128031044122859e-08,1.0128031044122858e-09
0.7849298597194342,2.688076152304617e-05,6.258821643286603e-05,9.859719438877807,6.164019704290581e-08,6.164019704290581e-08,6.16401970429058e-09
0.10148296593186378,3.607813627254524e-05,1.4527254509018034e-06,6.8537074148296755,1.0231241635532605e-10,1.0231241635532605e-10,1.0231241635532606e-11
0.3141883767535057,4.112767535070159e-05,1.0469759519038069e-05,0.6412825651302608,8.886228686294111e-08,8.886228686294111e-08,8.886228686294111e-09
0.4048496993987956,3.1569619238477067e-05,6.49326452905814e-05,0.14028056112224446,1.7026068294228109e-09,1.7026068294228109e-09,1.702606829422811e-10
0.4484368737474927,9.748396793587168e-06,5.880106212424883e-05,5.731462925851706,2.9659039599575217e-08,2.9659039599575217e-08,2.9659039599575215e-09
0.78841683366733,3.842256513026069e-05,3.1749959919839793e-05,3.426853707414817,2.9470979608537566e-09,2.9470979608537566e-09,2.9470979608537566e-10
0.14507014028056103,8.567182364729421e-05,6.727707414829676e-05,7.274549098196414,1.2810643711951653e-07,1.2810643711951653e-07,1.2810643711951653e-08
0.5146893787575123,3.878324649298614e-05,4.942334669338703e-05,6.713426853707429,1.6265135577434376e-09,1.6265135577434376e-09,1.6265135577434377e-10
0.4554108216432842,1.1010781563126244e-05,6.186685370741515e-05,6.693386773547108,1.5090726586614084e-10,1.5090726586614084e-10,1.5090726586614084e-11
0.8145691382765482,4.2209719438877954e-05,8.008126252504988e-05,4.248496993987961,1.6961863549009102e-06,1.6961863549009102e-06,1.6961863549009102e-07
0.8982565130260466,4.004563126252523e-05,8.846693386773542e-06,0.06012024048096192,5.851198383420681e-09,5.851198383420681e-09,5.851198383420681e-10
0.6559118236472908,8.819659318637229e-05,1.4797935871743473e-05,2.7254509018036015,4.533068255355657e-06,4.533068255355657e-06,4.533068255355657e-07
0.7709819639278511,1.587997995991983e-05,1.9937474949899797e-06,9.158316633266576,4.625928267548222e-10,4.625928267548222e-10,4.625928267548222e-11
0.8633867735470889,5.2669478957916114e-05,7.521206412825644e-05,1.2625250501002012,9.396745979765522e-10,9.396745979765522e-10,9.396745979765521e-11
0.3107014028056099,2.5438036072144355e-05,5.014470941883794e-05,8.817635270541121,4.842343319704456e-10,4.842343319704456e-10,4.842343319704456e-11
0.8598997995991932,3.481575150300615e-05,2.688076152304617e-05,9.67935871743492,1.7354092455884483e-06,1.7354092455884483e-06,1.7354092455884483e-07
0.4449498997995969,5.826004008016065e-05,4.9603687374749756e-05,0.8416833667334674,1.6641253232742929e-09,1.6641253232742929e-09,1.664125323274293e-10
0.3124448897795578,1.0920440881763526e-06,2.2372244488977998e-05,8.456913827655345,5.306020752962591e-10,5.306020752962591e-10,5.3060207529625915e-11
0.3333667334669324,1.5699639278557103e-05,2.110985971943891e-05,1.1422845691382773,1.006381192397933e-09,1.006381192397933e-09,1.0063811923979331e-10
0.6698597194388739,5.059539078156312e-06,6.06044689378761e-05,6.973947895791601,2.786984611210164e-07,2.786984611210164e-07,2.786984611210164e-08
0.0910220440881764,1.2994529058116221e-05,1.6060320641282557e-05,8.917835671342726,7.233731926008842e-08,7.233731926008842e-08,7.233731926008842e-09
0.26711422845691285,8.693420841683325e-05,2.9585871743487074e-05,9.25851703406818,7.448233168919441e-07,7.448233168919441e-07,7.448233168919442e-08
0.832004008016027,8.188466933867709e-05,1.155180360721442e-05,7.63527054108219,5.081991880963312e-06,5.081991880963312e-06,5.081991880963312e-07
0.17645290581162293,2.868416833667344e-05,6.871979959919852e-05,7.85571142284572,1.1691159512530546e-07,1.1691159512530546e-07,1.1691159512530545e-08
0.36823647294589007,5.447288577154338e-05,6.67360521042086e-05,6.432865731462937,1.990544802990605e-06,1.990544802990605e-06,1.990544802990605e-07
0.19214428857715388,6.745741482965948e-05,8.585216432865693e-05,8.156312625250532,1.385987443518386e-09,1.385987443518386e-09,1.385987443518386e-10
0.608837675350698,7.791717434869724e-05,1.8134068136272543e-06,6.593186372745504,4.793494789326676e-08,4.793494789326676e-08,4.793494789326676e-09
0.4798196392785546,6.457196392785595e-05,5.699765531062156e-05,2.985971943887767,3.5838211605664624e-07,3.5838211605664624e-07,3.5838211605664626e-08
0.6018637274549065,4.166869739478977e-05,7.431036072144284e-05,2.5050100200400767,7.698124373677404e-09,7.698124373677404e-09,7.698124373677404e-10
0.5425851703406784,8.639318637274509e-05,2.715110220440882e-06,7.575150300601227,2.4143598957465273e-08,2.4143598957465273e-08,2.414359895746527e-09
0.37869739478957737,2.291326653306618e-05,2.5979058116232536e-05,6.913827655310638,1.4508281689963598e-09,1.4508281689963598e-09,1.4508281689963597e-10
0.5059719438877729,4.888232464929885e-05,1.8044068136272553e-05,6.05210420841684,1.2238107659872235e-07,1.2238107659872235e-07,1.2238107659872236e-08
0.6611422845691345,6.890014028056124e-05,4.130801603206432e-05,2.7655310621242424,1.610105634618289e-07,1.610105634618289e-07,1.610105634618289e-08
0.34034068136272394,7.881887775551084e-05,5.7177995991984286e-05,1.683366733466935,5.792172737548809e-07,5.792172737548809e-07,5.7921727375488094e-08
0.2706012024048086,1e-08,4.870198396793612e-05,4.529058116232453,8.740809512478927e-07,8.740809512478927e-07,8.740809512478927e-08
0.6663727454909781,2.5979058116232536e-05,8.531114228456877e-05,2.2645290581162314,1.4843773568639093e-09,1.4843773568639093e-09,1.4843773568639093e-10
0.5669939879759488,6.817877755511036e-05,4.92430060120243e-05,6.73346693386775,8.244606806538764e-09,8.244606806538764e-09,8.244606806538764e-10
0.7186773547094146,2.1470541082164364e-05,3.0757915831663335e-06,0.2805611222444889,6.306557504078119e-08,6.306557504078119e-08,6.306557504078119e-09
0.1380961923847695,4.698857715430862e-06,1.1371462925851695e-05,1.9438877755511037,1.1961507797225564e-07,1.1961507797225564e-07,1.1961507797225564e-08
0.3351102204408803,4.996436873747521e-05,5.753867735470974e-05,3.9078156312625074,1.2941191703766615e-09,1.2941191703766615e-09,1.2941191703766614e-10
0.45366733466933634,7.286763527054108e-05,7.178559118236476e-05,1.7234468937875764,3.902089122260732e-08,3.902089122260732e-08,3.902089122260732e-09
0.2636272545090171,4.5095170340681584e-05,4.058665330661341e-05,6.1723446893787655,2.618858644105754e-06,2.618858644105754e-06,2.618858644105754e-07
0.5861723446893755,3.797154308617236e-06,6.511298597194411e-05,5.170340681362721,7.846436406165732e-06,7.846436406165732e-06,7.846436406165733e-07
0.19388777555110176,3.256132264529059e-06,6.0243787575150643e-05,2.20440881763527,2.7239945164925986e-07,2.7239945164925986e-07,2.7239945164925987e-08
0.593146292585167,7.467104208416828e-05,6.502264529058114e-06,1.1222444889779566,2.6455463535232158e-08,2.6455463535232158e-08,2.6455463535232157e-09
0.40310621242484773,7.701547094188364e-05,1.0289418837675343e-05,0.5410821643286575,1.3807609303181489e-06,1.3807609303181489e-06,1.380760930318149e-07
0.3054709418837663,3.211064128256525e-05,1.7503046092184372e-05,8.597194388777591,4.232600055156151e-06,4.232600055156151e-06,4.232600055156151e-07
0.41182364729458715,6.114549098196427e-05,1.4978276553106199e-05,2.4048096192384745,3.9520479767190895e-06,3.9520479767190895e-06,3.9520479767190897e-07
0.3978757515030041,5.339084168336702e-05,2.3634629258517086e-05,2.344689378757513,7.826196594533893e-10,7.826196594533893e-10,7.826196594533893e-11
0.5722244488977924,2.4897014028056175e-05,6.457196392785595e-05,8.677354709418875,3.1244694252741803e-07,3.1244694252741803e-07,3.12446942527418e-08
0.07358717434869742,8.332739478957885e-05,2.345428857715436e-05,5.791583166332669,7.354078138654125e-09,7.354078138654125e-09,7.354078138654125e-10
0.6245290581162289,5.699765531062156e-05,1.0830440881763519e-05,6.533066132264541,4.1790946697504914e-08,4.1790946697504914e-08,4.1790946697504915e-09
0.1590180360721441,3.643881763527069e-05,3.373370741482979e-05,0.8617234468937881,2.9961282651988997e-10,2.9961282651988997e-10,2.9961282651988996e-11
0.43274549098196174,8.260603206412797e-05,8.891795591182317e-05,2.4448897795591154,1.2083402594795315e-09,1.2083402594795315e-09,1.2083402594795315e-10
0.08056112224448901,3.319268537074161e-05,7.30479759519038e-05,2.925851703406806,2.7343054928428164e-10,2.7343054928428164e-10,2.7343054928428164e-11
0.07010020040080163,3.2832004008016155e-05,8.657352705410781e-05,9.138276553106255,2.2315861923191555e-06,2.2315861923191555e-06,2.2315861923191554e-07
0.6105811623246459,5.3210501002004294e-05,1.3896232464929847e-05,2.785571142284563,1.060185126784533e-08,1.060185126784533e-08,1.0601851267845331e-09
0.8128256513026003,8.350773547094157e-05,5.86207214428861e-05,7.935871743487003,2.8153856230869715e-09,2.8153856230869715e-09,2.8153856230869716e-10
0.3420841683366718,7.088388777555116e-05,2.4355991983967994e-05,2.745490981963922,1.543968701634049e-10,1.543968701634049e-10,1.543968701634049e-11
0.7971342685370694,3.2290981963927974e-05,2.056883767535073e-05,8.256513026052136,5.319742981794605e-06,5.319742981794605e-06,5.319742981794605e-07
0.16250501002003986,5.3751523046092475e-05,1.6240661322645284e-05,0.4008016032064129,1.9779232939038465e-07,1.9779232939038465e-07,1.9779232939038466e-08
0.38044088176352525,1.9126112224448914e-05,6.980184368737484e-05,1.923847695390783,5.442757588566945e-06,5.442757588566945e-06,5.442757588566945e-07
0.8930260521042029,5.12267535070143e-05,2.868416833667344e-05,5.871743486973952,5.101228446154385e-09,5.101228446154385e-09,5.101228446154385e-10
0.847695390781558,5.0866072144288845e-05,5.059539078156312e-06,5.090180360721438,9.517053499680225e-08,9.517053499680225e-08,9.517053499680224e-09
0.654168336673343,4.545585170340704e-05,6.8629458917835644e-06,7.474949899799623,1.1885663094244174e-08,1.1885663094244174e-08,1.1885663094244174e-09
0.5303807615230433,7.12445691382766e-05,3.842256513026069e-05,1.2825651302605219,3.6203424054044113e-09,3.6203424054044113e-09,3.6203424054044115e-10
0.7151903807615189,3.1028597194388886e-05,7.57530861723446e-05,1.6232464929859731,8.297217228816601e-08,8.297217228816601e-08,8.297217228816601e-09
0.743086172344685,4.311142284569159e-05,3.6979839679358873e-05,6.252505010020049,1.7755391328152799e-06,1.7755391328152799e-06,1.7755391328152798e-07
0.13635270541082162,3.409438877755524e-05,8.486012024048091e-06,3.56713426853706,6.493565322027256e-07,6.493565322027256e-07,6.493565322027256e-08
0.5948897795591149,7.160525050100204e-05,4.3291763527054315e-05,7.074148296593205,2.070456586262503e-07,2.070456586262503e-07,2.070456586262503e-08
0.28629258517033956,8.999999999999949e-05,2.4716673346693448e-05,3.707414829659303,1.5637362941303773e-08,1.5637362941303773e-08,1.5637362941303773e-09
0.6524248496993951,2.3814969939879813e-05,7.449070140280556e-05,7.895791583166361,1.6854312935433095e-07,1.6854312935433095e-07,1.6854312935433094e-08
0.30895791583166204,4.3291763527054315e-05,7.413002004008012e-05,7.735470941883794,3.270641647263611e-07,3.270641647263611e-07,3.2706416472636115e-08
0.8354909819639228,1.8134068136272543e-06,4.888232464929885e-05,1.2424849699398806,5.19950869239506e-06,5.19950869239506e-06,5.199508692395061e-07
0.19563126252504964,2.6520080160320717e-05,6.601468937875771e-05,2.1843687374749496,1.965381814410689e-08,1.965381814410689e-08,1.965381814410689e-09
0.7779559118236427,1.6240661322645284e-05,8.666352705410816e-06,3.0861723446893694,3.104658005213131e-08,3.104658005213131e-08,3.104658005213131e-09
0.2932665330661311,2.50773547094189e-05,2.1740881763527053e-06,8.216432865731495,5.963927547384928e-06,5.963927547384928e-06,5.963927547384928e-07
0.7012424849699358,8.711454909819597e-05,7.313627254509018e-07,2.1242484969939883,2.769313091562781e-08,2.769313091562781e-08,2.769313091562781e-09
0.07707414829659322,6.871979959919852e-05,9.748396793587168e-06,9.759519038076203,2.2033761375702947e-08,2.2033761375702947e-08,2.2033761375702947e-09
0.3961322645290562,6.150617234468971e-05,6.799843687374764e-05,0.7014028056112228,4.346867285076761e-09,4.346867285076761e-09,4.346867285076761e-10
0.15378757515030045,6.655571142284587e-05,7.04328657314629e-06,6.5130260521042205,6.518145033204574e-10,6.518145033204574e-10,6.518145033204574e-11
0.4658717434869715,6.619503006012043e-05,7.016252505010028e-05,0.4408817635270542,5.252494743172759e-08,5.252494743172759e-08,5.252494743172759e-09
0.383927855711421,3.066791583166343e-05,4.978402805611248e-05,3.166332665330651,2.706722400089829e-08,2.706722400089829e-08,2.706722400089829e-09
0.05963927855711425,7.75564929859718e-05,5.627629258517065e-05,8.617234468937912,4.954318458610342e-10,4.954318458610342e-10,4.954318458610342e-11
0.563507014028053,8.549148296593149e-05,2.2552585170340725e-05,4.589178356713416,2.131851660850342e-06,2.131851660850342e-06,2.1318516608503423e-07
0.5478156312625221,6.94411623246494e-05,4.996436873747521e-05,4.488977955911811,8.543253911746649e-07,8.543253911746649e-07,8.543253911746649e-08
0.5617635270541051,6.132583166332699e-05,3.5176432865731605e-05,3.2264529058116125,1.8586042760275588e-06,1.8586042760275588e-06,1.8586042760275588e-07
0.8093386773547045,8.675386773547053e-05,6.330957915831691e-05,1.3026052104208425,6.266569319574902e-09,6.266569319574902e-09,6.266569319574902e-10
0.8755911823647241,2.922519038076162e-05,8.765557114228413e-05,5.6513026052104225,2.3211747471134193e-07,2.3211747471134193e-07,2.3211747471134193e-08
0.22004008016032,1.876543086172346e-05,8.999999999999949e-05,2.845691382765524,2.3990510891740275e-09,2.3990510891740275e-09,2.3990510891740275e-10
0.44320641282564904,4.518517034068137e-06,6.655571142284587e-05,4.46893787575149,6.668871685016272e-10,6.668871685016272e-10,6.668871685016273e-11
0.4083366733466914,5.7177995991984286e-05,6.637537074148315e-05,7.014028056112243,8.027878684932169e-06,8.027878684932169e-06,8.027878684932169e-07
0.6140681362725416,3.265166332665343e-05,4.473448897795613e-05,3.5070140280560986,3.7276961135130846e-08,3.7276961135130846e-08,3.727696113513085e-09
0.18691382765531023,1.3896232464929847e-05,6.403094188376779e-05,8.517034068136308,2.044283412286684e-09,2.044283412286684e-09,2.0442834122866842e-10
0.8110821643286524,2.453633266533072e-05,7.557274549098188e-05,3.6472945891783417,2.4859527061752755e-07,2.4859527061752755e-07,2.4859527061752755e-08
0.6716032064128218,8.747523046092141e-05,5.988310621242519e-05,8.657314629258554,1.985410210702871e-10,1.985410210702871e-10,1.985410210702871e-11
0.44146292585170116,5.014470941883794e-05,3.797154308617236e-06,5.911823647294594,7.876137060747666e-09,7.876137060747666e-09,7.876137060747665e-10
0.47284569138276306,7.178559118236476e-05,5.573527054108247e-05,6.472945891783579,4.0330057745352055e-10,4.0330057745352055e-10,4.0330057745352053e-11
0.8267735470941834,2.9405531062124347e-05,1.2814188376753496e-05,2.164328657314629,5.948543650301397e-10,5.948543650301397e-10,5.948543650301398e-11
0.6960120240480921,5.970276553106246e-05,5.176777555110248e-05,0.220440881763527,5.533307704168443e-07,5.533307704168443e-07,5.533307704168443e-08
0.16424849699398775,4.9603687374749756e-05,2.7241442885771624e-05,5.1503006012024,9.6140378706701e-10,9.6140378706701e-10,9.6140378706701e-11
0.33859719438877606,8.3868416833667e-05,3.355336673346706e-05,9.078156312625293,5.133780366335107e-08,5.133780366335107e-08,5.1337803663351075e-09
0.18168336673346658,7.972058116232444e-05,3.6258476953907966e-05,3.0460921843687285,6.980861869485984e-10,6.980861869485984e-10,6.980861869485984e-11
0.7518036072144244,1.76833867735471e-05,5.104641282565157e-05,9.779559118236524,1.0192659958827687e-07,1.0192659958827687e-07,1.0192659958827687e-08
0.3473146292585155,3.301234468937888e-05,1.587997995991983e-05,1.2024048096192392,2.5018160486855433e-06,2.5018160486855433e-06,2.5018160486855434e-07
0.05440881763527056,8.873761523046045e-05,2.3093607214428906e-05,2.5450901803607175,2.078293763894782e-10,2.078293763894782e-10,2.078293763894782e-11
0.3752104208416816,5.537458917835702e-05,8.170432865731437e-05,8.136272545090211,3.8138959681188295e-08,3.8138959681188295e-08,3.81389596811883e-09
0.6471943887775514,7.809751503005996e-05,8.29667134268534e-05,9.058116232464972,6.086098746574678e-10,6.086098746574678e-10,6.086098746574678e-11
0.8668737474949847,5.501390781563156e-05,2.579871743486981e-05,0.5611222444889782,6.754253945511699e-08,6.754253945511699e-08,6.754253945511699e-09
0.5652505010020009,4.18490380761525e-05,7.0342865731463e-05,4.829659318637266,7.025408092178572e-09,7.025408092178572e-09,7.025408092178571e-10
0.3037274549098184,7.944989979959916e-06,7.809751503005996e-05,4.869739478957908,1.0709890365931138e-10,1.0709890365931138e-10,1.0709890365931137e-11
0.5094589178356687,3.0126893787575255e-05,8.260603206412797e-05,5.671342685370743,7.572147997661637e-08,7.572147997661637e-08,7.572147997661637e-09
0.13460921843687373,5.627629258517065e-05,3.3914048096192516e-05,9.178356713426897,1.8895255194070682e-07,1.8895255194070682e-07,1.8895255194070683e-08
0.25839679358717343,6.682605210420839e-06,4.419346693386795e-05,5.631262525050102,8.48908343705269e-08,8.48908343705269e-08,8.48908343705269e-09
0.11717434869739485,4.473448897795613e-05,7.701547094188364e-05,7.7154308617234735,3.42365225221448e-07,3.42365225221448e-07,3.4236522522144795e-08
0.4989979959919813,1.984747494989982e-05,4.5095170340681584e-05,5.511022044088176,2.240033284379423e-09,2.240033284379423e-09,2.2400332843794228e-10
0.7988777555110173,1.5519298597194376e-05,8.981965931863677e-05,9.799599198396844,6.711427038315516e-09,6.711427038315516e-09,6.711427038315515e-10
0.7378557114228413,2.0749178356713456e-05,1.0109078156312618e-05,0.5811623246492988,1.920961193590632e-08,1.920961193590632e-08,1.920961193590632e-09
0.30024048096192263,2.97662124248498e-05,3.770120240480978e-05,0.4609218436873749,4.152596154736201e-09,4.152596154736201e-09,4.1525961547362006e-10
0.0892785571142285,2.6700420841683444e-05,7.791717434869724e-05,8.196392785571174,9.361311158813752e-07,9.361311158813752e-07,9.361311158813752e-08
0.5757114228456882,2.633973947895799e-05,2.742178356713435e-05,0.24048096192384763,5.81409750859795e-10,5.81409750859795e-10,5.81409750859795e-11
0.8337474949899749,1.7863727454909826e-05,3.44550701402807e-05,2.705410821643281,2.585752978734625e-08,2.585752978734625e-08,2.5857529787346247e-09
0.8825651302605156,5.9522424849699736e-05,2.922519038076162e-05,2.8256513026052037,2.0313211611354781e-10,2.0313211611354781e-10,2.031321161135478e-11
0.772725450901799,6.5834348697395e-05,8.188466933867709e-05,2.6452905811623197,9.091715291807655e-08,9.091715291807655e-08,9.091715291807656e-09
0.5234068136272517,2.5347695390781566e-06,4.338176352705412e-06,0.42084168336673355,5.829133706189185e-06,5.829133706189185e-06,5.829133706189185e-07
0.1276352705410822,3.968494989979978e-05,8.513080160320605e-05,5.190380761523042,1.354662017467082e-09,1.354662017467082e-09,1.3546620174670821e-10
0.7465731462925808,5.0325050100200664e-05,1.272384769539078e-06,4.7895791583166245,7.747247586409063e-08,7.747247586409063e-08,7.747247586409063e-09
0.7953907815631215,5.600561122244488e-06,8.404875751502973e-05,1.4829659318637285,1.3324935770259004e-08,1.3324935770259004e-08,1.3324935770259003e-09
0.36126252505009854,5.735833667334701e-05,3.319268537074161e-05,0.8216432865731468,5.682690054358476e-10,5.682690054358476e-10,5.6826900543584764e-11
0.3630060120240464,1.8945771543086187e-05,3.589779559118251e-05,3.927855711422828,3.6900919072811463e-06,3.6900919072811463e-06,3.690091907281146e-07
0.7361122244488935,2.8323486973947986e-05,8.909829659318589e-05,5.611222444889781,6.998915508640024e-06,6.998915508640024e-06,6.998915508640024e-07
0.6070941883767501,5.212845691382793e-05,5.6095951903807925e-05,7.054108216432884,3.992321669323289e-08,3.992321669323289e-08,3.992321669323289e-09
0.28977955911823533,2.3634629258517086e-05,4.518517034068137e-06,4.929859719438871,1.142692151060895e-07,1.142692151060895e-07,1.142692151060895e-08
0.031743486973947896,8.981965931863677e-05,3.7068136272545095e-07,8.016032064128286,8.435256442765496e-09,8.435256442765496e-09,8.435256442765495e-10
0.4344889779559096,5.9612424849699384e-06,6.321923847695389e-06,3.7675350701402643,1.5187023416387875e-09,1.5187023416387875e-09,1.5187023416387876e-10
0.25665330661322555,1.9937474949899797e-06,3.499609218436888e-05,1.8436873747495004,2.984829963759814e-07,2.984829963759814e-07,2.984829963759814e-08
0.23398797595190307,2.1740881763527053e-06,8.242569138276525e-05,8.897795591182405,2.628771655817212e-09,2.628771655817212e-09,2.628771655817212e-10
0.22701402805611154,1.2814188376753496e-05,3.3373026052104336e-05,5.450901803607214,7.649312638022242e-10,7.649312638022242e-10,7.649312638022242e-11
0.3211623246492972,6.439162324649323e-05,8.368807615230429e-05,1.042084168336674,9.456708423776946e-09,9.456708423776946e-09,9.456708423776946e-10
0.6053507014028022,7.990092184368716e-05,2.291326653306618e-05,9.619238476953957,4.8732432440843374e-09,4.8732432440843374e-09,4.873243244084338e-10
0.6315030060120205,4.239006012024068e-05,8.945897795591133e-05,0.26052104208416826,7.796684263812391e-07,7.796684263812391e-07,7.796684263812391e-08
0.8546693386773495,6.222753507014059e-05,3.120893787575161e-05,8.436873747495024,3.4366116018718376e-10,3.4366116018718376e-10,3.4366116018718374e-11
0.17122244488977928,2.2372244488977998e-05,6.168651302605243e-05,8.937875751503046,3.2088205242547684e-10,3.2088205242547684e-10,3.208820524254768e-11
0.5164328657314602,2.4175651302605267e-05,7.539240480961916e-05,6.092184368737482,1.6747444271363853e-08,1.6747444271363853e-08,1.6747444271363853e-09
0.6419639278557078,2.525769539078163e-05,1.7142364729458918e-05,8.977955911823688,1.2521103662981536e-07,1.2521103662981536e-07,1.2521103662981537e-08
0.4257715430861702,1.5158617234468924e-05,2.97662124248498e-05,1.5831663326653318,6.124935313629392e-09,6.124935313629392e-09,6.124935313629392e-10
0.42228456913827445,3.4364729458917847e-06,4.401312625250522e-05,6.392785571142295,1.2601003234489512e-06,1.2601003234489512e-06,1.2601003234489513e-07
0.8424649298597143,8.891795591182317e-05,5.934208416833701e-05,7.41482965931866,1.1027469841978454e-09,1.1027469841978454e-09,1.1027469841978454e-10
0.49551102204408554,3.499609218436888e-05,7.223627254509015e-06,6.793587174348713,3.967007431657834e-09,3.967007431657834e-09,3.967007431657834e-10
0.32813627254508876,7.827785571142268e-05,2.3814969939879813e-05,7.314629258517056,1.9455554603241263e-06,1.9455554603241263e-06,1.9455554603241262e-07
0.5739679358717403,4.834130260521067e-05,2.0749178356713456e-05,2.104208416833668,1.4453571435466035e-06,1.4453571435466035e-06,1.4453571435466036e-07
0.06312625250501004,8.305671342685366e-06,7.340865731462924e-05,7.394789579158339,1.547961654699955e-06,1.547961654699955e-06,1.547961654699955e-07
0.7762124248496948,5.916174348697428e-05,7.376933867735468e-05,0.9418837675350707,3.789713079823497e-09,3.789713079823497e-09,3.789713079823497e-10
0.09276553106212429,6.908048096192396e-05,3.301234468937888e-05,6.352705410821653,4.5213752468542977e-10,4.5213752468542977e-10,4.5213752468542977e-11
0.056152304609218454,8.422909819639245e-05,4.7980621242485214e-05,3.6272545090180213,2.3900043461863924e-06,2.3900043461863924e-06,2.3900043461863924e-07
0.7831863727454863,8.008126252504988e-05,4.311142284569159e-05,7.955911823647324,3.606690212911828e-06,3.606690212911828e-06,3.6066902129118283e-07
0.7413426853707371,6.511298597194411e-05,3.6799498997996147e-05,5.430861723446893,3.4585412817003523e-09,3.4585412817003523e-09,3.4585412817003525e-10
0.4972545090180334,8.242569138276525e-05,5.807969939879792e-05,7.034068136272563,5.286011922698089e-07,5.286011922698089e-07,5.286011922698089e-08
0.049178356713426866,9.207374749498992e-06,1.930645290581164e-05,9.198396793587218,5.4982224886219015e-08,5.4982224886219015e-08,5.498222488621901e-09
0.8703607214428805,8.02616032064126e-05,8.855727454909773e-05,3.3667334669338556,5.697386410995195e-06,5.697386410995195e-06,5.697386410995195e-07
0.8372344689378707,6.8629458917835644e-06,4.076699398797614e-05,5.030060120240475,4.084640768561948e-08,4.084640768561948e-08,4.084640768561948e-09
0.1485571142284568,6.168651302605243e-05,4.022597194388796e-05,1.3627254509018045,3.525173523793985e-06,3.525173523793985e-06,3.525173523793985e-07
0.06835671342685373,8.404875751502973e-05,1.642100200400801e-05,2.024048096192386,1.173541337152713e-10,1.173541337152713e-10,1.1735413371527131e-11
0.07881763527054111,5.239879759519038e-06,7.052320641282572e-05,9.318637274549143,2.09155575626162e-09,2.09155575626162e-09,2.09155575626162e-10
0.5530460921843657,7.431036072144284e-05,8.152398797595164e-05,4.849699398797587,5.37395429067653e-08,5.37395429067653e-08,5.37395429067653e-09
0.6192985971943853,2.4355991983967994e-05,2.50773547094189e-05,4.509018036072132,1.3409964749099134e-07,1.3409964749099134e-07,1.3409964749099134e-08
0.3525450901803591,4.293108216432886e-05,2.0208156312625275e-05,4.949899799599192,3.6805733486334386e-10,3.6805733486334386e-10,3.6805733486334384e-11
0.6768336673346654,2.1290200400801637e-05,2.2011563126252544e-05,1.5230460921843698,5.568616805225718e-06,5.568616805225718e-06,5.568616805225718e-07
0.30721442885771416,1.6601342685370737e-05,6.709673346693404e-05,0.04008016032064128,4.6084840437446547e-07,4.6084840437446547e-07,4.6084840437446547e-08
0.4379759519038054,5.050539078156339e-05,7.286763527054108e-05,3.667334669338662,6.063148267776576e-07,6.063148267776576e-07,6.063148267776576e-08
0.6820641282565091,8.603250501001965e-05,1.9486793587174368e-05,7.815631262525078,7.401005926166316e-08,7.401005926166316e-08,7.401005926166316e-09
0.8965130260520987,3.71601803607216e-05,4.816096192384794e-05,1.6432865731462938,1.6162002728487966e-10,1.6162002728487966e-10,1.6162002728487966e-11
0.6280160320641247,2.0388496993988002e-05,5.501390781563156e-05,3.2665330661322534,7.16075957555727e-06,7.16075957555727e-06,7.16075957555727e-07
0.12589178356713432,2.814314629258526e-05,2.6520080160320717e-05,4.709418837675341,9.799261884703215e-07,9.799261884703215e-07,9.799261884703214e-08
0.42054108216432656,6.502264529058114e-06,5.537458917835702e-05,0.38076152304609223,7.307447907617714e-10,7.307447907617714e-10,7.307447907617715e-11
0.5460721442885742,6.529332665330683e-05,2.7602124248497078e-05,6.6733466933867875,4.3030170116442404e-07,4.3030170116442404e-07,4.3030170116442404e-08
0.7622645290581117,2.895450901803608e-06,5.239879759519038e-06,7.1943887775551305,2.1811489473271364e-06,2.1811489473271364e-06,2.1811489473271363e-07
0.37172344689378584,4.527551102204431e-05,8.567182364729421e-05,7.294589178356735,3.941853704763233e-10,3.941853704763233e-10,3.941853704763233e-11
0.10496993987975957,1.6781683366733464e-05,5.9522424849699736e-05,4.569138276553095,3.229296625390487e-09,3.229296625390487e-09,3.229296625390487e-10
0.6227855711422811,2.0208156312625275e-05,3.896358717434887e-05,6.032064128256519,2.083668568091013e-06,2.083668568091013e-06,2.0836685680910129e-07
0.683807615230457,7.9359899799599e-05,5.681731462925883e-05,2.5851703406813584,3.217119053711171e-06,3.217119053711171e-06,3.217119053711171e-07
0.1694789579158314,4.419346693386795e-05,4.3832785571142496e-05,1.0621242484969946,2.527311025237083e-08,2.527311025237083e-08,2.5273110252370827e-09
0.5966332665330628,7.04328657314629e-06,2.0388496993988002e-05,4.328657314629244,2.1183341629931634e-07,2.1183341629931634e-07,2.1183341629931635e-08
0.7064729458917794,6.042412825651337e-05,4.725925851703431e-05,3.0060120240480876,7.926396206684818e-08,7.926396206684818e-08,7.926396206684819e-09
0.8494388777555059,1.7142364729458918e-05,8.350773547094157e-05,1.0821643286573153,1.908780895451251e-09,1.908780895451251e-09,1.908780895451251e-10
0.5390981963927827,5.176777555110248e-05,4.2209719438877954e-05,5.59118236472946,1.7822599767437462e-09,1.7822599767437462e-09,1.782259976743746e-10
0.488537074148294,3.0757915831663335e-06,1.8945771543086187e-05,0.6613226452905815,2.4545271389327164e-09,2.4545271389327164e-09,2.4545271389327164e-10
0.3664929859719422,3.120893787575161e-05,7.4851382765531e-05,9.418837675350748,2.7413768495932584e-06,2.7413768495932584e-06,2.7413768495932586e-07
0.6489378757514993,8.783591182364685e-05,4.6177214428857945e-05,5.110220440881759,2.9173682629033395e-07,2.9173682629033395e-07,2.9173682629033396e-08
0.6175551102204374,3.932426853707432e-05,9.117034068136272e-07,4.22845691382764,4.3304753910871305e-06,4.3304753910871305e-06,4.330475391087131e-07
0.15553106212424833,3.9143927855711596e-05,7.358899799599196e-05,8.316633266533099,2.4297663907591406e-07,2.4297663907591406e-07,2.4297663907591408e-08
0.06661322645290584,5.465322645290611e-05,6.745741482965948e-05,6.292585170340691,1.8351091815679916e-08,1.8351091815679916e-08,1.8351091815679915e-09
0.8041082164328609,7.737615230460908e-05,2.354428857715431e-06,1.7635270541082178,4.1107056471825913e-07,4.1107056471825913e-07,4.1107056471825916e-08
0.6646292585170303,7.340865731462924e-05,3.643881763527069e-05,7.114228456913847,3.3462724996390475e-07,3.3462724996390475e-07,3.3462724996390477e-08
0.6402204408817599,5.645663326653338e-05,8.711454909819597e-05,4.128256513026035,3.401943794335867e-08,3.401943794335867e-08,3.401943794335867e-09
0.504228456913825,6.096515030060155e-05,6.312923847695419e-05,3.1863727454909716,1.3460724700541052e-10,1.3460724700541052e-10,1.3460724700541052e-11
0.7814428857715384,1.1371462925851695e-05,6.908048096192396e-05,8.99799599198401,2.5596684521755253e-06,2.5596684521755253e-06,2.5596684521755255e-07
0.40136272545089985,4.879198396793587e-06,3.2832004008016155e-05,9.47895791583171,1.4694032735283116e-07,1.4694032735283116e-07,1.4694032735283116e-08
0.6297595190380726,3.084825651302616e-05,2.4897014028056175e-05,2.9659318637274468,3.445499235939485e-06,3.445499235939485e-06,3.445499235939485e-07
0.2427054108216425,5.681731462925883e-05,7.39496793587174e-05,6.112224448897803,8.976784581523771e-10,8.976784581523771e-10,8.976784581523771e-11
0.7535470941883723,8.855727454909773e-05,5.1407094188377025e-05,2.9458917835671263,3.144407265818321e-06,3.144407265818321e-06,3.144407265818321e-07
0.26885771543086073,6.0784809619238824e-05,2.399531062124254e-05,2.8657314629258446,2.862224654494287e-10,2.862224654494287e-10,2.8622246544942873e-11
0.8302605210420791,4.3832785571142496e-05,6.276855711422875e-05,8.276553106212457,5.7189523929331805e-09,5.7189523929331805e-09,5.71895239293318e-10
0.5600200400801573,2.3273947895791633e-05,6.439162324649323e-05,3.3266533066132147,3.003876738033687e-06,3.003876738033687e-06,3.003876738033687e-07
0.17296593186372716,6.348991983967963e-05,1.2092825651302595e-05,4.188376753506998,5.554252608620607e-10,5.554252608620607e-10,5.5542526086206076e-11
0.4397194388777533,7.863853707414812e-05,1.227316633266532e-05,0.36072144288577157,2.1755226933756993e-10,2.1755226933756993e-10,2.1755226933756994e-11
0.38218436873747313,4.7980621242485214e-05,7.917955911823628e-05,9.278557114228501,5.068882928942187e-10,5.068882928942187e-10,5.0688829289421867e-11
0.8651302605210368,8.11633066132262e-05,5.158743486973975e-05,5.4709418837675345,1.7709591457061092e-10,1.7709591457061092e-10,1.7709591457061093e-11
0.7605210420841638,8.621284569138237e-05,2.1470541082164364e-05,3.206412825651292,1.377199270006178e-10,1.377199270006178e-10,1.3771992700061781e-11
0.8947695390781508,5.411220440881793e-05,4.202937875751523e-05,7.5350701402805855,1.2160509111574433e-08,1.2160509111574433e-08,1.2160509111574433e-09
0.7239078156312583,4.491482965931886e-05,5.645663326653338e-05,7.434869739478981,8.773895585016613e-10,8.773895585016613e-10,8.773895585016612e-11
0.43100200400801386,1.822440881763528e-05,3.084825651302616e-05,3.887775551102187,1.0669503720559728e-07,1.0669503720559728e-07,1.0669503720559728e-08
0.2723446893787565,3.3373026052104336e-05,7.737615230460908e-05,8.35671342685374,4.637891667090604e-06,4.637891667090604e-06,4.6378916670906043e-07
0.54955911823647,4.365244488977977e-05,7.232661322645292e-05,7.835671342685399,1.474965319380662e-10,1.474965319380662e-10,1.474965319380662e-11
0.03,7.4851382765531e-05,1e-08,5.531062124248497,5.986502451821476e-09,5.986502451821476e-09,5.986502451821476e-10
0.533867735470939,7.539240480961916e-05,7.9359899799599e-05,5.37074148296593,2.2543273677448226e-08,2.2543273677448226e-08,2.2543273677448224e-09
0.7552905811623202,3.9865290581162504e-05,4.2750741482966134e-05,6.27254509018037,1.8234732479403994e-09,1.8234732479403994e-09,1.8234732479403993e-10
0.7919038076152257,3.4635410821643424e-05,8.134364729458892e-05,2.6252505010019993,1.5033819951510772e-07,1.5033819951510772e-07,1.503381995151077e-08
0.8058517034068088,1.9486793587174368e-05,7.322831663326652e-05,7.214428857715451,9.737127401351965e-08,9.737127401351965e-08,9.737127401351965e-09
0.7308817635270498,8.062228456913804e-05,1.1732144288577145e-05,4.769539078156304,4.504325289063267e-07,4.504325289063267e-07,4.504325289063267e-08
0.6576553106212387,9.387715430861717e-06,7.881887775551084e-05,4.428857715430849,1.3495536314212663e-06,1.3495536314212663e-06,1.3495536314212662e-07
0.5181763527054081,6.85394589178358e-05,3.932426853707432e-05,4.00801603206411,2.543438283138544e-07,2.543438283138544e-07,2.543438283138544e-08
0.5268937875751475,7.84581963927854e-05,1.2994529058116221e-05,7.234468937875772,6.910440418427994e-08,6.910440418427994e-08,6.9104404184279935e-09
0.6994989979959879,4.8521643286573395e-05,8.062228456913804e-05,0.9819639278557121,2.4701899488522036e-08,2.4701899488522036e-08,2.4701899488522035e-09
0.5582765531062094,6.204719438877787e-05,1.984747494989982e-05,8.11623246492989,2.3359866097639786e-06,2.3359866097639786e-06,2.3359866097639786e-07
0.24619238476953825,1.1732144288577145e-05,6.619503006012043e-05,8.076152304609248,1.599896387950018e-08,1.599896387950018e-08,1.5998963879500182e-09
0.5356112224448869,2.002781563126255e-05,3.824222444889796e-05,6.232464929859728,5.049768337635864e-07,5.049768337635864e-07,5.049768337635864e-08
0.5565330661322615,2.9946553106212528e-05,2.4175651302605267e-05,9.559118236472994,6.797354139442534e-07,6.797354139442534e-07,6.797354139442534e-08
0.35777555110220277,2.7061102204408897e-05,1.0920440881763526e-06,3.246492985971933,2.8696268309097724e-06,2.8696268309097724e-06,2.8696268309097723e-07
0.7674949899799554,8.458977955911789e-05,5.510220440881764e-07,9.378757515030106,2.0236611156478834e-07,2.0236611156478834e-07,2.0236611156478835e-08
0.36997995991983795,5.1407094188377025e-05,7.250695390781564e-05,4.148296593186356,2.8333511404222655e-08,2.8333511404222655e-08,2.8333511404222654e-09
0.5321242484969911,3.427472945891797e-05,8.477012024048061e-05,8.09619238476957,4.732898989392676e-10,4.732898989392676e-10,4.7328989893926764e-11
0.46412825651302364,6.962150300601212e-05,2.453633266533072e-05,9.298597194388822,3.2915122408795002e-06,3.2915122408795002e-06,3.2915122408795e-07
0.4902805611222419,4.581653306613249e-05,1.191248496993987e-05,0.08016032064128256,3.9269891037037604e-07,3.9269891037037604e-07,3.92698910370376e-08
0.2113226452905806,2.8864509018036166e-05,7.611376753507004e-05,9.739478957915882,1.940536917638263e-10,1.940536917638263e-10,1.940536917638263e-11
0.8215430861723397,5.4292545090180656e-05,2.1831222444889817e-05,3.10621242484969,1.2648701071454006e-09,1.2648701071454006e-09,1.2648701071454006e-10
0.3159318637274536,4.2750741482966134e-05,1.3355210420841672e-05,5.410821643286572,1.2729414866574903e-08,1.2729414866574903e-08,1.2729414866574903e-09
0.05266533066132266,1.8404749498998006e-05,2.8864509018036166e-05,1.9038076152304624,6.38730101828493e-06,6.38730101828493e-06,6.38730101828493e-07
0.21480961923847636,5.934208416833701e-05,1.696202404809619e-05,9.599198396793636,5.888536006063764e-08,5.888536006063764e-08,5.888536006063764e-09
0.13112224448897797,3.7068136272545095e-07,8.549148296593149e-05,6.152304609218445,3.0733388750178143e-06,3.0733388750178143e-06,3.073338875017814e-07
0.2008617234468933,3.355336673346706e-05,1.4437254509018023e-05,9.438877755511069,4.430614012294001e-06,4.430614012294001e-06,4.430614012294001e-07
0.12414829659318644,7.683513026052092e-05,1.6601342685370737e-05,2.4849699398797562,6.024703475757249e-08,6.024703475757249e-08,6.0247034757572495e-09
0.2810621242484959,4.347210420841704e-05,7.683513026052092e-05,4.609218436873737,1.9529198570650123e-09,1.9529198570650123e-09,1.9529198570650122e-10
0.5216633266533038,4.022597194388796e-05,4.8521643286573395e-05,9.23847695390786,8.630314692361701e-09,8.630314692361701e-09,8.630314692361702e-10
0.5879158316633234,6.385060120240507e-05,4.347210420841704e-05,1.7835671342685384,1.2362821172677301e-09,1.2362821172677301e-09,1.23628211726773e-10
0.48505010020039824,8.152398797595164e-05,2.9405531062124347e-05,1.102204408817636,7.3263461511480485e-06,7.3263461511480485e-06,7.326346151148048e-07
0.668116232464926,4.4373807615230676e-05,8.603250501001965e-05,2.064128256513027,1.8050784373158387e-07,1.8050784373158387e-07,1.8050784373158388e-08
0.8075951903807567,7.070354709418844e-05,7.40396793587174e-06,3.286573146292574,3.30397140871801e-09,3.30397140871801e-09,3.30397140871801e-10
0.21306613226452847,2.3093607214428906e-05,6.367026052104235e-05,3.346693386773535,4.579262886226917e-08,4.579262886226917e-08,4.579262886226917e-09
0.861643286573141,7.142490981963932e-05,2.9946553106212528e-05,0.7615230460921848,6.6861184670350125e-06,6.6861184670350125e-06,6.686118467035012e-07
0.8790781563126199,2.2552585170340725e-05,5.600561122244488e-06,4.388777555110207,1.5897518753683175e-09,1.5897518753683175e-09,1.5897518753683174e-10
0.49202404809618977,5.420220440881763e-06,5.248913827655339e-05,3.8276553106212257,1.2892390894219017e-06,1.2892390894219017e-06,1.2892390894219017e-07
0.29675350701402686,1.2092825651302595e-05,4.239006012024068e-05,2.565130260521038,3.0538516600204696e-07,3.0538516600204696e-07,3.05385166002047e-08
0.5443286573146263,5.6636973947896105e-05,4.293108216432886e-05,1.22244488977956,8.942933421233391e-07,8.942933421233391e-07,8.942933421233391e-08
0.14681362725450892,1.3174869739478947e-05,6.348991983967963e-05,8.57715430861727,6.37082503316838e-10,6.37082503316838e-10,6.37082503316838e-11
0.4153106212424829,3.6979839679358873e-05,2.7061102204408897e-05,4.629258517034057,2.3448288825886378e-09,2.3448288825886378e-09,2.3448288825886376e-10
0.04743486973947897,6.709673346693404e-05,5.1948116232465206e-05,4.368737474949886,3.877347024901268e-09,3.877347024901268e-09,3.8773470249012675e-10
0.03697394789579159,5.5554929859719744e-05,4.689857715430885e-05,1.0220440881763533,1.5737147962828574e-07,1.5737147962828574e-07,1.5737147962828573e-08
0.12240480961923854,4.5636192384769765e-05,5.12267535070143e-05,3.847695390781546,8.109687488956145e-08,8.109687488956145e-08,8.109687488956145e-09
0.04046092184368738,7.232661322645292e-05,7.66547895791582e-05,5.050100200400796,5.926111887260628e-07,5.926111887260628e-07,5.9261118872606276e-08
0.39090180360721255,5.39318637274552e-05,8.458977955911789e-05,5.070140280561117,1.8966778293055573e-10,1.8966778293055573e-10,1.896677829305557e-11
0.5547895791583136,7.052320641282572e-05,8.422909819639245e-05,5.1302605210420795,3.0654112252299065e-10,3.0654112252299065e-10,3.0654112252299064e-11
0.3263927855711409,1.0830440881763519e-05,6.890014028056124e-05,6.412825651302616,3.516080370622556e-10,3.516080370622556e-10,3.516080370622556e-11
0.24967935871743402,2.399531062124254e-05,4.1488356713427046e-05,8.637274549098233,1.460086182679067e-08,1.460086182679067e-08,1.460086182679067e-09
0.21655310621242424,7.313627254509018e-07,5.5554929859719744e-05,7.094188376753526,1.302377193788689e-08,1.302377193788689e-08,1.302377193788689e-09
0.5983767535070107,5.303016032064157e-05,3.481575150300615e-05,1.4228456913827665,1.2859135088694639e-10,1.2859135088694639e-10,1.2859135088694638e-11
0.8999999999999945,4.6718236472946126e-05,5.7899358717435194e-05,1.6633266533066144,1.3720058967200789e-07,1.3720058967200789e-07,1.3720058967200789e-08
0.6733466933867697,6.276855711422875e-05,2.1290200400801637e-05,8.957915831663367,4.2057622768873556e-07,4.2057622768873556e-07,4.2057622768873555e-08
0.7169338677354667,4.1488356713427046e-05,8.080262525050076e-05,4.749498997995983,2.6895598015305057e-09,2.6895598015305057e-09,2.689559801530506e-10
0.10671342685370747,1.8044068136272553e-05,3.6168136272545103e-06,5.891783567134273,9.577783649123128e-07,9.577783649123128e-07,9.577783649123128e-08
0.8511823647294537,2.354428857715431e-06,3.8061883767535235e-05,8.857715430861763,2.928411205530999e-10,2.928411205530999e-10,2.928411205530999e-11
0.8860521042084114,7.611376753507004e-05,8.314705410821613e-05,6.312625250501012,1.1282470858183015e-09,1.1282470858183015e-09,1.1282470858183015e-10
0.16599198396793563,4.816096192384794e-05,4.004563126252523e-05,7.3747494989980185,4.8548664036142015e-06,4.8548664036142015e-06,4.854866403614201e-07
0.6803206412825612,7.268729458917836e-05,4.45541482965934e-05,6.613226452905825,1.865639541560769e-09,1.865639541560769e-09,1.8656395415607688e-10
0.48330661322645035,6.637537074148315e-05,6.781809619238492e-05,7.755511022044115,8.058266142308294e-09,8.058266142308294e-09,8.058266142308294e-10
0.5896593186372713,3.1749959919839793e-05,6.240787575150331e-05,4.1082164328657145,1.9015829452872134e-06,1.9015829452872134e-06,1.9015829452872134e-07
0.39264529058116043,1.3355210420841672e-05,9.207374749498992e-06,9.098196392785614,7.476426528190401e-10,7.476426528190401e-10,7.476426528190401e-11
0.27931863727454803,2.7782464929859805e-05,2.3273947895791633e-05,6.012024048096198,1.3106879132369401e-07,1.3106879132369401e-07,1.3106879132369401e-08
0.08230460921843691,4.65378957915834e-05,5.3751523046092475e-05,2.284569138276552,1.4938494543691993e-08,1.4938494543691993e-08,1.4938494543691992e-09
0.3019839679358705,2.6159398797595263e-05,3.553711422845706e-05,3.066132264529049,7.187864777930511e-09,7.187864777930511e-09,7.187864777930511e-10
0.15030060120240468,3.770120240480978e-05,7.268729458917836e-05,7.795591182364757,1.315649183163909e-10,1.315649183163909e-10,1.3156491831639089e-11
0.31941883767534934,8.044194388777532e-05,8.20650100200398e-05,2.0040080160320657,5.186096606823377e-10,5.186096606823377e-10,5.186096606823377e-11
0.8407214428857664,1.642100200400801e-05,6.547366733466955e-05,0.9018036072144294,9.184365216369317e-10,9.184365216369317e-10,9.184365216369317e-11
0.06486973947895794,4.92430060120243e-05,4.7439599198397034e-05,5.951903807615236,4.967131128360607e-06,4.967131128360607e-06,4.967131128360607e-07
0.877334669338672,5.519424849699429e-05,7.773683366733452e-05,7.154308617234489,9.034067171053278e-09,9.034067171053278e-09,9.034067171053277e-10
0.27757515030060015,4.401312625250522e-05,1.7863727454909826e-05,3.7274549098196235,6.242938292164014e-06,6.242938292164014e-06,6.242938292164014e-07
0.28803607214428745,8.927863727454861e-05,6.0784809619238824e-05,5.771543086172348,3.765683528717025e-10,3.765683528717025e-10,3.765683528717025e-11
0.27583166332665227,7.917955911823628e-05,4.65378957915834e-05,8.296593186372778,1.1765763050734954e-06,1.1765763050734954e-06,1.1765763050734954e-07
0.7256513026052062,8.657352705410781e-05,5.8981402805611555e-05,2.66533066132264,4.043435780503082e-06,4.043435780503082e-06,4.0434357805030824e-07
0.7483166332665286,3.589779559118251e-05,6.141583166332664e-06,4.088176352705394,1.2037836479849065e-06,1.2037836479849065e-06,1.2037836479849065e-07
0.6855511022044048,1.119112224448897e-05,2.5438036072144355e-05,9.69939879759524,5.3398794922546735e-09,5.3398794922546735e-09,5.339879492254674e-10
0.6332464929859684,5.158743486973975e-05,6.042412825651337e-05,2.3246492985971927,4.248621467388963e-09,4.248621467388963e-09,4.2486214673889635e-10
0.2828056112224438,5.807969939879792e-05,7.84581963927854e-05,9.93987975951909,4.2216821016553884e-10,4.2216821016553884e-10,4.2216821016553885e-11
0.8197995991983918,8.134364729458892e-05,3.8602905811623416e-05,3.607214428857701,5.428718044671095e-10,5.428718044671095e-10,5.428718044671094e-11
0.2095791583166327,1.533895791583165e-05,2.165088176352709e-05,1.8837675350701417,5.4633597389882735e-09,5.4633597389882735e-09,5.463359738988273e-10
0.2845490981963917,5.8981402805611555e-05,7.070354709418844e-05,2.9058116232464855,3.838233172077098e-07,3.838233172077098e-07,3.838233172077098e-08
0.11368737474949905,1.6060320641282557e-05,1.4617595190380748e-05,7.695390781563153,1.0916227069626075e-07,1.0916227069626075e-07,1.0916227069626075e-08
0.6001202404809586,4.942334669338703e-05,7.106422845691388e-05,9.91983967935877,2.1894051222482004e-09,2.1894051222482004e-09,2.1894051222482005e-10
0.5286372745490954,6.49326452905814e-05,1.3715891783567122e-05,7.615230460921869,2.0573283780563895e-08,2.0573283780563895e-08,2.0573283780563896e-09
0.7291382765531019,4.058665330661341e-05,3.734052104208433e-05,2.8056112224448833,1.4361925227385327e-07,1.4361925227385327e-07,1.4361925227385327e-08
0.3455711422845676,7.40396793587174e-06,6.565400801603227e-05,7.975951903807645,1e-10,1e-10,1.0000000000000001e-11
0.7029859719438837,6.403094188376779e-05,1.4256913827655298e-05,2.2244488977955905,4.685154510161405e-08,4.685154510161405e-08,4.685154510161405e-09
0.7796993987975905,7.30479759519038e-05,1.5158617234468924e-05,4.208416833667319,4.058741160324506e-09,4.058741160324506e-09,4.0587411603245054e-10
0.3316232464929845,3.6799498997996147e-05,1.3535551102204397e-05,6.95390781563128,8.192329972794974e-10,8.192329972794974e-10,8.192329972794974e-11
0.3874148296593168,1.0289418837675343e-05,6.204719438877787e-05,2.3046092184368723,4.1262656596768024e-10,4.1262656596768024e-10,4.126265659676802e-11
0.12937875751503009,1.0650100200400794e-05,4.698857715430862e-06,1.4428857715430872,1.0778232236916957e-09,1.0778232236916957e-09,1.0778232236916957e-10
0.15204408817635257,6.998218436873756e-05,4.365244488977977e-05,0.12024048096192383,3.3250546859543106e-08,3.3250546859543106e-08,3.3250546859543107e-09
0.8808216432865678,1.0109078156312618e-05,4.635755511022067e-05,9.819639278557165,2.036574486575053e-06,2.036574486575053e-06,2.036574486575053e-07
0.3560320641282549,2.715110220440882e-06,2.0929519038076183e-05,4.4488977955911695,4.655447205842502e-09,4.655447205842502e-09,4.655447205842502e-10
0.4466933867735448,8.963931863727405e-05,5.339084168336702e-05,4.308617234468923,2.495362636850953e-10,2.495362636850953e-10,2.495362636850953e-11
0.38915831663326467,2.7602124248497078e-05,4.834130260521067e-05,2.1442885771543088,2.306456802499146e-08,2.306456802499146e-08,2.306456802499146e-09
0.3229058116232451,3.193030060120252e-05,1.6330661322645289e-06,7.254509018036093,2.3299609534649055e-10,2.3299609534649055e-10,2.3299609534649055e-11
0.3438276553106197,8.945897795591133e-05,8.02616032064126e-05,0.1002004008016032,2.553065810590191e-10,2.553065810590191e-10,2.553065810590191e-11
0.03523046092184369,8.585216432865693e-05,3.535677354709433e-05,8.496993987975987,3.034488008210854e-08,3.034488008210854e-08,3.034488008210854e-09
0.4065931863727435,2.7962805611222532e-05,4.112767535070159e-05,5.210420841683363,2.21743630462915e-07,2.21743630462915e-07,2.21743630462915e-08
0.35951903807615065,6.06044689378761e-05,8.963931863727405e-05,1.3426853707414839,2.4389636426772285e-10,2.4389636426772285e-10,2.4389636426772285e-11
0.6367334669338641,4.076699398797614e-05,6.222753507014059e-05,7.675350701402832,1.9332192165558978e-07,1.9332192165558978e-07,1.9332192165558978e-08
0.8843086172344635,7.66547895791582e-05,3.066791583166343e-05,6.993987975951922,2.2831897564135424e-06,2.2831897564135424e-06,2.2831897564135425e-07
0.519919839679356,8.909829659318589e-05,6.385060120240507e-05,0.1603206412825651,7.620467330900357e-07,7.620467330900357e-07,7.620467330900357e-08
0.579198396793584,6.330957915831691e-05,7.647444889779548e-05,7.595190380761548,3.136296295760125e-10,3.136296295760125e-10,3.136296295760125e-11
0.03348697394789579,1.4797935871743473e-05,5.735833667334701e-05,5.9919839679358775,1.7936329205584844e-08,1.7936329205584844e-08,1.7936329205584843e-09
0.26537074148296497,4.0406312625250685e-05,4.257040080160341e-05,7.915831663326682,8.829883500823982e-09,8.829883500823982e-09,8.829883500823982e-10
0.8442084168336622,6.799843687374764e-05,5.284981963927884e-05,8.396793587174383,1.3190516649849534e-06,1.3190516649849534e-06,1.3190516649849534e-07
0.6942685370741443,1.930645290581164e-05,2.219190380761527e-05,1.863727454909821,1.583756973177416e-06,1.583756973177416e-06,1.583756973177416e-07
0.4693587174348673,7.0342865731463e-05,3.950460921843705e-05,7.655310621242511,5.2191900870658066e-09,5.2191900870658066e-09,5.219190087065806e-10
0.4676152304609194,8.477012024048061e-05,1.9034068136272548e-07,4.288577154308602,1.4037323854718723e-07,1.4037323854718723e-07,1.4037323854718723e-08
0.818056112224444,3.896358717434887e-05,5.420220440881763e-06,2.384769539078154,1.0985885614816929e-06,1.0985885614816929e-06,1.0985885614816929e-07
0.8877955911823593,8.314705410821613e-05,1.5519298597194376e-05,1.3226452905811632,2.797534020263893e-10,2.797534020263893e-10,2.797534020263893e-11
0.7448296593186329,6.67360521042086e-05,8.495046092184333e-05,4.889779559118229,2.5112860259393226e-09,2.5112860259393226e-09,2.5112860259393227e-10
0.13286573146292585,4.6177214428857945e-05,3.211064128256525e-05,6.4929859719439,1.7642809168409121e-07,1.7642809168409121e-07,1.7642809168409122e-08
0.324649298597193,7.954024048096172e-05,2.633973947895799e-05,3.3066132264528942,8.575592188679522e-10,8.575592188679522e-10,8.575592188679522e-11
0.6785771543086133,6.547366733466955e-05,7.160525050100204e-05,6.893787575150317,4.447384955121195e-09,4.447384955121195e-09,4.447384955121195e-10
0.8250300601202355,8.29667134268534e-05,6.682605210420839e-06,4.9699398797595125,1.149983889528423e-06,1.149983889528423e-06,1.149983889528423e-07
0.5129458917835644,8.837693386773501e-05,1.119112224448897e-05,5.691382765531064,3.084972204036884e-09,3.084972204036884e-09,3.084972204036884e-10
0.5024849699398771,5.59156112224452e-05,3.256132264529059e-06,6.573146292585183,2.662428093802708e-07,2.662428093802708e-07,2.662428093802708e-08
0.4362324649298575,6.186685370741515e-05,2.895450901803608e-06,6.072144288577161,6.5350020116956714e-06,6.5350020116956714e-06,6.535002011695672e-07
0.2409619238476946,6.727707414829676e-05,3.427472945891797e-05,3.4468937875751373,1.853810023133934e-10,1.853810023133934e-10,1.853810023133934e-11
0.6872945891783527,4.978402805611248e-05,2.002781563126255e-05,3.5871743486973804,6.601597524639142e-08,6.601597524639142e-08,6.601597524639142e-09
0.47458917835671094,5.230879759519066e-05,5.050539078156339e-05,1.5631262525050111,8.213516664628277e-06,8.213516664628277e-06,8.213516664628277e-07
0.1886573146292581,7.503172344689372e-05,7.863853707414812e-05,6.372745490981974,2.569357414732162e-09,2.569357414732162e-09,2.569357414732162e-10
0.7744689378757469,5.104641282565157e-05,8.440943887775517e-05,8.737474949899838,7.669094999101012e-06,7.669094999101012e-06,7.669094999101012e-07
0.5914028056112192,3.44550701402807e-05,3.788154308617251e-05,3.4068136272544964,3.196720167281389e-07,3.196720167281389e-07,3.196720167281389e-08
0.7500601202404765,5.988310621242519e-05,1.2453507014028046e-05,3.8677354709418665,1.24417107131614e-08,1.24417107131614e-08,1.24417107131614e-09
0.23921843687374672,6.691639278557132e-05,2.6159398797595263e-05,0.9218436873747501,1.1210931745753224e-10,1.1210931745753224e-10,1.1210931745753223e-11
0.7866733466933821,3.5717454909819785e-05,3.5717454909819785e-05,4.168336673346677,8.40344736732859e-06,8.40344736732859e-06,8.40344736732859e-07
0.41356713426853503,1.7503046092184372e-05,4.6718236472946126e-05,8.757515030060159,8.381770750968165e-10,8.381770750968165e-10,8.381770750968166e-11
0.24793587174348614,4.130801603206432e-05,6.529332665330683e-05,4.408817635270528,1.1810299302120125e-09,1.1810299302120125e-09,1.1810299302120126e-10
0.05092184368737476,7.250695390781564e-05,6.76377555110222e-05,4.68937875751502,1.0957547622390422e-10,1.0957547622390422e-10,1.0957547622390422e-11
0.4501803607214406,9.568056112224443e-06,2.6700420841683444e-05,6.653306613226467,4.745139032542713e-06,4.745139032542713e-06,4.7451390325427135e-07
0.2531663326653298,7.629410821643276e-05,1.8585090180360733e-05,9.539078156312673,1.4270860123254817e-08,1.4270860123254817e-08,1.4270860123254817e-09
0.2915230460921832,3.6168136272545103e-06,8.332739478957885e-05,4.549098196392774,1.1354466475453157e-08,1.1354466475453157e-08,1.1354466475453157e-09
0.23747494989979884,6.601468937875771e-05,3.409438877755524e-05,10.000000000000053,1.1617029015291595e-08,1.1617029015291595e-08,1.1617029015291595e-09
0.11891783567134274,6.475230460921867e-05,7.972058116232444e-05,9.899799599198449,1.7134714911793995e-08,1.7134714911793995e-08,1.7134714911793996e-09
0.8564128256512974,9.027034068136267e-06,7.088388777555116e-05,2.244488977955911,1.3948316960565968e-08,1.3948316960565968e-08,1.3948316960565967e-09
0.7326252505009977,4.870198396793612e-05,4.4373807615230676e-05,1.983967935871745,2.010829624931726e-08,2.010829624931726e-08,2.0108296249317262e-09
0.12066132264529064,1.7322705410821645e-05,5.447288577154338e-05,2.464929859719436,6.643723588577598e-07,6.643723588577598e-07,6.643723588577598e-08
0.25490981963927767,7.719581162324636e-05,3.9865290581162504e-05,1.4629258517034078,2.8047688962243757e-06,2.8047688962243757e-06,2.804768896224376e-07
0.5809418837675319,5.510220440881764e-07,4.545585170340704e-05,5.571142284569139,1.538146446289981e-07,1.538146446289981e-07,1.538146446289981e-08
0.2217835671342679,3.977494989979961e-06,7.467104208416828e-05,6.773547094188392,1.5538210629755687e-09,1.5538210629755687e-09,1.5538210629755687e-10
0.429258517034066,1.155180360721442e-05,5.59156112224452e-05,6.212424849699407,2.751753622267373e-09,2.751753622267373e-09,2.751753622267373e-10
0.22527054108216366,2.9585871743487074e-05,2.8323486973947986e-05,9.879759519038128,9.301953603195098e-08,9.301953603195098e-08,9.301953603195097e-09
0.6907815631262485,7.76464929859719e-06,4.0406312625250685e-05,0.0,3.56109711472964e-08,3.56109711472964e-08,3.56109711472964e-09
0.1781963927855708,4.0947334669338865e-05,3.265166332665343e-05,2.6853707414829606,6.411478493438621e-09,6.411478493438621e-09,6.411478493438621e-10
0.48156312625250247,3.6258476953907966e-05,6.94411623246494e-05,0.7815631262525055,1.418037243845071e-09,1.418037243845071e-09,1.418037243845071e-10
0.11020040080160326,1.696202404809619e-05,6.5834348697395e-05,8.33667334669342,1.1543368559592538e-09,1.1543368559592538e-09,1.1543368559592538e-10
0.69775551102204,4.9062665330661576e-05,3.9143927855711596e-05,9.358717434869785,2.268712664406333e-07,2.268712664406333e-07,2.268712664406333e-08
0.7082164328657273,2.219190380761527e-05,4.166869739478977e-05,9.639278557114277,3.6666940272290375e-07,3.6666940272290375e-07,3.6666940272290375e-08
0.2113226452905806,7.557274549098188e-05,8.305671342685366e-06,3.527054108216419,1.2892390894219017e-06,1.2892390894219017e-06,1.2892390894219017e-07
0.6070941883767501,9.117034068136272e-07,5.681731462925883e-05,5.270541082164326,5.81409750859795e-10,5.81409750859795e-10,5.81409750859795e-11
0.8058517034068088,5.6636973947896105e-05,5.1948116232465206e-05,6.833667334669355,1.583756973177416e-06,1.583756973177416e-06,1.583756973177416e-07
0.7744689378757469,4.130801603206432e-05,5.39318637274552e-05,2.8657314629258446,4.3030170116442404e-07,4.3030170116442404e-07,4.3030170116442404e-08
0.21480961923847636,1.9486793587174368e-05,8.945897795591133e-05,8.77755511022048,5.068882928942187e-10,5.068882928942187e-10,5.0688829289421867e-11
0.8947695390781508,2.0749178356713456e-05,1.227316633266532e-05,5.410821643286572,3.838233172077098e-07,3.838233172077098e-07,3.838233172077098e-08
0.6419639278557078,6.0063446893787916e-05,5.4833567134268836e-05,9.47895791583171,1.3720058967200789e-07,1.3720058967200789e-07,1.3720058967200789e-08
0.8145691382765482,3.8602905811623416e-05,5.916174348697428e-05,0.6412825651302608,9.034067171053278e-09,9.034067171053278e-09,9.034067171053277e-10
0.7029859719438837,6.502264529058114e-06,3.9865290581162504e-05,8.57715430861727,5.017749115127665e-08,5.017749115127665e-08,5.017749115127665e-09
0.19737474949899753,3.1028597194388886e-05,2.6159398797595263e-05,4.208416833667319,2.2315861923191555e-06,2.2315861923191555e-06,2.2315861923191554e-07
0.1677354709418835,5.519424849699429e-05,6.655571142284587e-05,3.4669338677354578,8.192329972794974e-10,8.192329972794974e-10,8.192329972794974e-11
0.8546693386773495,3.265166332665343e-05,5.9522424849699736e-05,9.93987975951909,3.3676257082751576e-06,3.3676257082751576e-06,3.367625708275158e-07
0.5059719438877729,7.223627254509015e-06,4.1488356713427046e-05,4.488977955911811,1.4270860123254817e-08,1.4270860123254817e-08,1.4270860123254817e-09
0.4554108216432842,3.3914048096192516e-05,4.7439599198397034e-05,2.66533066132264,6.411478493438621e-09,6.411478493438621e-09,6.411478493438621e-10
0.7378557114228413,3.120893787575161e-05,6.439162324649323e-05,4.589178356713416,1.0737587876591105e-06,1.0737587876591105e-06,1.0737587876591106e-07
0.2618837675350692,3.256132264529059e-06,6.908048096192396e-05,5.771543086172348,7.572147997661637e-08,7.572147997661637e-08,7.572147997661637e-09
0.6628857715430824,5.447288577154338e-05,1.8134068136272543e-06,2.384769539078154,3.525173523793985e-06,3.525173523793985e-06,3.525173523793985e-07
0.1276352705410822,5.4833567134268836e-05,2.7602124248497078e-05,8.376753507014062,1.8351091815679916e-08,1.8351091815679916e-08,1.8351091815679915e-09
0.7971342685370694,4.581653306613249e-05,1.2814188376753496e-05,7.494989979959944,1.4787798185268515e-06,1.4787798185268515e-06,1.4787798185268515e-07
0.34905811623246336,8.404875751502973e-05,7.773683366733452e-05,7.074148296593205,1.4416288578877648e-10,1.4416288578877648e-10,1.4416288578877648e-11
0.32987975951903664,2.9585871743487074e-05,4.707891783567158e-05,8.496993987975987,1.6535735522929774e-10,1.6535735522929774e-10,1.6535735522929775e-11
0.6733466933867697,1.8134068136272543e-06,6.258821643286603e-05,0.42084168336673355,1.1617029015291595e-08,1.1617029015291595e-08,1.1617029015291595e-09
0.8633867735470889,3.9143927855711596e-05,5.3751523046092475e-05,2.5851703406813584,2.4389636426772285e-10,2.4389636426772285e-10,2.4389636426772285e-11
0.16250501002003986,6.321923847695389e-06,8.11633066132262e-05,4.1082164328657145,1.1810299302120125e-09,1.1810299302120125e-09,1.1810299302120126e-10
0.5687374749498967,5.6095951903807925e-05,4.3291763527054315e-05,0.1603206412825651,2.8153856230869715e-09,2.8153856230869715e-09,2.8153856230869716e-10
0.49202404809618977,3.1749959919839793e-05,5.239879759519038e-06,9.358717434869785,3.249903388467101e-08,3.249903388467101e-08,3.249903388467101e-09
0.24793587174348614,4.879198396793587e-06,8.044194388777532e-05,3.206412825651292,2.1894051222482004e-09,2.1894051222482004e-09,2.1894051222482005e-10
0.3647494989979943,1e-08,7.503172344689372e-05,5.83166332665331,1.0957547622390422e-10,1.0957547622390422e-10,1.0957547622390422e-11
0.8808216432865678,2.4355991983967994e-05,8.639318637274509e-05,0.36072144288577157,3.1764506247026196e-08,3.1764506247026196e-08,3.1764506247026194e-09
0.05789579158316635,2.7782464929859805e-05,8.260603206412797e-05,5.931863727454915,9.517053499680225e-08,9.517053499680225e-08,9.517053499680224e-09
0.4257715430861702,2.354428857715431e-06,8.711454909819597e-05,3.927855711422828,2.495362636850953e-10,2.495362636850953e-10,2.495362636850953e-11
0.31767535070140146,7.917955911823628e-05,1.7322705410821645e-05,2.9058116232464855,1.1354466475453157e-08,1.1354466475453157e-08,1.1354466475453157e-09
0.5164328657314602,4.725925851703431e-05,2.2552585170340725e-05,1.1422845691382773,1.474965319380662e-10,1.474965319380662e-10,1.474965319380662e-11
0.3560320641282549,7.57530861723446e-05,3.71601803607216e-05,6.112224448897803,8.999999999996206e-06,8.999999999996206e-06,8.999999999996206e-07
0.5251503006011996,4.076699398797614e-05,2.291326653306618e-05,7.17434869739481,5.568616805225718e-06,5.568616805225718e-06,5.568616805225718e-07
0.7483166332665286,3.373370741482979e-05,1.5519298597194376e-05,6.593186372745504,1.2284431849546003e-10,1.2284431849546003e-10,1.2284431849546003e-11
0.7692384769539032,3.7520861723447054e-05,3.607813627254524e-05,5.951903807615236,4.732898989392676e-10,4.732898989392676e-10,4.7328989893926764e-11
0.4676152304609194,1.930645290581164e-05,8.486012024048091e-06,8.99799599198401,7.747247586409063e-08,7.747247586409063e-08,7.747247586409063e-09
0.4658717434869715,2.5979058116232536e-05,6.709673346693404e-05,1.9038076152304624,1.5538210629755687e-09,1.5538210629755687e-09,1.5538210629755687e-10
0.8511823647294537,4.8521643286573395e-05,1.6601342685370737e-05,1.8236472945891797,1.0257701283071679e-06,1.0257701283071679e-06,1.0257701283071679e-07
0.23747494989979884,1.272384769539078e-06,1.0920440881763526e-06,9.498997995992031,8.350163368321142e-07,8.350163368321142e-07,8.350163368321142e-08
0.7831863727454863,8.170432865731437e-05,1.6330661322645289e-06,4.9699398797595125,2.928411205530999e-10,2.928411205530999e-10,2.928411205530999e-11
0.4501803607214406,9.387715430861717e-06,5.600561122244488e-06,4.2685370741482815,1.2238107659872235e-07,1.2238107659872235e-07,1.2238107659872236e-08
0.2828056112224438,7.521206412825644e-05,4.581653306613249e-05,3.9478957915831483,2.4297663907591406e-07,2.4297663907591406e-07,2.4297663907591408e-08
0.6750901803607176,8.873761523046045e-05,4.239006012024068e-05,3.246492985971933,1.7026068294228109e-09,1.7026068294228109e-09,1.702606829422811e-10
0.04046092184368738,6.240787575150331e-05,4.599687374749522e-05,2.1843687374749496,3.877347024901268e-09,3.877347024901268e-09,3.8773470249012675e-10
0.1485571142284568,5.916174348697428e-05,3.3373026052104336e-05,8.456913827655345,4.625928267548222e-10,4.625928267548222e-10,4.625928267548222e-11
0.21829659318637212,3.030723446893798e-05,3.0126893787575255e-05,3.8677354709418665,8.435256442765496e-09,8.435256442765496e-09,8.435256442765495e-10
0.5617635270541051,4.92430060120243e-05,7.21462725450902e-05,1.803607214428859,2.2918321804121607e-09,2.2918321804121607e-09,2.2918321804121607e-10
0.8581563126252453,7.12445691382766e-05,1.4076573146292573e-05,0.3406813627254509,2.984829963759814e-07,2.984829963759814e-07,2.984829963759814e-08
0.08230460921843691,2.4175651302605267e-05,3.2832004008016155e-05,4.128256513026035,4.985932917895367e-09,4.985932917895367e-09,4.985932917895367e-10
0.8250300601202355,3.0757915831663335e-06,7.584308617234465e-06,0.8817635270541088,1.2521103662981536e-07,1.2521103662981536e-07,1.2521103662981537e-08
0.3211623246492972,6.926082164328668e-05,7.539240480961916e-05,7.935871743487003,1.0985885614816929e-06,1.0985885614816929e-06,1.0985885614816929e-07
0.41182364729458715,2.1740881763527053e-06,7.791717434869724e-05,4.709418837675341,2.0573283780563895e-08,2.0573283780563895e-08,2.0573283780563896e-09
0.35951903807615065,1.2453507014028046e-05,8.29667134268534e-05,9.619238476953957,2.268712664406333e-07,2.268712664406333e-07,2.268712664406333e-08
0.2409619238476946,4.365244488977977e-05,4.0947334669338865e-05,6.553106212424862,3.1244694252741803e-07,3.1244694252741803e-07,3.12446942527418e-08
0.2305010020040073,7.088388777555116e-05,4.257040080160341e-05,9.23847695390786,1.1027469841978454e-09,1.1027469841978454e-09,1.1027469841978454e-10
0.3141883767535057,7.881887775551084e-05,4.942334669338703e-05,6.212424849699407,2.628771655817212e-09,2.628771655817212e-09,2.628771655817212e-10
0.21306613226452847,5.9522424849699736e-05,1.930645290581164e-05,8.196392785571174,5.442757588566945e-06,5.442757588566945e-06,5.442757588566945e-07
0.48156312625250247,2.056883767535073e-05,8.495046092184333e-05,8.7975951903808,1.2729414866574903e-08,1.2729414866574903e-08,1.2729414866574903e-09
0.25665330661322555,1.822440881763528e-05,3.373370741482979e-05,4.388777555110207,1.1097838248702528e-08,1.1097838248702528e-08,1.1097838248702528e-09
0.36126252505009854,3.71601803607216e-05,5.934208416833701e-05,3.8276553106212257,2.5112860259393226e-09,2.5112860259393226e-09,2.5112860259393227e-10
0.47284569138276306,5.573527054108247e-05,4.689857715430885e-05,5.250501002004005,1.5187023416387875e-09,1.5187023416387875e-09,1.5187023416387876e-10
0.12414829659318644,8.891795591182317e-05,4.401312625250522e-05,9.45891783567139,4.136936850808543e-06,4.136936850808543e-06,4.136936850808543e-07
0.22352705410821577,7.9359899799599e-05,7.647444889779548e-05,0.9819639278557121,1.4361925227385327e-07,1.4361925227385327e-07,1.4361925227385327e-08
0.14158316633266527,8.693420841683325e-05,3.355336673346706e-05,7.234468937875772,4.6084840437446547e-07,4.6084840437446547e-07,4.6084840437446547e-08
0.7117034068136231,4.239006012024068e-05,2.3273947895791633e-05,0.14028056112224446,7.307447907617714e-10,7.307447907617714e-10,7.307447907617715e-11
0.3019839679358705,1.4978276553106199e-05,7.088388777555116e-05,5.190380761523042,7.3263461511480485e-06,7.3263461511480485e-06,7.326346151148048e-07
0.6489378757514993,5.059539078156312e-06,1.5699639278557103e-05,2.985971943887767,4.967131128360607e-06,4.967131128360607e-06,4.967131128360607e-07
0.5268937875751475,4.5636192384769765e-05,4.978402805611248e-05,3.3266533066132147,5.4982224886219015e-08,5.4982224886219015e-08,5.498222488621901e-09
0.8529258517034016,5.465322645290611e-05,2.453633266533072e-05,9.67935871743492,1.538146446289981e-07,1.538146446289981e-07,1.538146446289981e-08
0.2531663326653298,3.499609218436888e-05,2.165088176352709e-05,1.2625250501002012,9.184365216369317e-10,9.184365216369317e-10,9.184365216369317e-11
0.5425851703406784,8.603250501001965e-05,7.683513026052092e-05,8.316633266533099,3.5838211605664624e-07,3.5838211605664624e-07,3.5838211605664626e-08
0.29675350701402686,6.799843687374764e-05,5.104641282565157e-05,9.158316633266576,5.37395429067653e-08,5.37395429067653e-08,5.37395429067653e-09
0.38915831663326467,3.968494989979978e-05,5.501390781563156e-05,3.56713426853706,2.2258298359511498e-10,2.2258298359511498e-10,2.22582983595115e-11
0.11891783567134274,7.070354709418844e-05,2.3814969939879813e-05,6.152304609218445,4.3193049690439415e-10,4.3193049690439415e-10,4.3193049690439415e-11
0.8999999999999945,3.7068136272545095e-07,7.467104208416828e-05,0.7014028056112228,2.9659039599575217e-08,2.9659039599575217e-08,2.9659039599575215e-09
0.6018637274549065,6.114549098196427e-05,7.376933867735468e-05,10.000000000000053,3.516080370622556e-10,3.516080370622556e-10,3.516080370622556e-11
0.6262725450901768,8.02616032064126e-05,8.567182364729421e-05,5.711422845691385,1.1691159512530546e-07,1.1691159512530546e-07,1.1691159512530545e-08
0.8755911823647241,1.9034068136272548e-07,7.4851382765531e-05,3.10621242484969,3.144407265818321e-06,3.144407265818321e-06,3.144407265818321e-07
0.8006212424849651,7.647444889779548e-05,6.67360521042086e-05,2.7655310621242424,1.620380028453788e-06,1.620380028453788e-06,1.620380028453788e-07
0.802364729458913,1.76833867735471e-05,6.682605210420839e-06,0.08016032064128256,1.1885663094244174e-08,1.1885663094244174e-08,1.1885663094244174e-09
0.5234068136272517,6.871979959919852e-05,1.4256913827655298e-05,7.775551102204436,8.597770058661916e-06,8.597770058661916e-06,8.597770058661916e-07
0.668116232464926,1.155180360721442e-05,7.40396793587174e-06,6.693386773547108,1.3633063764347168e-08,1.3633063764347168e-08,1.3633063764347169e-09
0.08056112224448901,4.058665330661341e-05,8.368807615230429e-05,2.745490981963922,3.0654112252299065e-10,3.0654112252299065e-10,3.0654112252299064e-11
0.78841683366733,7.40396793587174e-06,5.357118236472975e-05,6.05210420841684,7.698124373677404e-09,7.698124373677404e-09,7.698124373677404e-10
0.0840480961923848,8.242569138276525e-05,7.358899799599196e-05,9.979959919839732,9.675386896043865e-09,9.675386896043865e-09,9.675386896043865e-10
0.504228456913825,3.824222444889796e-05,5.050539078156339e-05,4.769539078156304,1.3409964749099134e-07,1.3409964749099134e-07,1.3409964749099134e-08
0.10845691382765536,7.683513026052092e-05,4.112767535070159e-05,0.7615230460921848,5.948543650301397e-10,5.948543650301397e-10,5.948543650301398e-11
0.4867935871743461,7.75564929859718e-05,3.4635410821643424e-05,5.971943887775557,6.797354139442534e-07,6.797354139442534e-07,6.797354139442534e-08
0.2322444889779552,5.158743486973975e-05,6.781809619238492e-05,5.330661322645288,6.226834689391767e-10,6.226834689391767e-10,6.226834689391767e-11
0.0857915831663327,4.1488356713427046e-05,5.0866072144288845e-05,3.4068136272544964,2.131851660850342e-06,2.131851660850342e-06,2.1318516608503423e-07
0.3316232464929845,3.878324649298614e-05,3.770120240480978e-05,7.8757515030060405,4.637891667090604e-06,4.637891667090604e-06,4.6378916670906043e-07
0.832004008016027,8.350773547094157e-05,2.9946553106212528e-05,1.1823647294589186,4.935635886164836e-07,4.935635886164836e-07,4.935635886164836e-08
0.5809418837675319,4.166869739478977e-05,4.8521643286573395e-05,7.134268537074168,4.346867285076761e-09,4.346867285076761e-09,4.346867285076761e-10
0.3874148296593168,3.44550701402807e-05,7.232661322645292e-05,7.515030060120265,1.853810023133934e-10,1.853810023133934e-10,1.853810023133934e-11
0.6192985971943853,2.3093607214428906e-05,6.421128256513051e-05,7.054108216432884,1.4090458511712325e-10,1.4090458511712325e-10,1.4090458511712325e-11
0.2915230460921832,6.421128256513051e-05,1.6781683366733464e-05,9.25851703406818,8.829883500823982e-09,8.829883500823982e-09,8.829883500823982e-10
0.4711022044088152,1.3715891783567122e-05,8.837693386773501e-05,7.85571142284572,1.2316201379436526e-06,1.2316201379436526e-06,1.2316201379436525e-07
0.3856713426853689,8.675386773547053e-05,3.842256513026069e-05,7.474949899799623,2.7239945164925986e-07,2.7239945164925986e-07,2.7239945164925987e-08
0.13983967935871738,4.527551102204431e-05,6.141583166332664e-06,4.989979959919833,1.2160509111574433e-08,1.2160509111574433e-08,1.2160509111574433e-09
0.24619238476953825,6.890014028056124e-05,3.643881763527069e-05,3.887775551102187,4.3746054815511335e-08,4.3746054815511335e-08,4.374605481551134e-09
0.11020040080160326,6.294889779559147e-05,4.518517034068137e-06,7.41482965931866,4.793494789326676e-08,4.793494789326676e-08,4.793494789326676e-09
0.8407214428857664,3.589779559118251e-05,2.8323486973947986e-05,7.575150300601227,1.0231241635532605e-10,1.0231241635532605e-10,1.0231241635532606e-11
0.3368537074148282,8.819659318637229e-05,3.030723446893798e-05,5.030060120240475,4.2216821016553884e-10,4.2216821016553884e-10,4.2216821016553885e-11
0.7657515030060075,1.7322705410821645e-05,7.66547895791582e-05,7.394789579158339,6.998915508640024e-06,6.998915508640024e-06,6.998915508640024e-07
0.04220440881763528,5.4292545090180656e-05,6.204719438877787e-05,9.959919839679412,4.8732432440843374e-09,4.8732432440843374e-09,4.873243244084338e-10
0.5722244488977924,3.6979839679358873e-05,6.565400801603227e-05,4.088176352705394,5.661260816510151e-07,5.661260816510151e-07,5.661260816510152e-08
0.5373547094188348,2.6159398797595263e-05,3.535677354709433e-05,1.162324649298598,2.4545271389327164e-09,2.4545271389327164e-09,2.4545271389327164e-10
0.6105811623246459,7.376933867735468e-05,1.3174869739478947e-05,9.639278557114277,1.3324935770259004e-08,1.3324935770259004e-08,1.3324935770259003e-09
0.5530460921843657,5.176777555110248e-05,6.727707414829676e-05,5.1503006012024,2.862224654494287e-10,2.862224654494287e-10,2.8622246544942873e-11
0.7413426853707371,6.637537074148315e-05,4.527551102204431e-05,4.368737474949886,3.7754221960716797e-06,3.7754221960716797e-06,3.7754221960716797e-07
0.563507014028053,5.7899358717435194e-05,1.0650100200400794e-05,7.5350701402805855,7.649312638022242e-10,7.649312638022242e-10,7.649312638022242e-11
0.6123246492985938,3.066791583166343e-05,3.319268537074161e-05,4.549098196392774,6.6861184670350125e-06,6.6861184670350125e-06,6.686118467035012e-07
0.8163126252504961,2.5618376753507082e-05,8.062228456913804e-05,5.59118236472946,3.765683528717025e-10,3.765683528717025e-10,3.765683528717025e-11
0.7779559118236427,8.125330661322641e-06,2.9044849699398893e-05,8.276553106212457,2.3597916868286672e-08,2.3597916868286672e-08,2.3597916868286673e-09
0.6227855711422811,2.9044849699398893e-05,6.8629458917835644e-06,3.5871743486973804,3.283021814870707e-10,3.283021814870707e-10,3.283021814870707e-11
0.4187975951903787,7.286763527054108e-05,1.3535551102204397e-05,7.214428857715451,2.6794175597149314e-06,2.6794175597149314e-06,2.679417559714931e-07
0.26711422845691285,2.165088176352709e-05,8.422909819639245e-05,2.7254509018036015,3.5028213468441776e-07,3.5028213468441776e-07,3.502821346844178e-08
0.5600200400801573,2.3634629258517086e-05,6.096515030060155e-05,2.5450901803607175,1.9980794952461943e-09,1.9980794952461943e-09,1.9980794952461943e-10
0.7552905811623202,6.998218436873756e-05,4.635755511022067e-05,1.683366733466935,2.2033761375702947e-08,2.2033761375702947e-08,2.2033761375702947e-09
0.0910220440881764,8.981965931863677e-05,8.585216432865693e-05,3.2665330661322534,1.4453571435466035e-06,1.4453571435466035e-06,1.4453571435466036e-07
0.3037274549098184,5.12267535070143e-05,5.411220440881793e-05,2.024048096192386,2.4701899488522036e-08,2.4701899488522036e-08,2.4701899488522035e-09
0.354288577154307,7.584308617234465e-06,6.168651302605243e-05,5.6513026052104225,5.792172737548809e-07,5.792172737548809e-07,5.7921727375488094e-08
0.45192384769538846,8.20650100200398e-05,1.1732144288577145e-05,5.751503006012027,6.559738570739111e-09,6.559738570739111e-09,6.559738570739111e-10
0.5513026052104179,3.788154308617251e-05,2.4716673346693448e-05,2.064128256513027,3.2088205242547684e-10,3.2088205242547684e-10,3.208820524254768e-11
0.6158116232464895,6.096515030060155e-05,4.5095170340681584e-05,9.318637274549143,1.6578499612501935e-06,1.6578499612501935e-06,1.6578499612501935e-07
0.7047294589178316,6.222753507014059e-05,4.130801603206432e-05,1.7234468937875764,3.941853704763233e-10,3.941853704763233e-10,3.941853704763233e-11
0.847695390781558,8.422909819639245e-05,3.589779559118251e-05,9.879759519038128,6.493565322027256e-07,6.493565322027256e-07,6.493565322027256e-08
0.5966332665330628,8.332739478957885e-05,1.2633847695390771e-05,8.33667334669342,1.7709591457061092e-10,1.7709591457061092e-10,1.7709591457061093e-11
0.5443286573146263,8.368807615230429e-05,4.92430060120243e-05,0.4008016032064129,2.662428093802708e-07,2.662428093802708e-07,2.662428093802708e-08
0.7308817635270498,3.896358717434887e-05,8.3868416833667e-05,3.386773547094176,8.381770750968165e-10,8.381770750968165e-10,8.381770750968166e-11
0.5112024048096165,2.7962805611222532e-05,8.242569138276525e-05,8.877755511022084,2.38383935162554e-10,2.38383935162554e-10,2.3838393516255397e-11
0.6559118236472908,8.585216432865693e-05,6.06044689378761e-05,9.278557114228501,5.408246526943056e-07,5.408246526943056e-07,5.4082465269430566e-08
0.6663727454909781,5.970276553106246e-05,6.619503006012043e-05,9.098196392785614,2.1811489473271364e-06,2.1811489473271364e-06,2.1811489473271363e-07
0.8930260521042029,2.5438036072144355e-05,5.284981963927884e-05,0.5210420841683369,8.630314692361701e-09,8.630314692361701e-09,8.630314692361702e-10
0.324649298597193,5.0325050100200664e-05,6.926082164328668e-05,8.937875751503046,9.737127401351965e-08,9.737127401351965e-08,9.737127401351965e-09
0.18342685370741446,1.6601342685370737e-05,4.491482965931886e-05,2.244488977955911,6.101838383410455e-06,6.101838383410455e-06,6.101838383410455e-07
0.43274549098196174,7.593342685370732e-05,4.058665330661341e-05,8.056112224448928,1.4694032735283116e-07,1.4694032735283116e-07,1.4694032735283116e-08
0.6611422845691345,7.611376753507004e-05,6.511298597194411e-05,5.631262525050102,3.229296625390487e-09,3.229296625390487e-09,3.229296625390487e-10
0.7814428857715384,6.042412825651337e-05,3.265166332665343e-05,8.757515030060159,1.5033819951510772e-07,1.5033819951510772e-07,1.503381995151077e-08
0.2932665330661311,4.4373807615230676e-05,1.4797935871743473e-05,0.5611222444889782,1.0778232236916957e-09,1.0778232236916957e-09,1.0778232236916957e-10
0.7796993987975905,1.191248496993987e-05,9.207374749498992e-06,3.1462925851703307,8.942933421233391e-07,8.942933421233391e-07,8.942933421233391e-08
0.13286573146292585,3.770120240480978e-05,3.427472945891797e-05,9.378757515030106,1.0025861619226328e-06,1.0025861619226328e-06,1.0025861619226328e-07
0.8895390781563072,9.027034068136267e-06,1.6060320641282557e-05,6.933867735470959,1.060185126784533e-08,1.060185126784533e-08,1.0601851267845331e-09
0.2008617234468933,3.1569619238477067e-05,7.76464929859719e-06,8.857715430861763,4.1262656596768024e-10,4.1262656596768024e-10,4.126265659676802e-11
0.11543086172344695,1.6060320641282557e-05,4.816096192384794e-05,9.69939879759524,1.6747444271363853e-08,1.6747444271363853e-08,1.6747444271363853e-09
0.5321242484969911,7.954024048096172e-05,6.348991983967963e-05,9.859719438877807,2.569357414732162e-09,2.569357414732162e-09,2.569357414732162e-10
0.727394789579154,5.1407094188377025e-05,3.084825651302616e-05,5.350701402805609,8.109687488956145e-08,8.109687488956145e-08,8.109687488956145e-09
0.5879158316633234,5.537458917835702e-05,6.745741482965948e-05,3.607214428857701,1.7936329205584844e-08,1.7936329205584844e-08,1.7936329205584843e-09
0.42402805611222233,3.319268537074161e-05,5.212845691382793e-05,8.396793587174383,5.851198383420681e-09,5.851198383420681e-09,5.851198383420681e-10
0.2706012024048086,1.1732144288577145e-05,4.2209719438877954e-05,0.7815631262525055,8.40344736732859e-06,8.40344736732859e-06,8.40344736732859e-07
0.25490981963927767,8.855727454909773e-05,3.211064128256525e-05,5.050100200400796,1.940536917638263e-10,1.940536917638263e-10,1.940536917638263e-11
0.5460721442885742,8.29667134268534e-05,1.4437254509018023e-05,6.713426853707429,1.6961863549009102e-06,1.6961863549009102e-06,1.6961863549009102e-07
0.7709819639278511,6.511298597194411e-05,2.5347695390781566e-06,0.6212424849699402,1.5737147962828574e-07,1.5737147962828574e-07,1.5737147962828573e-08
0.6942685370741443,4.004563126252523e-05,2.868416833667344e-05,2.845691382765524,1.3106879132369401e-07,1.3106879132369401e-07,1.3106879132369401e-08
0.18691382765531023,1.5158617234468924e-05,7.04328657314629e-06,8.677354709418875,5.986502451821476e-09,5.986502451821476e-09,5.986502451821476e-10
0.8494388777555059,5.212845691382793e-05,6.042412825651337e-05,5.551102204408818,6.910440418427994e-08,6.910440418427994e-08,6.9104404184279935e-09
0.7395991983967892,6.835911823647308e-05,8.125330661322641e-06,9.038076152304651,5.533307704168443e-07,5.533307704168443e-07,5.533307704168443e-08
0.15727454909819621,4.65378957915834e-05,8.765557114228413e-05,9.298597194388822,2.4859527061752755e-07,2.4859527061752755e-07,2.4859527061752755e-08
0.383927855711421,7.250695390781564e-05,1.7863727454909826e-05,6.132264529058124,2.6455463535232158e-08,2.6455463535232158e-08,2.6455463535232157e-09
0.32813627254508876,9.568056112224443e-06,1.7503046092184372e-05,4.529058116232453,6.643723588577598e-07,6.643723588577598e-07,6.643723588577598e-08
0.6716032064128218,1.4527254509018034e-06,6.150617234468971e-05,8.637274549098233,1.1765763050734954e-06,1.1765763050734954e-06,1.1765763050734954e-07
0.3961322645290562,8.440943887775517e-05,2.6520080160320717e-05,2.4849699398797562,5.19950869239506e-06,5.19950869239506e-06,5.199508692395061e-07
0.03523046092184369,1.3355210420841672e-05,4.293108216432886e-05,1.8837675350701417,6.823083764576323e-10,6.823083764576323e-10,6.823083764576324e-11
0.049178356713426866,3.842256513026069e-05,1.272384769539078e-06,7.154308617234489,1.647337980651232e-07,1.647337980651232e-07,1.647337980651232e-08
0.6925250501001964,3.661915831663342e-05,1.0109078156312618e-05,5.230460921843684,1.5283934734759824e-08,1.5283934734759824e-08,1.5283934734759824e-09
0.5757114228456882,2.4897014028056175e-05,7.196593186372748e-05,3.6272545090180213,1.2568499060793791e-10,1.2568499060793791e-10,1.2568499060793792e-11
0.05440881763527056,1.9126112224448914e-05,8.666352705410816e-06,9.138276553106255,2.104902375953338e-08,2.104902375953338e-08,2.104902375953338e-09
0.27583166332665227,2.895450901803608e-06,7.431036072144284e-05,2.885771543086165,1.315649183163909e-10,1.315649183163909e-10,1.3156491831639089e-11
0.7587775551102159,4.45541482965934e-05,4.365244488977977e-05,9.839679358717486,2.797534020263893e-10,2.797534020263893e-10,2.797534020263893e-11
0.6036072144288543,7.322831663326652e-05,4.2750741482966134e-05,5.430861723446893,1.142692151060895e-07,1.142692151060895e-07,1.142692151060895e-08
0.7082164328657273,6.348991983967963e-05,8.855727454909773e-05,0.12024048096192383,2.8988700155972077e-08,2.8988700155972077e-08,2.8988700155972076e-09
0.5390981963927827,4.816096192384794e-05,8.513080160320605e-05,7.254509018036093,2.3211747471134193e-07,2.3211747471134193e-07,2.3211747471134193e-08
0.4344889779559096,5.284981963927884e-05,8.170432865731437e-05,1.2424849699398806,2.8047688962243757e-06,2.8047688962243757e-06,2.804768896224376e-07
0.7291382765531019,7.791717434869724e-05,6.222753507014059e-05,9.759519038076203,6.518145033204574e-10,6.518145033204574e-10,6.518145033204574e-11
0.8128256513026003,6.186685370741515e-05,4.419346693386795e-05,9.819639278557165,7.876137060747666e-09,7.876137060747666e-09,7.876137060747665e-10
0.15204408817635257,3.977494989979961e-06,1.155180360721442e-05,5.791583166332669,2.4143598957465273e-08,2.4143598957465273e-08,2.414359895746527e-09
0.4972545090180334,2.2372244488977998e-05,4.6718236472946126e-05,5.911823647294594,8.161436965110303e-07,8.161436965110303e-07,8.161436965110304e-08
0.03697394789579159,3.4364729458917847e-06,3.9143927855711596e-05,1.6232464929859731,6.8407293640032075e-06,6.8407293640032075e-06,6.840729364003207e-07
0.05266533066132266,2.8503827655310713e-05,2.5618376753507082e-05,6.392785571142295,4.579262886226917e-08,4.579262886226917e-08,4.579262886226917e-09
0.5704809619238446,8.909829659318589e-05,7.701547094188364e-05,5.571142284569139,3.42365225221448e-07,3.42365225221448e-07,3.4236522522144795e-08
0.7099599198396752,1.4437254509018023e-05,5.303016032064157e-05,6.1723446893787655,1.0428356694758392e-07,1.0428356694758392e-07,1.0428356694758392e-08
0.09625250501002008,5.86207214428861e-05,2.7241442885771624e-05,8.737474949899838,3.4806108990350904e-08,3.4806108990350904e-08,3.4806108990350904e-09
0.8075951903807567,7.84581963927854e-05,7.737615230460908e-05,2.565130260521038,1.6162002728487966e-10,1.6162002728487966e-10,1.6162002728487966e-11
0.6646292585170303,4.0406312625250685e-05,5.627629258517065e-05,3.0060120240480876,9.836354454798719e-10,9.836354454798719e-10,9.836354454798719e-11
0.7169338677354667,4.022597194388796e-05,5.447288577154338e-05,9.338677354709464,1e-10,1e-10,1.0000000000000001e-11
0.2723446893787565,6.0784809619238824e-05,8.458977955911789e-05,2.9458917835671263,4.824083001835878e-07,4.824083001835878e-07,4.824083001835878e-08
0.69775551102204,2.50773547094189e-05,8.747523046092141e-05,4.328657314629244,4.430614012294001e-06,4.430614012294001e-06,4.430614012294001e-07
0.3159318637274536,5.050539078156339e-05,3.7520861723447054e-05,0.8416833667334674,7.187864777930511e-09,7.187864777930511e-09,7.187864777930511e-10
0.09276553106212429,8.657352705410781e-05,2.50773547094189e-05,7.595190380761548,1.0709890365931138e-10,1.0709890365931138e-10,1.0709890365931137e-11
0.056152304609218454,5.771901803607247e-05,2.056883767535073e-05,1.0220440881763533,9.301953603195098e-08,9.301953603195098e-08,9.301953603195097e-09
0.6402204408817599,2.4716673346693448e-05,5.12267535070143e-05,4.949899799599192,6.668871685016272e-10,6.668871685016272e-10,6.668871685016273e-11
0.42228456913827445,6.601468937875771e-05,7.917955911823628e-05,5.851703406813631,3.136296295760125e-10,3.136296295760125e-10,3.136296295760125e-11
0.16076152304609198,1.2994529058116221e-05,9.117034068136272e-07,1.2024048096192392,1.8775445464206673e-08,1.8775445464206673e-08,1.8775445464206674e-09
0.41356713426853503,7.737615230460908e-05,6.547366733466955e-05,6.232464929859728,3.104658005213131e-08,3.104658005213131e-08,3.104658005213131e-09
0.6210420841683332,1.2814188376753496e-05,4.022597194388796e-05,3.7274549098196235,7.025408092178572e-09,7.025408092178572e-09,7.025408092178571e-10
0.5408416833667306,2.97662124248498e-05,4.45541482965934e-05,4.68937875751502,1.0534627781133267e-09,1.0534627781133267e-09,1.0534627781133268e-10
0.17645290581162293,2.0388496993988002e-05,7.016252505010028e-05,4.569138276553095,2.9173682629033395e-07,2.9173682629033395e-07,2.9173682629033396e-08
0.8721042084168283,4.5095170340681584e-05,2.0388496993988002e-05,8.036072144288607,9.456708423776946e-09,9.456708423776946e-09,9.456708423776946e-10
0.19214428857715388,4.112767535070159e-05,1.7142364729458918e-05,2.785571142284563,2.2831897564135424e-06,2.2831897564135424e-06,2.2831897564135425e-07
0.6332464929859684,6.204719438877787e-05,1.0830440881763519e-05,3.2264529058116125,9.24297241786789e-09,9.24297241786789e-09,9.24297241786789e-10
0.2601402805611213,3.24713226452907e-05,5.735833667334701e-05,3.026052104208408,2.3990510891740275e-09,2.3990510891740275e-09,2.3990510891740275e-10
0.7326252505009977,8.945897795591133e-05,5.4292545090180656e-05,7.314629258517056,3.034488008210854e-08,3.034488008210854e-08,3.034488008210854e-09
0.36997995991983795,1.7503046092184372e-05,6.330957915831691e-05,3.426853707414817,5.829133706189185e-06,5.829133706189185e-06,5.829133706189185e-07
0.190400801603206,2.868416833667344e-05,2.9405531062124347e-05,9.539078156312673,1.610105634618289e-07,1.610105634618289e-07,1.610105634618289e-08
0.3525450901803591,2.002781563126255e-05,2.354428857715431e-06,0.26052104208416826,1.049490204522194e-06,1.049490204522194e-06,1.049490204522194e-07
0.5896593186372713,8.278637274549069e-05,1.4978276553106199e-05,7.114228456913847,2.8696268309097724e-06,2.8696268309097724e-06,2.8696268309097723e-07
0.10322645290581167,5.014470941883794e-05,7.0342865731463e-05,2.8256513026052037,2.3299609534649055e-10,2.3299609534649055e-10,2.3299609534649055e-11
0.8668737474949847,5.39318637274552e-05,4.834130260521067e-05,5.090180360721438,1.990544802990605e-06,1.990544802990605e-06,1.990544802990605e-07
0.031743486973947896,8.062228456913804e-05,7.070354709418844e-05,7.975951903807645,2.070456586262503e-07,2.070456586262503e-07,2.070456586262503e-08
0.41008016032063926,6.682605210420839e-06,6.980184368737484e-05,8.076152304609248,6.164019704290581e-08,6.164019704290581e-08,6.16401970429058e-09
0.3054709418837663,1.4617595190380748e-05,2.8864509018036166e-05,2.0040080160320657,1.5637362941303773e-08,1.5637362941303773e-08,1.5637362941303773e-09
0.3420841683366718,6.980184368737484e-05,4.157835671342686e-06,0.48096192384769554,9.091715291807655e-08,9.091715291807655e-08,9.091715291807656e-09
0.22527054108216366,1.696202404809619e-05,2.579871743486981e-05,4.4488977955911695,3.56109711472964e-08,3.56109711472964e-08,3.56109711472964e-09
0.8738476953907762,3.5717454909819785e-05,4.7980621242485214e-05,6.873747494989996,4.8548664036142015e-06,4.8548664036142015e-06,4.854866403614201e-07
0.3438276553106197,7.827785571142268e-05,2.4175651302605267e-05,0.9418837675350707,8.575592188679522e-10,8.575592188679522e-10,8.575592188679522e-11
0.4362324649298575,3.301234468937888e-05,3.8061883767535235e-05,8.296593186372778,1.599896387950018e-08,1.599896387950018e-08,1.5998963879500182e-09
0.37172344689378584,2.9946553106212528e-05,4.9603687374749756e-05,8.977955911823688,2.706722400089829e-08,2.706722400089829e-08,2.706722400089829e-09
0.683807615230457,5.3210501002004294e-05,2.2372244488977998e-05,7.63527054108219,3.217119053711171e-06,3.217119053711171e-06,3.217119053711171e-07
0.6506813627254472,8.621284569138237e-05,7.611376753507004e-05,9.218436873747539,2.445271197580611e-06,2.445271197580611e-06,2.445271197580611e-07
0.6471943887775514,4.473448897795613e-05,1.76833867735471e-05,0.38076152304609223,3.0733388750178143e-06,3.0733388750178143e-06,3.073338875017814e-07
0.6524248496993951,1.0289418837675343e-05,3.048757515030071e-05,5.81162324649299,1.865639541560769e-09,1.865639541560769e-09,1.8656395415607688e-10
0.23573146292585095,5.339084168336702e-05,9.027034068136267e-06,6.95390781563128,1.8050784373158387e-07,1.8050784373158387e-07,1.8050784373158388e-08
0.579198396793584,4.18490380761525e-05,2.0749178356713456e-05,7.895791583166361,1.7530940861852815e-08,1.7530940861852815e-08,1.7530940861852815e-09
0.2636272545090171,6.565400801603227e-05,2.5438036072144355e-05,1.923847695390783,4.4757645741875136e-08,4.4757645741875136e-08,4.475764574187514e-09
0.4048496993987956,2.219190380761527e-05,3.3914048096192516e-05,0.04008016032064128,1.8586042760275588e-06,1.8586042760275588e-06,1.8586042760275588e-07
0.6698597194388739,3.4635410821643424e-05,2.922519038076162e-05,0.6012024048096195,8.543253911746649e-07,8.543253911746649e-07,8.543253911746649e-08
0.5948897795591149,8.729488977955869e-05,6.475230460921867e-05,0.4408817635270542,1.2648701071454006e-09,1.2648701071454006e-09,1.2648701071454006e-10
0.4484368737474927,7.809751503005996e-05,5.6095951903807925e-05,6.773547094188392,2.0236611156478834e-07,2.0236611156478834e-07,2.0236611156478835e-08
0.07358717434869742,5.807969939879792e-05,8.278637274549069e-05,1.5631262525050111,8.740809512478927e-07,8.740809512478927e-07,8.740809512478927e-08
0.6297595190380726,2.2552585170340725e-05,2.3634629258517086e-05,5.390781563126251,4.248621467388963e-09,4.248621467388963e-09,4.2486214673889635e-10
0.5652505010020009,4.996436873747521e-05,6.132583166332699e-05,6.3326653306613325,2.543438283138544e-07,2.543438283138544e-07,2.543438283138544e-08
0.15378757515030045,7.539240480961916e-05,5.158743486973975e-05,1.3827655310621252,3.2915122408795002e-06,3.2915122408795002e-06,3.2915122408795e-07
0.6245290581162289,2.7061102204408897e-05,3.0757915831663335e-06,1.3026052104208425,3.6203424054044113e-09,3.6203424054044113e-09,3.6203424054044115e-10
0.30024048096192263,4.689857715430885e-05,6.601468937875771e-05,8.717434869739517,1.1961507797225564e-07,1.1961507797225564e-07,1.1961507797225564e-08
0.3124448897795578,4.698857715430862e-06,7.881887775551084e-05,0.9018036072144294,3.7276961135130846e-08,3.7276961135130846e-08,3.727696113513085e-09
0.4763326653306588,7.016252505010028e-05,7.9359899799599e-05,6.993987975951922,8.773895585016613e-10,8.773895585016613e-10,8.773895585016612e-11
0.09799599198396798,6.367026052104235e-05,4.780028056112249e-05,8.617234468937912,8.79658629969176e-06,8.79658629969176e-06,8.796586299691759e-07
0.8965130260520987,3.481575150300615e-05,3.896358717434887e-05,0.9619238476953914,5.286011922698089e-07,5.286011922698089e-07,5.286011922698089e-08
0.2845490981963917,2.633973947895799e-05,8.02616032064126e-05,9.599198396793636,1.2362821172677301e-09,1.2362821172677301e-09,1.23628211726773e-10
0.2740881763527044,5.239879759519038e-06,8.314705410821613e-05,1.0621242484969946,3.86272567641626e-06,3.86272567641626e-06,3.86272567641626e-07
0.5286372745490954,8.044194388777532e-05,3.4364729458917847e-06,8.016032064128286,1.3190516649849534e-06,1.3190516649849534e-06,1.3190516649849534e-07
0.4466933867735448,7.719581162324636e-05,7.629410821643276e-05,2.1242484969939883,2.09155575626162e-09,2.09155575626162e-09,2.09155575626162e-10
0.6907815631262485,6.67360521042086e-05,1.8044068136272553e-05,7.094188376753526,1.0362233290459696e-08,1.0362233290459696e-08,1.0362233290459697e-09
0.713446893787571,6.0243787575150643e-05,2.4355991983967994e-05,0.8617234468937881,1.4037323854718723e-07,1.4037323854718723e-07,1.4037323854718723e-08
0.49551102204408554,2.2732925851703452e-05,5.7899358717435194e-05,9.719438877755561,1.3460724700541052e-10,1.3460724700541052e-10,1.3460724700541052e-11
0.31941883767534934,8.549148296593149e-05,7.268729458917836e-05,7.014028056112243,3.003876738033687e-06,3.003876738033687e-06,3.003876738033687e-07
0.04569138276553107,1.5519298597194376e-05,1.3715891783567122e-05,5.871743486973952,3.852761810524898e-10,3.852761810524898e-10,3.852761810524898e-11
0.03348697394789579,6.475230460921867e-05,3.950460921843705e-05,2.5050100200400767,1.6641253232742929e-09,1.6641253232742929e-09,1.664125323274293e-10
0.8285170340681313,4.834130260521067e-05,3.193030060120252e-05,3.5070140280560986,4.232600055156151e-06,4.232600055156151e-06,4.232600055156151e-07
0.861643286573141,8.477012024048061e-05,1.1010781563126244e-05,1.6633266533066144,5.101228446154385e-09,5.101228446154385e-09,5.101228446154385e-10
0.18517034068136234,6.150617234468971e-05,5.7177995991984286e-05,4.849699398797587,2.751753622267373e-09,2.751753622267373e-09,2.751753622267373e-10
0.5216633266533038,7.052320641282572e-05,7.30479759519038e-05,9.519038076152352,4.5502270122077455e-09,4.5502270122077455e-09,4.5502270122077453e-10
0.48330661322645035,4.293108216432886e-05,6.637537074148315e-05,5.1302605210420795,5.554252608620607e-10,5.554252608620607e-10,5.5542526086206076e-11
0.608837675350698,6.457196392785595e-05,3.7068136272545095e-07,4.729458917835662,1.9455554603241263e-06,1.9455554603241263e-06,1.9455554603241262e-07
0.4989979959919813,7.467104208416828e-05,5.8981402805611555e-05,1.102204408817636,9.361311158813752e-07,9.361311158813752e-07,9.361311158813752e-08
0.1694789579158314,5.3751523046092475e-05,2.9585871743487074e-05,9.438877755511069,7.070238572888788e-08,7.070238572888788e-08,7.070238572888788e-09
0.6960120240480921,8.711454909819597e-05,8.603250501001965e-05,8.11623246492989,2.7413768495932584e-06,2.7413768495932584e-06,2.7413768495932586e-07
0.4571543086172321,5.0866072144288845e-05,1.4617595190380748e-05,5.9919839679358775,5.2191900870658066e-09,5.2191900870658066e-09,5.219190087065806e-10
0.16424849699398775,1.0830440881763519e-05,5.86207214428861e-05,1.743486973947897,8.244606806538764e-09,8.244606806538764e-09,8.244606806538764e-10
0.7448296593186329,2.922519038076162e-05,5.8440380761523374e-05,1.22244488977956,1.8165969901177153e-06,1.8165969901177153e-06,1.8165969901177153e-07
0.35777555110220277,3.734052104208433e-05,6.94411623246494e-05,1.4028056112224458,3.6900919072811463e-06,3.6900919072811463e-06,3.690091907281146e-07
0.14507014028056103,6.94411623246494e-05,3.797154308617236e-06,0.6813627254509022,7.115355125521681e-07,7.115355125521681e-07,7.115355125521681e-08
0.37869739478957737,2.399531062124254e-05,2.814314629258526e-05,6.653306613226467,9.577783649123128e-07,9.577783649123128e-07,9.577783649123128e-08
0.3769539078156295,2.8864509018036166e-05,1.9126112224448914e-05,4.829659318637266,2.306456802499146e-08,2.306456802499146e-08,2.306456802499146e-09
0.5478156312625221,6.727707414829676e-05,1.8404749498998006e-05,9.579158316633315,1.8234732479403994e-09,1.8234732479403994e-09,1.8234732479403993e-10
0.23921843687374672,5.699765531062156e-05,5.420220440881763e-06,8.697394789579196,9.149731276311929e-07,9.149731276311929e-07,9.14973127631193e-08
0.5356112224448869,1.642100200400801e-05,3.120893787575161e-05,7.274549098196414,2.8333511404222655e-08,2.8333511404222655e-08,2.8333511404222654e-09
0.6576553106212387,3.607813627254524e-05,6.457196392785595e-05,2.6252505010019993,5.682690054358476e-10,5.682690054358476e-10,5.6826900543584764e-11
0.5077154308617208,8.080262525050076e-05,6.240787575150331e-05,6.753507014028071,1.2083402594795315e-09,1.2083402594795315e-09,1.2083402594795315e-10
0.6768336673346654,4.3832785571142496e-05,6.0063446893787916e-05,6.4929859719439,6.754253945511699e-08,6.754253945511699e-08,6.754253945511699e-09
0.46412825651302364,3.138927855711434e-05,2.219190380761527e-05,6.813627254509034,3.6666940272290375e-07,3.6666940272290375e-07,3.6666940272290375e-08
0.8982565130260466,8.458977955911789e-05,1.191248496993987e-05,7.034068136272563,4.1790946697504914e-08,4.1790946697504914e-08,4.1790946697504915e-09
0.28977955911823533,2.6700420841683444e-05,6.502264529058114e-06,6.012024048096198,4.402520680793966e-07,4.402520680793966e-07,4.402520680793966e-08
0.1380961923847695,6.385060120240507e-05,2.7782464929859805e-05,5.4709418837675345,8.027878684932169e-06,8.027878684932169e-06,8.027878684932169e-07
0.12240480961923854,4.2209719438877954e-05,2.0208156312625275e-05,7.615230460921869,4.685154510161405e-08,4.685154510161405e-08,4.685154510161405e-09
0.593146292585167,5.248913827655339e-05,7.106422845691388e-05,4.188376753506998,1.724405482432989e-07,1.724405482432989e-07,1.724405482432989e-08
0.21655310621242424,7.773683366733452e-05,5.465322645290611e-05,4.308617234468923,1.6854312935433095e-07,1.6854312935433095e-07,1.6854312935433094e-08
0.09450901803607219,1.984747494989982e-05,1.3355210420841672e-05,4.00801603206411,7.233731926008842e-08,7.233731926008842e-08,7.233731926008842e-09
0.3351102204408803,4.518517034068137e-06,8.891795591182317e-05,7.3747494989980185,1.9332192165558978e-07,1.9332192165558978e-07,1.9332192165558978e-08
0.07881763527054111,8.765557114228413e-05,7.899921843687356e-05,5.3106212424849675,3.445499235939485e-06,3.445499235939485e-06,3.445499235939485e-07
0.11717434869739485,8.314705410821613e-05,3.409438877755524e-05,3.346693386773535,2.6895598015305057e-09,2.6895598015305057e-09,2.689559801530506e-10
0.16599198396793563,7.76464929859719e-06,4.996436873747521e-05,4.22845691382764,2.2543273677448226e-08,2.2543273677448226e-08,2.2543273677448224e-09
0.0875350701402806,5.735833667334701e-05,7.322831663326652e-05,9.198396793587218,2.553065810590191e-10,2.553065810590191e-10,2.553065810590191e-11
0.05092184368737476,2.0929519038076183e-05,6.5834348697395e-05,2.4448897795591154,1.5090726586614084e-10,1.5090726586614084e-10,1.5090726586614084e-11
0.8860521042084114,3.3373026052104336e-05,5.248913827655339e-05,6.292585170340691,6.086098746574678e-10,6.086098746574678e-10,6.086098746574678e-11
0.39961923847695197,8.008126252504988e-05,9.387715430861717e-06,4.749498997995983,1.3948316960565968e-08,1.3948316960565968e-08,1.3948316960565967e-09
0.877334669338672,8.188466933867709e-05,6.367026052104235e-05,3.3667334669338556,1.920961193590632e-08,1.920961193590632e-08,1.920961193590632e-09
0.6001202404809586,7.232661322645292e-05,6.312923847695419e-05,0.0,1.0296529156878686e-09,1.0296529156878686e-09,1.0296529156878686e-10
0.12066132264529064,6.168651302605243e-05,5.573527054108247e-05,6.5130260521042205,3.8138959681188295e-08,3.8138959681188295e-08,3.81389596811883e-09
0.519919839679356,6.817877755511036e-05,7.178559118236476e-05,4.809619238476945,1.908780895451251e-09,1.908780895451251e-09,1.908780895451251e-10
0.6367334669338641,4.599687374749522e-05,7.223627254509015e-06,5.671342685370743,1.7354092455884483e-06,1.7354092455884483e-06,1.7354092455884483e-07
0.4606412825651279,8.260603206412797e-05,3.1749959919839793e-05,7.7154308617234735,8.007170844585868e-10,8.007170844585868e-10,8.007170844585868e-11
0.5303807615230433,1.227316633266532e-05,2.742178356713435e-05,4.148296593186356,3.9269891037037604e-07,3.9269891037037604e-07,3.92698910370376e-08
0.6053507014028022,7.972058116232444e-05,8.846693386773542e-06,3.4468937875751373,4.504325289063267e-07,4.504325289063267e-07,4.504325289063267e-08
0.17470941883767505,7.39496793587174e-05,8.963931863727405e-05,5.210420841683363,1.6265135577434376e-09,1.6265135577434376e-09,1.6265135577434377e-10
0.34034068136272394,1.0469759519038069e-05,3.5717454909819785e-05,1.0821643286573153,5.166540006581435e-07,5.166540006581435e-07,5.166540006581435e-08
0.4780761523046067,3.6258476953907966e-05,7.75564929859718e-05,3.1863727454909716,6.954537268292439e-07,6.954537268292439e-07,6.95453726829244e-08
0.5669939879759488,5.9612424849699384e-06,1.2092825651302595e-05,1.5230460921843698,3.196720167281389e-07,3.196720167281389e-07,3.196720167281389e-08
0.2514228456913819,7.268729458917836e-05,1.8945771543086187e-05,3.0460921843687285,1.377199270006178e-10,1.377199270006178e-10,1.3771992700061781e-11
0.7988777555110173,8.927863727454861e-05,7.340865731462924e-05,6.372745490981974,7.1422884610987e-10,7.1422884610987e-10,7.1422884610987e-11
0.4693587174348673,6.655571142284587e-05,1.0469759519038069e-05,5.290581162324647,6.980861869485984e-10,6.980861869485984e-10,6.980861869485984e-11
0.30721442885771416,4.761993987975976e-05,3.5176432865731605e-05,8.917835671342726,5.133780366335107e-08,5.133780366335107e-08,5.1337803663351075e-09
0.8442084168336622,1.5699639278557103e-05,5.2669478957916114e-05,4.348697394789565,4.954318458610342e-10,4.954318458610342e-10,4.954318458610342e-11
0.22701402805611154,5.8981402805611555e-05,4.870198396793612e-05,7.695390781563153,3.1563096058403076e-09,3.1563096058403076e-09,3.156309605840308e-10
0.7465731462925808,7.4851382765531e-05,8.981965931863677e-05,6.252505010020049,1.173541337152713e-10,1.173541337152713e-10,1.1735413371527131e-11
0.8302605210420791,6.5834348697395e-05,5.645663326653338e-05,6.452905811623258,8.685386390868373e-08,8.685386390868373e-08,8.685386390868373e-09
0.1781963927855708,3.797154308617236e-06,8.134364729458892e-05,5.450901803607214,1.512975364909728e-06,1.512975364909728e-06,1.512975364909728e-07
0.20260521042084118,4.6177214428857945e-05,2.1740881763527053e-06,1.5030060120240492,1.811911094637567e-10,1.811911094637567e-10,1.811911094637567e-11
0.8459519038076101,2.579871743486981e-05,4.473448897795613e-05,8.416833667334704,1.6918110575635466e-10,1.6918110575635466e-10,1.6918110575635466e-11
0.26537074148296497,7.449070140280556e-05,8.440943887775517e-05,6.6733466933867875,2.21743630462915e-07,2.21743630462915e-07,2.21743630462915e-08
0.3664929859719422,4.7439599198397034e-05,3.1028597194388886e-05,4.288577154308602,2.851431299180209e-07,2.851431299180209e-07,2.851431299180209e-08
0.7640080160320596,6.547366733466955e-05,2.6700420841683444e-05,1.042084168336674,1.2810643711951653e-07,1.2810643711951653e-07,1.2810643711951653e-08
0.5861723446893755,9.928737474949893e-06,5.014470941883794e-05,4.889779559118229,6.37082503316838e-10,6.37082503316838e-10,6.37082503316838e-11
0.8267735470941834,1.3174869739478947e-05,4.0406312625250685e-05,0.1002004008016032,4.2757327383983625e-08,4.2757327383983625e-08,4.275732738398362e-09
0.3630060120240464,6.258821643286603e-05,8.657352705410781e-05,1.9639278557114244,3.3462724996390475e-07,3.3462724996390475e-07,3.3462724996390477e-08
0.35080160320641124,2.9405531062124347e-05,6.114549098196427e-05,1.983967935871745,7.448233168919441e-07,7.448233168919441e-07,7.448233168919442e-08
0.23398797595190307,4.870198396793612e-05,1.5158617234468924e-05,3.787575150300585,4.017797442009687e-07,4.017797442009687e-07,4.017797442009687e-08
0.1886573146292581,8.3868416833667e-05,8.20650100200398e-05,7.675350701402832,3.401943794335867e-08,3.401943794335867e-08,3.401943794335867e-09
0.5739679358717403,3.9865290581162504e-05,2.3093607214428906e-05,5.891783567134273,2.9470979608537566e-09,2.9470979608537566e-09,2.9470979608537566e-10
0.8843086172344635,1.3535551102204397e-05,1.6240661322645284e-05,3.747494989979944,2.036574486575053e-06,2.036574486575053e-06,2.036574486575053e-07
0.061382765531062145,3.084825651302616e-05,7.990092184368716e-05,6.73346693386775,3.606690212911828e-06,3.606690212911828e-06,3.6066902129118283e-07
0.3455711422845676,4.888232464929885e-05,6.962150300601212e-05,5.170340681362721,2.3359866097639786e-06,2.3359866097639786e-06,2.3359866097639786e-07
0.3752104208416816,1.0650100200400794e-05,6.0784809619238824e-05,6.973947895791601,2.3900043461863924e-06,2.3900043461863924e-06,2.3900043461863924e-07
0.8110821643286524,4.401312625250522e-05,8.675386773547053e-05,3.707414829659303,4.842343319704456e-10,4.842343319704456e-10,4.842343319704456e-11
0.27757515030060015,3.932426853707432e-05,1.533895791583165e-05,5.511022044088176,3.597386788179242e-10,3.597386788179242e-10,3.597386788179242e-11
0.6820641282565091,8.567182364729421e-05,4.879198396793587e-06,6.072144288577161,7.620467330900357e-07,7.620467330900357e-07,7.620467330900357e-08
0.3978757515030041,6.529332665330683e-05,4.3832785571142496e-05,6.613226452905825,1.385987443518386e-09,1.385987443518386e-09,1.385987443518386e-10
0.7919038076152257,1.6330661322645289e-06,7.449070140280556e-05,3.0861723446893694,5.186096606823377e-10,5.186096606823377e-10,5.186096606823377e-11
0.7901603206412778,3.2290981963927974e-05,3.301234468937888e-05,5.110220440881759,9.962290327919802e-08,9.962290327919802e-08,9.962290327919802e-09
0.6785771543086133,5.8440380761523374e-05,3.499609218436888e-05,6.472945891783579,1.3807609303181489e-06,1.3807609303181489e-06,1.380760930318149e-07
0.7953907815631215,8.837693386773501e-05,8.152398797595164e-05,8.55711422845695,3.30397140871801e-09,3.30397140871801e-09,3.30397140871801e-10
0.07533066132264532,7.431036072144284e-05,5.339084168336702e-05,2.0841683366733474,7.669094999101012e-06,7.669094999101012e-06,7.669094999101012e-07
0.28803607214428745,7.340865731462924e-05,2.1831222444889817e-05,5.611222444889781,1.7309327731598611e-10,1.7309327731598611e-10,1.7309327731598612e-11
0.54955911823647,2.0208156312625275e-05,7.809751503005996e-05,3.667334669338662,7.354078138654125e-09,7.354078138654125e-09,7.354078138654125e-10
0.5094589178356687,4.0947334669338865e-05,3.24713226452907e-05,0.8216432865731468,6.242938292164014e-06,6.242938292164014e-06,6.242938292164014e-07
0.6855511022044048,3.6799498997996147e-05,6.186685370741515e-05,6.573146292585183,6.266569319574902e-09,6.266569319574902e-09,6.266569319574902e-10
0.29849699398797475,4.978402805611248e-05,5.988310621242519e-05,0.5010020040080162,1.4508281689963598e-09,1.4508281689963598e-09,1.4508281689963597e-10
0.22875751503005942,6.8629458917835644e-06,3.138927855711434e-05,3.987975951903789,5.252494743172759e-08,5.252494743172759e-08,5.252494743172759e-09
0.4153106212424829,6.132583166332699e-05,1.2994529058116221e-05,8.176352705410853,1.0467830540465593e-10,1.0467830540465593e-10,1.0467830540465593e-11
0.06486973947895794,5.753867735470974e-05,6.385060120240507e-05,9.058116232464972,3.358938948266701e-10,3.358938948266701e-10,3.358938948266701e-11
0.17296593186372716,5.627629258517065e-05,1.9034068136272548e-07,2.164328657314629,1.1282470858183015e-09,1.1282470858183015e-09,1.1282470858183015e-10
0.2427054108216425,1.6781683366733464e-05,4.6177214428857945e-05,4.869739478957908,1.123992503055137e-06,1.123992503055137e-06,1.123992503055137e-07
0.7570340681362681,3.355336673346706e-05,4.725925851703431e-05,6.893787575150317,5.888536006063764e-08,5.888536006063764e-08,5.888536006063764e-09
0.24444889779559037,1.119112224448897e-05,4.202937875751523e-05,4.609218436873737,6.124935313629392e-09,6.124935313629392e-09,6.124935313629392e-10
0.772725450901799,5.645663326653338e-05,1.2453507014028046e-05,3.1262525050100103,2.9961282651988997e-10,2.9961282651988997e-10,2.9961282651988996e-11
0.3734669338677337,5.230879759519066e-05,8.477012024048061e-05,5.490981963927855,6.063148267776576e-07,6.063148267776576e-07,6.063148267776576e-08
0.45889779559118,1.876543086172346e-05,4.166869739478977e-05,6.432865731462937,1.302377193788689e-08,1.302377193788689e-08,1.302377193788689e-09
0.5774549098196361,2.715110220440882e-06,5.6636973947896105e-05,2.6452905811623197,1.9779232939038465e-07,1.9779232939038465e-07,1.9779232939038466e-08
0.4379759519038054,8.495046092184333e-05,5.519424849699429e-05,3.9679358717434687,2.0313211611354781e-10,2.0313211611354781e-10,2.031321161135478e-11
0.8703607214428805,9.748396793587168e-06,3.6799498997996147e-05,7.755511022044115,1.3240445937298617e-09,1.3240445937298617e-09,1.3240445937298618e-10
0.7012424849699358,8.747523046092141e-05,7.57530861723446e-05,0.32064128256513025,4.2057622768873556e-07,4.2057622768873556e-07,4.2057622768873555e-08
0.38044088176352525,4.3291763527054315e-05,7.827785571142268e-05,7.555110220440906,2.672506026391465e-10,2.672506026391465e-10,2.672506026391465e-11
0.6175551102204374,4.7980621242485214e-05,2.399531062124254e-05,3.3066132264528942,1.1543368559592538e-09,1.1543368559592538e-09,1.1543368559592538e-10
0.14332665330661315,4.311142284569159e-05,8.783591182364685e-05,7.334669338677377,5.963927547384928e-06,5.963927547384928e-06,5.963927547384928e-07
0.5129458917835644,3.553711422845706e-05,1.119112224448897e-05,9.899799599198449,6.711427038315516e-09,6.711427038315516e-09,6.711427038315515e-10
0.10671342685370747,7.196593186372748e-05,4.5636192384769765e-05,7.434869739478981,4.5213752468542977e-10,4.5213752468542977e-10,4.5213752468542977e-11
0.07010020040080163,2.688076152304617e-05,5.771901803607247e-05,0.2805611222444889,1.1168655689768682e-07,1.1168655689768682e-07,1.1168655689768682e-08
0.638476953907812,1.587997995991983e-05,9.748396793587168e-06,4.669338677354699,2.3748499716013735e-07,2.3748499716013735e-07,2.3748499716013734e-08
0.2095791583166327,6.85394589178358e-05,1e-08,8.256513026052136,1.0669503720559728e-07,1.0669503720559728e-07,1.0669503720559728e-08
0.4170541082164308,8.134364729458892e-05,1.9486793587174368e-05,6.793587174348713,1.5796716864117503e-10,1.5796716864117503e-10,1.5796716864117504e-11
0.6994989979959879,7.990092184368716e-05,8.693420841683325e-05,3.066132264529049,1.965381814410689e-08,1.965381814410689e-08,1.965381814410689e-09
0.17122244488977928,2.1290200400801637e-05,8.801625250500957e-05,8.597194388777591,4.0330057745352055e-10,4.0330057745352055e-10,4.0330057745352053e-11
0.8372344689378707,8.486012024048091e-06,1.4527254509018034e-06,4.929859719438871,1.5897518753683175e-09,1.5897518753683175e-09,1.5897518753683174e-10
0.3333667334669324,6.691639278557132e-05,3.553711422845706e-05,2.6853707414829606,5.4633597389882735e-09,5.4633597389882735e-09,5.463359738988273e-10
0.8389779559118186,8.152398797595164e-05,8.549148296593149e-05,6.533066132264541,7.796684263812391e-07,7.796684263812391e-07,7.796684263812391e-08
0.7500601202404765,4.942334669338703e-05,2.895450901803608e-06,8.957915831663367,4.1107056471825913e-07,4.1107056471825913e-07,4.1107056471825916e-08
0.06835671342685373,3.193030060120252e-05,8.999999999999949e-05,1.4228456913827665,3.380372983948503e-09,3.380372983948503e-09,3.380372983948503e-10
0.8686172344689326,1.1371462925851695e-05,3.6258476953907966e-05,1.7034068136272558,1.7642809168409121e-07,1.7642809168409121e-07,1.7642809168409122e-08
0.8424649298597143,5.104641282565157e-05,2.110985971943891e-05,1.3226452905811632,6.601597524639142e-08,6.601597524639142e-08,6.601597524639142e-09
0.25839679358717343,2.814314629258526e-05,2.715110220440882e-06,1.5430861723446905,1.9015829452872134e-06,1.9015829452872134e-06,1.9015829452872134e-07
0.8790781563126199,1.0920440881763526e-06,1.3896232464929847e-05,0.20040080160320636,3.084972204036884e-09,3.084972204036884e-09,3.084972204036884e-10
0.8215430861723397,8.224535070140253e-05,5.970276553106246e-05,5.37074148296593,7.524135044315824e-09,7.524135044315824e-09,7.524135044315825e-10
0.7221643286573104,2.525769539078163e-05,1.1371462925851695e-05,2.8056112224448833,2.5018160486855433e-06,2.5018160486855433e-06,2.5018160486855434e-07
0.038717434869739484,1.8585090180360733e-05,5.0325050100200664e-05,3.9078156312625074,2.240033284379423e-09,2.240033284379423e-09,2.2400332843794228e-10
0.47458917835671094,3.2832004008016155e-05,5.059539078156312e-06,2.104208416833668,2.1755226933756993e-10,2.1755226933756993e-10,2.1755226933756994e-11
0.19388777555110176,5.826004008016065e-05,6.294889779559147e-05,8.837675350701442,4.084640768561948e-08,4.084640768561948e-08,4.084640768561948e-09
0.295010020040079,7.503172344689372e-05,1.587997995991983e-05,3.6472945891783417,7.826196594533893e-10,7.826196594533893e-10,7.826196594533893e-11
0.7064729458917794,2.6520080160320717e-05,4.9062665330661576e-05,6.412825651302616,1.7134714911793995e-08,1.7134714911793995e-08,1.7134714911793996e-09
0.6280160320641247,4.157835671342686e-06,2.7061102204408897e-05,8.517034068136308,3.4366116018718376e-10,3.4366116018718376e-10,3.4366116018718374e-11
0.45366733466933634,6.276855711422875e-05,2.2732925851703452e-05,5.070140280561117,6.024703475757249e-08,6.024703475757249e-08,6.0247034757572495e-09
0.743086172344685,4.9603687374749756e-05,3.788154308617251e-05,4.028056112224431,1.7822599767437462e-09,1.7822599767437462e-09,1.782259976743746e-10
0.7186773547094146,6.908048096192396e-05,7.972058116232444e-05,7.915831663326682,4.447384955121195e-09,4.447384955121195e-09,4.447384955121195e-10
0.6890380761523006,5.420220440881763e-06,8.350773547094157e-05,8.476953907815666,1.4126898718987808e-06,1.4126898718987808e-06,1.4126898718987808e-07
0.20434869739478906,4.6718236472946126e-05,6.529332665330683e-05,0.5410821643286575,9.89912212506906e-09,9.89912212506906e-09,9.899122125069062e-10
0.39264529058116043,6.312923847695419e-05,5.9612424849699384e-06,7.735470941883794,4.745139032542713e-06,4.745139032542713e-06,4.7451390325427135e-07
0.07184368737474953,7.142490981963932e-05,8.909829659318589e-05,1.8436873747495004,8.48908343705269e-08,8.48908343705269e-08,8.48908343705269e-09
0.7674949899799554,3.643881763527069e-05,1.822440881763528e-05,2.9659318637274468,1.9529198570650123e-09,1.9529198570650123e-09,1.9529198570650122e-10
0.8232865731462876,6.49326452905814e-05,8.729488977955869e-05,1.3426853707414839,8.213516664628277e-06,8.213516664628277e-06,8.213516664628277e-07
0.4449498997995969,2.2011563126252544e-05,3.066791583166343e-05,2.3647294589178336,5.926111887260628e-07,5.926111887260628e-07,5.9261118872606276e-08
0.5565330661322615,4.257040080160341e-05,7.593342685370732e-05,9.739478957915882,4.533068255355657e-06,4.533068255355657e-06,4.533068255355657e-07
0.1991182364729454,6.141583166332664e-06,5.780901803607213e-06,9.418837675350748,2.527311025237083e-08,2.527311025237083e-08,2.5273110252370827e-09
0.06661322645290584,1.4076573146292573e-05,9.928737474949893e-06,4.408817635270528,2.6022531659854646e-07,2.6022531659854646e-07,2.6022531659854647e-08
0.20609218436873694,7.66547895791582e-05,5.880106212424883e-05,1.4829659318637285,9.6140378706701e-10,9.6140378706701e-10,9.6140378706701e-11
0.7936472945891736,1.6240661322645284e-05,1.0289418837675343e-05,1.0020040080160326,5.428718044671095e-10,5.428718044671095e-10,5.428718044671094e-11
0.7204208416833625,3.211064128256525e-05,7.944989979959916e-06,8.897795591182405,3.643444506839694e-08,3.643444506839694e-08,3.6434445068396936e-09
0.4902805611222419,7.944989979959916e-06,8.819659318637229e-05,3.5470941883767395,5.319742981794605e-06,5.319742981794605e-06,5.319742981794605e-07
0.8825651302605156,5.411220440881793e-05,4.4373807615230676e-05,8.236472945891816,2.078293763894782e-10,2.078293763894782e-10,2.078293763894782e-11
0.7151903807615189,3.409438877755524e-05,3.44550701402807e-05,1.2825651302605219,5.7189523929331805e-09,5.7189523929331805e-09,5.71895239293318e-10
0.488537074148294,6.76377555110222e-05,6.998218436873756e-05,3.166332665330651,4.763100528443976e-09,4.763100528443976e-09,4.763100528443976e-10
0.3943887775551083,2.3814969939879813e-05,4.18490380761525e-05,8.436873747495024,7.926396206684818e-08,7.926396206684818e-08,7.926396206684819e-09
0.44320641282564904,3.427472945891797e-05,3.256132264529059e-06,3.6873747494989826,1.547961654699955e-06,1.547961654699955e-06,1.547961654699955e-07
0.8651302605210368,7.863853707414812e-05,7.719581162324636e-05,7.294589178356735,9.396745979765522e-10,9.396745979765522e-10,9.396745979765521e-11
0.10496993987975957,7.30479759519038e-05,2.97662124248498e-05,2.1442885771543088,2.083668568091013e-06,2.083668568091013e-06,2.0836685680910129e-07
0.043947895791583175,1.7142364729458918e-05,8.927863727454861e-05,2.2645290581162314,4.058741160324506e-09,4.058741160324506e-09,4.0587411603245054e-10
0.8337474949899749,2.453633266533072e-05,6.799843687374764e-05,1.7635270541082178,1.460086182679067e-08,1.460086182679067e-08,1.460086182679067e-09
0.5914028056112192,1.9937474949899797e-06,3.6979839679358873e-05,2.605210420841679,5.049768337635864e-07,5.049768337635864e-07,5.049768337635864e-08
0.46238476953907576,8.11633066132262e-05,2.633973947895799e-05,0.5811623246492988,3.4585412817003523e-09,3.4585412817003523e-09,3.4585412817003525e-10
0.8877955911823593,7.413002004008012e-05,5.807969939879792e-05,9.659318637274598,7.16075957555727e-06,7.16075957555727e-06,7.16075957555727e-07
0.11194388777555116,2.5347695390781566e-06,5.230879759519066e-05,6.913827655310638,3.0152471361080205e-09,3.0152471361080205e-09,3.0152471361080204e-10
0.654168336673343,2.1470541082164364e-05,7.863853707414812e-05,9.01803607214433,1.006381192397933e-09,1.006381192397933e-09,1.0063811923979331e-10
0.49376753507013765,5.1948116232465206e-05,3.734052104208433e-05,1.4629258517034078,1.0916227069626075e-07,1.0916227069626075e-07,1.0916227069626075e-08
0.27931863727454803,5.5554929859719744e-05,6.49326452905814e-05,1.6032064128256525,1.6368926536932457e-08,1.6368926536932457e-08,1.6368926536932458e-09
0.8564128256512974,1.4797935871743473e-05,1.9667134268537095e-05,9.078156312625293,2.6121033219565265e-10,2.6121033219565265e-10,2.6121033219565266e-11
0.5547895791583136,3.5176432865731605e-05,5.1407094188377025e-05,9.178356713426897,1.1210931745753224e-10,1.1210931745753224e-10,1.1210931745753223e-11
0.30895791583166204,6.403094188376779e-05,5.753867735470974e-05,6.352705410821653,3.5385171559541083e-09,3.5385171559541083e-09,3.538517155954108e-10
0.38218436873747313,3.0126893787575255e-05,2.0929519038076183e-05,2.525050100200397,1.741978188213289e-09,1.741978188213289e-09,1.741978188213289e-10
0.5844288577154276,4.545585170340704e-05,6.817877755511036e-05,7.995991983967966,6.5350020116956714e-06,6.5350020116956714e-06,6.535002011695672e-07
0.40136272545089985,4.491482965931886e-05,3.661915831663342e-05,1.5831663326653318,2.2773002891194118e-10,2.2773002891194118e-10,2.2773002891194117e-11
0.5146893787575123,5.59156112224452e-05,7.313627254509018e-07,7.835671342685399,2.126352568802807e-10,2.126352568802807e-10,2.126352568802807e-11
0.18168336673346658,5.880106212424883e-05,3.878324649298614e-05,0.02004008016032064,2.010829624931726e-08,2.010829624931726e-08,2.0108296249317262e-09
0.15553106212424833,4.707891783567158e-05,6.890014028056124e-05,8.657314629258554,1.543968701634049e-10,1.543968701634049e-10,1.543968701634049e-11
0.42054108216432656,5.501390781563156e-05,5.068573146292612e-05,7.1943887775551305,1.7755391328152799e-06,1.7755391328152799e-06,1.7755391328152798e-07
0.5983767535070107,6.619503006012043e-05,7.142490981963932e-05,2.2244488977955905,2.880489060700734e-09,2.880489060700734e-09,2.880489060700734e-10
0.6349899799599162,1.0109078156312618e-05,4.888232464929885e-05,1.9438877755511037,2.7343054928428164e-10,2.7343054928428164e-10,2.7343054928428164e-11
0.8912825651302551,5.357118236472975e-05,6.276855711422875e-05,2.464929859719436,4.3304753910871305e-06,4.3304753910871305e-06,4.330475391087131e-07
0.26885771543086073,2.345428857715436e-05,4.761993987975976e-05,8.216432865731495,3.902089122260732e-08,3.902089122260732e-08,3.902089122260732e-09
0.14681362725450892,8.999999999999949e-05,8.873761523046045e-05,5.010020040080154,8.058266142308294e-09,8.058266142308294e-09,8.058266142308294e-10
0.24967935871743402,8.513080160320605e-05,6.321923847695389e-06,0.06012024048096192,7.846436406165732e-06,7.846436406165732e-06,7.846436406165733e-07
0.4397194388777533,7.04328657314629e-06,6.403094188376779e-05,0.9218436873747501,1.1470175165026506e-10,1.1470175165026506e-10,1.1470175165026506e-11
0.7605210420841638,6.781809619238492e-05,3.824222444889796e-05,0.220440881763527,8.297217228816601e-08,8.297217228816601e-08,8.297217228816601e-09
0.13460921843687373,1.533895791583165e-05,6.691639278557132e-05,0.7214428857715435,1.2037836479849065e-06,1.2037836479849065e-06,1.2037836479849065e-07
0.7343687374749456,5.303016032064157e-05,6.835911823647308e-05,2.20440881763527,4.904340346826786e-08,4.904340346826786e-08,4.904340346826786e-09
0.2810621242484959,6.962150300601212e-05,7.12445691382766e-05,6.8537074148296755,1.0128031044122859e-08,1.0128031044122859e-08,1.0128031044122858e-09
0.0892785571142285,8.098296593186348e-05,2.688076152304617e-05,1.6432865731462938,1.8966778293055573e-10,1.8966778293055573e-10,1.896677829305557e-11
0.5007414829659292,5.988310621242519e-05,8.080262525050076e-05,5.731462925851706,1.2859135088694639e-10,1.2859135088694639e-10,1.2859135088694638e-11
0.6140681362725416,4.635755511022067e-05,6.0243787575150643e-05,6.192384769539086,2.1673188686386775e-07,2.1673188686386775e-07,2.1673188686386775e-08
0.22004008016032,2.3273947895791633e-05,7.250695390781564e-05,4.509018036072132,7.279891761183791e-07,7.279891761183791e-07,7.279891761183791e-08
0.7622645290581117,1.8404749498998006e-05,1.9937474949899797e-06,9.799599198396844,1.2006784989695448e-10,1.2006784989695448e-10,1.2006784989695449e-11
0.7849298597194342,1.4256913827655298e-05,6.85394589178358e-05,2.284569138276552,1.8895255194070682e-07,1.8895255194070682e-07,1.8895255194070683e-08
0.7518036072144244,1.8945771543086187e-05,3.968494989979978e-05,4.248496993987961,1.0847010210530333e-08,1.0847010210530333e-08,1.0847010210530334e-09
0.44146292585170116,1.3896232464929847e-05,3.6168136272545103e-06,9.118236472945934,9.799261884703215e-07,9.799261884703215e-07,9.799261884703214e-08
0.04743486973947897,1.8044068136272553e-05,2.002781563126255e-05,0.6613226452905815,6.346800860880272e-07,6.346800860880272e-07,6.346800860880272e-08
0.1590180360721441,5.600561122244488e-06,1.642100200400801e-05,1.3627254509018045,5.589695363142939e-09,5.589695363142939e-09,5.589695363142939e-10
0.12937875751503009,5.934208416833701e-05,4.004563126252523e-05,0.3006012024048096,2.3448288825886378e-09,2.3448288825886378e-09,2.3448288825886376e-10
0.533867735470939,8.783591182364685e-05,9.568056112224443e-06,2.0440881763527066,3.270641647263611e-07,3.270641647263611e-07,3.2706416472636115e-08
0.1799398797595187,6.330957915831691e-05,3.2290981963927974e-05,4.068136272545073,5.755446128467109e-08,5.755446128467109e-08,5.755446128467109e-09
0.7256513026052062,1.2633847695390771e-05,7.286763527054108e-05,1.4428857715430872,1.354662017467082e-09,1.354662017467082e-09,1.3546620174670821e-10
0.7361122244488935,7.629410821643276e-05,8.224535070140253e-05,3.286573146292574,6.203353499968312e-07,6.203353499968312e-07,6.203353499968312e-08
0.3263927855711409,4.202937875751523e-05,7.413002004008012e-05,9.398797595190427,3.0538516600204696e-07,3.0538516600204696e-07,3.05385166002047e-08
0.10148296593186378,2.7602124248497078e-05,2.4897014028056175e-05,8.09619238476957,3.6805733486334386e-10,3.6805733486334386e-10,3.6805733486334384e-11
0.6315030060120205,8.666352705410816e-06,2.2011563126252544e-05,2.4048096192384745,1.3495536314212663e-06,1.3495536314212663e-06,1.3495536314212662e-07
0.5181763527054081,3.6168136272545103e-06,8.098296593186348e-05,4.90981963927855,8.886228686294111e-08,8.886228686294111e-08,8.886228686294111e-09
0.4275150300601181,2.1831222444889817e-05,3.8602905811623416e-05,6.092184368737482,3.7040597953057886e-09,3.7040597953057886e-09,3.704059795305789e-10
0.19563126252504964,5.7177995991984286e-05,1.8585090180360733e-05,7.955911823647324,1.985410210702871e-10,1.985410210702871e-10,1.985410210702871e-11
0.818056112224444,5.2669478957916114e-05,4.347210420841704e-05,3.7675350701402643,2.618858644105754e-06,2.618858644105754e-06,2.618858644105754e-07
0.36823647294589007,7.358899799599196e-05,8.008126252504988e-05,5.691382765531064,2.5596684521755253e-06,2.5596684521755253e-06,2.5596684521755255e-07
0.8197995991983918,1.2092825651302595e-05,5.699765531062156e-05,4.46893787575149,1.149983889528423e-06,1.149983889528423e-06,1.149983889528423e-07
0.11368737474949905,1.7863727454909826e-05,3.1569619238477067e-05,2.344689378757513,2.1399212336501777e-09,2.1399212336501777e-09,2.1399212336501776e-10
0.2217835671342679,8.801625250500957e-05,4.698857715430862e-06,5.531062124248497,3.992321669323289e-08,3.992321669323289e-08,3.992321669323289e-09
0.7535470941883723,3.535677354709433e-05,5.3210501002004294e-05,4.168336673346677,7.976976065901924e-07,7.976976065901924e-07,7.976976065901925e-08
0.8354909819639228,7.160525050100204e-05,2.1290200400801637e-05,7.354709418837698,5.625364284701012e-08,5.625364284701012e-08,5.625364284701012e-09
0.4083366733466914,7.178559118236476e-05,1.984747494989982e-05,7.795591182364757,4.655447205842502e-09,4.655447205842502e-09,4.655447205842502e-10
0.8093386773547045,3.950460921843705e-05,4.338176352705412e-06,2.424849699398795,5.081991880963312e-06,5.081991880963312e-06,5.081991880963312e-07
0.20783567134268482,1.9667134268537095e-05,5.537458917835702e-05,4.428857715430849,1.2941191703766615e-09,1.2941191703766615e-09,1.2941191703766614e-10
0.05963927855711425,8.639318637274509e-05,8.332739478957885e-05,2.705410821643281,5.3398794922546735e-09,5.3398794922546735e-09,5.339879492254674e-10
0.4065931863727435,3.048757515030071e-05,2.8503827655310713e-05,3.486973947895778,3.789713079823497e-09,3.789713079823497e-09,3.789713079823497e-10
0.7866733466933821,6.709673346693404e-05,8.188466933867709e-05,3.807615230460905,6.866623174825301e-09,6.866623174825301e-09,6.866623174825301e-10
0.13635270541082162,7.21462725450902e-05,8.531114228456877e-05,2.3246492985971927,1.24417107131614e-08,1.24417107131614e-08,1.24417107131614e-09
0.8041082164328609,2.8323486973947986e-05,5.826004008016065e-05,3.847695390781546,3.7514832596144537e-07,3.7514832596144537e-07,3.7514832596144536e-08
0.4798196392785546,8.846693386773542e-06,4.076699398797614e-05,1.7835671342685384,2.769313091562781e-08,2.769313091562781e-08,2.769313091562781e-09
0.7762124248496948,7.899921843687356e-05,4.65378957915834e-05,9.779559118236524,2.935984551084556e-06,2.935984551084556e-06,2.9359845510845557e-07
0.06312625250501004,4.347210420841704e-05,8.404875751502973e-05,6.032064128256519,3.967007431657834e-09,3.967007431657834e-09,3.967007431657834e-10
0.28629258517033956,8.963931863727405e-05,1.876543086172346e-05,1.863727454909821,5.697386410995195e-06,5.697386410995195e-06,5.697386410995195e-07
0.6437074148296557,7.701547094188364e-05,1.696202404809619e-05,8.817635270541121,3.9520479767190895e-06,3.9520479767190895e-06,3.9520479767190897e-07
0.5582765531062094,2.7241442885771624e-05,2.1470541082164364e-05,4.629258517034057,6.38730101828493e-06,6.38730101828493e-06,6.38730101828493e-07
0.6803206412825612,8.531114228456877e-05,5.510220440881764e-07,8.537074148296629,1.2601003234489512e-06,1.2601003234489512e-06,1.2601003234489513e-07
0.13112224448897797,6.06044689378761e-05,3.481575150300615e-05,6.312625250501012,7.495761777794998e-06,7.495761777794998e-06,7.495761777794998e-07
0.15030060120240468,2.291326653306618e-05,2.525769539078163e-05,2.3046092184368723,1.418037243845071e-09,1.418037243845071e-09,1.418037243845071e-10
0.7239078156312583,5.780901803607213e-06,2.7962805611222532e-05,8.35671342685374,4.152596154736201e-09,4.152596154736201e-09,4.1525961547362006e-10
0.03,7.106422845691388e-05,2.5979058116232536e-05,7.815631262525078,4.043435780503082e-06,4.043435780503082e-06,4.0434357805030824e-07
0.5826853707414797,6.439162324649323e-05,5.59156112224452e-05,6.27254509018037,3.3250546859543106e-08,3.3250546859543106e-08,3.3250546859543107e-09
0.3473146292585155,7.0342865731463e-05,6.76377555110222e-05,4.649298597194378,2.786984611210164e-07,2.786984611210164e-07,2.786984611210164e-08
0.33859719438877606,3.8061883767535235e-05,2.345428857715436e-05,9.91983967935877,2.044283412286684e-09,2.044283412286684e-09,2.0442834122866842e-10
0.48505010020039824,4.9062665330661576e-05,6.871979959919852e-05,0.8016032064128261,2.1535764827585305e-08,2.1535764827585305e-08,2.1535764827585307e-09
0.6454509018036035,5.510220440881764e-07,7.160525050100204e-05,9.559118236472994,5.306020752962591e-10,5.306020752962591e-10,5.3060207529625915e-11
0.39090180360721255,6.745741482965948e-05,7.557274549098188e-05,7.655310621242511,4.4191852835845255e-10,4.4191852835845255e-10,4.419185283584525e-11
0.09973947895791588,1.1010781563126244e-05,4.311142284569159e-05,0.24048096192384763,4.715051382504799e-07,4.715051382504799e-07,4.7150513825047986e-08
0.5024849699398771,2.110985971943891e-05,5.176777555110248e-05,8.156312625250532,8.976784581523771e-10,8.976784581523771e-10,8.976784581523771e-11
0.429258517034066,8.305671342685366e-06,7.84581963927854e-05,0.18036072144288573,7.401005926166316e-08,7.401005926166316e-08,7.401005926166316e-09
0.3107014028056099,7.313627254509018e-07,7.521206412825644e-05,4.048096192384752,7.476426528190401e-10,7.476426528190401e-10,7.476426528190401e-11
0.6593987975951866,2.742178356713435e-05,7.052320641282572e-05,0.7414829659318641,1.4843773568639093e-09,1.4843773568639093e-09,1.4843773568639093e-10
0.40310621242484773,5.681731462925883e-05,8.621284569138237e-05,8.136272545090211,6.306557504078119e-08,6.306557504078119e-08,6.306557504078119e-09
0.43100200400801386,5.068573146292612e-05,7.954024048096172e-05,2.925851703406806,1.0192659958827687e-07,1.0192659958827687e-07,1.0192659958827687e-08
0.3229058116232451,4.780028056112249e-05,3.932426853707432e-05,0.4609218436873749,1.4938494543691993e-08,1.4938494543691993e-08,1.4938494543691992e-09
0.12589178356713432,9.207374749498992e-06,4.545585170340704e-05,7.454909819639302,2.1183341629931634e-07,2.1183341629931634e-07,2.1183341629931635e-08
0.6872945891783527,4.2750741482966134e-05,7.39496793587174e-05,4.7895791583166245,2.585752978734625e-08,2.585752978734625e-08,2.5857529787346247e-09
0.07707414829659322,4.338176352705412e-06,3.977494989979961e-06,6.633266533066146,6.452391371260465e-08,6.452391371260465e-08,6.452391371260465e-09
0.8598997995991932,4.419346693386795e-05,5.5554929859719744e-05,1.1222444889779566,1.846819366326798e-07,1.846819366326798e-07,1.846819366326798e-08
0.4484368737474927,3.8061883767535235e-05,4.7980621242485214e-05,7.214428857715451,2.5596684521755253e-06,2.5596684521755253e-06,2.5596684521755255e-07
0.8459519038076101,8.125330661322641e-06,3.084825651302616e-05,9.779559118236524,1.4361925227385327e-07,1.4361925227385327e-07,1.4361925227385327e-08
0.8197995991983918,5.0866072144288845e-05,7.340865731462924e-05,7.41482965931866,1.9455554603241263e-06,1.9455554603241263e-06,1.9455554603241262e-07
0.6105811623246459,5.880106212424883e-05,5.212845691382793e-05,5.571142284569139,5.286011922698089e-07,5.286011922698089e-07,5.286011922698089e-08
0.5094589178356687,7.016252505010028e-05,3.355336673346706e-05,6.312625250501012,1.7134714911793995e-08,1.7134714911793995e-08,1.7134714911793996e-09
0.15553106212424833,5.12267535070143e-05,2.7241442885771624e-05,2.5450901803607175,4.904340346826786e-08,4.904340346826786e-08,4.904340346826786e-09
0.42054108216432656,5.339084168336702e-05,7.016252505010028e-05,8.456913827655345,1.3495536314212663e-06,1.3495536314212663e-06,1.3495536314212662e-07
0.8825651302605156,1.3896232464929847e-05,3.553711422845706e-05,9.799599198396844,3.1244694252741803e-07,3.1244694252741803e-07,3.12446942527418e-08
0.5286372745490954,1.6060320641282557e-05,4.202937875751523e-05,2.9659318637274468,7.620467330900357e-07,7.620467330900357e-07,7.620467330900357e-08
0.6332464929859684,6.601468937875771e-05,1.6240661322645284e-05,4.1082164328657145,3.0733388750178143e-06,3.0733388750178143e-06,3.073338875017814e-07
0.8633867735470889,1.1371462925851695e-05,1.4256913827655298e-05,1.6232464929859731,1.990544802990605e-06,1.990544802990605e-06,1.990544802990605e-07
0.5356112224448869,4.022597194388796e-05,3.3914048096192516e-05,3.4068136272544964,3.2915122408795002e-06,3.2915122408795002e-06,3.2915122408795e-07
0.5129458917835644,3.409438877755524e-05,2.7602124248497078e-05,3.807615230460905,3.56109711472964e-08,3.56109711472964e-08,3.56109711472964e-09
0.3647494989979943,5.826004008016065e-05,4.2750741482966134e-05,7.895791583166361,1.0192659958827687e-07,1.0192659958827687e-07,1.0192659958827687e-08
0.4379759519038054,8.621284569138237e-05,7.4851382765531e-05,3.6272545090180213,2.1399212336501777e-09,2.1399212336501777e-09,2.1399212336501776e-10
0.18517034068136234,6.835911823647308e-05,4.311142284569159e-05,7.294589178356735,4.5213752468542977e-10,4.5213752468542977e-10,4.5213752468542977e-11
0.5181763527054081,2.579871743486981e-05,1.1371462925851695e-05,5.390781563126251,1.3948316960565968e-08,1.3948316960565968e-08,1.3948316960565967e-09
0.17296593186372716,7.791717434869724e-05,3.896358717434887e-05,2.024048096192386,2.797534020263893e-10,2.797534020263893e-10,2.797534020263893e-11
0.03348697394789579,8.765557114228413e-05,4.65378957915834e-05,8.416833667334704,3.5838211605664624e-07,3.5838211605664624e-07,3.5838211605664626e-08
0.6140681362725416,5.2669478957916114e-05,4.725925851703431e-05,5.090180360721438,1.2037836479849065e-06,1.2037836479849065e-06,1.2037836479849065e-07
0.17645290581162293,4.18490380761525e-05,3.4364729458917847e-06,3.9478957915831483,4.3304753910871305e-06,4.3304753910871305e-06,4.330475391087131e-07
0.4606412825651279,5.014470941883794e-05,7.223627254509015e-06,9.539078156312673,4.967131128360607e-06,4.967131128360607e-06,4.967131128360607e-07
0.7064729458917794,3.319268537074161e-05,3.373370741482979e-05,8.877755511022084,3.283021814870707e-10,3.283021814870707e-10,3.283021814870707e-11
0.4676152304609194,3.842256513026069e-05,4.338176352705412e-06,6.793587174348713,2.9173682629033395e-07,2.9173682629033395e-07,2.9173682629033396e-08
0.47284569138276306,7.088388777555116e-05,1.0109078156312618e-05,5.450901803607214,1.049490204522194e-06,1.049490204522194e-06,1.049490204522194e-07
0.13460921843687373,5.0325050100200664e-05,8.981965931863677e-05,2.0040080160320657,7.572147997661637e-08,7.572147997661637e-08,7.572147997661637e-09
0.354288577154307,5.916174348697428e-05,1.191248496993987e-05,8.597194388777591,1.724405482432989e-07,1.724405482432989e-07,1.724405482432989e-08
0.3229058116232451,6.204719438877787e-05,8.170432865731437e-05,7.254509018036093,5.589695363142939e-09,5.589695363142939e-09,5.589695363142939e-10
0.28803607214428745,5.934208416833701e-05,1.533895791583165e-05,0.08016032064128256,2.4143598957465273e-08,2.4143598957465273e-08,2.414359895746527e-09
0.8668737474949847,2.9044849699398893e-05,2.2011563126252544e-05,1.1222444889779566,2.769313091562781e-08,2.769313091562781e-08,2.769313091562781e-09
0.6036072144288543,6.403094188376779e-05,6.682605210420839e-06,7.595190380761548,8.007170844585868e-10,8.007170844585868e-10,8.007170844585868e-11
0.37869739478957737,4.004563126252523e-05,1.4617595190380748e-05,9.639278557114277,4.985932917895367e-09,4.985932917895367e-09,4.985932917895367e-10
0.18691382765531023,1.4797935871743473e-05,3.4635410821643424e-05,3.7274549098196235,9.737127401351965e-08,9.737127401351965e-08,9.737127401351965e-09
0.13635270541082162,2.3273947895791633e-05,4.130801603206432e-05,5.951903807615236,3.8138959681188295e-08,3.8138959681188295e-08,3.81389596811883e-09
0.8598997995991932,8.963931863727405e-05,5.573527054108247e-05,6.1723446893787655,4.2216821016553884e-10,4.2216821016553884e-10,4.2216821016553885e-11
0.5321242484969911,6.85394589178358e-05,8.125330661322641e-06,4.889779559118229,2.240033284379423e-09,2.240033284379423e-09,2.2400332843794228e-10
0.45889779559118,7.737615230460908e-05,3.7068136272545095e-07,9.198396793587218,2.2315861923191555e-06,2.2315861923191555e-06,2.2315861923191554e-07
0.11543086172344695,1.642100200400801e-05,2.2372244488977998e-05,7.314629258517056,5.19950869239506e-06,5.19950869239506e-06,5.199508692395061e-07
0.48330661322645035,8.098296593186348e-05,5.4833567134268836e-05,4.809619238476945,2.044283412286684e-09,2.044283412286684e-09,2.0442834122866842e-10
0.6227855711422811,1.822440881763528e-05,8.666352705410816e-06,6.392785571142295,3.5385171559541083e-09,3.5385171559541083e-09,3.538517155954108e-10
0.3769539078156295,2.453633266533072e-05,4.5636192384769765e-05,5.1302605210420795,6.38730101828493e-06,6.38730101828493e-06,6.38730101828493e-07
0.7587775551102159,3.301234468937888e-05,2.219190380761527e-05,1.0621242484969946,4.3193049690439415e-10,4.3193049690439415e-10,4.3193049690439415e-11
0.10845691382765536,7.070354709418844e-05,1.5519298597194376e-05,9.098196392785614,8.999999999996206e-06,8.999999999996206e-06,8.999999999996206e-07
0.5757114228456882,7.142490981963932e-05,3.6258476953907966e-05,2.745490981963922,6.910440418427994e-08,6.910440418427994e-08,6.9104404184279935e-09
0.27931863727454803,9.027034068136267e-06,8.999999999999949e-05,2.20440881763527,1.7709591457061092e-10,1.7709591457061092e-10,1.7709591457061093e-11
0.8041082164328609,8.20650100200398e-05,5.681731462925883e-05,3.9679358717434687,4.793494789326676e-08,4.793494789326676e-08,4.793494789326676e-09
0.7866733466933821,4.1488356713427046e-05,3.71601803607216e-05,0.6412825651302608,1.2601003234489512e-06,1.2601003234489512e-06,1.2601003234489513e-07
0.7291382765531019,5.357118236472975e-05,4.365244488977977e-05,3.2665330661322534,8.244606806538764e-09,8.244606806538764e-09,8.244606806538764e-10
0.4065931863727435,1.4437254509018023e-05,5.7899358717435194e-05,6.032064128256519,1.1027469841978454e-09,1.1027469841978454e-09,1.1027469841978454e-10
0.3856713426853689,3.265166332665343e-05,1.8134068136272543e-06,9.839679358717486,6.306557504078119e-08,6.306557504078119e-08,6.306557504078119e-09
0.579198396793584,4.707891783567158e-05,9.748396793587168e-06,8.496993987975987,1.8351091815679916e-08,1.8351091815679916e-08,1.8351091815679915e-09
0.04569138276553107,8.837693386773501e-05,8.044194388777532e-05,6.933867735470959,5.186096606823377e-10,5.186096606823377e-10,5.186096606823377e-11
0.8546693386773495,9.207374749498992e-06,5.645663326653338e-05,9.498997995992031,9.396745979765522e-10,9.396745979765522e-10,9.396745979765521e-11
0.16250501002003986,8.666352705410816e-06,1.3715891783567122e-05,3.847695390781546,6.980861869485984e-10,6.980861869485984e-10,6.980861869485984e-11
0.0857915831663327,2.9405531062124347e-05,3.8061883767535235e-05,0.6813627254509022,2.1755226933756993e-10,2.1755226933756993e-10,2.1755226933756994e-11
0.39090180360721255,7.629410821643276e-05,4.518517034068137e-06,8.476953907815666,1.647337980651232e-07,1.647337980651232e-07,1.647337980651232e-08
0.5234068136272517,5.7899358717435194e-05,2.7782464929859805e-05,2.8056112224448833,7.524135044315824e-09,7.524135044315824e-09,7.524135044315825e-10
0.038717434869739484,7.990092184368716e-05,3.066791583166343e-05,5.170340681362721,8.213516664628277e-06,8.213516664628277e-06,8.213516664628277e-07
0.3019839679358705,6.908048096192396e-05,8.368807615230429e-05,1.162324649298598,1.6578499612501935e-06,1.6578499612501935e-06,1.6578499612501935e-07
0.8965130260520987,6.962150300601212e-05,2.922519038076162e-05,2.925851703406806,1.4508281689963598e-09,1.4508281689963598e-09,1.4508281689963597e-10
0.11368737474949905,8.747523046092141e-05,5.780901803607213e-06,1.0220440881763533,2.5112860259393226e-09,2.5112860259393226e-09,2.5112860259393227e-10
0.5774549098196361,3.066791583166343e-05,5.059539078156312e-06,3.747494989979944,1.5737147962828574e-07,1.5737147962828574e-07,1.5737147962828573e-08
0.8703607214428805,7.593342685370732e-05,4.6177214428857945e-05,5.911823647294594,6.024703475757249e-08,6.024703475757249e-08,6.0247034757572495e-09
0.6576553106212387,6.67360521042086e-05,6.321923847695389e-06,3.6873747494989826,4.8732432440843374e-09,4.8732432440843374e-09,4.873243244084338e-10
0.1276352705410822,7.160525050100204e-05,8.260603206412797e-05,4.549098196392774,3.445499235939485e-06,3.445499235939485e-06,3.445499235939485e-07
0.7762124248496948,1.6781683366733464e-05,6.94411623246494e-05,7.755511022044115,1.6918110575635466e-10,1.6918110575635466e-10,1.6918110575635466e-11
0.31941883767534934,2.3814969939879813e-05,5.2669478957916114e-05,6.072144288577161,5.533307704168443e-07,5.533307704168443e-07,5.533307704168443e-08
0.34905811623246336,1.2814188376753496e-05,6.276855711422875e-05,8.617234468937912,1.8895255194070682e-07,1.8895255194070682e-07,1.8895255194070683e-08
0.056152304609218454,7.539240480961916e-05,8.20650100200398e-05,9.01803607214433,5.4982224886219015e-08,5.4982224886219015e-08,5.498222488621901e-09
0.03697394789579159,3.048757515030071e-05,9.928737474949893e-06,6.372745490981974,3.525173523793985e-06,3.525173523793985e-06,3.525173523793985e-07
0.7988777555110173,4.3832785571142496e-05,7.413002004008012e-05,0.5611222444889782,4.579262886226917e-08,4.579262886226917e-08,4.579262886226917e-09
0.8093386773547045,6.529332665330683e-05,3.138927855711434e-05,4.088176352705394,3.606690212911828e-06,3.606690212911828e-06,3.6066902129118283e-07
0.7640080160320596,6.421128256513051e-05,5.6636973947896105e-05,1.3026052104208425,5.682690054358476e-10,5.682690054358476e-10,5.6826900543584764e-11
0.6280160320641247,8.332739478957885e-05,4.599687374749522e-05,6.192384769539086,1.908780895451251e-09,1.908780895451251e-09,1.908780895451251e-10
0.2427054108216425,5.735833667334701e-05,5.600561122244488e-06,8.396793587174383,1.0916227069626075e-07,1.0916227069626075e-07,1.0916227069626075e-08
0.8982565130260466,6.150617234468971e-05,6.835911823647308e-05,4.529058116232453,7.025408092178572e-09,7.025408092178572e-09,7.025408092178571e-10
0.7221643286573104,5.627629258517065e-05,4.401312625250522e-05,1.6633266533066144,2.6455463535232158e-08,2.6455463535232158e-08,2.6455463535232157e-09
0.2531663326653298,6.727707414829676e-05,2.50773547094189e-05,2.7254509018036015,6.124935313629392e-09,6.124935313629392e-09,6.124935313629392e-10
0.2618837675350692,5.9612424849699384e-06,4.18490380761525e-05,3.5470941883767395,2.585752978734625e-08,2.585752978734625e-08,2.5857529787346247e-09
0.8651302605210368,8.134364729458892e-05,3.24713226452907e-05,4.248496993987961,9.091715291807655e-08,9.091715291807655e-08,9.091715291807656e-09
0.4048496993987956,6.0243787575150643e-05,3.211064128256525e-05,9.318637274549143,2.543438283138544e-07,2.543438283138544e-07,2.543438283138544e-08
0.4658717434869715,3.1569619238477067e-05,2.0929519038076183e-05,5.83166332665331,5.554252608620607e-10,5.554252608620607e-10,5.5542526086206076e-11
0.40310621242484773,8.242569138276525e-05,8.477012024048061e-05,9.519038076152352,2.083668568091013e-06,2.083668568091013e-06,2.0836685680910129e-07
0.30721442885771416,7.467104208416828e-05,6.745741482965948e-05,1.2424849699398806,2.070456586262503e-07,2.070456586262503e-07,2.070456586262503e-08
0.190400801603206,3.373370741482979e-05,2.5347695390781566e-06,7.995991983967966,1.460086182679067e-08,1.460086182679067e-08,1.460086182679067e-09
0.5547895791583136,1.696202404809619e-05,5.9522424849699736e-05,5.791583166332669,1.2362821172677301e-09,1.2362821172677301e-09,1.23628211726773e-10
0.05789579158316635,2.0749178356713456e-05,6.421128256513051e-05,1.9639278557114244,2.036574486575053e-06,2.036574486575053e-06,2.036574486575053e-07
0.8267735470941834,2.6159398797595263e-05,5.014470941883794e-05,8.537074148296629,8.058266142308294e-09,8.058266142308294e-09,8.058266142308294e-10
0.05963927855711425,5.86207214428861e-05,2.3634629258517086e-05,5.711422845691385,5.319742981794605e-06,5.319742981794605e-06,5.319742981794605e-07
0.8407214428857664,4.202937875751523e-05,1.3535551102204397e-05,4.148296593186356,1.4090458511712325e-10,1.4090458511712325e-10,1.4090458511712325e-11
0.3420841683366718,6.240787575150331e-05,8.404875751502973e-05,5.851703406813631,1.0737587876591105e-06,1.0737587876591105e-06,1.0737587876591106e-07
0.8285170340681313,1.7863727454909826e-05,3.535677354709433e-05,7.394789579158339,2.3900043461863924e-06,2.3900043461863924e-06,2.3900043461863924e-07
0.608837675350698,1.6330661322645289e-06,3.7520861723447054e-05,8.957915831663367,5.3398794922546735e-09,5.3398794922546735e-09,5.339879492254674e-10
0.1677354709418835,5.753867735470974e-05,8.837693386773501e-05,7.8757515030060405,7.16075957555727e-06,7.16075957555727e-06,7.16075957555727e-07
0.4344889779559096,6.168651302605243e-05,3.8602905811623416e-05,8.196392785571174,1.3240445937298617e-09,1.3240445937298617e-09,1.3240445937298618e-10
0.7779559118236427,7.12445691382766e-05,4.3832785571142496e-05,4.989979959919833,6.601597524639142e-08,6.601597524639142e-08,6.601597524639142e-09
0.1781963927855708,4.942334669338703e-05,5.988310621242519e-05,7.17434869739481,2.751753622267373e-09,2.751753622267373e-09,2.751753622267373e-10
0.8843086172344635,1.227316633266532e-05,3.878324649298614e-05,2.0440881763527066,4.152596154736201e-09,4.152596154736201e-09,4.1525961547362006e-10
0.6960120240480921,3.211064128256525e-05,3.932426853707432e-05,2.5050100200400767,4.763100528443976e-09,4.763100528443976e-09,4.763100528443976e-10
0.5896593186372713,5.176777555110248e-05,6.655571142284587e-05,6.4929859719439,3.30397140871801e-09,3.30397140871801e-09,3.30397140871801e-10
0.23747494989979884,3.256132264529059e-06,6.0784809619238824e-05,5.81162324649299,6.063148267776576e-07,6.063148267776576e-07,6.063148267776576e-08
0.0840480961923848,1.7322705410821645e-05,9.117034068136272e-07,4.4488977955911695,3.3676257082751576e-06,3.3676257082751576e-06,3.367625708275158e-07
0.3159318637274536,6.76377555110222e-05,4.0947334669338865e-05,2.785571142284563,3.4585412817003523e-09,3.4585412817003523e-09,3.4585412817003525e-10
0.11020040080160326,3.427472945891797e-05,2.354428857715431e-06,4.128256513026035,8.027878684932169e-06,8.027878684932169e-06,8.027878684932169e-07
0.32987975951903664,8.783591182364685e-05,4.157835671342686e-06,8.7975951903808,4.232600055156151e-06,4.232600055156151e-06,4.232600055156151e-07
0.38218436873747313,3.968494989979978e-05,1.4076573146292573e-05,0.9819639278557121,9.675386896043865e-09,9.675386896043865e-09,9.675386896043865e-10
0.7047294589178316,5.420220440881763e-06,2.3273947895791633e-05,5.551102204408818,1.418037243845071e-09,1.418037243845071e-09,1.418037243845071e-10
0.4187975951903787,5.8440380761523374e-05,4.888232464929885e-05,7.034068136272563,2.3299609534649055e-10,2.3299609534649055e-10,2.3299609534649055e-11
0.14158316633266527,2.2552585170340725e-05,6.5834348697395e-05,1.7034068136272558,1.1470175165026506e-10,1.1470175165026506e-10,1.1470175165026506e-11
0.2828056112224438,1.3355210420841672e-05,7.84581963927854e-05,1.683366733466935,3.9520479767190895e-06,3.9520479767190895e-06,3.9520479767190897e-07
0.15030060120240468,4.698857715430862e-06,1.930645290581164e-05,0.6012024048096195,3.0654112252299065e-10,3.0654112252299065e-10,3.0654112252299064e-11
0.14507014028056103,1.9667134268537095e-05,3.5176432865731605e-05,5.611222444889781,4.4757645741875136e-08,4.4757645741875136e-08,4.475764574187514e-09
0.1485571142284568,5.771901803607247e-05,3.797154308617236e-06,3.887775551102187,1.4694032735283116e-07,1.4694032735283116e-07,1.4694032735283116e-08
0.09276553106212429,3.2832004008016155e-05,2.814314629258526e-05,4.669338677354699,3.358938948266701e-10,3.358938948266701e-10,3.358938948266701e-11
0.7919038076152257,3.6168136272545103e-06,5.510220440881764e-07,10.000000000000053,4.935635886164836e-07,4.935635886164836e-07,4.935635886164836e-08
0.6489378757514993,2.5979058116232536e-05,1.272384769539078e-06,7.454909819639302,3.3250546859543106e-08,3.3250546859543106e-08,3.3250546859543107e-09
0.5390981963927827,7.0342865731463e-05,1.119112224448897e-05,5.230460921843684,5.888536006063764e-08,5.888536006063764e-08,5.888536006063764e-09
0.5530460921843657,4.112767535070159e-05,3.788154308617251e-05,1.4228456913827665,1.5796716864117503e-10,1.5796716864117503e-10,1.5796716864117504e-11
0.5408416833667306,3.4635410821643424e-05,7.521206412825644e-05,7.3747494989980185,5.948543650301397e-10,5.948543650301397e-10,5.948543650301398e-11
0.78841683366733,6.49326452905814e-05,8.675386773547053e-05,2.164328657314629,1.4453571435466035e-06,1.4453571435466035e-06,1.4453571435466036e-07
0.4501803607214406,4.9062665330661576e-05,2.1470541082164364e-05,4.589178356713416,7.976976065901924e-07,7.976976065901924e-07,7.976976065901925e-08
0.7570340681362681,5.068573146292612e-05,8.567182364729421e-05,9.619238476953957,1.9779232939038465e-07,1.9779232939038465e-07,1.9779232939038466e-08
0.14332665330661315,3.4364729458917847e-06,2.525769539078163e-05,4.609218436873737,6.8407293640032075e-06,6.8407293640032075e-06,6.840729364003207e-07
0.4798196392785546,1.8945771543086187e-05,8.747523046092141e-05,3.8677354709418665,3.3462724996390475e-07,3.3462724996390475e-07,3.3462724996390477e-08
0.6750901803607176,1.76833867735471e-05,7.070354709418844e-05,9.23847695390786,1.0231241635532605e-10,1.0231241635532605e-10,1.0231241635532606e-11
0.4554108216432842,6.547366733466955e-05,1.6601342685370737e-05,1.2825651302605219,4.5502270122077455e-09,4.5502270122077455e-09,4.5502270122077453e-10
0.638476953907812,5.970276553106246e-05,1.696202404809619e-05,6.533066132264541,1.4270860123254817e-08,1.4270860123254817e-08,1.4270860123254817e-09
0.6419639278557078,2.6700420841683444e-05,7.21462725450902e-05,0.220440881763527,2.0313211611354781e-10,2.0313211611354781e-10,2.031321161135478e-11
0.08230460921843691,7.4851382765531e-05,5.176777555110248e-05,0.3406813627254509,1.4037323854718723e-07,1.4037323854718723e-07,1.4037323854718723e-08
0.7814428857715384,4.239006012024068e-05,4.473448897795613e-05,8.917835671342726,1.512975364909728e-06,1.512975364909728e-06,1.512975364909728e-07
0.7831863727454863,1.1732144288577145e-05,6.67360521042086e-05,2.6853707414829606,6.37082503316838e-10,6.37082503316838e-10,6.37082503316838e-11
0.10148296593186378,3.355336673346706e-05,3.770120240480978e-05,2.8256513026052037,4.402520680793966e-07,4.402520680793966e-07,4.402520680793966e-08
0.17470941883767505,4.293108216432886e-05,2.165088176352709e-05,6.633266533066146,2.306456802499146e-08,2.306456802499146e-08,2.306456802499146e-09
0.429258517034066,6.980184368737484e-05,5.447288577154338e-05,8.977955911823688,6.164019704290581e-08,6.164019704290581e-08,6.16401970429058e-09
0.6593987975951866,5.4292545090180656e-05,8.927863727454861e-05,2.9458917835671263,3.217119053711171e-06,3.217119053711171e-06,3.217119053711171e-07
0.6001202404809586,1.9937474949899797e-06,5.735833667334701e-05,1.3827655310621252,3.380372983948503e-09,3.380372983948503e-09,3.380372983948503e-10
0.4972545090180334,2.4355991983967994e-05,8.29667134268534e-05,2.9058116232464855,1.1282470858183015e-09,1.1282470858183015e-09,1.1282470858183015e-10
0.10322645290581167,3.0757915831663335e-06,1.1732144288577145e-05,2.6452905811623197,9.89912212506906e-09,9.89912212506906e-09,9.899122125069062e-10
0.2095791583166327,4.6177214428857945e-05,3.6979839679358873e-05,0.8216432865731468,1e-10,1e-10,1.0000000000000001e-11
0.4902805611222419,6.745741482965948e-05,4.780028056112249e-05,9.759519038076203,1.3409964749099134e-07,1.3409964749099134e-07,1.3409964749099134e-08
0.09625250501002008,4.599687374749522e-05,1.9126112224448914e-05,1.743486973947897,1.142692151060895e-07,1.142692151060895e-07,1.142692151060895e-08
0.877334669338672,7.917955911823628e-05,7.917955911823628e-05,4.028056112224431,1.1691159512530546e-07,1.1691159512530546e-07,1.1691159512530545e-08
0.7518036072144244,2.345428857715436e-05,1.4978276553106199e-05,7.134268537074168,3.0152471361080205e-09,3.0152471361080205e-09,3.0152471361080204e-10
0.6454509018036035,7.773683366733452e-05,1.155180360721442e-05,2.605210420841679,5.408246526943056e-07,5.408246526943056e-07,5.4082465269430566e-08
0.7099599198396752,5.284981963927884e-05,1.0830440881763519e-05,2.2645290581162314,2.3359866097639786e-06,2.3359866097639786e-06,2.3359866097639786e-07
0.38044088176352525,5.537458917835702e-05,6.781809619238492e-05,8.717434869739517,7.698124373677404e-09,7.698124373677404e-09,7.698124373677404e-10
0.12414829659318644,6.511298597194411e-05,5.0325050100200664e-05,3.56713426853706,1.7354092455884483e-06,1.7354092455884483e-06,1.7354092455884483e-07
0.593146292585167,6.186685370741515e-05,6.502264529058114e-06,1.863727454909821,3.1563096058403076e-09,3.1563096058403076e-09,3.156309605840308e-10
0.5164328657314602,2.922519038076162e-05,8.134364729458892e-05,9.358717434869785,5.4633597389882735e-09,5.4633597389882735e-09,5.463359738988273e-10
0.42228456913827445,6.691639278557132e-05,8.080262525050076e-05,1.9438877755511037,1.1210931745753224e-10,1.1210931745753224e-10,1.1210931745753223e-11
0.4763326653306588,1.8134068136272543e-06,5.7177995991984286e-05,1.4629258517034078,4.447384955121195e-09,4.447384955121195e-09,4.447384955121195e-10
0.7117034068136231,7.21462725450902e-05,8.909829659318589e-05,6.613226452905825,1.5538210629755687e-09,1.5538210629755687e-09,1.5538210629755687e-10
0.32813627254508876,1.1010781563126244e-05,6.294889779559147e-05,5.751503006012027,2.131851660850342e-06,2.131851660850342e-06,2.1318516608503423e-07
0.22527054108216366,6.926082164328668e-05,3.842256513026069e-05,6.012024048096198,1.6747444271363853e-08,1.6747444271363853e-08,1.6747444271363853e-09
0.3351102204408803,6.385060120240507e-05,8.801625250500957e-05,4.068136272545073,1.0778232236916957e-09,1.0778232236916957e-09,1.0778232236916957e-10
0.3141883767535057,8.440943887775517e-05,7.467104208416828e-05,7.7154308617234735,2.862224654494287e-10,2.862224654494287e-10,2.8622246544942873e-11
0.20434869739478906,7.84581963927854e-05,8.350773547094157e-05,6.833667334669355,4.1107056471825913e-07,4.1107056471825913e-07,4.1107056471825916e-08
0.5565330661322615,3.553711422845706e-05,4.7439599198397034e-05,9.158316633266576,1.0025861619226328e-06,1.0025861619226328e-06,1.0025861619226328e-07
0.504228456913825,8.260603206412797e-05,1.1010781563126244e-05,7.114228456913847,4.3746054815511335e-08,4.3746054815511335e-08,4.374605481551134e-09
0.6192985971943853,2.4716673346693448e-05,1.3355210420841672e-05,7.234468937875772,1.5033819951510772e-07,1.5033819951510772e-07,1.503381995151077e-08
0.6506813627254472,1.0289418837675343e-05,7.791717434869724e-05,9.058116232464972,1.9332192165558978e-07,1.9332192165558978e-07,1.9332192165558978e-08
0.20783567134268482,8.170432865731437e-05,2.633973947895799e-05,6.132264529058124,6.6861184670350125e-06,6.6861184670350125e-06,6.686118467035012e-07
0.324649298597193,1.7142364729458918e-05,5.826004008016065e-05,7.334669338677377,1.2810643711951653e-07,1.2810643711951653e-07,1.2810643711951653e-08
0.3316232464929845,1.8585090180360733e-05,6.348991983967963e-05,0.42084168336673355,7.669094999101012e-06,7.669094999101012e-06,7.669094999101012e-07
0.7674949899799554,8.350773547094157e-05,6.141583166332664e-06,3.787575150300585,2.445271197580611e-06,2.445271197580611e-06,2.445271197580611e-07
0.48156312625250247,7.57530861723446e-05,5.9612424849699384e-06,6.6733466933867875,5.017749115127665e-08,5.017749115127665e-08,5.017749115127665e-09
0.533867735470939,1.2994529058116221e-05,5.880106212424883e-05,0.4008016032064129,9.034067171053278e-09,9.034067171053278e-09,9.034067171053277e-10
0.22875751503005942,2.1831222444889817e-05,8.603250501001965e-05,4.348697394789565,3.4806108990350904e-08,3.4806108990350904e-08,3.4806108990350904e-09
0.6646292585170303,8.567182364729421e-05,4.761993987975976e-05,9.899799599198449,2.8047688962243757e-06,2.8047688962243757e-06,2.804768896224376e-07
0.3630060120240464,3.9143927855711596e-05,1.9486793587174368e-05,4.368737474949886,2.104902375953338e-08,2.104902375953338e-08,2.104902375953338e-09
0.772725450901799,2.3093607214428906e-05,1.8404749498998006e-05,4.509018036072132,7.070238572888788e-08,7.070238572888788e-08,7.070238572888788e-09
0.8006212424849651,4.92430060120243e-05,4.076699398797614e-05,3.8276553106212257,1.853810023133934e-10,1.853810023133934e-10,1.853810023133934e-11
0.6716032064128218,4.130801603206432e-05,6.150617234468971e-05,7.955911823647324,2.268712664406333e-07,2.268712664406333e-07,2.268712664406333e-08
0.15204408817635257,8.008126252504988e-05,1.3174869739478947e-05,9.45891783567139,1.1097838248702528e-08,1.1097838248702528e-08,1.1097838248702528e-09
0.35777555110220277,3.797154308617236e-06,7.9359899799599e-05,1.102204408817636,1.0847010210530333e-08,1.0847010210530333e-08,1.0847010210530334e-09
0.41182364729458715,4.3291763527054315e-05,6.962150300601212e-05,4.428857715430849,4.3030170116442404e-07,4.3030170116442404e-07,4.3030170116442404e-08
0.5582765531062094,2.525769539078163e-05,3.030723446893798e-05,7.85571142284572,1.0957547622390422e-10,1.0957547622390422e-10,1.0957547622390422e-11
0.713446893787571,8.495046092184333e-05,7.0342865731463e-05,6.653306613226467,1.5283934734759824e-08,1.5283934734759824e-08,1.5283934734759824e-09
0.4362324649298575,3.0126893787575255e-05,7.773683366733452e-05,9.67935871743492,5.049768337635864e-07,5.049768337635864e-07,5.049768337635864e-08
0.12066132264529064,6.5834348697395e-05,7.178559118236476e-05,3.707414829659303,8.575592188679522e-10,8.575592188679522e-10,8.575592188679522e-11
0.2706012024048086,2.2372244488977998e-05,2.0388496993988002e-05,5.511022044088176,1.2083402594795315e-09,1.2083402594795315e-09,1.2083402594795315e-10
0.6297595190380726,8.224535070140253e-05,7.66547895791582e-05,9.278557114228501,3.136296295760125e-10,3.136296295760125e-10,3.136296295760125e-11
0.11194388777555116,4.157835671342686e-06,6.0063446893787916e-05,6.873747494989996,6.266569319574902e-09,6.266569319574902e-09,6.266569319574902e-10
0.6611422845691345,5.104641282565157e-05,3.301234468937888e-05,1.2625250501002012,3.4366116018718376e-10,3.4366116018718376e-10,3.4366116018718374e-11
0.37172344689378584,8.801625250500957e-05,2.97662124248498e-05,1.6032064128256525,3.0538516600204696e-07,3.0538516600204696e-07,3.05385166002047e-08
0.7082164328657273,3.030723446893798e-05,5.239879759519038e-06,6.73346693386775,7.448233168919441e-07,7.448233168919441e-07,7.448233168919442e-08
0.8999999999999945,7.66547895791582e-05,4.293108216432886e-05,9.91983967935877,4.504325289063267e-07,4.504325289063267e-07,4.504325289063267e-08
0.20260521042084118,8.711454909819597e-05,4.92430060120243e-05,7.274549098196414,2.8988700155972077e-08,2.8988700155972077e-08,2.8988700155972076e-09
0.3961322645290562,2.97662124248498e-05,6.926082164328668e-05,5.771543086172348,8.40344736732859e-06,8.40344736732859e-06,8.40344736732859e-07
0.2723446893787565,3.120893787575161e-05,2.3814969939879813e-05,5.731462925851706,1.3807609303181489e-06,1.3807609303181489e-06,1.380760930318149e-07
0.4449498997995969,7.39496793587174e-05,2.4175651302605267e-05,0.18036072144288573,8.435256442765496e-09,8.435256442765496e-09,8.435256442765495e-10
0.6471943887775514,8.585216432865693e-05,3.481575150300615e-05,4.048096192384752,4.842343319704456e-10,4.842343319704456e-10,4.842343319704456e-11
0.031743486973947896,4.166869739478977e-05,6.222753507014059e-05,5.631262525050102,1.2859135088694639e-10,1.2859135088694639e-10,1.2859135088694638e-11
0.3752104208416816,2.291326653306618e-05,1.876543086172346e-05,4.769539078156304,1.620380028453788e-06,1.620380028453788e-06,1.620380028453788e-07
0.7012424849699358,6.475230460921867e-05,5.12267535070143e-05,9.859719438877807,6.242938292164014e-06,6.242938292164014e-06,6.242938292164014e-07
0.8442084168336622,3.607813627254524e-05,2.9405531062124347e-05,5.350701402805609,3.6203424054044113e-09,3.6203424054044113e-09,3.6203424054044115e-10
0.0875350701402806,2.7782464929859805e-05,6.096515030060155e-05,1.8236472945891797,1.9980794952461943e-09,1.9980794952461943e-09,1.9980794952461943e-10
0.6663727454909781,2.2011563126252544e-05,2.056883767535073e-05,8.036072144288607,5.252494743172759e-08,5.252494743172759e-08,5.252494743172759e-09
0.5879158316633234,4.780028056112249e-05,3.3373026052104336e-05,3.5070140280560986,1.610105634618289e-07,1.610105634618289e-07,1.610105634618289e-08
0.07184368737474953,5.059539078156312e-06,5.303016032064157e-05,6.05210420841684,6.559738570739111e-09,6.559738570739111e-09,6.559738570739111e-10
0.40136272545089985,1.7503046092184372e-05,7.449070140280556e-05,4.709418837675341,8.942933421233391e-07,8.942933421233391e-07,8.942933421233391e-08
0.46412825651302364,8.819659318637229e-05,2.4716673346693448e-05,3.1462925851703307,2.880489060700734e-09,2.880489060700734e-09,2.880489060700734e-10
0.7622645290581117,6.799843687374764e-05,2.0208156312625275e-05,8.697394789579196,1.24417107131614e-08,1.24417107131614e-08,1.24417107131614e-09
0.683807615230457,7.413002004008012e-05,2.7962805611222532e-05,0.4408817635270542,9.799261884703215e-07,9.799261884703215e-07,9.799261884703214e-08
0.13983967935871738,9.928737474949893e-06,1.3896232464929847e-05,2.5851703406813584,1.8586042760275588e-06,1.8586042760275588e-06,1.8586042760275588e-07
0.6437074148296557,8.02616032064126e-05,2.715110220440882e-06,3.987975951903789,3.42365225221448e-07,3.42365225221448e-07,3.4236522522144795e-08
0.04743486973947897,1.984747494989982e-05,5.465322645290611e-05,8.076152304609248,5.101228446154385e-09,5.101228446154385e-09,5.101228446154385e-10
0.8529258517034016,6.141583166332664e-06,7.160525050100204e-05,6.973947895791601,9.6140378706701e-10,9.6140378706701e-10,9.6140378706701e-11
0.5146893787575123,7.286763527054108e-05,3.9143927855711596e-05,9.25851703406818,3.7514832596144537e-07,3.7514832596144537e-07,3.7514832596144536e-08
0.6053507014028022,8.062228456913804e-05,6.168651302605243e-05,4.649298597194378,3.270641647263611e-07,3.270641647263611e-07,3.2706416472636115e-08
0.6158116232464895,4.5095170340681584e-05,3.0126893787575255e-05,8.637274549098233,1.538146446289981e-07,1.538146446289981e-07,1.538146446289981e-08
0.654168336673343,5.4833567134268836e-05,4.9603687374749756e-05,0.8617234468937881,4.954318458610342e-10,4.954318458610342e-10,4.954318458610342e-11
0.861643286573141,1.4256913827655298e-05,7.990092184368716e-05,0.9418837675350707,4.715051382504799e-07,4.715051382504799e-07,4.7150513825047986e-08
0.49202404809618977,3.2290981963927974e-05,4.635755511022067e-05,5.070140280561117,1.6265135577434376e-09,1.6265135577434376e-09,1.6265135577434377e-10
0.09450901803607219,2.6520080160320717e-05,6.799843687374764e-05,7.835671342685399,1.8966778293055573e-10,1.8966778293055573e-10,1.896677829305557e-11
0.13286573146292585,4.978402805611248e-05,7.539240480961916e-05,7.074148296593205,6.643723588577598e-07,6.643723588577598e-07,6.643723588577598e-08
0.10496993987975957,7.972058116232444e-05,3.607813627254524e-05,7.5350701402805855,6.518145033204574e-10,6.518145033204574e-10,6.518145033204574e-11
0.4275150300601181,4.419346693386795e-05,6.890014028056124e-05,0.24048096192384763,3.941853704763233e-10,3.941853704763233e-10,3.941853704763233e-11
0.8128256513026003,6.312923847695419e-05,3.9865290581162504e-05,9.559118236472994,1.1885663094244174e-08,1.1885663094244174e-08,1.1885663094244174e-09
0.8877955911823593,3.8602905811623416e-05,2.9585871743487074e-05,7.735470941883794,7.495761777794998e-06,7.495761777794998e-06,7.495761777794998e-07
0.12240480961923854,2.9585871743487074e-05,6.240787575150331e-05,2.1242484969939883,9.456708423776946e-09,9.456708423776946e-09,9.456708423776946e-10
0.25665330661322555,4.725925851703431e-05,2.1740881763527053e-06,8.33667334669342,1.123992503055137e-06,1.123992503055137e-06,1.123992503055137e-07
0.17122244488977928,8.458977955911789e-05,7.557274549098188e-05,1.2024048096192392,6.493565322027256e-07,6.493565322027256e-07,6.493565322027256e-08
0.7029859719438837,9.387715430861717e-06,5.699765531062156e-05,7.655310621242511,1.0467830540465593e-10,1.0467830540465593e-10,1.0467830540465593e-11
0.27757515030060015,8.29667134268534e-05,3.499609218436888e-05,6.713426853707429,1.0669503720559728e-07,1.0669503720559728e-07,1.0669503720559728e-08
0.10671342685370747,6.781809619238492e-05,1.227316633266532e-05,0.20040080160320636,2.9961282651988997e-10,2.9961282651988997e-10,2.9961282651988996e-11
0.5722244488977924,2.354428857715431e-06,8.486012024048091e-06,2.66533066132264,1.9529198570650123e-09,1.9529198570650123e-09,1.9529198570650122e-10
0.07533066132264532,8.693420841683325e-05,6.258821643286603e-05,9.599198396793636,1.940536917638263e-10,1.940536917638263e-10,1.940536917638263e-11
0.8721042084168283,8.927863727454861e-05,6.709673346693404e-05,7.975951903807645,3.838233172077098e-07,3.838233172077098e-07,3.838233172077098e-08
0.5826853707414797,3.896358717434887e-05,7.75564929859718e-05,9.47895791583171,6.346800860880272e-07,6.346800860880272e-07,6.346800860880272e-08
0.36126252505009854,1.4527254509018034e-06,7.142490981963932e-05,3.9078156312625074,2.2258298359511498e-10,2.2258298359511498e-10,2.22582983595115e-11
0.2305010020040073,8.549148296593149e-05,6.529332665330683e-05,8.056112224448928,5.442757588566945e-06,5.442757588566945e-06,5.442757588566945e-07
0.7483166332665286,3.5176432865731605e-05,2.579871743486981e-05,0.0,6.101838383410455e-06,6.101838383410455e-06,6.101838383410455e-07
0.8145691382765482,6.709673346693404e-05,7.358899799599196e-05,1.5230460921843698,4.4191852835845255e-10,4.4191852835845255e-10,4.419185283584525e-11
0.7465731462925808,8.422909819639245e-05,8.008126252504988e-05,1.983967935871745,6.823083764576323e-10,6.823083764576323e-10,6.823083764576324e-11
0.7500601202404765,3.6799498997996147e-05,6.330957915831691e-05,5.270541082164326,5.792172737548809e-07,5.792172737548809e-07,5.7921727375488094e-08
0.6367334669338641,4.879198396793587e-06,1.76833867735471e-05,2.064128256513027,1.8050784373158387e-07,1.8050784373158387e-07,1.8050784373158388e-08
0.488537074148294,6.457196392785595e-05,4.870198396793612e-05,2.7655310621242424,2.1673188686386775e-07,2.1673188686386775e-07,2.1673188686386775e-08
0.19214428857715388,9.748396793587168e-06,3.048757515030071e-05,9.69939879759524,2.662428093802708e-07,2.662428093802708e-07,2.662428093802708e-08
0.23921843687374672,1.9034068136272548e-07,4.581653306613249e-05,4.749498997995983,1.811911094637567e-10,1.811911094637567e-10,1.811911094637567e-11
0.30895791583166204,1.155180360721442e-05,1e-08,9.298597194388822,3.7040597953057886e-09,3.7040597953057886e-09,3.704059795305789e-10
0.6872945891783527,2.4175651302605267e-05,2.3093607214428906e-05,5.030060120240475,1.7026068294228109e-09,1.7026068294228109e-09,1.702606829422811e-10
0.5303807615230433,7.223627254509015e-06,8.585216432865693e-05,3.4669338677354578,2.928411205530999e-10,2.928411205530999e-10,2.928411205530999e-11
0.7936472945891736,4.816096192384794e-05,8.846693386773542e-06,4.2685370741482815,2.672506026391465e-10,2.672506026391465e-10,2.672506026391465e-11
0.8912825651302551,1.3535551102204397e-05,5.6095951903807925e-05,6.112224448897803,1.1617029015291595e-08,1.1617029015291595e-08,1.1617029015291595e-09
0.8110821643286524,1.4617595190380748e-05,5.753867735470974e-05,4.408817635270528,5.166540006581435e-07,5.166540006581435e-07,5.166540006581435e-08
0.2636272545090171,5.411220440881793e-05,5.420220440881763e-06,0.06012024048096192,3.6666940272290375e-07,3.6666940272290375e-07,3.6666940272290375e-08
0.13112224448897797,7.521206412825644e-05,3.265166332665343e-05,0.7815631262525055,5.81409750859795e-10,5.81409750859795e-10,5.81409750859795e-11
0.8947695390781508,5.501390781563156e-05,7.431036072144284e-05,1.4028056112224458,2.078293763894782e-10,2.078293763894782e-10,2.078293763894782e-11
0.6785771543086133,4.257040080160341e-05,1.8044068136272553e-05,8.256513026052136,7.354078138654125e-09,7.354078138654125e-09,7.354078138654125e-10
0.8738476953907762,2.8323486973947986e-05,3.824222444889796e-05,3.6472945891783417,1.0296529156878686e-09,1.0296529156878686e-09,1.0296529156878686e-10
0.6402204408817599,1.5158617234468924e-05,7.40396793587174e-06,6.152304609218445,2.3448288825886378e-09,2.3448288825886378e-09,2.3448288825886376e-10
0.1590180360721441,3.24713226452907e-05,7.593342685370732e-05,4.849699398797587,3.229296625390487e-09,3.229296625390487e-09,3.229296625390487e-10
0.5460721442885742,3.138927855711434e-05,1.9034068136272548e-07,3.386773547094176,5.37395429067653e-08,5.37395429067653e-08,5.37395429067653e-09
0.45192384769538846,8.278637274549069e-05,6.565400801603227e-05,2.1442885771543088,1.920961193590632e-08,1.920961193590632e-08,1.920961193590632e-09
0.24444889779559037,8.639318637274509e-05,3.968494989979978e-05,8.57715430861727,2.5018160486855433e-06,2.5018160486855433e-06,2.5018160486855434e-07
0.19388777555110176,7.376933867735468e-05,6.76377555110222e-05,0.5210420841683369,4.655447205842502e-09,4.655447205842502e-09,4.655447205842502e-10
0.24793587174348614,6.132583166332699e-05,7.647444889779548e-05,0.1603206412825651,3.249903388467101e-08,3.249903388467101e-08,3.249903388467101e-09
0.1886573146292581,6.222753507014059e-05,3.5717454909819785e-05,0.36072144288577157,1.4843773568639093e-09,1.4843773568639093e-09,1.4843773568639093e-10
0.06661322645290584,3.734052104208433e-05,5.8440380761523374e-05,4.9699398797595125,2.2831897564135424e-06,2.2831897564135424e-06,2.2831897564135425e-07
0.31767535070140146,5.248913827655339e-05,8.332739478957885e-05,7.615230460921869,3.144407265818321e-06,3.144407265818321e-06,3.144407265818321e-07
0.7535470941883723,2.1740881763527053e-06,4.707891783567158e-05,0.3006012024048096,1.2941191703766615e-09,1.2941191703766615e-09,1.2941191703766614e-10
0.07358717434869742,5.807969939879792e-05,8.278637274549069e-05,2.3246492985971927,8.161436965110303e-07,8.161436965110303e-07,8.161436965110304e-08
0.06835671342685373,7.9359899799599e-05,1.0289418837675343e-05,2.705410821643281,1.599896387950018e-08,1.599896387950018e-08,1.5998963879500182e-09
0.519919839679356,4.761993987975976e-05,7.250695390781564e-05,1.7835671342685384,1.9015829452872134e-06,1.9015829452872134e-06,1.9015829452872134e-07
0.3054709418837663,5.573527054108247e-05,6.0243787575150643e-05,1.4829659318637285,3.5028213468441776e-07,3.5028213468441776e-07,3.502821346844178e-08
0.5112024048096165,3.1749959919839793e-05,7.503172344689372e-05,0.26052104208416826,2.3990510891740275e-09,2.3990510891740275e-09,2.3990510891740275e-10
0.4693587174348673,7.954024048096172e-05,1.7322705410821645e-05,9.118236472945934,6.711427038315516e-09,6.711427038315516e-09,6.711427038315515e-10
0.4867935871743461,7.232661322645292e-05,2.1831222444889817e-05,8.757515030060159,5.625364284701012e-08,5.625364284701012e-08,5.625364284701012e-09
0.21480961923847636,8.999999999999949e-05,1.0469759519038069e-05,0.6613226452905815,2.3211747471134193e-07,2.3211747471134193e-07,2.3211747471134193e-08
0.7971342685370694,7.250695390781564e-05,2.002781563126255e-05,4.208416833667319,2.786984611210164e-07,2.786984611210164e-07,2.786984611210164e-08
0.33859719438877606,7.76464929859719e-06,7.313627254509018e-07,1.0821643286573153,5.851198383420681e-09,5.851198383420681e-09,5.851198383420681e-10
0.5966332665330628,1.0830440881763519e-05,8.513080160320605e-05,8.35671342685374,6.452391371260465e-08,6.452391371260465e-08,6.452391371260465e-09
0.8808216432865678,2.7962805611222532e-05,1.0920440881763526e-06,6.813627254509034,1.0985885614816929e-06,1.0985885614816929e-06,1.0985885614816929e-07
0.6855511022044048,4.870198396793612e-05,6.85394589178358e-05,8.136272545090211,1.4416288578877648e-10,1.4416288578877648e-10,1.4416288578877648e-11
0.4780761523046067,3.977494989979961e-06,4.004563126252523e-05,8.296593186372778,3.789713079823497e-09,3.789713079823497e-09,3.789713079823497e-10
0.3107014028056099,1.5699639278557103e-05,5.807969939879792e-05,6.893787575150317,7.926396206684818e-08,7.926396206684818e-08,7.926396206684819e-09
0.8790781563126199,7.04328657314629e-06,8.891795591182317e-05,9.178356713426897,8.597770058661916e-06,8.597770058661916e-06,8.597770058661916e-07
0.48505010020039824,6.06044689378761e-05,7.286763527054108e-05,3.246492985971933,2.6895598015305057e-09,2.6895598015305057e-09,2.689559801530506e-10
0.06312625250501004,8.314705410821613e-05,2.868416833667344e-05,1.3426853707414839,4.732898989392676e-10,4.732898989392676e-10,4.7328989893926764e-11
0.5024849699398771,8.909829659318589e-05,2.8864509018036166e-05,0.7615230460921848,2.0236611156478834e-07,2.0236611156478834e-07,2.0236611156478835e-08
0.5600200400801573,1.8044068136272553e-05,4.6718236472946126e-05,3.286573146292574,3.852761810524898e-10,3.852761810524898e-10,3.852761810524898e-11
0.6315030060120205,2.9946553106212528e-05,6.042412825651337e-05,2.565130260521038,1.8165969901177153e-06,1.8165969901177153e-06,1.8165969901177153e-07
0.5443286573146263,2.8864509018036166e-05,6.8629458917835644e-06,6.352705410821653,3.003876738033687e-06,3.003876738033687e-06,3.003876738033687e-07
0.1694789579158314,6.871979959919852e-05,5.39318637274552e-05,5.37074148296593,2.38383935162554e-10,2.38383935162554e-10,2.3838393516255397e-11
0.07881763527054111,2.1470541082164364e-05,5.050539078156339e-05,1.0020040080160326,4.2057622768873556e-07,4.2057622768873556e-07,4.2057622768873555e-08
0.45366733466933634,2.868416833667344e-05,4.942334669338703e-05,6.3326653306613325,9.24297241786789e-09,9.24297241786789e-09,9.24297241786789e-10
0.743086172344685,6.682605210420839e-06,5.0866072144288845e-05,7.63527054108219,2.8696268309097724e-06,2.8696268309097724e-06,2.8696268309097723e-07
0.7605210420841638,3.589779559118251e-05,4.816096192384794e-05,8.176352705410853,1.7530940861852815e-08,1.7530940861852815e-08,1.7530940861852815e-09
0.7849298597194342,6.817877755511036e-05,1.5699639278557103e-05,4.168336673346677,1.6961863549009102e-06,1.6961863549009102e-06,1.6961863549009102e-07
0.3263927855711409,6.330957915831691e-05,2.9946553106212528e-05,6.993987975951922,1.5637362941303773e-08,1.5637362941303773e-08,1.5637362941303773e-09
0.49551102204408554,7.313627254509018e-07,3.6168136272545103e-06,3.10621242484969,1.8775445464206673e-08,1.8775445464206673e-08,1.8775445464206674e-09
0.12937875751503009,9.117034068136272e-07,6.439162324649323e-05,5.4709418837675345,1.2648701071454006e-09,1.2648701071454006e-09,1.2648701071454006e-10
0.16599198396793563,7.647444889779548e-05,1.4797935871743473e-05,5.250501002004005,3.967007431657834e-09,3.967007431657834e-09,3.967007431657834e-10
0.5077154308617208,1.0650100200400794e-05,8.188466933867709e-05,0.7214428857715435,2.0573283780563895e-08,2.0573283780563895e-08,2.0573283780563896e-09
0.22352705410821577,5.212845691382793e-05,8.531114228456877e-05,0.6212424849699402,7.233731926008842e-08,7.233731926008842e-08,7.233731926008842e-09
0.7901603206412778,5.050539078156339e-05,1.4437254509018023e-05,5.410821643286572,1.1810299302120125e-09,1.1810299302120125e-09,1.1810299302120126e-10
0.0892785571142285,3.193030060120252e-05,8.783591182364685e-05,3.0460921843687285,3.1764506247026196e-08,3.1764506247026196e-08,3.1764506247026194e-09
0.69775551102204,3.5717454909819785e-05,7.719581162324636e-05,1.8837675350701417,1.173541337152713e-10,1.173541337152713e-10,1.1735413371527131e-11
0.7256513026052062,2.2732925851703452e-05,2.2552585170340725e-05,0.4609218436873749,3.7276961135130846e-08,3.7276961135130846e-08,3.727696113513085e-09
0.25490981963927767,5.158743486973975e-05,6.980184368737484e-05,3.7675350701402643,2.6794175597149314e-06,2.6794175597149314e-06,2.679417559714931e-07
0.7204208416833625,5.988310621242519e-05,1.2994529058116221e-05,5.010020040080154,3.7754221960716797e-06,3.7754221960716797e-06,3.7754221960716797e-07
0.4571543086172321,7.944989979959916e-06,4.8521643286573395e-05,7.795591182364757,1.302377193788689e-08,1.302377193788689e-08,1.302377193788689e-09
0.8337474949899749,4.527551102204431e-05,6.998218436873756e-05,2.424849699398795,9.149731276311929e-07,9.149731276311929e-07,9.14973127631193e-08
0.3734669338677337,4.4373807615230676e-05,4.347210420841704e-05,0.02004008016032064,2.6121033219565265e-10,2.6121033219565265e-10,2.6121033219565266e-11
0.3438276553106197,5.59156112224452e-05,8.11633066132262e-05,4.569138276553095,7.796684263812391e-07,7.796684263812391e-07,7.796684263812391e-08
0.6925250501001964,6.321923847695389e-06,1.2092825651302595e-05,3.4468937875751373,4.043435780503082e-06,4.043435780503082e-06,4.0434357805030824e-07
0.07707414829659322,4.401312625250522e-05,5.357118236472975e-05,4.188376753506998,8.685386390868373e-08,8.685386390868373e-08,8.685386390868373e-09
0.3978757515030041,7.75564929859718e-05,1.4527254509018034e-06,8.897795591182405,1.7642809168409121e-07,1.7642809168409121e-07,1.7642809168409122e-08
0.8163126252504961,4.473448897795613e-05,6.367026052104235e-05,7.094188376753526,1.5897518753683175e-09,1.5897518753683175e-09,1.5897518753683174e-10
0.3455711422845676,2.5618376753507082e-05,2.5618376753507082e-05,1.1422845691382773,9.517053499680225e-08,9.517053499680225e-08,9.517053499680224e-09
0.3473146292585155,1.6240661322645284e-05,2.110985971943891e-05,6.95390781563128,8.79658629969176e-06,8.79658629969176e-06,8.796586299691759e-07
0.295010020040079,5.681731462925883e-05,7.106422845691388e-05,3.667334669338662,5.829133706189185e-06,5.829133706189185e-06,5.829133706189185e-07
0.35080160320641124,2.3634629258517086e-05,6.06044689378761e-05,6.412825651302616,3.516080370622556e-10,3.516080370622556e-10,3.516080370622556e-11
0.1380961923847695,2.742178356713435e-05,7.04328657314629e-06,8.376753507014062,3.2088205242547684e-10,3.2088205242547684e-10,3.208820524254768e-11
0.6018637274549065,5.7177995991984286e-05,2.9044849699398893e-05,3.2264529058116125,5.2191900870658066e-09,5.2191900870658066e-09,5.219190087065806e-10
0.6245290581162289,7.611376753507004e-05,3.1749959919839793e-05,9.218436873747539,5.081991880963312e-06,5.081991880963312e-06,5.081991880963312e-07
0.22004008016032,7.322831663326652e-05,3.643881763527069e-05,6.292585170340691,2.569357414732162e-09,2.569357414732162e-09,2.569357414732162e-10
0.23398797595190307,4.581653306613249e-05,1.7142364729458918e-05,0.32064128256513025,2.8333511404222655e-08,2.8333511404222655e-08,2.8333511404222654e-09
0.38915831663326467,4.076699398797614e-05,5.627629258517065e-05,9.378757515030106,3.6900919072811463e-06,3.6900919072811463e-06,3.690091907281146e-07
0.29675350701402686,6.367026052104235e-05,6.403094188376779e-05,4.7895791583166245,2.3748499716013735e-07,2.3748499716013735e-07,2.3748499716013734e-08
0.563507014028053,7.106422845691388e-05,7.972058116232444e-05,0.9218436873747501,1.0257701283071679e-06,1.0257701283071679e-06,1.0257701283071679e-07
0.3211623246492972,2.5438036072144355e-05,1.5158617234468924e-05,1.5430861723446905,8.543253911746649e-07,8.543253911746649e-07,8.543253911746649e-08
0.5704809619238446,7.358899799599196e-05,5.158743486973975e-05,5.490981963927855,2.2918321804121607e-09,2.2918321804121607e-09,2.2918321804121607e-10
0.7308817635270498,1.587997995991983e-05,8.621284569138237e-05,5.871743486973952,7.187864777930511e-09,7.187864777930511e-09,7.187864777930511e-10
0.12589178356713432,3.481575150300615e-05,6.547366733466955e-05,2.4849699398797562,4.136936850808543e-06,4.136936850808543e-06,4.136936850808543e-07
0.4466933867735448,3.932426853707432e-05,5.3751523046092475e-05,1.1823647294589186,3.643444506839694e-08,3.643444506839694e-08,3.6434445068396936e-09
0.3037274549098184,7.431036072144284e-05,6.457196392785595e-05,1.22244488977956,3.196720167281389e-07,3.196720167281389e-07,3.196720167281389e-08
0.7796993987975905,5.9522424849699736e-05,1.9937474949899797e-06,5.190380761523042,8.773895585016613e-10,8.773895585016613e-10,8.773895585016612e-11
0.383927855711421,4.7439599198397034e-05,1.822440881763528e-05,2.284569138276552,1.0128031044122859e-08,1.0128031044122859e-08,1.0128031044122858e-09
0.05092184368737476,1e-08,3.120893787575161e-05,3.527054108216419,2.09155575626162e-09,2.09155575626162e-09,2.09155575626162e-10
0.3943887775551083,1.876543086172346e-05,2.5438036072144355e-05,8.216432865731495,2.935984551084556e-06,2.935984551084556e-06,2.9359845510845557e-07
0.5617635270541051,8.513080160320605e-05,2.4355991983967994e-05,0.04008016032064128,7.649312638022242e-10,7.649312638022242e-10,7.649312638022242e-11
0.11717434869739485,2.50773547094189e-05,5.519424849699429e-05,3.5871743486973804,7.747247586409063e-08,7.747247586409063e-08,7.747247586409063e-09
0.8250300601202355,4.5636192384769765e-05,2.8323486973947986e-05,5.050100200400796,1.865639541560769e-09,1.865639541560769e-09,1.8656395415607688e-10
0.8755911823647241,8.404875751502973e-05,8.963931863727405e-05,6.753507014028071,2.7413768495932584e-06,2.7413768495932584e-06,2.7413768495932586e-07
0.41008016032063926,8.3868416833667e-05,3.427472945891797e-05,5.110220440881759,1.543968701634049e-10,1.543968701634049e-10,1.543968701634049e-11
0.832004008016027,8.945897795591133e-05,1.6330661322645289e-06,5.59118236472946,1.2284431849546003e-10,1.2284431849546003e-10,1.2284431849546003e-11
0.26885771543086073,2.219190380761527e-05,2.345428857715436e-05,0.2805611222444889,8.297217228816601e-08,8.297217228816601e-08,8.297217228816601e-09
0.16424849699398775,7.449070140280556e-05,5.537458917835702e-05,5.1503006012024,1.2006784989695448e-10,1.2006784989695448e-10,1.2006784989695449e-11
0.03,1.2092825651302595e-05,2.0749178356713456e-05,9.398797595190427,5.306020752962591e-10,5.306020752962591e-10,5.3060207529625915e-11
0.29849699398797475,7.268729458917836e-05,5.339084168336702e-05,7.915831663326682,7.3263461511480485e-06,7.3263461511480485e-06,7.326346151148048e-07
0.7709819639278511,8.11633066132262e-05,6.114549098196427e-05,7.555110220440906,1.4787798185268515e-06,1.4787798185268515e-06,1.4787798185268515e-07
0.7186773547094146,4.45541482965934e-05,7.629410821643276e-05,0.38076152304609223,4.346867285076761e-09,4.346867285076761e-09,4.346867285076761e-10
0.36823647294589007,5.780901803607213e-06,6.619503006012043e-05,2.1843687374749496,1.3190516649849534e-06,1.3190516649849534e-06,1.3190516649849534e-07
0.43274549098196174,2.0929519038076183e-05,7.954024048096172e-05,8.316633266533099,2.984829963759814e-07,2.984829963759814e-07,2.984829963759814e-08
0.47458917835671094,2.056883767535073e-05,6.312923847695419e-05,3.166332665330651,1.2568499060793791e-10,1.2568499060793791e-10,1.2568499060793792e-11
0.30024048096192263,2.7061102204408897e-05,6.691639278557132e-05,7.695390781563153,3.084972204036884e-09,3.084972204036884e-09,3.084972204036884e-10
0.7151903807615189,3.770120240480978e-05,4.5095170340681584e-05,6.773547094188392,1.0709890365931138e-10,1.0709890365931138e-10,1.0709890365931137e-11
0.24619238476953825,5.510220440881764e-07,7.30479759519038e-05,7.354709418837698,2.7343054928428164e-10,2.7343054928428164e-10,2.7343054928428164e-11
0.2409619238476946,3.1028597194388886e-05,2.742178356713435e-05,1.4428857715430872,8.886228686294111e-08,8.886228686294111e-08,8.886228686294111e-09
0.8215430861723397,1.272384769539078e-06,5.8981402805611555e-05,0.5010020040080162,1.2521103662981536e-07,1.2521103662981536e-07,1.2521103662981537e-08
0.42402805611222233,1.2633847695390771e-05,5.230879759519066e-05,9.659318637274598,1.1354466475453157e-08,1.1354466475453157e-08,1.1354466475453157e-09
0.7953907815631215,4.7980621242485214e-05,8.314705410821613e-05,3.0060120240480876,8.976784581523771e-10,8.976784581523771e-10,8.976784581523771e-11
0.5425851703406784,3.71601803607216e-05,1.2633847695390771e-05,5.3106212424849675,9.962290327919802e-08,9.962290327919802e-08,9.962290327919802e-09
0.35951903807615065,1.6601342685370737e-05,2.7061102204408897e-05,8.937875751503046,1.7755391328152799e-06,1.7755391328152799e-06,1.7755391328152798e-07
0.5914028056112192,5.645663326653338e-05,4.3291763527054315e-05,8.517034068136308,1.7822599767437462e-09,1.7822599767437462e-09,1.782259976743746e-10
0.7552905811623202,1.119112224448897e-05,7.76464929859719e-06,5.531062124248497,1.060185126784533e-08,1.060185126784533e-08,1.0601851267845331e-09
0.26537074148296497,3.661915831663342e-05,8.062228456913804e-05,9.418837675350748,7.876137060747666e-09,7.876137060747666e-09,7.876137060747665e-10
0.668116232464926,4.65378957915834e-05,7.232661322645292e-05,3.1262525050100103,3.765683528717025e-10,3.765683528717025e-10,3.765683528717025e-11
0.1799398797595187,2.165088176352709e-05,5.411220440881793e-05,2.845691382765524,3.992321669323289e-08,3.992321669323289e-08,3.992321669323289e-09
0.3560320641282549,4.0947334669338865e-05,2.6520080160320717e-05,9.739478957915882,4.017797442009687e-07,4.017797442009687e-07,4.017797442009687e-08
0.8354909819639228,6.94411623246494e-05,3.193030060120252e-05,7.515030060120265,3.902089122260732e-08,3.902089122260732e-08,3.902089122260732e-09
0.5251503006011996,6.502264529058114e-06,6.49326452905814e-05,8.737474949899838,1.2160509111574433e-08,1.2160509111574433e-08,1.2160509111574433e-09
0.2008617234468933,8.981965931863677e-05,4.45541482965934e-05,7.815631262525078,2.4701899488522036e-08,2.4701899488522036e-08,2.4701899488522035e-09
0.09973947895791588,4.9603687374749756e-05,6.204719438877787e-05,9.078156312625293,3.034488008210854e-08,3.034488008210854e-08,3.034488008210854e-09
0.24967935871743402,2.8503827655310713e-05,7.088388777555116e-05,3.927855711422828,4.533068255355657e-06,4.533068255355657e-06,4.533068255355657e-07
0.27583166332665227,2.814314629258526e-05,5.916174348697428e-05,9.338677354709464,5.986502451821476e-09,5.986502451821476e-09,5.986502451821476e-10
0.6262725450901768,1.3174869739478947e-05,7.196593186372748e-05,6.573146292585183,1.6162002728487966e-10,1.6162002728487966e-10,1.6162002728487966e-11
0.8389779559118186,2.110985971943891e-05,1.587997995991983e-05,2.885771543086165,8.192329972794974e-10,8.192329972794974e-10,8.192329972794974e-11
0.39961923847695197,5.303016032064157e-05,4.257040080160341e-05,7.675350701402832,1.547961654699955e-06,1.547961654699955e-06,1.547961654699955e-07
0.5739679358717403,7.863853707414812e-05,5.3210501002004294e-05,6.472945891783579,6.668871685016272e-10,6.668871685016272e-10,6.668871685016273e-11
0.5983767535070107,2.895450901803608e-06,7.39496793587174e-05,0.8016032064128261,5.7189523929331805e-09,5.7189523929331805e-09,5.71895239293318e-10
0.4989979959919813,8.729488977955869e-05,6.637537074148315e-05,1.5831663326653318,1.965381814410689e-08,1.965381814410689e-08,1.965381814410689e-09
0.4170541082164308,2.1290200400801637e-05,6.385060120240507e-05,1.9038076152304624,2.1183341629931634e-07,2.1183341629931634e-07,2.1183341629931635e-08
0.043947895791583175,4.545585170340704e-05,1.984747494989982e-05,3.607214428857701,8.350163368321142e-07,8.350163368321142e-07,8.350163368321142e-08
0.802364729458913,7.196593186372748e-05,3.319268537074161e-05,8.11623246492989,5.755446128467109e-08,5.755446128467109e-08,5.755446128467109e-09
0.5861723446893755,4.6718236472946126e-05,4.527551102204431e-05,8.77755511022048,2.628771655817212e-09,2.628771655817212e-09,2.628771655817212e-10
0.41356713426853503,7.701547094188364e-05,8.765557114228413e-05,3.206412825651292,1.6854312935433095e-07,1.6854312935433095e-07,1.6854312935433094e-08
0.21306613226452847,1.4076573146292573e-05,4.2209719438877954e-05,0.12024048096192383,4.824083001835878e-07,4.824083001835878e-07,4.824083001835878e-08
0.8686172344689326,6.348991983967963e-05,8.639318637274509e-05,8.156312625250532,5.963927547384928e-06,5.963927547384928e-06,5.963927547384928e-07
0.8232865731462876,4.491482965931886e-05,7.584308617234465e-06,3.066132264529049,1.2316201379436526e-06,1.2316201379436526e-06,1.2316201379436525e-07
0.6524248496993951,8.080262525050076e-05,7.683513026052092e-05,1.7635270541082178,2.2033761375702947e-08,2.2033761375702947e-08,2.2033761375702947e-09
0.7657515030060075,4.0406312625250685e-05,6.475230460921867e-05,8.99799599198401,4.058741160324506e-09,4.058741160324506e-09,4.0587411603245054e-10
0.3874148296593168,6.258821643286603e-05,3.0757915831663335e-06,6.8537074148296755,2.851431299180209e-07,2.851431299180209e-07,2.851431299180209e-08
0.4397194388777533,7.683513026052092e-05,6.817877755511036e-05,2.344689378757513,3.6805733486334386e-10,3.6805733486334386e-10,3.6805733486334384e-11
0.7361122244488935,3.824222444889796e-05,8.873761523046045e-05,2.4448897795591154,8.381770750968165e-10,8.381770750968165e-10,8.381770750968166e-11
0.7413426853707371,4.888232464929885e-05,5.970276553106246e-05,8.657314629258554,1.8234732479403994e-09,1.8234732479403994e-09,1.8234732479403993e-10
0.1991182364729454,7.809751503005996e-05,5.501390781563156e-05,5.691382765531064,9.361311158813752e-07,9.361311158813752e-07,9.361311158813752e-08
0.06486973947895794,1.533895791583165e-05,9.568056112224443e-06,6.593186372745504,2.527311025237083e-08,2.527311025237083e-08,2.5273110252370827e-09
0.8494388777555059,7.40396793587174e-06,2.6700420841683444e-05,2.4048096192384745,6.086098746574678e-10,6.086098746574678e-10,6.086098746574678e-11
0.7692384769539032,4.8521643286573395e-05,4.1488356713427046e-05,8.817635270541121,2.4859527061752755e-07,2.4859527061752755e-07,2.4859527061752755e-08
0.04220440881763528,5.600561122244488e-06,7.376933867735468e-05,3.486973947895778,8.630314692361701e-09,8.630314692361701e-09,8.630314692361702e-10
0.2932665330661311,8.855727454909773e-05,8.224535070140253e-05,0.9018036072144294,2.4389636426772285e-10,2.4389636426772285e-10,2.4389636426772285e-11
0.54955911823647,6.114549098196427e-05,1.7503046092184372e-05,9.879759519038128,1.6368926536932457e-08,1.6368926536932457e-08,1.6368926536932458e-09
0.2915230460921832,6.619503006012043e-05,1.0650100200400794e-05,0.7014028056112228,1.315649183163909e-10,1.315649183163909e-10,1.3156491831639089e-11
0.36997995991983795,8.477012024048061e-05,4.419346693386795e-05,9.819639278557165,5.133780366335107e-08,5.133780366335107e-08,5.1337803663351075e-09
0.2845490981963917,1.9126112224448914e-05,8.422909819639245e-05,6.913827655310638,2.553065810590191e-10,2.553065810590191e-10,2.553065810590191e-11
0.2217835671342679,6.998218436873756e-05,8.242569138276525e-05,6.27254509018037,1.3633063764347168e-08,1.3633063764347168e-08,1.3633063764347169e-09
0.3333667334669324,5.6636973947896105e-05,7.881887775551084e-05,0.7414829659318641,4.1790946697504914e-08,4.1790946697504914e-08,4.1790946697504915e-09
0.49376753507013765,3.788154308617251e-05,7.701547094188364e-05,0.1002004008016032,4.685154510161405e-08,4.685154510161405e-08,4.685154510161405e-09
0.7744689378757469,8.657352705410781e-05,2.399531062124254e-05,3.3667334669338556,5.068882928942187e-10,5.068882928942187e-10,5.0688829289421867e-11
0.8895390781563072,1.8404749498998006e-05,3.2290981963927974e-05,7.054108216432884,7.1422884610987e-10,7.1422884610987e-10,7.1422884610987e-11
0.04046092184368738,3.9865290581162504e-05,5.86207214428861e-05,4.90981963927855,2.126352568802807e-10,2.126352568802807e-10,2.126352568802807e-11
0.21655310621242424,1.930645290581164e-05,7.737615230460908e-05,2.3647294589178336,2.010829624931726e-08,2.010829624931726e-08,2.0108296249317262e-09
0.21829659318637212,8.873761523046045e-05,2.1290200400801637e-05,4.869739478957908,2.1535764827585305e-08,2.1535764827585305e-08,2.1535764827585307e-09
0.2113226452905806,3.44550701402807e-05,6.511298597194411e-05,3.026052104208408,7.401005926166316e-08,7.401005926166316e-08,7.401005926166316e-09
0.09799599198396798,3.878324649298614e-05,6.871979959919852e-05,6.693386773547108,1.377199270006178e-10,1.377199270006178e-10,1.3771992700061781e-11
0.6349899799599162,1.0920440881763526e-06,2.6159398797595263e-05,1.042084168336674,7.115355125521681e-07,7.115355125521681e-07,7.115355125521681e-08
0.18168336673346658,6.276855711422875e-05,3.589779559118251e-05,1.3226452905811632,1.0362233290459696e-08,1.0362233290459696e-08,1.0362233290459697e-09
0.8511823647294537,7.584308617234465e-06,7.12445691382766e-05,6.252505010020049,1.1765763050734954e-06,1.1765763050734954e-06,1.1765763050734954e-07
0.6942685370741443,8.486012024048091e-06,8.098296593186348e-05,4.22845691382764,4.0330057745352055e-10,4.0330057745352055e-10,4.0330057745352053e-11
0.8372344689378707,5.465322645290611e-05,3.950460921843705e-05,8.276553106212457,1.385987443518386e-09,1.385987443518386e-09,1.385987443518386e-10
0.8581563126252453,2.688076152304617e-05,6.186685370741515e-05,4.00801603206411,2.9659039599575217e-08,2.9659039599575217e-08,2.9659039599575215e-09
0.6890380761523006,5.6095951903807925e-05,7.863853707414812e-05,9.138276553106255,1.149983889528423e-06,1.149983889528423e-06,1.149983889528423e-07
0.8930260521042029,5.8981402805611555e-05,8.440943887775517e-05,3.3266533066132147,1.0428356694758392e-07,1.0428356694758392e-07,1.0428356694758392e-08
0.25839679358717343,7.30479759519038e-05,9.387715430861717e-06,1.5631262525050111,5.568616805225718e-06,5.568616805225718e-06,5.568616805225718e-07
0.6559118236472908,8.152398797595164e-05,8.729488977955869e-05,5.290581162324647,4.745139032542713e-06,4.745139032542713e-06,4.7451390325427135e-07
0.15378757515030045,7.881887775551084e-05,4.834130260521067e-05,0.48096192384769554,1.6641253232742929e-09,1.6641253232742929e-09,1.664125323274293e-10
0.5268937875751475,2.0208156312625275e-05,5.771901803607247e-05,6.092184368737482,6.998915508640024e-06,6.998915508640024e-06,6.998915508640024e-07
0.6175551102204374,5.239879759519038e-06,3.1028597194388886e-05,7.434869739478981,1.6535735522929774e-10,1.6535735522929774e-10,1.6535735522929775e-11
0.5478156312625221,1.2453507014028046e-05,5.5554929859719744e-05,4.46893787575149,4.084640768561948e-08,4.084640768561948e-08,4.084640768561948e-09
0.4153106212424829,6.439162324649323e-05,7.827785571142268e-05,8.016032064128286,1.985410210702871e-10,1.985410210702871e-10,1.985410210702871e-11
0.0910220440881764,3.3914048096192516e-05,5.4292545090180656e-05,9.719438877755561,1.0534627781133267e-09,1.0534627781133267e-09,1.0534627781133268e-10
0.20609218436873694,4.347210420841704e-05,4.996436873747521e-05,7.154308617234489,6.866623174825301e-09,6.866623174825301e-09,6.866623174825301e-10
0.6070941883767501,2.4897014028056175e-05,4.112767535070159e-05,6.232464929859728,8.740809512478927e-07,8.740809512478927e-07,8.740809512478927e-08
0.23573146292585095,6.890014028056124e-05,7.268729458917836e-05,5.671342685370743,1.2729414866574903e-08,1.2729414866574903e-08,1.2729414866574903e-09
0.39264529058116043,3.7068136272545095e-07,4.166869739478977e-05,6.5130260521042205,1.846819366326798e-07,1.846819366326798e-07,1.846819366326798e-08
0.5687374749498967,6.0063446893787916e-05,7.322831663326652e-05,5.430861723446893,3.877347024901268e-09,3.877347024901268e-09,3.8773470249012675e-10
0.4711022044088152,8.675386773547053e-05,7.052320641282572e-05,9.979959919839732,6.954537268292439e-07,6.954537268292439e-07,6.95453726829244e-08
0.26711422845691285,4.2750741482966134e-05,7.809751503005996e-05,5.931863727454915,8.48908343705269e-08,8.48908343705269e-08,8.48908343705269e-09
0.5844288577154276,7.052320641282572e-05,8.3868416833667e-05,3.346693386773535,1.3324935770259004e-08,1.3324935770259004e-08,1.3324935770259003e-09
0.4257715430861702,4.365244488977977e-05,7.944989979959916e-06,7.014028056112243,9.301953603195098e-08,9.301953603195098e-08,9.301953603195097e-09
0.28977955911823533,1.3715891783567122e-05,6.908048096192396e-05,8.09619238476957,7.476426528190401e-10,7.476426528190401e-10,7.476426528190401e-11
0.07010020040080163,4.058665330661341e-05,3.2832004008016155e-05,2.244488977955911,4.637891667090604e-06,4.637891667090604e-06,4.6378916670906043e-07
0.8564128256512974,3.6979839679358873e-05,4.879198396793587e-06,3.0861723446893694,1.583756973177416e-06,1.583756973177416e-06,1.583756973177416e-07
0.15727454909819621,7.899921843687356e-05,4.9062665330661576e-05,7.575150300601227,4.8548664036142015e-06,4.8548664036142015e-06,4.854866403614201e-07
0.061382765531062145,5.519424849699429e-05,8.819659318637229e-05,3.426853707414817,2.3597916868286672e-08,2.3597916868286672e-08,2.3597916868286673e-09
0.6803206412825612,2.0388496993988002e-05,1.8945771543086187e-05,9.438877755511069,1.741978188213289e-09,1.741978188213289e-09,1.741978188213289e-10
0.6210420841683332,7.178559118236476e-05,8.657352705410781e-05,0.9619238476953914,9.577783649123128e-07,9.577783649123128e-07,9.577783649123128e-08
0.7378557114228413,8.846693386773542e-06,8.711454909819597e-05,9.93987975951909,2.495362636850953e-10,2.495362636850953e-10,2.495362636850953e-11
0.5059719438877729,4.518517034068137e-06,3.661915831663342e-05,0.14028056112224446,6.5350020116956714e-06,6.5350020116956714e-06,6.535002011695672e-07
0.049178356713426866,5.1407094188377025e-05,4.698857715430862e-06,2.464929859719436,1.1543368559592538e-09,1.1543368559592538e-09,1.1543368559592538e-10
0.6628857715430824,7.503172344689372e-05,1.6781683366733464e-05,6.452905811623258,9.184365216369317e-10,9.184365216369317e-10,9.184365216369317e-11
0.818056112224444,4.689857715430885e-05,1.2453507014028046e-05,4.949899799599192,2.9470979608537566e-09,2.9470979608537566e-09,2.9470979608537566e-10
0.3664929859719422,3.499609218436888e-05,8.152398797595164e-05,4.629258517034057,3.9269891037037604e-07,3.9269891037037604e-07,3.92698910370376e-08
0.5216633266533038,6.042412825651337e-05,5.248913827655339e-05,2.2244488977955905,1.2892390894219017e-06,1.2892390894219017e-06,1.2892390894219017e-07
0.8302605210420791,1.191248496993987e-05,8.549148296593149e-05,1.3627254509018045,4.430614012294001e-06,4.430614012294001e-06,4.430614012294001e-07
0.14681362725450892,2.715110220440882e-06,8.855727454909773e-05,2.985971943887767,2.6022531659854646e-07,2.6022531659854646e-07,2.6022531659854647e-08
0.6907815631262485,2.7241442885771624e-05,4.4373807615230676e-05,5.210420841683363,6.411478493438621e-09,6.411478493438621e-09,6.411478493438621e-10
0.2601402805611213,5.1948116232465206e-05,8.495046092184333e-05,4.929859719438871,5.697386410995195e-06,5.697386410995195e-06,5.697386410995195e-07
0.3525450901803591,6.565400801603227e-05,4.978402805611248e-05,5.6513026052104225,5.661260816510151e-07,5.661260816510151e-07,5.661260816510152e-08
0.5809418837675319,5.230879759519066e-05,3.44550701402807e-05,1.6432865731462938,1.4126898718987808e-06,1.4126898718987808e-06,1.4126898718987808e-07
0.5513026052104179,3.7520861723447054e-05,1.2814188376753496e-05,0.5410821643286575,8.829883500823982e-09,8.829883500823982e-09,8.829883500823982e-10
0.7169338677354667,3.950460921843705e-05,5.1407094188377025e-05,3.3066132264528942,4.1262656596768024e-10,4.1262656596768024e-10,4.126265659676802e-11
0.2514228456913819,9.568056112224443e-06,8.693420841683325e-05,5.891783567134273,2.2773002891194118e-10,2.2773002891194118e-10,2.2773002891194117e-11
0.22701402805611154,3.535677354709433e-05,4.689857715430885e-05,0.8817635270541088,2.4545271389327164e-09,2.4545271389327164e-09,2.4545271389327164e-10
0.6698597194388739,8.188466933867709e-05,2.291326653306618e-05,5.9919839679358775,2.4297663907591406e-07,2.4297663907591406e-07,2.4297663907591408e-08
0.05440881763527056,5.447288577154338e-05,2.2732925851703452e-05,4.68937875751502,1.4938494543691993e-08,1.4938494543691993e-08,1.4938494543691992e-09
0.7326252505009977,3.084825651302616e-05,8.305671342685366e-06,2.104208416833668,6.226834689391767e-10,6.226834689391767e-10,6.226834689391767e-11
0.19737474949899753,7.340865731462924e-05,5.068573146292612e-05,7.474949899799623,1.3460724700541052e-10,1.3460724700541052e-10,1.3460724700541052e-11
0.8058517034068088,3.6258476953907966e-05,4.022597194388796e-05,7.775551102204436,6.203353499968312e-07,6.203353499968312e-07,6.203353499968312e-08
0.5669939879759488,8.891795591182317e-05,2.895450901803608e-06,5.330661322645288,2.7239945164925986e-07,2.7239945164925986e-07,2.7239945164925987e-08
0.7239078156312583,1.0109078156312618e-05,8.02616032064126e-05,8.677354709418875,9.836354454798719e-10,9.836354454798719e-10,9.836354454798719e-11
0.7395991983967892,7.557274549098188e-05,3.6799498997996147e-05,4.288577154308602,6.754253945511699e-08,6.754253945511699e-08,6.754253945511699e-09
0.5373547094188348,4.338176352705412e-06,5.934208416833701e-05,4.328657314629244,1.474965319380662e-10,1.474965319380662e-10,1.474965319380662e-11
0.7343687374749456,6.294889779559147e-05,6.132583166332699e-05,3.1863727454909716,7.826196594533893e-10,7.826196594533893e-10,7.826196594533893e-11
0.5948897795591149,8.044194388777532e-05,9.027034068136267e-06,8.55711422845695,4.625928267548222e-10,4.625928267548222e-10,4.625928267548222e-11
0.5007414829659292,2.399531062124254e-05,8.458977955911789e-05,2.525050100200397,1.354662017467082e-09,1.354662017467082e-09,1.3546620174670821e-10
0.19563126252504964,5.3751523046092475e-05,1.642100200400801e-05,6.212424849699407,7.279891761183791e-07,7.279891761183791e-07,7.279891761183791e-08
0.7448296593186329,1.0469759519038069e-05,7.899921843687356e-05,9.579158316633315,3.401943794335867e-08,3.401943794335867e-08,3.401943794335867e-09
0.2322444889779552,2.633973947895799e-05,4.058665330661341e-05,8.857715430861763,1.3720058967200789e-07,1.3720058967200789e-07,1.3720058967200789e-08
0.6733466933867697,5.699765531062156e-05,4.491482965931886e-05,4.488977955911811,3.104658005213131e-08,3.104658005213131e-08,3.104658005213131e-09
0.05266533066132266,8.531114228456877e-05,5.104641282565157e-05,1.803607214428859,1.2238107659872235e-07,1.2238107659872235e-07,1.2238107659872236e-08
0.18342685370741446,3.643881763527069e-05,2.5979058116232536e-05,6.432865731462937,6.797354139442534e-07,6.797354139442534e-07,6.797354139442534e-08
0.2740881763527044,2.7602124248497078e-05,5.1948116232465206e-05,4.829659318637266,1.1961507797225564e-07,1.1961507797225564e-07,1.1961507797225564e-08
0.5652505010020009,8.368807615230429e-05,2.8503827655310713e-05,2.6252505010019993,1.5187023416387875e-09,1.5187023416387875e-09,1.5187023416387876e-10
0.2810621242484959,5.39318637274552e-05,1.9667134268537095e-05,7.1943887775551305,4.6084840437446547e-07,4.6084840437446547e-07,4.6084840437446547e-08
0.11891783567134274,4.834130260521067e-05,2.4897014028056175e-05,9.959919839679412,2.21743630462915e-07,2.21743630462915e-07,2.21743630462915e-08
0.43100200400801386,6.637537074148315e-05,2.453633266533072e-05,1.7234468937875764,5.428718044671095e-10,5.428718044671095e-10,5.428718044671094e-11
0.727394789579154,6.096515030060155e-05,3.256132264529059e-06,2.384769539078154,3.597386788179242e-10,3.597386788179242e-10,3.597386788179242e-11
0.8860521042084114,6.0784809619238824e-05,4.0406312625250685e-05,2.3046092184368723,1.7309327731598611e-10,1.7309327731598611e-10,1.7309327731598612e-11
0.6768336673346654,2.5347695390781566e-06,9.207374749498992e-06,0.8416833667334674,2.1811489473271364e-06,2.1811489473271364e-06,2.1811489473271363e-07
0.6123246492985938,3.3373026052104336e-05,6.601468937875771e-05,4.388777555110207,7.846436406165732e-06,7.846436406165732e-06,7.846436406165733e-07
0.6820641282565091,8.305671342685366e-06,1.8585090180360733e-05,7.935871743487003,1.3106879132369401e-07,1.3106879132369401e-07,1.3106879132369401e-08
0.3368537074148282,5.5554929859719744e-05,4.545585170340704e-05,2.0841683366733474,8.109687488956145e-08,8.109687488956145e-08,8.109687488956145e-09
0.03523046092184369,4.635755511022067e-05,3.977494989979961e-06,6.553106212424862,1.5090726586614084e-10,1.5090726586614084e-10,1.5090726586614084e-11
0.08056112224448901,6.655571142284587e-05,6.727707414829676e-05,9.038076152304651,1.006381192397933e-09,1.006381192397933e-09,1.0063811923979331e-10
0.44146292585170116,4.2209719438877954e-05,1.6060320641282557e-05,0.5811623246492988,2.706722400089829e-08,2.706722400089829e-08,2.706722400089829e-09
0.28629258517033956,7.719581162324636e-05,3.734052104208433e-05,8.436873747495024,1.7936329205584844e-08,1.7936329205584844e-08,1.7936329205584843e-09
0.34034068136272394,1.9486793587174368e-05,3.1569619238477067e-05,7.494989979959944,3.86272567641626e-06,3.86272567641626e-06,3.86272567641626e-07
0.847695390781558,8.603250501001965e-05,1.7863727454909826e-05,1.5030060120240492,4.248621467388963e-09,4.248621467388963e-09,4.2486214673889635e-10
0.46238476953907576,1.5519298597194376e-05,5.284981963927884e-05,1.8436873747495004,2.1894051222482004e-09,2.1894051222482004e-09,2.1894051222482005e-10
0.16076152304609198,5.3210501002004294e-05,3.409438877755524e-05,8.236472945891816,7.307447907617714e-10,7.307447907617714e-10,7.307447907617715e-11
0.4083366733466914,4.311142284569159e-05,5.59156112224452e-05,1.923847695390783,2.2543273677448226e-08,2.2543273677448226e-08,2.2543273677448224e-09
0.3124448897795578,2.002781563126255e-05,4.239006012024068e-05,8.837675350701442,2.618858644105754e-06,2.618858644105754e-06,2.618858644105754e-07
0.8075951903807567,1.4978276553106199e-05,2.688076152304617e-05,4.729458917835662,1.1168655689768682e-07,1.1168655689768682e-07,1.1168655689768682e-08
0.44320641282564904,7.827785571142268e-05,8.945897795591133e-05,5.971943887775557,2.8153856230869715e-09,2.8153856230869715e-09,2.8153856230869716e-10
0.8424649298597143,6.8629458917835644e-06,7.611376753507004e-05,4.308617234468923,5.926111887260628e-07,5.926111887260628e-07,5.9261118872606276e-08
0.6994989979959879,4.996436873747521e-05,7.57530861723446e-05,2.8657314629258446,4.2757327383983625e-08,4.2757327383983625e-08,4.275732738398362e-09
0.1694789579158314,2.0388496993988002e-05,2.3814969939879813e-05,1.1422845691382773,3.789713079823497e-09,3.789713079823497e-09,3.789713079823497e-10
0.6402204408817599,6.601468937875771e-05,6.67360521042086e-05,2.785571142284563,1.940536917638263e-10,1.940536917638263e-10,1.940536917638263e-11
0.847695390781558,8.747523046092141e-05,1.2453507014028046e-05,1.7234468937875764,2.3900043461863924e-06,2.3900043461863924e-06,2.3900043461863924e-07
0.31941883767534934,8.02616032064126e-05,8.170432865731437e-05,5.59118236472946,2.21743630462915e-07,2.21743630462915e-07,2.21743630462915e-08
0.4798196392785546,3.319268537074161e-05,5.681731462925883e-05,9.799599198396844,2.268712664406333e-07,2.268712664406333e-07,2.268712664406333e-08
0.7587775551102159,1.2994529058116221e-05,5.239879759519038e-06,6.833667334669355,2.1673188686386775e-07,2.1673188686386775e-07,2.1673188686386775e-08
0.23398797595190307,4.996436873747521e-05,2.1831222444889817e-05,8.917835671342726,5.948543650301397e-10,5.948543650301397e-10,5.948543650301398e-11
0.6855511022044048,6.871979959919852e-05,6.132583166332699e-05,7.454909819639302,6.823083764576323e-10,6.823083764576323e-10,6.823083764576324e-11
0.2915230460921832,9.207374749498992e-06,8.080262525050076e-05,3.8677354709418665,1.2810643711951653e-07,1.2810643711951653e-07,1.2810643711951653e-08
0.04569138276553107,4.0947334669338865e-05,6.727707414829676e-05,7.555110220440906,5.7189523929331805e-09,5.7189523929331805e-09,5.71895239293318e-10
0.5687374749498967,6.980184368737484e-05,5.9612424849699384e-06,4.388777555110207,1.123992503055137e-06,1.123992503055137e-06,1.123992503055137e-07
0.20434869739478906,5.699765531062156e-05,4.4373807615230676e-05,6.613226452905825,5.755446128467109e-08,5.755446128467109e-08,5.755446128467109e-09
0.6471943887775514,4.4373807615230676e-05,6.637537074148315e-05,9.69939879759524,1.0916227069626075e-07,1.0916227069626075e-07,1.0916227069626075e-08
0.21829659318637212,1.876543086172346e-05,7.647444889779548e-05,9.739478957915882,1.5538210629755687e-09,1.5538210629755687e-09,1.5538210629755687e-10
0.10496993987975957,7.016252505010028e-05,4.780028056112249e-05,2.424849699398795,1.5897518753683175e-09,1.5897518753683175e-09,1.5897518753683174e-10
0.08056112224448901,4.65378957915834e-05,4.0406312625250685e-05,5.290581162324647,9.737127401351965e-08,9.737127401351965e-08,9.737127401351965e-09
0.5948897795591149,1.6781683366733464e-05,7.413002004008012e-05,8.977955911823688,4.6084840437446547e-07,4.6084840437446547e-07,4.6084840437446547e-08
0.4257715430861702,5.284981963927884e-05,8.765557114228413e-05,7.7154308617234735,3.877347024901268e-09,3.877347024901268e-09,3.8773470249012675e-10
0.8895390781563072,7.40396793587174e-06,5.4833567134268836e-05,1.6633266533066144,1.1470175165026506e-10,1.1470175165026506e-10,1.1470175165026506e-11
0.5059719438877729,2.8323486973947986e-05,8.332739478957885e-05,3.386773547094176,3.7754221960716797e-06,3.7754221960716797e-06,3.7754221960716797e-07
0.07358717434869742,4.870198396793612e-05,8.495046092184333e-05,6.072144288577161,2.569357414732162e-09,2.569357414732162e-09,2.569357414732162e-10
0.6053507014028022,4.112767535070159e-05,8.486012024048091e-06,8.216432865731495,7.524135044315824e-09,7.524135044315824e-09,7.524135044315825e-10
0.3856713426853689,5.59156112224452e-05,2.9044849699398893e-05,0.42084168336673355,6.346800860880272e-07,6.346800860880272e-07,6.346800860880272e-08
0.17645290581162293,7.30479759519038e-05,1.155180360721442e-05,9.158316633266576,3.1244694252741803e-07,3.1244694252741803e-07,3.12446942527418e-08
0.2828056112224438,1.696202404809619e-05,8.3868416833667e-05,9.418837675350748,7.747247586409063e-08,7.747247586409063e-08,7.747247586409063e-09
0.563507014028053,2.5347695390781566e-06,3.3914048096192516e-05,8.7975951903808,4.625928267548222e-10,4.625928267548222e-10,4.625928267548222e-11
0.8163126252504961,7.972058116232444e-05,3.6979839679358873e-05,6.392785571142295,4.084640768561948e-08,4.084640768561948e-08,4.084640768561948e-09
0.3368537074148282,6.403094188376779e-05,2.579871743486981e-05,5.6513026052104225,1.0957547622390422e-10,1.0957547622390422e-10,1.0957547622390422e-11
0.43274549098196174,1.3715891783567122e-05,5.1407094188377025e-05,8.016032064128286,6.711427038315516e-09,6.711427038315516e-09,6.711427038315515e-10
0.5094589178356687,5.627629258517065e-05,7.66547895791582e-05,6.6733466933867875,5.986502451821476e-09,5.986502451821476e-09,5.986502451821476e-10
0.05266533066132266,3.8061883767535235e-05,4.707891783567158e-05,0.20040080160320636,3.136296295760125e-10,3.136296295760125e-10,3.136296295760125e-11
0.3769539078156295,3.788154308617251e-05,5.988310621242519e-05,4.148296593186356,2.797534020263893e-10,2.797534020263893e-10,2.797534020263893e-11
0.19563126252504964,2.0208156312625275e-05,3.373370741482979e-05,2.605210420841679,1.1097838248702528e-08,1.1097838248702528e-08,1.1097838248702528e-09
0.6803206412825612,6.547366733466955e-05,6.385060120240507e-05,8.256513026052136,3.3250546859543106e-08,3.3250546859543106e-08,3.3250546859543107e-09
0.3560320641282549,2.742178356713435e-05,5.699765531062156e-05,1.0220440881763533,3.6900919072811463e-06,3.6900919072811463e-06,3.690091907281146e-07
0.3037274549098184,8.639318637274509e-05,8.008126252504988e-05,4.1082164328657145,3.902089122260732e-08,3.902089122260732e-08,3.902089122260732e-09
0.5739679358717403,4.942334669338703e-05,5.3210501002004294e-05,1.863727454909821,9.89912212506906e-09,9.89912212506906e-09,9.899122125069062e-10
0.3211623246492972,5.420220440881763e-06,7.40396793587174e-06,6.693386773547108,5.81409750859795e-10,5.81409750859795e-10,5.81409750859795e-11
0.3263927855711409,3.7068136272545095e-07,1.1010781563126244e-05,2.525050100200397,2.1535764827585305e-08,2.1535764827585305e-08,2.1535764827585307e-09
0.5129458917835644,5.050539078156339e-05,6.186685370741515e-05,4.569138276553095,8.976784581523771e-10,8.976784581523771e-10,8.976784581523771e-11
0.638476953907812,6.637537074148315e-05,4.761993987975976e-05,8.35671342685374,2.2315861923191555e-06,2.2315861923191555e-06,2.2315861923191554e-07
0.7291382765531019,3.6979839679358873e-05,5.5554929859719744e-05,4.168336673346677,3.358938948266701e-10,3.358938948266701e-10,3.358938948266701e-11
0.056152304609218454,1.6601342685370737e-05,1.6330661322645289e-06,4.428857715430849,9.091715291807655e-08,9.091715291807655e-08,9.091715291807656e-09
0.8790781563126199,2.1290200400801637e-05,5.510220440881764e-07,7.074148296593205,8.597770058661916e-06,8.597770058661916e-06,8.597770058661916e-07
0.2810621242484959,6.655571142284587e-05,2.291326653306618e-05,8.657314629258554,4.904340346826786e-08,4.904340346826786e-08,4.904340346826786e-09
0.6280160320641247,8.945897795591133e-05,7.84581963927854e-05,2.3647294589178336,1.9455554603241263e-06,1.9455554603241263e-06,1.9455554603241262e-07
0.49376753507013765,2.688076152304617e-05,3.0757915831663335e-06,1.8236472945891797,3.3462724996390475e-07,3.3462724996390475e-07,3.3462724996390477e-08
0.6716032064128218,3.6258476953907966e-05,7.340865731462924e-05,5.250501002004005,8.350163368321142e-07,8.350163368321142e-07,8.350163368321142e-08
0.2932665330661311,3.842256513026069e-05,8.477012024048061e-05,7.675350701402832,3.6203424054044113e-09,3.6203424054044113e-09,3.6203424054044115e-10
0.14332665330661315,6.709673346693404e-05,2.2552585170340725e-05,2.4048096192384745,3.5385171559541083e-09,3.5385171559541083e-09,3.538517155954108e-10
0.3752104208416816,5.510220440881764e-07,5.284981963927884e-05,8.156312625250532,3.2915122408795002e-06,3.2915122408795002e-06,3.2915122408795e-07
0.3107014028056099,4.689857715430885e-05,4.401312625250522e-05,5.050100200400796,2.1399212336501777e-09,2.1399212336501777e-09,2.1399212336501776e-10
0.4170541082164308,1.822440881763528e-05,8.639318637274509e-05,5.871743486973952,1.1810299302120125e-09,1.1810299302120125e-09,1.1810299302120126e-10
0.8041082164328609,8.224535070140253e-05,5.339084168336702e-05,0.7414829659318641,1.385987443518386e-09,1.385987443518386e-09,1.385987443518386e-10
0.8651302605210368,1.76833867735471e-05,7.268729458917836e-05,1.5030060120240492,7.620467330900357e-07,7.620467330900357e-07,7.620467330900357e-08
0.07707414829659322,3.048757515030071e-05,3.4635410821643424e-05,2.0841683366733474,5.286011922698089e-07,5.286011922698089e-07,5.286011922698089e-08
0.11543086172344695,1.9667134268537095e-05,6.8629458917835644e-06,1.2024048096192392,7.115355125521681e-07,7.115355125521681e-07,7.115355125521681e-08
0.3229058116232451,6.042412825651337e-05,4.347210420841704e-05,4.989979959919833,2.4859527061752755e-07,2.4859527061752755e-07,2.4859527061752755e-08
0.41356713426853503,8.999999999999949e-05,3.1749959919839793e-05,2.2244488977955905,3.765683528717025e-10,3.765683528717025e-10,3.765683528717025e-11
0.7082164328657273,2.868416833667344e-05,4.978402805611248e-05,4.4488977955911695,2.553065810590191e-10,2.553065810590191e-10,2.553065810590191e-11
0.24967935871743402,6.8629458917835644e-06,4.2209719438877954e-05,6.372745490981974,2.1183341629931634e-07,2.1183341629931634e-07,2.1183341629931635e-08
0.3141883767535057,8.657352705410781e-05,3.2832004008016155e-05,8.33667334669342,4.3030170116442404e-07,4.3030170116442404e-07,4.3030170116442404e-08
0.5826853707414797,4.725925851703431e-05,8.837693386773501e-05,2.9659318637274468,3.1563096058403076e-09,3.1563096058403076e-09,3.156309605840308e-10
0.8128256513026003,7.611376753507004e-05,4.6177214428857945e-05,3.9679358717434687,2.851431299180209e-07,2.851431299180209e-07,2.851431299180209e-08
0.12414829659318644,5.447288577154338e-05,5.212845691382793e-05,7.955911823647324,5.625364284701012e-08,5.625364284701012e-08,5.625364284701012e-09
0.832004008016027,3.2832004008016155e-05,4.058665330661341e-05,2.064128256513027,7.669094999101012e-06,7.669094999101012e-06,7.669094999101012e-07
0.12066132264529064,7.521206412825644e-05,4.870198396793612e-05,1.0621242484969946,1.846819366326798e-07,1.846819366326798e-07,1.846819366326798e-08
0.09276553106212429,4.518517034068137e-06,1.6060320641282557e-05,0.02004008016032064,3.270641647263611e-07,3.270641647263611e-07,3.2706416472636115e-08
0.8215430861723397,6.890014028056124e-05,2.742178356713435e-05,9.398797595190427,2.1894051222482004e-09,2.1894051222482004e-09,2.1894051222482005e-10
0.7117034068136231,1.2092825651302595e-05,4.599687374749522e-05,3.527054108216419,9.456708423776946e-09,9.456708423776946e-09,9.456708423776946e-10
0.42228456913827445,3.030723446893798e-05,4.725925851703431e-05,8.537074148296629,5.963927547384928e-06,5.963927547384928e-06,5.963927547384928e-07
0.6576553106212387,7.917955911823628e-05,6.980184368737484e-05,6.593186372745504,2.5112860259393226e-09,2.5112860259393226e-09,2.5112860259393227e-10
0.8755911823647241,2.579871743486981e-05,4.6718236472946126e-05,7.17434869739481,3.7276961135130846e-08,3.7276961135130846e-08,3.727696113513085e-09
0.2723446893787565,3.824222444889796e-05,8.404875751502973e-05,8.236472945891816,1.8050784373158387e-07,1.8050784373158387e-07,1.8050784373158388e-08
0.09799599198396798,5.39318637274552e-05,2.5438036072144355e-05,6.312625250501012,1.6747444271363853e-08,1.6747444271363853e-08,1.6747444271363853e-09
0.06835671342685373,4.157835671342686e-06,3.211064128256525e-05,1.5831663326653318,2.984829963759814e-07,2.984829963759814e-07,2.984829963759814e-08
0.5513026052104179,8.855727454909773e-05,4.338176352705412e-06,4.769539078156304,2.585752978734625e-08,2.585752978734625e-08,2.5857529787346247e-09
0.24444889779559037,6.926082164328668e-05,7.557274549098188e-05,6.553106212424862,1.8966778293055573e-10,1.8966778293055573e-10,1.896677829305557e-11
0.713446893787571,6.348991983967963e-05,1.6781683366733464e-05,5.671342685370743,1.0192659958827687e-07,1.0192659958827687e-07,1.0192659958827687e-08
0.31767535070140146,6.94411623246494e-05,1.2994529058116221e-05,5.430861723446893,7.976976065901924e-07,7.976976065901924e-07,7.976976065901925e-08
0.3874148296593168,8.350773547094157e-05,2.453633266533072e-05,9.318637274549143,1.8165969901177153e-06,1.8165969901177153e-06,1.8165969901177153e-07
0.8285170340681313,4.347210420841704e-05,8.783591182364685e-05,1.3627254509018045,5.428718044671095e-10,5.428718044671095e-10,5.428718044671094e-11
0.7029859719438837,5.339084168336702e-05,2.5618376753507082e-05,6.95390781563128,2.078293763894782e-10,2.078293763894782e-10,2.078293763894782e-11
0.043947895791583175,6.691639278557132e-05,6.403094188376779e-05,0.7214428857715435,1.1961507797225564e-07,1.1961507797225564e-07,1.1961507797225564e-08
0.1276352705410822,7.12445691382766e-05,7.052320641282572e-05,6.813627254509034,7.401005926166316e-08,7.401005926166316e-08,7.401005926166316e-09
0.5600200400801573,6.222753507014059e-05,2.0208156312625275e-05,5.270541082164326,3.86272567641626e-06,3.86272567641626e-06,3.86272567641626e-07
0.7866733466933821,8.152398797595164e-05,3.066791583166343e-05,5.791583166332669,1.9332192165558978e-07,1.9332192165558978e-07,1.9332192165558978e-08
0.5251503006011996,1.533895791583165e-05,4.7980621242485214e-05,6.192384769539086,3.0733388750178143e-06,3.0733388750178143e-06,3.073338875017814e-07
0.6907815631262485,1.4437254509018023e-05,3.7068136272545095e-07,7.695390781563153,9.836354454798719e-10,9.836354454798719e-10,9.836354454798719e-11
0.4083366733466914,5.735833667334701e-05,8.044194388777532e-05,5.37074148296593,1.2037836479849065e-06,1.2037836479849065e-06,1.2037836479849065e-07
0.8564128256512974,6.502264529058114e-06,6.799843687374764e-05,3.3266533066132147,2.3359866097639786e-06,2.3359866097639786e-06,2.3359866097639786e-07
0.8250300601202355,5.1948116232465206e-05,8.134364729458892e-05,7.254509018036093,3.9269891037037604e-07,3.9269891037037604e-07,3.92698910370376e-08
0.8738476953907762,4.18490380761525e-05,1.4527254509018034e-06,6.132264529058124,4.8548664036142015e-06,4.8548664036142015e-06,4.854866403614201e-07
0.3647494989979943,8.3868416833667e-05,3.553711422845706e-05,8.416833667334704,1.3948316960565968e-08,1.3948316960565968e-08,1.3948316960565967e-09
0.5443286573146263,5.807969939879792e-05,7.773683366733452e-05,5.951903807615236,1.7709591457061092e-10,1.7709591457061092e-10,1.7709591457061093e-11
0.7936472945891736,4.202937875751523e-05,3.824222444889796e-05,6.973947895791601,8.297217228816601e-08,8.297217228816601e-08,8.297217228816601e-09
0.35777555110220277,7.04328657314629e-06,4.581653306613249e-05,4.889779559118229,9.517053499680225e-08,9.517053499680225e-08,9.517053499680224e-09
0.6123246492985938,8.314705410821613e-05,8.422909819639245e-05,0.12024048096192383,8.48908343705269e-08,8.48908343705269e-08,8.48908343705269e-09
0.4501803607214406,5.0866072144288845e-05,7.178559118236476e-05,7.3747494989980185,5.533307704168443e-07,5.533307704168443e-07,5.533307704168443e-08
0.35080160320641124,4.419346693386795e-05,4.816096192384794e-05,8.837675350701442,1.3495536314212663e-06,1.3495536314212663e-06,1.3495536314212662e-07
0.668116232464926,7.809751503005996e-05,3.842256513026069e-05,9.539078156312673,3.104658005213131e-08,3.104658005213131e-08,3.104658005213131e-09
0.6942685370741443,7.358899799599196e-05,7.9359899799599e-05,3.787575150300585,3.967007431657834e-09,3.967007431657834e-09,3.967007431657834e-10
0.45192384769538846,5.600561122244488e-06,7.12445691382766e-05,9.438877755511069,3.196720167281389e-07,3.196720167281389e-07,3.196720167281389e-08
0.05092184368737476,8.585216432865693e-05,9.387715430861717e-06,7.835671342685399,1.5033819951510772e-07,1.5033819951510772e-07,1.503381995151077e-08
0.20783567134268482,1.1732144288577145e-05,5.771901803607247e-05,5.410821643286572,1.4508281689963598e-09,1.4508281689963598e-09,1.4508281689963597e-10
0.32987975951903664,2.8503827655310713e-05,7.322831663326652e-05,2.0440881763527066,1.460086182679067e-08,1.460086182679067e-08,1.460086182679067e-09
0.504228456913825,7.223627254509015e-06,6.114549098196427e-05,7.214428857715451,1.2083402594795315e-09,1.2083402594795315e-09,1.2083402594795315e-10
0.1380961923847695,3.373370741482979e-05,1.9667134268537095e-05,6.73346693386775,2.862224654494287e-10,2.862224654494287e-10,2.8622246544942873e-11
0.3159318637274536,7.773683366733452e-05,6.240787575150331e-05,5.3106212424849675,3.597386788179242e-10,3.597386788179242e-10,3.597386788179242e-11
0.10148296593186378,2.453633266533072e-05,2.056883767535073e-05,4.90981963927855,5.081991880963312e-06,5.081991880963312e-06,5.081991880963312e-07
0.39961923847695197,6.475230460921867e-05,2.688076152304617e-05,4.068136272545073,5.186096606823377e-10,5.186096606823377e-10,5.186096606823377e-11
0.8093386773547045,8.513080160320605e-05,6.655571142284587e-05,3.166332665330651,6.101838383410455e-06,6.101838383410455e-06,6.101838383410455e-07
0.21306613226452847,2.2372244488977998e-05,6.439162324649323e-05,5.731462925851706,7.1422884610987e-10,7.1422884610987e-10,7.1422884610987e-11
0.47284569138276306,3.355336673346706e-05,1.4617595190380748e-05,4.549098196392774,1.173541337152713e-10,1.173541337152713e-10,1.1735413371527131e-11
0.4449498997995969,5.104641282565157e-05,2.8323486973947986e-05,9.779559118236524,1.0467830540465593e-10,1.0467830540465593e-10,1.0467830540465593e-11
0.4867935871743461,4.338176352705412e-06,6.06044689378761e-05,7.63527054108219,4.842343319704456e-10,4.842343319704456e-10,4.842343319704456e-11
0.3943887775551083,1.0109078156312618e-05,7.737615230460908e-05,0.4609218436873749,2.4389636426772285e-10,2.4389636426772285e-10,2.4389636426772285e-11
0.8424649298597143,4.780028056112249e-05,8.125330661322641e-06,7.615230460921869,4.655447205842502e-09,4.655447205842502e-09,4.655447205842502e-10
0.6524248496993951,1.7322705410821645e-05,7.467104208416828e-05,3.747494989979944,2.104902375953338e-08,2.104902375953338e-08,2.104902375953338e-09
0.0875350701402806,1.2633847695390771e-05,7.701547094188364e-05,0.06012024048096192,5.068882928942187e-10,5.068882928942187e-10,5.0688829289421867e-11
0.2095791583166327,1.587997995991983e-05,7.944989979959916e-06,9.378757515030106,1.965381814410689e-08,1.965381814410689e-08,1.965381814410689e-09
0.16599198396793563,2.715110220440882e-06,2.868416833667344e-05,3.0460921843687285,2.543438283138544e-07,2.543438283138544e-07,2.543438283138544e-08
0.2008617234468933,7.232661322645292e-05,7.196593186372748e-05,1.8436873747495004,1.1691159512530546e-07,1.1691159512530546e-07,1.1691159512530545e-08
0.7012424849699358,1.8404749498998006e-05,5.916174348697428e-05,7.895791583166361,1.2601003234489512e-06,1.2601003234489512e-06,1.2601003234489513e-07
0.33859719438877606,7.944989979959916e-06,1.7322705410821645e-05,6.452905811623258,8.109687488956145e-08,8.109687488956145e-08,8.109687488956145e-09
0.8302605210420791,7.737615230460908e-05,2.525769539078163e-05,9.218436873747539,3.380372983948503e-09,3.380372983948503e-09,3.380372983948503e-10
0.7151903807615189,7.584308617234465e-06,2.9405531062124347e-05,2.024048096192386,7.025408092178572e-09,7.025408092178572e-09,7.025408092178571e-10
0.8407214428857664,5.86207214428861e-05,6.204719438877787e-05,9.639278557114277,4.017797442009687e-07,4.017797442009687e-07,4.017797442009687e-08
0.6175551102204374,7.340865731462924e-05,2.3273947895791633e-05,4.729458917835662,1.8234732479403994e-09,1.8234732479403994e-09,1.8234732479403993e-10
0.27931863727454803,9.568056112224443e-06,9.568056112224443e-06,3.9478957915831483,3.7040597953057886e-09,3.7040597953057886e-09,3.704059795305789e-10
0.6611422845691345,8.29667134268534e-05,6.565400801603227e-05,0.8416833667334674,4.763100528443976e-09,4.763100528443976e-09,4.763100528443976e-10
0.05963927855711425,5.6095951903807925e-05,7.21462725450902e-05,0.6613226452905815,5.682690054358476e-10,5.682690054358476e-10,5.6826900543584764e-11
0.05440881763527056,6.727707414829676e-05,1.6601342685370737e-05,9.979959919839732,8.685386390868373e-08,8.685386390868373e-08,8.685386390868373e-09
0.8825651302605156,3.770120240480978e-05,3.8602905811623416e-05,2.8056112224448833,6.754253945511699e-08,6.754253945511699e-08,6.754253945511699e-09
0.7622645290581117,8.495046092184333e-05,5.826004008016065e-05,4.869739478957908,8.40344736732859e-06,8.40344736732859e-06,8.40344736732859e-07
0.22004008016032,7.322831663326652e-05,3.301234468937888e-05,4.7895791583166245,4.954318458610342e-10,4.954318458610342e-10,4.954318458610342e-11
0.4571543086172321,3.535677354709433e-05,8.531114228456877e-05,5.751503006012027,1.0257701283071679e-06,1.0257701283071679e-06,1.0257701283071679e-07
0.6733466933867697,8.567182364729421e-05,5.7177995991984286e-05,3.667334669338662,4.2757327383983625e-08,4.2757327383983625e-08,4.275732738398362e-09
0.25665330661322555,5.4292545090180656e-05,3.0126893787575255e-05,0.8216432865731468,4.504325289063267e-07,4.504325289063267e-07,4.504325289063267e-08
0.09625250501002008,8.080262525050076e-05,2.895450901803608e-06,8.957915831663367,1.4938494543691993e-08,1.4938494543691993e-08,1.4938494543691992e-09
0.2636272545090171,3.265166332665343e-05,5.3751523046092475e-05,7.034068136272563,3.5028213468441776e-07,3.5028213468441776e-07,3.502821346844178e-08
0.6960120240480921,6.385060120240507e-05,2.1470541082164364e-05,5.230460921843684,4.579262886226917e-08,4.579262886226917e-08,4.579262886226917e-09
0.15553106212424833,3.0126893787575255e-05,3.7520861723447054e-05,5.1302605210420795,1.2284431849546003e-10,1.2284431849546003e-10,1.2284431849546003e-11
0.45366733466933634,5.2669478957916114e-05,7.106422845691388e-05,0.2805611222444889,1.724405482432989e-07,1.724405482432989e-07,1.724405482432989e-08
0.2706012024048086,2.6520080160320717e-05,2.354428857715431e-06,2.5851703406813584,1.3190516649849534e-06,1.3190516649849534e-06,1.3190516649849534e-07
0.8267735470941834,3.499609218436888e-05,1.8404749498998006e-05,4.208416833667319,1.7026068294228109e-09,1.7026068294228109e-09,1.702606829422811e-10
0.10322645290581167,8.098296593186348e-05,7.57530861723446e-05,2.5050100200400767,2.5018160486855433e-06,2.5018160486855433e-06,2.5018160486855434e-07
0.43100200400801386,5.537458917835702e-05,4.130801603206432e-05,6.793587174348713,5.101228446154385e-09,5.101228446154385e-09,5.101228446154385e-10
0.5408416833667306,6.276855711422875e-05,3.1028597194388886e-05,0.8817635270541088,2.2918321804121607e-09,2.2918321804121607e-09,2.2918321804121607e-10
0.7361122244488935,6.67360521042086e-05,8.440943887775517e-05,2.284569138276552,2.036574486575053e-06,2.036574486575053e-06,2.036574486575053e-07
0.14158316633266527,6.682605210420839e-06,1.533895791583165e-05,1.803607214428859,2.618858644105754e-06,2.618858644105754e-06,2.618858644105754e-07
0.12240480961923854,4.581653306613249e-05,7.584308617234465e-06,0.04008016032064128,1.1027469841978454e-09,1.1027469841978454e-09,1.1027469841978454e-10
0.3630060120240464,6.781809619238492e-05,8.891795591182317e-05,0.1603206412825651,2.2773002891194118e-10,2.2773002891194118e-10,2.2773002891194117e-11
0.5373547094188348,3.6168136272545103e-06,1.76833867735471e-05,0.1002004008016032,6.980861869485984e-10,6.980861869485984e-10,6.980861869485984e-11
0.7256513026052062,1.5158617234468924e-05,2.002781563126255e-05,4.929859719438871,5.888536006063764e-08,5.888536006063764e-08,5.888536006063764e-09
0.25839679358717343,9.027034068136267e-06,5.050539078156339e-05,5.511022044088176,1.4453571435466035e-06,1.4453571435466035e-06,1.4453571435466036e-07
0.5390981963927827,4.527551102204431e-05,6.511298597194411e-05,1.4428857715430872,8.79658629969176e-06,8.79658629969176e-06,8.796586299691759e-07
0.5652505010020009,7.467104208416828e-05,6.168651302605243e-05,4.248496993987961,6.411478493438621e-09,6.411478493438621e-09,6.411478493438621e-10
0.3420841683366718,1e-08,6.817877755511036e-05,9.859719438877807,1.3324935770259004e-08,1.3324935770259004e-08,1.3324935770259003e-09
0.0857915831663327,3.301234468937888e-05,5.447288577154338e-05,6.472945891783579,7.826196594533893e-10,7.826196594533893e-10,7.826196594533893e-11
0.4554108216432842,6.457196392785595e-05,6.367026052104235e-05,4.188376753506998,2.3211747471134193e-07,2.3211747471134193e-07,2.3211747471134193e-08
0.7796993987975905,4.022597194388796e-05,7.250695390781564e-05,0.5210420841683369,1.6918110575635466e-10,1.6918110575635466e-10,1.6918110575635466e-11
0.4484368737474927,1.3174869739478947e-05,8.999999999999949e-05,2.985971943887767,8.829883500823982e-09,8.829883500823982e-09,8.829883500823982e-10
0.6001202404809586,5.3210501002004294e-05,9.207374749498992e-06,0.14028056112224446,7.876137060747666e-09,7.876137060747666e-09,7.876137060747665e-10
0.1886573146292581,6.799843687374764e-05,1.9486793587174368e-05,4.288577154308602,1.0128031044122859e-08,1.0128031044122859e-08,1.0128031044122858e-09
0.18517034068136234,4.2750741482966134e-05,2.7782464929859805e-05,7.474949899799623,1.3106879132369401e-07,1.3106879132369401e-07,1.3106879132369401e-08
0.5024849699398771,7.954024048096172e-05,5.158743486973975e-05,4.529058116232453,6.086098746574678e-10,6.086098746574678e-10,6.086098746574678e-11
0.5077154308617208,3.5717454909819785e-05,5.970276553106246e-05,0.4408817635270542,2.751753622267373e-09,2.751753622267373e-09,2.751753622267373e-10
0.8999999999999945,5.248913827655339e-05,1.5158617234468924e-05,2.3246492985971927,1.006381192397933e-09,1.006381192397933e-09,1.0063811923979331e-10
0.6768336673346654,3.193030060120252e-05,4.112767535070159e-05,2.7655310621242424,1.8895255194070682e-07,1.8895255194070682e-07,1.8895255194070683e-08
0.7692384769539032,8.260603206412797e-05,3.048757515030071e-05,4.00801603206411,1.0025861619226328e-06,1.0025861619226328e-06,1.0025861619226328e-07
0.7640080160320596,5.059539078156312e-06,4.419346693386795e-05,8.737474949899838,1.418037243845071e-09,1.418037243845071e-09,1.418037243845071e-10
0.6489378757514993,4.1488356713427046e-05,2.7241442885771624e-05,8.857715430861763,4.248621467388963e-09,4.248621467388963e-09,4.2486214673889635e-10
0.28629258517033956,3.4635410821643424e-05,1.7503046092184372e-05,6.773547094188392,3.217119053711171e-06,3.217119053711171e-06,3.217119053711171e-07
0.5164328657314602,4.599687374749522e-05,5.519424849699429e-05,8.877755511022084,1.2892390894219017e-06,1.2892390894219017e-06,1.2892390894219017e-07
0.2409619238476946,2.2732925851703452e-05,4.7439599198397034e-05,2.4448897795591154,1.620380028453788e-06,1.620380028453788e-06,1.620380028453788e-07
0.6872945891783527,1.119112224448897e-05,4.942334669338703e-05,8.296593186372778,4.430614012294001e-06,4.430614012294001e-06,4.430614012294001e-07
0.5268937875751475,3.643881763527069e-05,5.411220440881793e-05,1.3827655310621252,5.926111887260628e-07,5.926111887260628e-07,5.9261118872606276e-08
0.09450901803607219,4.92430060120243e-05,5.12267535070143e-05,6.252505010020049,4.732898989392676e-10,4.732898989392676e-10,4.7328989893926764e-11
0.7605210420841638,1.930645290581164e-05,8.801625250500957e-05,5.9919839679358775,4.1790946697504914e-08,4.1790946697504914e-08,4.1790946697504915e-09
0.7308817635270498,6.76377555110222e-05,9.027034068136267e-06,1.7835671342685384,9.799261884703215e-07,9.799261884703215e-07,9.799261884703214e-08
0.3438276553106197,8.458977955911789e-05,5.0866072144288845e-05,1.4228456913827665,4.3304753910871305e-06,4.3304753910871305e-06,4.330475391087131e-07
0.7953907815631215,3.932426853707432e-05,6.709673346693404e-05,0.8617234468937881,7.572147997661637e-08,7.572147997661637e-08,7.572147997661637e-09
0.2601402805611213,4.6718236472946126e-05,5.59156112224452e-05,9.879759519038128,9.301953603195098e-08,9.301953603195098e-08,9.301953603195097e-09
0.13460921843687373,2.002781563126255e-05,6.150617234468971e-05,9.25851703406818,1.0709890365931138e-10,1.0709890365931138e-10,1.0709890365931137e-11
0.6140681362725416,4.879198396793587e-06,3.4364729458917847e-06,9.47895791583171,1.302377193788689e-08,1.302377193788689e-08,1.302377193788689e-09
0.0910220440881764,3.1028597194388886e-05,2.6700420841683444e-05,2.3046092184368723,3.0654112252299065e-10,3.0654112252299065e-10,3.0654112252299064e-11
0.5565330661322615,2.9585871743487074e-05,5.357118236472975e-05,0.6412825651302608,2.628771655817212e-09,2.628771655817212e-09,2.628771655817212e-10
0.22701402805611154,3.427472945891797e-05,6.998218436873756e-05,9.819639278557165,1.0296529156878686e-09,1.0296529156878686e-09,1.0296529156878686e-10
0.6105811623246459,8.909829659318589e-05,4.9062665330661576e-05,6.913827655310638,5.589695363142939e-09,5.589695363142939e-09,5.589695363142939e-10
0.4989979959919813,1.227316633266532e-05,8.224535070140253e-05,2.164328657314629,4.4191852835845255e-10,4.4191852835845255e-10,4.419185283584525e-11
0.7378557114228413,4.239006012024068e-05,4.545585170340704e-05,7.595190380761548,1.610105634618289e-07,1.610105634618289e-07,1.610105634618289e-08
0.04743486973947897,1.0469759519038069e-05,1.1732144288577145e-05,3.2665330661322534,4.2057622768873556e-07,4.2057622768873556e-07,4.2057622768873555e-08
0.18342685370741446,7.9359899799599e-05,5.1948116232465206e-05,0.5010020040080162,2.6022531659854646e-07,2.6022531659854646e-07,2.6022531659854647e-08
0.6036072144288543,2.895450901803608e-06,6.962150300601212e-05,1.6232464929859731,2.662428093802708e-07,2.662428093802708e-07,2.662428093802708e-08
0.30721442885771416,6.06044689378761e-05,2.97662124248498e-05,1.162324649298598,3.6666940272290375e-07,3.6666940272290375e-07,3.6666940272290375e-08
0.3664929859719422,1.6060320641282557e-05,4.635755511022067e-05,7.995991983967966,1.599896387950018e-08,1.599896387950018e-08,1.5998963879500182e-09
0.519919839679356,2.9044849699398893e-05,6.475230460921867e-05,5.81162324649299,2.769313091562781e-08,2.769313091562781e-08,2.769313091562781e-09
0.7657515030060075,2.525769539078163e-05,1.0109078156312618e-05,0.7615230460921848,5.829133706189185e-06,5.829133706189185e-06,5.829133706189185e-07
0.45889779559118,5.7899358717435194e-05,6.330957915831691e-05,5.090180360721438,2.8696268309097724e-06,2.8696268309097724e-06,2.8696268309097723e-07
0.11368737474949905,4.978402805611248e-05,2.110985971943891e-05,4.308617234468923,1.741978188213289e-09,1.741978188213289e-09,1.741978188213289e-10
0.27583166332665227,3.1749959919839793e-05,4.996436873747521e-05,1.4629258517034078,2.6121033219565265e-10,2.6121033219565265e-10,2.6121033219565266e-11
0.4379759519038054,6.565400801603227e-05,8.657352705410781e-05,9.138276553106255,1.6265135577434376e-09,1.6265135577434376e-09,1.6265135577434377e-10
0.861643286573141,6.321923847695389e-06,7.954024048096172e-05,7.935871743487003,6.452391371260465e-08,6.452391371260465e-08,6.452391371260465e-09
0.7186773547094146,5.9522424849699736e-05,7.899921843687356e-05,7.354709418837698,7.649312638022242e-10,7.649312638022242e-10,7.649312638022242e-11
0.2531663326653298,3.256132264529059e-06,3.030723446893798e-05,0.9418837675350707,6.643723588577598e-07,6.643723588577598e-07,6.643723588577598e-08
0.6506813627254472,3.968494989979978e-05,1.5519298597194376e-05,7.775551102204436,6.38730101828493e-06,6.38730101828493e-06,6.38730101828493e-07
0.6994989979959879,5.7177995991984286e-05,6.096515030060155e-05,3.426853707414817,3.4585412817003523e-09,3.4585412817003523e-09,3.4585412817003525e-10
0.30895791583166204,7.196593186372748e-05,4.18490380761525e-05,6.232464929859728,4.4757645741875136e-08,4.4757645741875136e-08,4.475764574187514e-09
0.19214428857715388,5.158743486973975e-05,1.8044068136272553e-05,2.745490981963922,6.954537268292439e-07,6.954537268292439e-07,6.95453726829244e-08
0.32813627254508876,2.9405531062124347e-05,6.49326452905814e-05,4.348697394789565,1.2316201379436526e-06,1.2316201379436526e-06,1.2316201379436525e-07
0.8912825651302551,1.6330661322645289e-06,2.4355991983967994e-05,9.498997995992031,3.283021814870707e-10,3.283021814870707e-10,3.283021814870707e-11
0.7831863727454863,2.4897014028056175e-05,7.39496793587174e-05,5.450901803607214,2.306456802499146e-08,2.306456802499146e-08,2.306456802499146e-09
0.7047294589178316,8.404875751502973e-05,8.585216432865693e-05,1.4829659318637285,2.6794175597149314e-06,2.6794175597149314e-06,2.679417559714931e-07
0.07533066132264532,8.11633066132262e-05,7.881887775551084e-05,1.5631262525050111,1.0737587876591105e-06,1.0737587876591105e-06,1.0737587876591106e-07
0.20260521042084118,8.062228456913804e-05,3.409438877755524e-05,9.719438877755561,2.928411205530999e-10,2.928411205530999e-10,2.928411205530999e-11
0.7326252505009977,1.155180360721442e-05,2.4897014028056175e-05,7.1943887775551305,1.060185126784533e-08,1.060185126784533e-08,1.0601851267845331e-09
0.4711022044088152,8.783591182364685e-05,3.138927855711434e-05,8.57715430861727,1.543968701634049e-10,1.543968701634049e-10,1.543968701634049e-11
0.37869739478957737,4.3832785571142496e-05,2.399531062124254e-05,3.887775551102187,4.1262656596768024e-10,4.1262656596768024e-10,4.126265659676802e-11
0.8354909819639228,7.142490981963932e-05,4.293108216432886e-05,2.464929859719436,9.24297241786789e-09,9.24297241786789e-09,9.24297241786789e-10
0.8511823647294537,5.8981402805611555e-05,1.0289418837675343e-05,4.22845691382764,6.5350020116956714e-06,6.5350020116956714e-06,6.535002011695672e-07
0.8546693386773495,1.3896232464929847e-05,3.770120240480978e-05,5.851703406813631,3.6805733486334386e-10,3.6805733486334386e-10,3.6805733486334384e-11
0.7448296593186329,8.765557114228413e-05,2.633973947895799e-05,3.707414829659303,1.0362233290459696e-08,1.0362233290459696e-08,1.0362233290459697e-09
0.8442084168336622,7.791717434869724e-05,1.119112224448897e-05,8.817635270541121,5.3398794922546735e-09,5.3398794922546735e-09,5.339879492254674e-10
0.2305010020040073,5.1407094188377025e-05,6.871979959919852e-05,7.655310621242511,4.967131128360607e-06,4.967131128360607e-06,4.967131128360607e-07
0.3961322645290562,4.7439599198397034e-05,1.1371462925851695e-05,9.959919839679412,8.740809512478927e-07,8.740809512478927e-07,8.740809512478927e-08
0.6227855711422811,4.834130260521067e-05,8.242569138276525e-05,6.753507014028071,6.124935313629392e-09,6.124935313629392e-09,6.124935313629392e-10
0.3316232464929845,4.761993987975976e-05,5.420220440881763e-06,3.927855711422828,7.187864777930511e-09,7.187864777930511e-09,7.187864777930511e-10
0.1590180360721441,2.1470541082164364e-05,3.084825651302616e-05,3.066132264529049,9.149731276311929e-07,9.149731276311929e-07,9.14973127631193e-08
0.06661322645290584,8.486012024048091e-06,8.963931863727405e-05,8.637274549098233,3.7514832596144537e-07,3.7514832596144537e-07,3.7514832596144536e-08
0.2322444889779552,3.1569619238477067e-05,7.917955911823628e-05,5.611222444889781,1.5283934734759824e-08,1.5283934734759824e-08,1.5283934734759824e-09
0.7343687374749456,7.899921843687356e-05,5.303016032064157e-05,5.4709418837675345,4.5213752468542977e-10,4.5213752468542977e-10,4.5213752468542977e-11
0.21480961923847636,6.511298597194411e-05,7.809751503005996e-05,3.56713426853706,1.4037323854718723e-07,1.4037323854718723e-07,1.4037323854718723e-08
0.190400801603206,4.491482965931886e-05,8.152398797595164e-05,2.66533066132264,2.786984611210164e-07,2.786984611210164e-07,2.786984611210164e-08
0.383927855711421,1.0650100200400794e-05,4.0947334669338865e-05,0.6813627254509022,1.985410210702871e-10,1.985410210702871e-10,1.985410210702871e-11
0.1485571142284568,8.963931863727405e-05,8.098296593186348e-05,5.190380761523042,3.4366116018718376e-10,3.4366116018718376e-10,3.4366116018718374e-11
0.8232865731462876,6.49326452905814e-05,8.675386773547053e-05,7.815631262525078,1.5090726586614084e-10,1.5090726586614084e-10,1.5090726586614084e-11
0.41008016032063926,1.8585090180360733e-05,2.715110220440882e-06,6.893787575150317,6.518145033204574e-10,6.518145033204574e-10,6.518145033204574e-11
0.488537074148294,3.878324649298614e-05,6.908048096192396e-05,5.531062124248497,3.4806108990350904e-08,3.4806108990350904e-08,3.4806108990350904e-09
0.16424849699398775,8.477012024048061e-05,2.3093607214428906e-05,7.114228456913847,1.1168655689768682e-07,1.1168655689768682e-07,1.1168655689768682e-08
0.7814428857715384,1.272384769539078e-06,3.319268537074161e-05,8.436873747495024,3.2088205242547684e-10,3.2088205242547684e-10,3.208820524254768e-11
0.7099599198396752,1.4617595190380748e-05,2.7962805611222532e-05,7.975951903807645,6.866623174825301e-09,6.866623174825301e-09,6.866623174825301e-10
0.3455711422845676,7.178559118236476e-05,2.2732925851703452e-05,1.7635270541082178,5.4633597389882735e-09,5.4633597389882735e-09,5.463359738988273e-10
0.4972545090180334,1.0289418837675343e-05,2.4175651302605267e-05,5.390781563126251,1.474965319380662e-10,1.474965319380662e-10,1.474965319380662e-11
0.6698597194388739,3.066791583166343e-05,4.311142284569159e-05,0.48096192384769554,4.3193049690439415e-10,4.3193049690439415e-10,4.3193049690439415e-11
0.5216633266533038,3.734052104208433e-05,6.85394589178358e-05,4.709418837675341,3.992321669323289e-08,3.992321669323289e-08,3.992321669323289e-09
0.7204208416833625,3.120893787575161e-05,9.117034068136272e-07,4.509018036072132,1.908780895451251e-09,1.908780895451251e-09,1.908780895451251e-10
0.23573146292585095,2.1831222444889817e-05,2.165088176352709e-05,1.3226452905811632,8.942933421233391e-07,8.942933421233391e-07,8.942933421233391e-08
0.8337474949899749,1.7142364729458918e-05,7.313627254509018e-07,2.8256513026052037,2.2543273677448226e-08,2.2543273677448226e-08,2.2543273677448224e-09
0.22352705410821577,5.501390781563156e-05,7.539240480961916e-05,3.3066132264528942,2.935984551084556e-06,2.935984551084556e-06,2.9359845510845557e-07
0.38915831663326467,4.058665330661341e-05,7.286763527054108e-05,2.244488977955911,9.184365216369317e-10,9.184365216369317e-10,9.184365216369317e-11
0.08230460921843691,2.633973947895799e-05,5.537458917835702e-05,3.1863727454909716,6.024703475757249e-08,6.024703475757249e-08,6.0247034757572495e-09
0.0892785571142285,6.908048096192396e-05,1.4076573146292573e-05,9.619238476953957,2.7343054928428164e-10,2.7343054928428164e-10,2.7343054928428164e-11
0.8075951903807567,5.230879759519066e-05,3.24713226452907e-05,0.18036072144288573,1.1765763050734954e-06,1.1765763050734954e-06,1.1765763050734954e-07
0.5774549098196361,5.5554929859719744e-05,2.6520080160320717e-05,0.9619238476953914,2.4143598957465273e-08,2.4143598957465273e-08,2.414359895746527e-09
0.12589178356713432,5.068573146292612e-05,3.8061883767535235e-05,6.112224448897803,4.3746054815511335e-08,4.3746054815511335e-08,4.374605481551134e-09
0.25490981963927767,2.4355991983967994e-05,3.932426853707432e-05,3.346693386773535,1.142692151060895e-07,1.142692151060895e-07,1.142692151060895e-08
0.22527054108216366,7.431036072144284e-05,5.2669478957916114e-05,9.599198396793636,2.4701899488522036e-08,2.4701899488522036e-08,2.4701899488522035e-09
0.39090180360721255,1.9937474949899797e-06,2.8503827655310713e-05,6.212424849699407,7.3263461511480485e-06,7.3263461511480485e-06,7.326346151148048e-07
0.40136272545089985,6.258821643286603e-05,6.0243787575150643e-05,5.330661322645288,5.442757588566945e-06,5.442757588566945e-06,5.442757588566945e-07
0.5704809619238446,5.573527054108247e-05,8.567182364729421e-05,3.807615230460905,1.6368926536932457e-08,1.6368926536932457e-08,1.6368926536932458e-09
0.29849699398797475,8.603250501001965e-05,5.735833667334701e-05,8.496993987975987,2.083668568091013e-06,2.083668568091013e-06,2.0836685680910129e-07
0.23747494989979884,1.8044068136272553e-05,1.2814188376753496e-05,2.104208416833668,6.8407293640032075e-06,6.8407293640032075e-06,6.840729364003207e-07
0.6315030060120205,8.188466933867709e-05,6.502264529058114e-06,6.933867735470959,1.0669503720559728e-07,1.0669503720559728e-07,1.0669503720559728e-08
0.09973947895791588,3.5176432865731605e-05,8.909829659318589e-05,2.9058116232464855,7.698124373677404e-09,7.698124373677404e-09,7.698124373677404e-10
0.48156312625250247,1.0920440881763526e-06,1.930645290581164e-05,8.77755511022048,6.306557504078119e-08,6.306557504078119e-08,6.306557504078119e-09
0.4344889779559096,1.4797935871743473e-05,5.068573146292612e-05,5.350701402805609,6.266569319574902e-09,6.266569319574902e-09,6.266569319574902e-10
0.7709819639278511,7.84581963927854e-05,8.693420841683325e-05,6.1723446893787655,1.4090458511712325e-10,1.4090458511712325e-10,1.4090458511712325e-11
0.654168336673343,7.088388777555116e-05,8.350773547094157e-05,5.490981963927855,2.8047688962243757e-06,2.8047688962243757e-06,2.804768896224376e-07
0.11891783567134274,7.701547094188364e-05,6.926082164328668e-05,1.923847695390783,5.049768337635864e-07,5.049768337635864e-07,5.049768337635864e-08
0.36997995991983795,8.422909819639245e-05,1.3896232464929847e-05,7.915831663326682,2.8988700155972077e-08,2.8988700155972077e-08,2.8988700155972076e-09
0.15378757515030045,2.4175651302605267e-05,2.5347695390781566e-06,1.0020040080160326,2.5596684521755253e-06,2.5596684521755253e-06,2.5596684521755255e-07
0.8197995991983918,6.141583166332664e-06,2.5979058116232536e-05,8.056112224448928,1.2006784989695448e-10,1.2006784989695448e-10,1.2006784989695449e-11
0.7919038076152257,2.345428857715436e-05,5.8440380761523374e-05,3.0060120240480876,5.319742981794605e-06,5.319742981794605e-06,5.319742981794605e-07
0.6820641282565091,6.0784809619238824e-05,8.927863727454861e-05,9.078156312625293,8.630314692361701e-09,8.630314692361701e-09,8.630314692361702e-10
0.18168336673346658,1.3355210420841672e-05,5.880106212424883e-05,6.092184368737482,1.512975364909728e-06,1.512975364909728e-06,1.512975364909728e-07
0.49202404809618977,2.291326653306618e-05,5.780901803607213e-06,4.408817635270528,4.0330057745352055e-10,4.0330057745352055e-10,4.0330057745352053e-11
0.42054108216432656,1.191248496993987e-05,4.689857715430885e-05,8.99799599198401,3.401943794335867e-08,3.401943794335867e-08,3.401943794335867e-09
0.6454509018036035,6.186685370741515e-05,7.142490981963932e-05,3.6873747494989826,2.9173682629033395e-07,2.9173682629033395e-07,2.9173682629033396e-08
0.7971342685370694,4.401312625250522e-05,5.600561122244488e-06,3.286573146292574,2.2258298359511498e-10,2.2258298359511498e-10,2.22582983595115e-11
0.44320641282564904,8.531114228456877e-05,7.683513026052092e-05,2.384769539078154,3.516080370622556e-10,3.516080370622556e-10,3.516080370622556e-11
0.18691382765531023,8.134364729458892e-05,1.7863727454909826e-05,1.1823647294589186,6.601597524639142e-08,6.601597524639142e-08,6.601597524639142e-09
0.6890380761523006,7.557274549098188e-05,2.7602124248497078e-05,3.6472945891783417,1.7936329205584844e-08,1.7936329205584844e-08,1.7936329205584843e-09
0.4902805611222419,6.114549098196427e-05,3.481575150300615e-05,4.829659318637266,1.7530940861852815e-08,1.7530940861852815e-08,1.7530940861852815e-09
0.8058517034068088,5.645663326653338e-05,2.1290200400801637e-05,5.210420841683363,6.6861184670350125e-06,6.6861184670350125e-06,6.686118467035012e-07
0.8877955911823593,3.896358717434887e-05,5.176777555110248e-05,2.7254509018036015,3.9520479767190895e-06,3.9520479767190895e-06,3.9520479767190897e-07
0.5757114228456882,1.1371462925851695e-05,6.348991983967963e-05,0.8016032064128261,8.773895585016613e-10,8.773895585016613e-10,8.773895585016612e-11
0.429258517034066,9.928737474949893e-06,2.3634629258517086e-05,9.67935871743492,1.6961863549009102e-06,1.6961863549009102e-06,1.6961863549009102e-07
0.26537074148296497,5.176777555110248e-05,4.8521643286573395e-05,7.41482965931866,4.824083001835878e-07,4.824083001835878e-07,4.824083001835878e-08
0.5914028056112192,1.4076573146292573e-05,6.321923847695389e-06,3.4468937875751373,6.164019704290581e-08,6.164019704290581e-08,6.16401970429058e-09
0.47458917835671094,3.481575150300615e-05,6.547366733466955e-05,0.26052104208416826,2.0313211611354781e-10,2.0313211611354781e-10,2.031321161135478e-11
0.16250501002003986,4.8521643286573395e-05,6.0784809619238824e-05,3.5070140280560986,1.647337980651232e-07,1.647337980651232e-07,1.647337980651232e-08
0.37172344689378584,2.9946553106212528e-05,5.248913827655339e-05,0.0,1.9980794952461943e-09,1.9980794952461943e-09,1.9980794952461943e-10
0.7535470941883723,1.9126112224448914e-05,8.260603206412797e-05,3.026052104208408,1.1885663094244174e-08,1.1885663094244174e-08,1.1885663094244174e-09
0.14507014028056103,3.2290981963927974e-05,1.8585090180360733e-05,5.771543086172348,5.408246526943056e-07,5.408246526943056e-07,5.4082465269430566e-08
0.06312625250501004,3.24713226452907e-05,8.855727454909773e-05,5.110220440881759,1.2648701071454006e-09,1.2648701071454006e-09,1.2648701071454006e-10
0.802364729458913,7.863853707414812e-05,4.3832785571142496e-05,9.118236472945934,6.998915508640024e-06,6.998915508640024e-06,6.998915508640024e-07
0.8581563126252453,5.753867735470974e-05,8.846693386773542e-06,9.278557114228501,1.7309327731598611e-10,1.7309327731598611e-10,1.7309327731598612e-11
0.5809418837675319,8.801625250500957e-05,3.5176432865731605e-05,4.68937875751502,9.361311158813752e-07,9.361311158813752e-07,9.361311158813752e-08
0.5007414829659292,4.473448897795613e-05,2.4716673346693448e-05,4.589178356713416,1.8351091815679916e-08,1.8351091815679916e-08,1.8351091815679915e-09
0.7413426853707371,4.257040080160341e-05,3.6168136272545103e-06,7.575150300601227,2.3748499716013735e-07,2.3748499716013735e-07,2.3748499716013734e-08
0.354288577154307,7.376933867735468e-05,8.603250501001965e-05,8.617234468937912,8.575592188679522e-10,8.575592188679522e-10,8.575592188679522e-11
0.6297595190380726,2.5979058116232536e-05,2.345428857715436e-05,2.5450901803607175,4.637891667090604e-06,4.637891667090604e-06,4.6378916670906043e-07
0.04220440881763528,3.44550701402807e-05,1e-08,6.713426853707429,3.0152471361080205e-09,3.0152471361080205e-09,3.0152471361080204e-10
0.03523046092184369,3.0757915831663335e-06,2.8864509018036166e-05,5.631262525050102,1.3240445937298617e-09,1.3240445937298617e-09,1.3240445937298618e-10
0.1677354709418835,7.990092184368716e-05,2.50773547094189e-05,8.456913827655345,5.166540006581435e-07,5.166540006581435e-07,5.166540006581435e-08
0.5146893787575123,5.4833567134268836e-05,2.2011563126252544e-05,9.098196392785614,1.354662017467082e-09,1.354662017467082e-09,1.3546620174670821e-10
0.8930260521042029,1.4256913827655298e-05,1.6240661322645284e-05,3.2264529058116125,7.16075957555727e-06,7.16075957555727e-06,7.16075957555727e-07
0.13286573146292585,6.204719438877787e-05,3.1569619238477067e-05,4.849699398797587,3.3676257082751576e-06,3.3676257082751576e-06,3.367625708275158e-07
0.5582765531062094,3.211064128256525e-05,5.104641282565157e-05,6.5130260521042205,8.213516664628277e-06,8.213516664628277e-06,8.213516664628277e-07
0.4153106212424829,5.880106212424883e-05,7.04328657314629e-06,0.5811623246492988,9.577783649123128e-07,9.577783649123128e-07,9.577783649123128e-08
0.3124448897795578,7.39496793587174e-05,1.9034068136272548e-07,7.294589178356735,6.559738570739111e-09,6.559738570739111e-09,6.559738570739111e-10
0.06486973947895794,6.330957915831691e-05,7.75564929859718e-05,0.9819639278557121,7.307447907617714e-10,7.307447907617714e-10,7.307447907617715e-11
0.24619238476953825,5.303016032064157e-05,4.65378957915834e-05,6.873747494989996,2.3597916868286672e-08,2.3597916868286672e-08,2.3597916868286673e-09
0.19737474949899753,4.698857715430862e-06,6.745741482965948e-05,5.070140280561117,2.3990510891740275e-09,2.3990510891740275e-09,2.3990510891740275e-10
0.20609218436873694,2.1740881763527053e-06,2.922519038076162e-05,8.697394789579196,1.8586042760275588e-06,1.8586042760275588e-06,1.8586042760275588e-07
0.608837675350698,2.6700420841683444e-05,7.0342865731463e-05,5.170340681362721,1.049490204522194e-06,1.049490204522194e-06,1.049490204522194e-07
0.1781963927855708,1.9034068136272548e-07,8.666352705410816e-06,2.1442885771543088,2.706722400089829e-08,2.706722400089829e-08,2.706722400089829e-09
0.593146292585167,1.7863727454909826e-05,9.928737474949893e-06,6.653306613226467,5.697386410995195e-06,5.697386410995195e-06,5.697386410995195e-07
0.14681362725450892,4.293108216432886e-05,4.157835671342686e-06,9.519038076152352,2.9470979608537566e-09,2.9470979608537566e-09,2.9470979608537566e-10
0.6262725450901768,8.666352705410816e-06,5.9522424849699736e-05,4.949899799599192,1.4270860123254817e-08,1.4270860123254817e-08,1.4270860123254817e-09
0.6245290581162289,9.117034068136272e-07,5.501390781563156e-05,0.7014028056112228,1.7822599767437462e-09,1.7822599767437462e-09,1.782259976743746e-10
0.6192985971943853,7.827785571142268e-05,6.94411623246494e-05,8.717434869739517,2.445271197580611e-06,2.445271197580611e-06,2.445271197580611e-07
0.40310621242484773,2.8864509018036166e-05,4.92430060120243e-05,0.9218436873747501,9.675386896043865e-09,9.675386896043865e-09,9.675386896043865e-10
0.061382765531062145,1.2814188376753496e-05,6.835911823647308e-05,3.607214428857701,7.279891761183791e-07,7.279891761183791e-07,7.279891761183791e-08
0.30024048096192263,2.219190380761527e-05,1.3355210420841672e-05,0.38076152304609223,6.910440418427994e-08,6.910440418427994e-08,6.9104404184279935e-09
0.2740881763527044,6.835911823647308e-05,4.9603687374749756e-05,0.32064128256513025,1.2568499060793791e-10,1.2568499060793791e-10,1.2568499060793792e-11
0.772725450901799,8.621284569138237e-05,5.0325050100200664e-05,9.298597194388822,2.9961282651988997e-10,2.9961282651988997e-10,2.9961282651988996e-11
0.3019839679358705,2.7602124248497078e-05,1.4256913827655298e-05,3.486973947895778,4.8732432440843374e-09,4.8732432440843374e-09,4.873243244084338e-10
0.5669939879759488,4.5095170340681584e-05,7.449070140280556e-05,0.9018036072144294,1.547961654699955e-06,1.547961654699955e-06,1.547961654699955e-07
0.049178356713426866,2.7061102204408897e-05,2.0749178356713456e-05,0.36072144288577157,7.070238572888788e-08,7.070238572888788e-08,7.070238572888788e-09
0.5303807615230433,2.3093607214428906e-05,5.014470941883794e-05,9.93987975951909,1.9015829452872134e-06,1.9015829452872134e-06,1.9015829452872134e-07
0.5722244488977924,2.4716673346693448e-05,7.358899799599196e-05,7.054108216432884,1.6854312935433095e-07,1.6854312935433095e-07,1.6854312935433094e-08
0.5425851703406784,1.9486793587174368e-05,8.305671342685366e-06,1.9639278557114244,1.0847010210530333e-08,1.0847010210530333e-08,1.0847010210530334e-09
0.6593987975951866,1.642100200400801e-05,6.619503006012043e-05,7.154308617234489,1.2521103662981536e-07,1.2521103662981536e-07,1.2521103662981537e-08
0.4275150300601181,2.0749178356713456e-05,8.729488977955869e-05,8.136272545090211,3.003876738033687e-06,3.003876738033687e-06,3.003876738033687e-07
0.038717434869739484,3.71601803607216e-05,8.711454909819597e-05,7.014028056112243,1.4843773568639093e-09,1.4843773568639093e-09,1.4843773568639093e-10
0.5844288577154276,4.707891783567158e-05,4.527551102204431e-05,8.09619238476957,1.1617029015291595e-08,1.1617029015291595e-08,1.1617029015291595e-09
0.48505010020039824,5.357118236472975e-05,4.834130260521067e-05,5.891783567134273,5.017749115127665e-08,5.017749115127665e-08,5.017749115127665e-09
0.8808216432865678,6.367026052104235e-05,6.312923847695419e-05,1.683366733466935,2.880489060700734e-09,2.880489060700734e-09,2.880489060700734e-10
0.22875751503005942,7.0342865731463e-05,1.4978276553106199e-05,4.609218436873737,5.568616805225718e-06,5.568616805225718e-06,5.568616805225718e-07
0.6559118236472908,4.7980621242485214e-05,5.753867735470974e-05,6.352705410821653,2.1811489473271364e-06,2.1811489473271364e-06,2.1811489473271363e-07
0.8529258517034016,6.168651302605243e-05,1.5699639278557103e-05,7.094188376753526,1.5796716864117503e-10,1.5796716864117503e-10,1.5796716864117504e-11
0.324649298597193,6.240787575150331e-05,4.698857715430862e-06,3.1462925851703307,1.5187023416387875e-09,1.5187023416387875e-09,1.5187023416387876e-10
0.6210420841683332,3.977494989979961e-06,8.819659318637229e-05,3.3667334669338556,1.4694032735283116e-07,1.4694032735283116e-07,1.4694032735283116e-08
0.4763326653306588,3.138927855711434e-05,6.691639278557132e-05,1.2625250501002012,8.007170844585868e-10,8.007170844585868e-10,8.007170844585868e-11
0.54955911823647,6.817877755511036e-05,1.696202404809619e-05,4.749498997995983,1.1354466475453157e-08,1.1354466475453157e-08,1.1354466475453157e-09
0.8372344689378707,7.106422845691388e-05,7.791717434869724e-05,5.931863727454915,5.554252608620607e-10,5.554252608620607e-10,5.5542526086206076e-11
0.8459519038076101,7.052320641282572e-05,3.607813627254524e-05,7.334669338677377,1.7642809168409121e-07,1.7642809168409121e-07,1.7642809168409122e-08
0.4676152304609194,9.748396793587168e-06,5.465322645290611e-05,6.993987975951922,2.7413768495932584e-06,2.7413768495932584e-06,2.7413768495932586e-07
0.4693587174348673,3.950460921843705e-05,2.814314629258526e-05,1.1222444889779566,8.886228686294111e-08,8.886228686294111e-08,8.886228686294111e-09
0.7239078156312583,2.7241442885771624e-05,1.0920440881763526e-06,1.6032064128256525,1.920961193590632e-08,1.920961193590632e-08,1.920961193590632e-09
0.44146292585170116,8.927863727454861e-05,4.076699398797614e-05,9.058116232464972,1.2160509111574433e-08,1.2160509111574433e-08,1.2160509111574433e-09
0.0840480961923848,8.981965931863677e-05,3.3373026052104336e-05,6.3326653306613325,4.058741160324506e-09,4.058741160324506e-09,4.0587411603245054e-10
0.5983767535070107,6.421128256513051e-05,3.193030060120252e-05,9.038076152304651,5.306020752962591e-10,5.306020752962591e-10,5.3060207529625915e-11
0.7483166332665286,1.6240661322645284e-05,5.627629258517065e-05,5.571142284569139,1.5637362941303773e-08,1.5637362941303773e-08,1.5637362941303773e-09
0.4048496993987956,8.711454909819597e-05,3.950460921843705e-05,2.0040080160320657,1.2238107659872235e-07,1.2238107659872235e-07,1.2238107659872236e-08
0.07010020040080163,1.2453507014028046e-05,1.642100200400801e-05,3.8276553106212257,1.0428356694758392e-07,1.0428356694758392e-07,1.0428356694758392e-08
0.7064729458917794,7.66547895791582e-05,8.02616032064126e-05,6.012024048096198,2.38383935162554e-10,2.38383935162554e-10,2.3838393516255397e-11
0.4466933867735448,8.846693386773542e-06,3.788154308617251e-05,1.0821643286573153,1.149983889528423e-06,1.149983889528423e-06,1.149983889528423e-07
0.1799398797595187,6.150617234468971e-05,3.661915831663342e-05,7.494989979959944,6.226834689391767e-10,6.226834689391767e-10,6.226834689391767e-11
0.7674949899799554,6.5834348697395e-05,8.945897795591133e-05,8.757515030060159,4.232600055156151e-06,4.232600055156151e-06,4.232600055156151e-07
0.7221643286573104,6.0063446893787916e-05,2.219190380761527e-05,8.517034068136308,8.999999999996206e-06,8.999999999996206e-06,8.999999999996206e-07
0.26711422845691285,2.056883767535073e-05,1.3174869739478947e-05,8.396793587174383,2.0573283780563895e-08,2.0573283780563895e-08,2.0573283780563896e-09
0.6785771543086133,5.780901803607213e-06,8.513080160320605e-05,5.911823647294594,1.0534627781133267e-09,1.0534627781133267e-09,1.0534627781133268e-10
0.7762124248496948,5.6636973947896105e-05,3.499609218436888e-05,3.4068136272544964,4.985932917895367e-09,4.985932917895367e-09,4.985932917895367e-10
0.07184368737474953,1.5699639278557103e-05,7.160525050100204e-05,2.8657314629258446,2.7239945164925986e-07,2.7239945164925986e-07,2.7239945164925987e-08
0.7552905811623202,5.12267535070143e-05,3.643881763527069e-05,4.2685370741482815,6.242938292164014e-06,6.242938292164014e-06,6.242938292164014e-07
0.2514228456913819,5.0325050100200664e-05,3.977494989979961e-06,9.759519038076203,2.4545271389327164e-09,2.4545271389327164e-09,2.4545271389327164e-10
0.05789579158316635,2.50773547094189e-05,3.5717454909819785e-05,1.6432865731462938,4.346867285076761e-09,4.346867285076761e-09,4.346867285076761e-10
0.28977955911823533,4.3291763527054315e-05,4.202937875751523e-05,6.573146292585183,3.42365225221448e-07,3.42365225221448e-07,3.4236522522144795e-08
0.8389779559118186,7.313627254509018e-07,7.521206412825644e-05,2.20440881763527,1.4361925227385327e-07,1.4361925227385327e-07,1.4361925227385327e-08
0.2217835671342679,8.278637274549069e-05,5.4292545090180656e-05,1.3026052104208425,2.495362636850953e-10,2.495362636850953e-10,2.495362636850953e-11
0.11020040080160326,3.661915831663342e-05,3.589779559118251e-05,0.3006012024048096,1.811911094637567e-10,1.811911094637567e-10,1.811911094637567e-11
0.7988777555110173,8.729488977955869e-05,7.972058116232444e-05,9.45891783567139,4.793494789326676e-08,4.793494789326676e-08,4.793494789326676e-09
0.579198396793584,9.387715430861717e-06,5.8981402805611555e-05,1.9438877755511037,3.852761810524898e-10,3.852761810524898e-10,3.852761810524898e-11
0.877334669338672,1.0830440881763519e-05,7.070354709418844e-05,1.8837675350701417,1.2729414866574903e-08,1.2729414866574903e-08,1.2729414866574903e-09
0.6750901803607176,2.110985971943891e-05,7.593342685370732e-05,7.434869739478981,8.161436965110303e-07,8.161436965110303e-07,8.161436965110304e-08
0.23921843687374672,7.593342685370732e-05,9.748396793587168e-06,0.220440881763527,1.7354092455884483e-06,1.7354092455884483e-06,1.7354092455884483e-07
0.2845490981963917,2.6159398797595263e-05,4.45541482965934e-05,5.030060120240475,4.1107056471825913e-07,4.1107056471825913e-07,4.1107056471825916e-08
0.8965130260520987,2.165088176352709e-05,2.9946553106212528e-05,7.85571142284572,1.9779232939038465e-07,1.9779232939038465e-07,1.9779232939038466e-08
0.11717434869739485,3.607813627254524e-05,5.39318637274552e-05,6.292585170340691,1.3807609303181489e-06,1.3807609303181489e-06,1.380760930318149e-07
0.29675350701402686,6.439162324649323e-05,5.573527054108247e-05,2.9458917835671263,6.37082503316838e-10,6.37082503316838e-10,6.37082503316838e-11
0.42402805611222233,7.881887775551084e-05,3.878324649298614e-05,4.669338677354699,6.493565322027256e-07,6.493565322027256e-07,6.493565322027256e-08
0.5617635270541051,3.9143927855711596e-05,6.0063446893787916e-05,8.55711422845695,3.445499235939485e-06,3.445499235939485e-06,3.445499235939485e-07
0.78841683366733,4.45541482965934e-05,3.6258476953907966e-05,4.088176352705394,1.538146446289981e-07,1.538146446289981e-07,1.538146446289981e-08
0.17296593186372716,2.814314629258526e-05,1.8134068136272543e-06,4.368737474949886,1.1543368559592538e-09,1.1543368559592538e-09,1.1543368559592538e-10
0.8721042084168283,7.629410821643276e-05,4.2750741482966134e-05,1.5230460921843698,4.533068255355657e-06,4.533068255355657e-06,4.533068255355657e-07
0.3978757515030041,1.4527254509018034e-06,6.890014028056124e-05,8.196392785571174,2.2831897564135424e-06,2.2831897564135424e-06,2.2831897564135425e-07
0.4397194388777533,3.7520861723447054e-05,5.934208416833701e-05,9.198396793587218,3.249903388467101e-08,3.249903388467101e-08,3.249903388467101e-09
0.8703607214428805,4.9603687374749756e-05,7.863853707414812e-05,1.3426853707414839,2.070456586262503e-07,2.070456586262503e-07,2.070456586262503e-08
0.295010020040079,4.2209719438877954e-05,3.896358717434887e-05,8.937875751503046,1.1210931745753224e-10,1.1210931745753224e-10,1.1210931745753223e-11
0.17470941883767505,5.411220440881793e-05,1.0469759519038069e-05,8.176352705410853,1.8775445464206673e-08,1.8775445464206673e-08,1.8775445464206674e-09
0.5966332665330628,4.0406312625250685e-05,4.1488356713427046e-05,5.010020040080154,2.6895598015305057e-09,2.6895598015305057e-09,2.689559801530506e-10
0.41182364729458715,4.5636192384769765e-05,6.294889779559147e-05,3.206412825651292,3.606690212911828e-06,3.606690212911828e-06,3.6066902129118283e-07
0.16076152304609198,1.1010781563126244e-05,6.421128256513051e-05,4.328657314629244,7.233731926008842e-08,7.233731926008842e-08,7.233731926008842e-09
0.38218436873747313,2.2011563126252544e-05,2.7061102204408897e-05,5.83166332665331,7.354078138654125e-09,7.354078138654125e-09,7.354078138654125e-10
0.5356112224448869,6.85394589178358e-05,4.879198396793587e-06,0.5410821643286575,2.8333511404222655e-08,2.8333511404222655e-08,2.8333511404222654e-09
0.19388777555110176,7.683513026052092e-05,4.518517034068137e-06,1.4028056112224458,1.865639541560769e-09,1.865639541560769e-09,1.8656395415607688e-10
0.743086172344685,7.4851382765531e-05,2.0388496993988002e-05,7.735470941883794,1.9529198570650123e-09,1.9529198570650123e-09,1.9529198570650122e-10
0.7901603206412778,6.619503006012043e-05,6.781809619238492e-05,8.897795591182405,9.034067171053278e-09,9.034067171053278e-09,9.034067171053277e-10
0.8843086172344635,1.3535551102204397e-05,8.549148296593149e-05,6.05210420841684,6.203353499968312e-07,6.203353499968312e-07,6.203353499968312e-08
0.7465731462925808,2.97662124248498e-05,4.473448897795613e-05,3.4669338677354578,1.3720058967200789e-07,1.3720058967200789e-07,1.3720058967200789e-08
0.6018637274549065,5.988310621242519e-05,6.76377555110222e-05,1.22244488977956,2.044283412286684e-09,2.044283412286684e-09,2.0442834122866842e-10
0.3333667334669324,4.816096192384794e-05,5.6095951903807925e-05,2.885771543086165,4.5502270122077455e-09,4.5502270122077455e-09,4.5502270122077453e-10
0.13983967935871738,6.096515030060155e-05,3.256132264529059e-06,9.178356713426897,5.19950869239506e-06,5.19950869239506e-06,5.199508692395061e-07
0.48330661322645035,6.0243787575150643e-05,1.9126112224448914e-05,6.533066132264541,8.058266142308294e-09,8.058266142308294e-09,8.058266142308294e-10
0.10845691382765536,5.239879759519038e-06,3.265166332665343e-05,4.028056112224431,1.0985885614816929e-06,1.0985885614816929e-06,1.0985885614816929e-07
0.34905811623246336,3.8602905811623416e-05,7.4851382765531e-05,3.987975951903789,2.2033761375702947e-08,2.2033761375702947e-08,2.2033761375702947e-09
0.8110821643286524,6.294889779559147e-05,7.431036072144284e-05,5.551102204408818,1.2362821172677301e-09,1.2362821172677301e-09,1.23628211726773e-10
0.5879158316633234,8.170432865731437e-05,7.719581162324636e-05,3.5871743486973804,4.745139032542713e-06,4.745139032542713e-06,4.7451390325427135e-07
0.5530460921843657,2.3634629258517086e-05,7.376933867735468e-05,0.08016032064128256,1.0778232236916957e-09,1.0778232236916957e-09,1.0778232236916957e-10
0.5460721442885742,2.7782464929859805e-05,1.2092825651302595e-05,9.23847695390786,1.6578499612501935e-06,1.6578499612501935e-06,1.6578499612501935e-07
0.8668737474949847,3.797154308617236e-06,5.6636973947896105e-05,2.845691382765524,5.851198383420681e-09,5.851198383420681e-09,5.851198383420681e-10
0.4187975951903787,5.212845691382793e-05,7.827785571142268e-05,4.048096192384752,2.1755226933756993e-10,2.1755226933756993e-10,2.1755226933756994e-11
0.7395991983967892,8.549148296593149e-05,8.11633066132262e-05,2.344689378757513,1.24417107131614e-08,1.24417107131614e-08,1.24417107131614e-09
0.6070941883767501,8.675386773547053e-05,1.2633847695390771e-05,4.649298597194378,4.152596154736201e-09,4.152596154736201e-09,4.1525961547362006e-10
0.4065931863727435,6.745741482965948e-05,5.059539078156312e-06,8.597194388777591,8.543253911746649e-07,8.543253911746649e-07,8.543253911746649e-08
0.2618837675350692,5.681731462925883e-05,3.427472945891797e-05,4.128256513026035,1.5737147962828574e-07,1.5737147962828574e-07,1.5737147962828573e-08
0.6367334669338641,3.4364729458917847e-06,8.20650100200398e-05,6.27254509018037,4.043435780503082e-06,4.043435780503082e-06,4.0434357805030824e-07
0.6349899799599162,8.20650100200398e-05,4.5636192384769765e-05,0.3406813627254509,1.7755391328152799e-06,1.7755391328152799e-06,1.7755391328152798e-07
0.03,2.5438036072144355e-05,6.141583166332664e-06,7.134268537074168,8.435256442765496e-09,8.435256442765496e-09,8.435256442765495e-10
0.8145691382765482,5.014470941883794e-05,4.166869739478977e-05,1.102204408817636,3.0538516600204696e-07,3.0538516600204696e-07,3.05385166002047e-08
0.683807615230457,2.3273947895791633e-05,3.44550701402807e-05,8.677354709418875,2.3448288825886378e-09,2.3448288825886378e-09,2.3448288825886376e-10
0.7849298597194342,7.250695390781564e-05,3.9143927855711596e-05,2.1242484969939883,7.846436406165732e-06,7.846436406165732e-06,7.846436406165733e-07
0.15030060120240468,2.399531062124254e-05,3.71601803607216e-05,4.629258517034057,4.935635886164836e-07,4.935635886164836e-07,4.935635886164836e-08
0.7169338677354667,2.3814969939879813e-05,1.8945771543086187e-05,8.276553106212457,1.6535735522929774e-10,1.6535735522929774e-10,1.6535735522929775e-11
0.6628857715430824,2.922519038076162e-05,6.601468937875771e-05,6.633266533066146,6.063148267776576e-07,6.063148267776576e-07,6.063148267776576e-08
0.03697394789579159,4.004563126252523e-05,7.611376753507004e-05,10.000000000000053,3.643444506839694e-08,3.643444506839694e-08,3.6434445068396936e-09
0.818056112224444,5.970276553106246e-05,4.022597194388796e-05,3.10621242484969,1.3633063764347168e-08,1.3633063764347168e-08,1.3633063764347169e-09
0.8006212424849651,4.130801603206432e-05,1.227316633266532e-05,1.042084168336674,9.396745979765522e-10,9.396745979765522e-10,9.396745979765521e-11
0.46412825651302364,4.311142284569159e-05,4.491482965931886e-05,3.1262525050100103,5.2191900870658066e-09,5.2191900870658066e-09,5.219190087065806e-10
0.69775551102204,5.465322645290611e-05,6.457196392785595e-05,9.338677354709464,7.796684263812391e-07,7.796684263812391e-07,7.796684263812391e-08
0.3054709418837663,4.166869739478977e-05,8.368807615230429e-05,2.1843687374749496,2.131851660850342e-06,2.131851660850342e-06,2.1318516608503423e-07
0.38044088176352525,8.693420841683325e-05,2.1740881763527053e-06,3.9078156312625074,2.9659039599575217e-08,2.9659039599575217e-08,2.9659039599575215e-09
0.11194388777555116,8.305671342685366e-06,3.9865290581162504e-05,5.691382765531064,2.0236611156478834e-07,2.0236611156478834e-07,2.0236611156478835e-08
0.2427054108216425,2.354428857715431e-06,2.2372244488977998e-05,9.659318637274598,3.838233172077098e-07,3.838233172077098e-07,3.838233172077098e-08
0.03348697394789579,5.934208416833701e-05,1.3535551102204397e-05,3.246492985971933,1.990544802990605e-06,1.990544802990605e-06,1.990544802990605e-07
0.5112024048096165,8.440943887775517e-05,4.257040080160341e-05,7.314629258517056,5.133780366335107e-08,5.133780366335107e-08,5.1337803663351075e-09
0.15727454909819621,1.7503046092184372e-05,3.120893787575161e-05,2.705410821643281,1.377199270006178e-10,1.377199270006178e-10,1.3771992700061781e-11
0.6437074148296557,3.553711422845706e-05,1.822440881763528e-05,6.4929859719439,4.2216821016553884e-10,4.2216821016553884e-10,4.2216821016553885e-11
0.36126252505009854,6.998218436873756e-05,5.807969939879792e-05,3.5470941883767395,1.2941191703766615e-09,1.2941191703766615e-09,1.2941191703766614e-10
0.7744689378757469,5.826004008016065e-05,4.5095170340681584e-05,7.8757515030060405,1.3409964749099134e-07,1.3409964749099134e-07,1.3409964749099134e-08
0.8633867735470889,7.719581162324636e-05,5.7899358717435194e-05,2.6853707414829606,1.4126898718987808e-06,1.4126898718987808e-06,1.4126898718987808e-07
0.35951903807615065,7.268729458917836e-05,6.258821643286603e-05,8.316633266533099,2.4297663907591406e-07,2.4297663907591406e-07,2.4297663907591408e-08
0.727394789579154,7.75564929859718e-05,8.188466933867709e-05,9.559118236472994,5.37395429067653e-08,5.37395429067653e-08,5.37395429067653e-09
0.3473146292585155,3.409438877755524e-05,2.0929519038076183e-05,7.274549098196414,5.792172737548809e-07,5.792172737548809e-07,5.7921727375488094e-08
0.4606412825651279,3.589779559118251e-05,1.9937474949899797e-06,7.795591182364757,1.853810023133934e-10,1.853810023133934e-10,1.853810023133934e-11
0.10671342685370747,5.3751523046092475e-05,6.682605210420839e-06,3.6272545090180213,1.6162002728487966e-10,1.6162002728487966e-10,1.6162002728487966e-11
0.7779559118236427,8.044194388777532e-05,8.29667134268534e-05,7.5350701402805855,2.010829624931726e-08,2.010829624931726e-08,2.0108296249317262e-09
0.1991182364729454,2.0929519038076183e-05,8.278637274549069e-05,1.983967935871745,9.962290327919802e-08,9.962290327919802e-08,9.962290327919802e-09
0.21655310621242424,8.332739478957885e-05,8.062228456913804e-05,2.4849699398797562,5.4982224886219015e-08,5.4982224886219015e-08,5.498222488621901e-09
0.07881763527054111,8.819659318637229e-05,1.4797935871743473e-05,1.2424849699398806,2.527311025237083e-08,2.527311025237083e-08,2.5273110252370827e-09
0.533867735470939,8.242569138276525e-05,8.981965931863677e-05,4.46893787575149,8.244606806538764e-09,8.244606806538764e-09,8.244606806538764e-10
0.12937875751503009,4.545585170340704e-05,8.458977955911789e-05,6.032064128256519,7.448233168919441e-07,7.448233168919441e-07,7.448233168919442e-08
0.24793587174348614,2.7962805611222532e-05,7.223627254509015e-06,9.899799599198449,2.6455463535232158e-08,2.6455463535232158e-08,2.6455463535232157e-09
0.5234068136272517,5.771901803607247e-05,2.9585871743487074e-05,2.6252505010019993,3.084972204036884e-09,3.084972204036884e-09,3.084972204036884e-10
0.5478156312625221,4.9062665330661576e-05,1.0650100200400794e-05,7.394789579158339,3.525173523793985e-06,3.525173523793985e-06,3.525173523793985e-07
0.031743486973947896,7.449070140280556e-05,4.004563126252523e-05,1.743486973947897,2.672506026391465e-10,2.672506026391465e-10,2.672506026391465e-11
0.49551102204408554,1.5519298597194376e-05,5.86207214428861e-05,3.7675350701402643,1e-10,1e-10,1.0000000000000001e-11
0.28803607214428745,7.539240480961916e-05,8.314705410821613e-05,2.6452905811623197,1.3460724700541052e-10,1.3460724700541052e-10,1.3460724700541052e-11
0.3351102204408803,5.9612424849699384e-06,7.629410821643276e-05,9.579158316633315,7.495761777794998e-06,7.495761777794998e-06,7.495761777794998e-07
0.6646292585170303,8.837693386773501e-05,7.30479759519038e-05,6.432865731462937,1.583756973177416e-06,1.583756973177416e-06,1.583756973177416e-07
0.13635270541082162,8.873761523046045e-05,5.645663326653338e-05,5.1503006012024,4.447384955121195e-09,4.447384955121195e-09,4.447384955121195e-10
0.8686172344689326,4.635755511022067e-05,1.272384769539078e-06,1.2825651302605219,8.027878684932169e-06,8.027878684932169e-06,8.027878684932169e-07
0.3525450901803591,3.084825651302616e-05,7.503172344689372e-05,9.358717434869785,4.402520680793966e-07,4.402520680793966e-07,4.402520680793966e-08
0.5181763527054081,3.9865290581162504e-05,1.3715891783567122e-05,8.11623246492989,5.252494743172759e-08,5.252494743172759e-08,5.252494743172759e-09
0.8947695390781508,1.8134068136272543e-06,2.6159398797595263e-05,0.6012024048096195,2.240033284379423e-09,2.240033284379423e-09,2.2400332843794228e-10
0.7570340681362681,8.891795591182317e-05,1.4437254509018023e-05,6.8537074148296755,1.2859135088694639e-10,1.2859135088694639e-10,1.2859135088694638e-11
0.2113226452905806,5.8440380761523374e-05,3.968494989979978e-05,7.515030060120265,1.315649183163909e-10,1.315649183163909e-10,1.3156491831639089e-11
0.8982565130260466,7.21462725450902e-05,6.529332665330683e-05,2.565130260521038,6.668871685016272e-10,6.668871685016272e-10,6.668871685016273e-11
0.5321242484969911,4.076699398797614e-05,8.873761523046045e-05,0.4008016032064129,2.126352568802807e-10,2.126352568802807e-10,2.126352568802807e-11
0.7518036072144244,7.160525050100204e-05,6.276855711422875e-05,1.9038076152304624,4.685154510161405e-08,4.685154510161405e-08,4.685154510161405e-09
0.3734669338677337,7.413002004008012e-05,7.76464929859719e-06,1.7034068136272558,8.381770750968165e-10,8.381770750968165e-10,8.381770750968166e-11
0.7500601202404765,1.984747494989982e-05,8.621284569138237e-05,8.476953907815666,3.1764506247026196e-08,3.1764506247026196e-08,3.1764506247026194e-09
0.6158116232464895,7.503172344689372e-05,4.3291763527054315e-05,4.9699398797595125,1.4787798185268515e-06,1.4787798185268515e-06,1.4787798185268515e-07
0.46238476953907576,8.008126252504988e-05,7.990092184368716e-05,0.7815631262525055,5.661260816510151e-07,5.661260816510151e-07,5.661260816510152e-08
0.26885771543086073,7.647444889779548e-05,3.355336673346706e-05,7.755511022044115,4.136936850808543e-06,4.136936850808543e-06,4.136936850808543e-07
0.39264529058116043,8.125330661322641e-06,4.239006012024068e-05,4.488977955911811,3.56109711472964e-08,3.56109711472964e-08,3.56109711472964e-09
0.27757515030060015,6.529332665330683e-05,4.365244488977977e-05,2.2645290581162314,1.1282470858183015e-09,1.1282470858183015e-09,1.1282470858183015e-10
0.6663727454909781,7.57530861723446e-05,3.6799498997996147e-05,0.6212424849699402,3.5838211605664624e-07,3.5838211605664624e-07,3.5838211605664626e-08
0.4658717434869715,3.3914048096192516e-05,8.747523046092141e-05,6.152304609218445,2.3299609534649055e-10,2.3299609534649055e-10,2.3299609534649055e-11
0.6332464929859684,4.888232464929885e-05,3.2290981963927974e-05,3.0861723446893694,8.192329972794974e-10,8.192329972794974e-10,8.192329972794974e-11
0.15204408817635257,4.6177214428857945e-05,7.016252505010028e-05,5.971943887775557,3.034488008210854e-08,3.034488008210854e-08,3.034488008210854e-09
0.6925250501001964,8.368807615230429e-05,7.232661322645292e-05,2.925851703406806,2.09155575626162e-09,2.09155575626162e-09,2.09155575626162e-10
0.8494388777555059,6.312923847695419e-05,6.5834348697395e-05,3.7274549098196235,1.6641253232742929e-09,1.6641253232742929e-09,1.664125323274293e-10
0.34034068136272394,2.2552585170340725e-05,3.734052104208433e-05,0.5611222444889782,2.8153856230869715e-09,2.8153856230869715e-09,2.8153856230869716e-10
0.5286372745490954,6.132583166332699e-05,1.587997995991983e-05,8.076152304609248,1.0231241635532605e-10,1.0231241635532605e-10,1.0231241635532606e-11
0.6419639278557078,5.519424849699429e-05,1.876543086172346e-05,4.809619238476945,3.941853704763233e-10,3.941853704763233e-10,3.941853704763233e-11
0.5547895791583136,5.916174348697428e-05,6.042412825651337e-05,3.847695390781546,6.797354139442534e-07,6.797354139442534e-07,6.797354139442534e-08
0.04046092184368738,3.3373026052104336e-05,1.7142364729458918e-05,7.234468937875772,1.7134714911793995e-08,1.7134714911793995e-08,1.7134714911793996e-09
0.4362324649298575,7.070354709418844e-05,7.088388777555116e-05,8.376753507014062,9.6140378706701e-10,9.6140378706701e-10,9.6140378706701e-11
0.8598997995991932,7.286763527054108e-05,1.984747494989982e-05,9.01803607214433,3.229296625390487e-09,3.229296625390487e-09,3.229296625390487e-10
0.5896593186372713,4.365244488977977e-05,5.230879759519066e-05,1.5430861723446905,4.715051382504799e-07,4.715051382504799e-07,4.7150513825047986e-08
0.8860521042084114,1.4978276553106199e-05,1.0830440881763519e-05,8.036072144288607,3.8138959681188295e-08,3.8138959681188295e-08,3.81389596811883e-09
0.17122244488977928,7.76464929859719e-06,3.535677354709433e-05,5.711422845691385,7.926396206684818e-08,7.926396206684818e-08,7.926396206684819e-09
0.4780761523046067,6.962150300601212e-05,1.191248496993987e-05,9.839679358717486,1.4416288578877648e-10,1.4416288578877648e-10,1.4416288578877648e-11
0.36823647294589007,2.5618376753507082e-05,3.797154308617236e-06,0.24048096192384763,3.30397140871801e-09,3.30397140871801e-09,3.30397140871801e-10
0.13112224448897797,1.8945771543086187e-05,6.222753507014059e-05,6.412825651302616,3.144407265818321e-06,3.144407265818321e-06,3.144407265818321e-07
0.5861723446893755,3.6799498997996147e-05,4.888232464929885e-05,9.91983967935877,7.476426528190401e-10,7.476426528190401e-10,7.476426528190401e-11
0.29849699398797475,5.501390781563156e-05,8.945897795591133e-05,4.148296593186356,2.628771655817212e-09,2.628771655817212e-09,2.628771655817212e-10
0.4501803607214406,5.59156112224452e-05,7.944989979959916e-06,8.35671342685374,8.575592188679522e-10,8.575592188679522e-10,8.575592188679522e-11
0.40310621242484773,7.737615230460908e-05,2.5347695390781566e-06,7.955911823647324,6.411478493438621e-09,6.411478493438621e-09,6.411478493438621e-10
0.18691382765531023,3.842256513026069e-05,4.780028056112249e-05,8.11623246492989,5.589695363142939e-09,5.589695363142939e-09,5.589695363142939e-10
0.7640080160320596,2.2732925851703452e-05,3.193030060120252e-05,4.048096192384752,4.430614012294001e-06,4.430614012294001e-06,4.430614012294001e-07
0.0892785571142285,8.477012024048061e-05,7.0342865731463e-05,9.659318637274598,9.836354454798719e-10,9.836354454798719e-10,9.836354454798719e-11
0.13112224448897797,2.4355991983967994e-05,7.106422845691388e-05,3.486973947895778,4.1790946697504914e-08,4.1790946697504914e-08,4.1790946697504915e-09
0.1886573146292581,8.639318637274509e-05,4.9062665330661576e-05,1.042084168336674,1.315649183163909e-10,1.315649183163909e-10,1.3156491831639089e-11
0.6506813627254472,1.4437254509018023e-05,3.607813627254524e-05,8.036072144288607,1.543968701634049e-10,1.543968701634049e-10,1.543968701634049e-11
0.11891783567134274,5.735833667334701e-05,5.339084168336702e-05,5.791583166332669,1.1961507797225564e-07,1.1961507797225564e-07,1.1961507797225564e-08
0.4763326653306588,3.084825651302616e-05,8.747523046092141e-05,2.2645290581162314,3.3676257082751576e-06,3.3676257082751576e-06,3.367625708275158e-07
0.41008016032063926,6.926082164328668e-05,5.645663326653338e-05,9.819639278557165,1.6854312935433095e-07,1.6854312935433095e-07,1.6854312935433094e-08
0.11020040080160326,7.593342685370732e-05,4.293108216432886e-05,9.378757515030106,1.3190516649849534e-06,1.3190516649849534e-06,1.3190516649849534e-07
0.47284569138276306,1.4256913827655298e-05,6.745741482965948e-05,4.669338677354699,8.79658629969176e-06,8.79658629969176e-06,8.796586299691759e-07
0.743086172344685,6.691639278557132e-05,4.45541482965934e-05,2.2244488977955905,4.985932917895367e-09,4.985932917895367e-09,4.985932917895367e-10
0.31767535070140146,5.284981963927884e-05,6.258821643286603e-05,8.33667334669342,4.904340346826786e-08,4.904340346826786e-08,4.904340346826786e-09
0.34905811623246336,6.06044689378761e-05,2.0388496993988002e-05,1.4629258517034078,2.7239945164925986e-07,2.7239945164925986e-07,2.7239945164925987e-08
0.8163126252504961,1.6781683366733464e-05,3.048757515030071e-05,6.192384769539086,7.796684263812391e-07,7.796684263812391e-07,7.796684263812391e-08
0.8651302605210368,4.004563126252523e-05,7.863853707414812e-05,3.5070140280560986,2.3990510891740275e-09,2.3990510891740275e-09,2.3990510891740275e-10
0.21829659318637212,6.745741482965948e-05,1.642100200400801e-05,3.4068136272544964,5.986502451821476e-09,5.986502451821476e-09,5.986502451821476e-10
0.44320641282564904,2.056883767535073e-05,2.2552585170340725e-05,5.871743486973952,6.668871685016272e-10,6.668871685016272e-10,6.668871685016273e-11
0.7047294589178316,2.525769539078163e-05,8.332739478957885e-05,7.454909819639302,1.5538210629755687e-09,1.5538210629755687e-09,1.5538210629755687e-10
0.5669939879759488,8.11633066132262e-05,2.4175651302605267e-05,9.098196392785614,4.685154510161405e-08,4.685154510161405e-08,4.685154510161405e-09
0.24967935871743402,2.895450901803608e-06,4.527551102204431e-05,7.735470941883794,7.115355125521681e-07,7.115355125521681e-07,7.115355125521681e-08
0.8215430861723397,5.573527054108247e-05,8.20650100200398e-05,1.2024048096192392,3.877347024901268e-09,3.877347024901268e-09,3.8773470249012675e-10
0.35080160320641124,6.817877755511036e-05,4.7980621242485214e-05,3.8276553106212257,2.751753622267373e-09,2.751753622267373e-09,2.751753622267373e-10
0.8825651302605156,7.178559118236476e-05,4.599687374749522e-05,2.8056112224448833,3.30397140871801e-09,3.30397140871801e-09,3.30397140871801e-10
0.668116232464926,5.303016032064157e-05,6.5834348697395e-05,7.555110220440906,5.625364284701012e-08,5.625364284701012e-08,5.625364284701012e-09
0.8598997995991932,1.191248496993987e-05,7.647444889779548e-05,1.4028056112224458,3.5028213468441776e-07,3.5028213468441776e-07,3.502821346844178e-08
0.15378757515030045,8.152398797595164e-05,7.21462725450902e-05,5.531062124248497,2.769313091562781e-08,2.769313091562781e-08,2.769313091562781e-09
0.10671342685370747,8.098296593186348e-05,4.338176352705412e-06,8.236472945891816,5.948543650301397e-10,5.948543650301397e-10,5.948543650301398e-11
0.49202404809618977,1.3715891783567122e-05,8.134364729458892e-05,3.5871743486973804,5.081991880963312e-06,5.081991880963312e-06,5.081991880963312e-07
0.6960120240480921,9.117034068136272e-07,8.801625250500957e-05,9.498997995992031,2.8153856230869715e-09,2.8153856230869715e-09,2.8153856230869716e-10
0.5181763527054081,7.990092184368716e-05,3.8061883767535235e-05,5.671342685370743,3.992321669323289e-08,3.992321669323289e-08,3.992321669323289e-09
0.35777555110220277,7.313627254509018e-07,2.354428857715431e-06,6.973947895791601,1.0709890365931138e-10,1.0709890365931138e-10,1.0709890365931137e-11
0.608837675350698,3.6979839679358873e-05,2.6520080160320717e-05,3.747494989979944,1.377199270006178e-10,1.377199270006178e-10,1.3771992700061781e-11
0.23573146292585095,5.1407094188377025e-05,1.876543086172346e-05,9.318637274549143,2.078293763894782e-10,2.078293763894782e-10,2.078293763894782e-11
0.8633867735470889,3.589779559118251e-05,4.65378957915834e-05,9.539078156312673,6.266569319574902e-09,6.266569319574902e-09,6.266569319574902e-10
0.5303807615230433,5.627629258517065e-05,8.278637274549069e-05,1.7234468937875764,1.7134714911793995e-08,1.7134714911793995e-08,1.7134714911793996e-09
0.10148296593186378,7.088388777555116e-05,2.1831222444889817e-05,4.549098196392774,2.070456586262503e-07,2.070456586262503e-07,2.070456586262503e-08
0.6820641282565091,3.0126893787575255e-05,7.358899799599196e-05,0.48096192384769554,6.797354139442534e-07,6.797354139442534e-07,6.797354139442534e-08
0.39961923847695197,1.5699639278557103e-05,7.322831663326652e-05,2.284569138276552,1.1282470858183015e-09,1.1282470858183015e-09,1.1282470858183015e-10
0.4606412825651279,7.881887775551084e-05,6.67360521042086e-05,6.593186372745504,6.493565322027256e-07,6.493565322027256e-07,6.493565322027256e-08
0.5460721442885742,4.0406312625250685e-05,5.12267535070143e-05,3.066132264529049,1.0231241635532605e-10,1.0231241635532605e-10,1.0231241635532606e-11
0.3159318637274536,8.29667134268534e-05,4.518517034068137e-06,5.551102204408818,6.954537268292439e-07,6.954537268292439e-07,6.95453726829244e-08
0.8668737474949847,7.358899799599196e-05,8.3868416833667e-05,4.428857715430849,4.2057622768873556e-07,4.2057622768873556e-07,4.2057622768873555e-08
0.37172344689378584,7.503172344689372e-05,5.4833567134268836e-05,9.579158316633315,2.4859527061752755e-07,2.4859527061752755e-07,2.4859527061752755e-08
0.6750901803607176,1.0830440881763519e-05,7.503172344689372e-05,3.1462925851703307,6.38730101828493e-06,6.38730101828493e-06,6.38730101828493e-07
0.54955911823647,6.781809619238492e-05,7.196593186372748e-05,3.2264529058116125,3.838233172077098e-07,3.838233172077098e-07,3.838233172077098e-08
0.2427054108216425,7.016252505010028e-05,6.312923847695419e-05,6.773547094188392,1.0778232236916957e-09,1.0778232236916957e-09,1.0778232236916957e-10
0.10496993987975957,6.439162324649323e-05,4.978402805611248e-05,2.9458917835671263,1.6535735522929774e-10,1.6535735522929774e-10,1.6535735522929775e-11
0.6210420841683332,1.6060320641282557e-05,7.223627254509015e-06,3.166332665330651,1.2160509111574433e-08,1.2160509111574433e-08,1.2160509111574433e-09
0.42228456913827445,7.340865731462924e-05,6.132583166332699e-05,1.5631262525050111,2.6794175597149314e-06,2.6794175597149314e-06,2.679417559714931e-07
0.24793587174348614,8.062228456913804e-05,5.068573146292612e-05,5.3106212424849675,2.543438283138544e-07,2.543438283138544e-07,2.543438283138544e-08
0.6559118236472908,3.265166332665343e-05,7.701547094188364e-05,4.408817635270528,1.853810023133934e-10,1.853810023133934e-10,1.853810023133934e-11
0.6280160320641247,5.8981402805611555e-05,4.202937875751523e-05,5.030060120240475,6.601597524639142e-08,6.601597524639142e-08,6.601597524639142e-09
0.324649298597193,9.928737474949893e-06,3.120893787575161e-05,1.5430861723446905,4.232600055156151e-06,4.232600055156151e-06,4.232600055156151e-07
0.6070941883767501,5.645663326653338e-05,7.737615230460908e-05,1.3226452905811632,2.880489060700734e-09,2.880489060700734e-09,2.880489060700734e-10
0.5547895791583136,4.725925851703431e-05,2.345428857715436e-05,9.438877755511069,2.527311025237083e-08,2.527311025237083e-08,2.5273110252370827e-09
0.5896593186372713,6.114549098196427e-05,7.791717434869724e-05,3.286573146292574,1.4416288578877648e-10,1.4416288578877648e-10,1.4416288578877648e-11
0.8982565130260466,7.39496793587174e-05,1.8134068136272543e-06,8.076152304609248,6.559738570739111e-09,6.559738570739111e-09,6.559738570739111e-10
0.190400801603206,4.202937875751523e-05,7.84581963927854e-05,2.4849699398797562,7.495761777794998e-06,7.495761777794998e-06,7.495761777794998e-07
0.3438276553106197,3.9143927855711596e-05,6.06044689378761e-05,2.985971943887767,2.585752978734625e-08,2.585752978734625e-08,2.5857529787346247e-09
0.7361122244488935,2.9044849699398893e-05,1.0830440881763519e-05,10.000000000000053,4.346867285076761e-09,4.346867285076761e-09,4.346867285076761e-10
0.15553106212424833,5.465322645290611e-05,9.117034068136272e-07,2.785571142284563,1.2316201379436526e-06,1.2316201379436526e-06,1.2316201379436525e-07
0.7849298597194342,2.5979058116232536e-05,4.761993987975976e-05,2.885771543086165,7.16075957555727e-06,7.16075957555727e-06,7.16075957555727e-07
0.23747494989979884,1.1371462925851695e-05,3.030723446893798e-05,7.895791583166361,5.19950869239506e-06,5.19950869239506e-06,5.199508692395061e-07
0.20260521042084118,2.6700420841683444e-05,1.2814188376753496e-05,1.6232464929859731,5.252494743172759e-08,5.252494743172759e-08,5.252494743172759e-09
0.6419639278557078,6.94411623246494e-05,7.521206412825644e-05,0.6412825651302608,4.6084840437446547e-07,4.6084840437446547e-07,4.6084840437446547e-08
0.6646292585170303,6.502264529058114e-06,6.529332665330683e-05,0.5410821643286575,7.572147997661637e-08,7.572147997661637e-08,7.572147997661637e-09
0.26711422845691285,3.355336673346706e-05,2.868416833667344e-05,7.054108216432884,8.435256442765496e-09,8.435256442765496e-09,8.435256442765495e-10
0.5234068136272517,2.50773547094189e-05,1.2633847695390771e-05,7.474949899799623,5.4633597389882735e-09,5.4633597389882735e-09,5.463359738988273e-10
0.8128256513026003,2.814314629258526e-05,2.2732925851703452e-05,1.3026052104208425,3.941853704763233e-10,3.941853704763233e-10,3.941853704763233e-11
0.043947895791583175,8.458977955911789e-05,1.696202404809619e-05,0.42084168336673355,2.6455463535232158e-08,2.6455463535232158e-08,2.6455463535232157e-09
0.5617635270541051,5.9522424849699736e-05,2.3093607214428906e-05,9.899799599198449,2.786984611210164e-07,2.786984611210164e-07,2.786984611210164e-08
0.5129458917835644,8.621284569138237e-05,3.301234468937888e-05,8.276553106212457,8.213516664628277e-06,8.213516664628277e-06,8.213516664628277e-07
0.3054709418837663,4.3291763527054315e-05,2.0929519038076183e-05,9.338677354709464,7.070238572888788e-08,7.070238572888788e-08,7.070238572888788e-09
0.3124448897795578,4.978402805611248e-05,5.6095951903807925e-05,7.915831663326682,5.926111887260628e-07,5.926111887260628e-07,5.9261118872606276e-08
0.2618837675350692,4.7980621242485214e-05,6.727707414829676e-05,6.553106212424862,4.1262656596768024e-10,4.1262656596768024e-10,4.126265659676802e-11
0.593146292585167,1.2814188376753496e-05,1.533895791583165e-05,5.450901803607214,3.597386788179242e-10,3.597386788179242e-10,3.597386788179242e-11
0.11717434869739485,3.409438877755524e-05,1.3896232464929847e-05,3.4669338677354578,1.7755391328152799e-06,1.7755391328152799e-06,1.7755391328152798e-07
0.2322444889779552,7.232661322645292e-05,6.141583166332664e-06,9.739478957915882,1.3106879132369401e-07,1.3106879132369401e-07,1.3106879132369401e-08
0.3734669338677337,8.729488977955869e-05,6.682605210420839e-06,3.3667334669338556,9.962290327919802e-08,9.962290327919802e-08,9.962290327919802e-09
0.2217835671342679,7.809751503005996e-05,7.467104208416828e-05,1.683366733466935,3.104658005213131e-08,3.104658005213131e-08,3.104658005213131e-09
0.6245290581162289,8.927863727454861e-05,7.268729458917836e-05,7.314629258517056,5.792172737548809e-07,5.792172737548809e-07,5.7921727375488094e-08
0.36823647294589007,6.276855711422875e-05,1.5519298597194376e-05,3.206412825651292,3.249903388467101e-08,3.249903388467101e-08,3.249903388467101e-09
0.8354909819639228,1.272384769539078e-06,1.272384769539078e-06,8.517034068136308,4.402520680793966e-07,4.402520680793966e-07,4.402520680793966e-08
0.6123246492985938,7.683513026052092e-05,2.291326653306618e-05,5.731462925851706,3.445499235939485e-06,3.445499235939485e-06,3.445499235939485e-07
0.727394789579154,6.998218436873756e-05,2.002781563126255e-05,4.68937875751502,1.2362821172677301e-09,1.2362821172677301e-09,1.23628211726773e-10
0.504228456913825,4.311142284569159e-05,2.2011563126252544e-05,2.925851703406806,6.124935313629392e-09,6.124935313629392e-09,6.124935313629392e-10
0.7221643286573104,1.587997995991983e-05,1.3355210420841672e-05,8.977955911823688,1.6578499612501935e-06,1.6578499612501935e-06,1.6578499612501935e-07
0.5983767535070107,4.599687374749522e-05,5.1948116232465206e-05,6.913827655310638,3.967007431657834e-09,3.967007431657834e-09,3.967007431657834e-10
0.17122244488977928,4.473448897795613e-05,4.9603687374749756e-05,0.8817635270541088,3.6203424054044113e-09,3.6203424054044113e-09,3.6203424054044115e-10
0.8302605210420791,5.970276553106246e-05,8.044194388777532e-05,3.787575150300585,1.1097838248702528e-08,1.1097838248702528e-08,1.1097838248702528e-09
0.31941883767534934,2.4175651302605267e-05,7.286763527054108e-05,5.1302605210420795,9.89912212506906e-09,9.89912212506906e-09,9.899122125069062e-10
0.30895791583166204,6.76377555110222e-05,5.600561122244488e-06,0.6212424849699402,4.8548664036142015e-06,4.8548664036142015e-06,4.854866403614201e-07
0.8075951903807567,2.8503827655310713e-05,1.191248496993987e-05,0.1002004008016032,3.3462724996390475e-07,3.3462724996390475e-07,3.3462724996390477e-08
0.37869739478957737,5.7899358717435194e-05,6.385060120240507e-05,6.032064128256519,3.8138959681188295e-08,3.8138959681188295e-08,3.81389596811883e-09
0.07184368737474953,2.5438036072144355e-05,5.158743486973975e-05,0.9218436873747501,1.0257701283071679e-06,1.0257701283071679e-06,1.0257701283071679e-07
0.20783567134268482,6.637537074148315e-05,3.6168136272545103e-06,7.85571142284572,1.24417107131614e-08,1.24417107131614e-08,1.24417107131614e-09
0.3368537074148282,4.7439599198397034e-05,1e-08,6.412825651302616,6.643723588577598e-07,6.643723588577598e-07,6.643723588577598e-08
0.8703607214428805,5.8440380761523374e-05,4.365244488977977e-05,9.398797595190427,1.4453571435466035e-06,1.4453571435466035e-06,1.4453571435466036e-07
0.13635270541082162,5.411220440881793e-05,6.817877755511036e-05,0.18036072144288573,6.37082503316838e-10,6.37082503316838e-10,6.37082503316838e-11
0.7570340681362681,5.0325050100200664e-05,1.5699639278557103e-05,5.891783567134273,1.8895255194070682e-07,1.8895255194070682e-07,1.8895255194070683e-08
0.8442084168336622,7.972058116232444e-05,4.707891783567158e-05,4.188376753506998,7.876137060747666e-09,7.876137060747666e-09,7.876137060747665e-10
0.6227855711422811,3.977494989979961e-06,5.988310621242519e-05,4.22845691382764,3.2915122408795002e-06,3.2915122408795002e-06,3.2915122408795e-07
0.8058517034068088,3.6168136272545103e-06,4.3291763527054315e-05,6.833667334669355,3.034488008210854e-08,3.034488008210854e-08,3.034488008210854e-09
0.46412825651302364,5.537458917835702e-05,6.781809619238492e-05,6.452905811623258,1.4270860123254817e-08,1.4270860123254817e-08,1.4270860123254817e-09
0.3961322645290562,8.981965931863677e-05,6.403094188376779e-05,8.316633266533099,3.2088205242547684e-10,3.2088205242547684e-10,3.208820524254768e-11
0.7709819639278511,4.130801603206432e-05,5.411220440881793e-05,6.392785571142295,2.3359866097639786e-06,2.3359866097639786e-06,2.3359866097639786e-07
0.7657515030060075,8.486012024048091e-06,3.535677354709433e-05,4.629258517034057,2.3748499716013735e-07,2.3748499716013735e-07,2.3748499716013734e-08
0.3647494989979943,7.142490981963932e-05,7.539240480961916e-05,9.599198396793636,9.361311158813752e-07,9.361311158813752e-07,9.361311158813752e-08
0.06486973947895794,4.4373807615230676e-05,3.661915831663342e-05,9.619238476953957,1e-10,1e-10,1.0000000000000001e-11
0.4379759519038054,2.97662124248498e-05,8.098296593186348e-05,4.989979959919833,1.7530940861852815e-08,1.7530940861852815e-08,1.7530940861852815e-09
0.1276352705410822,1.119112224448897e-05,5.826004008016065e-05,8.937875751503046,2.2773002891194118e-10,2.2773002891194118e-10,2.2773002891194117e-11
0.6297595190380726,1.4527254509018034e-06,3.3914048096192516e-05,0.8617234468937881,2.083668568091013e-06,2.083668568091013e-06,2.0836685680910129e-07
0.7605210420841638,7.9359899799599e-05,5.465322645290611e-05,3.0060120240480876,3.765683528717025e-10,3.765683528717025e-10,3.765683528717025e-11
0.48330661322645035,2.715110220440882e-06,4.816096192384794e-05,0.6813627254509022,3.86272567641626e-06,3.86272567641626e-06,3.86272567641626e-07
0.2113226452905806,8.855727454909773e-05,4.076699398797614e-05,4.889779559118229,6.823083764576323e-10,6.823083764576323e-10,6.823083764576324e-11
0.5844288577154276,7.791717434869724e-05,6.998218436873756e-05,9.25851703406818,1.2568499060793791e-10,1.2568499060793791e-10,1.2568499060793792e-11
0.8511823647294537,7.773683366733452e-05,7.809751503005996e-05,0.9418837675350707,2.2831897564135424e-06,2.2831897564135424e-06,2.2831897564135425e-07
0.7552905811623202,1.155180360721442e-05,4.058665330661341e-05,2.1442885771543088,1.1765763050734954e-06,1.1765763050734954e-06,1.1765763050734954e-07
0.3525450901803591,8.422909819639245e-05,5.2669478957916114e-05,9.45891783567139,1.4090458511712325e-10,1.4090458511712325e-10,1.4090458511712325e-11
0.7117034068136231,4.491482965931886e-05,5.212845691382793e-05,6.8537074148296755,2.8988700155972077e-08,2.8988700155972077e-08,2.8988700155972076e-09
0.0910220440881764,2.1470541082164364e-05,8.080262525050076e-05,0.1603206412825651,1.940536917638263e-10,1.940536917638263e-10,1.940536917638263e-11
0.6803206412825612,7.376933867735468e-05,8.125330661322641e-06,1.9038076152304624,4.0330057745352055e-10,4.0330057745352055e-10,4.0330057745352053e-11
0.27757515030060015,3.030723446893798e-05,4.996436873747521e-05,1.7034068136272558,2.495362636850953e-10,2.495362636850953e-10,2.495362636850953e-11
0.1590180360721441,5.420220440881763e-06,2.3634629258517086e-05,9.839679358717486,6.998915508640024e-06,6.998915508640024e-06,6.998915508640024e-07
0.6471943887775514,3.120893787575161e-05,1.984747494989982e-05,6.933867735470959,2.0236611156478834e-07,2.0236611156478834e-07,2.0236611156478835e-08
0.09450901803607219,5.771901803607247e-05,5.248913827655339e-05,3.8677354709418665,1.4508281689963598e-09,1.4508281689963598e-09,1.4508281689963597e-10
0.16599198396793563,5.510220440881764e-07,5.3751523046092475e-05,6.352705410821653,2.38383935162554e-10,2.38383935162554e-10,2.3838393516255397e-11
0.6367334669338641,8.044194388777532e-05,5.059539078156312e-06,7.294589178356735,1.620380028453788e-06,1.620380028453788e-06,1.620380028453788e-07
0.6489378757514993,1.2633847695390771e-05,4.257040080160341e-05,1.923847695390783,1.920961193590632e-08,1.920961193590632e-08,1.920961193590632e-09
0.48156312625250247,8.783591182364685e-05,2.0208156312625275e-05,3.6873747494989826,3.084972204036884e-09,3.084972204036884e-09,3.084972204036884e-10
0.4989979959919813,3.24713226452907e-05,5.7177995991984286e-05,8.817635270541121,4.967131128360607e-06,4.967131128360607e-06,4.967131128360607e-07
0.6716032064128218,4.545585170340704e-05,3.589779559118251e-05,0.3006012024048096,1.2037836479849065e-06,1.2037836479849065e-06,1.2037836479849065e-07
0.7343687374749456,2.399531062124254e-05,3.842256513026069e-05,7.094188376753526,1.9779232939038465e-07,1.9779232939038465e-07,1.9779232939038466e-08
0.7762124248496948,5.916174348697428e-05,7.449070140280556e-05,3.9478957915831483,2.09155575626162e-09,2.09155575626162e-09,2.09155575626162e-10
0.3856713426853689,5.2669478957916114e-05,5.447288577154338e-05,4.308617234468923,2.445271197580611e-06,2.445271197580611e-06,2.445271197580611e-07
0.8494388777555059,5.014470941883794e-05,1.0650100200400794e-05,8.476953907815666,2.935984551084556e-06,2.935984551084556e-06,2.9359845510845557e-07
0.4484368737474927,7.40396793587174e-06,4.879198396793587e-06,9.418837675350748,4.447384955121195e-09,4.447384955121195e-09,4.447384955121195e-10
0.1380961923847695,9.387715430861717e-06,7.990092184368716e-05,2.525050100200397,7.698124373677404e-09,7.698124373677404e-09,7.698124373677404e-10
0.3107014028056099,6.799843687374764e-05,7.250695390781564e-05,4.729458917835662,7.279891761183791e-07,7.279891761183791e-07,7.279891761183791e-08
0.6192985971943853,2.5618376753507082e-05,6.926082164328668e-05,3.707414829659303,1.8351091815679916e-08,1.8351091815679916e-08,1.8351091815679915e-09
0.7622645290581117,2.742178356713435e-05,6.204719438877787e-05,6.112224448897803,9.737127401351965e-08,9.737127401351965e-08,9.737127401351965e-09
0.3316232464929845,8.170432865731437e-05,7.178559118236476e-05,5.631262525050102,2.104902375953338e-08,2.104902375953338e-08,2.104902375953338e-09
0.5739679358717403,2.2552585170340725e-05,5.239879759519038e-06,0.9819639278557121,1.418037243845071e-09,1.418037243845071e-09,1.418037243845071e-10
0.847695390781558,7.917955911823628e-05,4.581653306613249e-05,4.488977955911811,4.2216821016553884e-10,4.2216821016553884e-10,4.2216821016553885e-11
0.4397194388777533,8.224535070140253e-05,2.1740881763527053e-06,4.709418837675341,3.42365225221448e-07,3.42365225221448e-07,3.4236522522144795e-08
0.7012424849699358,4.9603687374749756e-05,2.7241442885771624e-05,6.132264529058124,3.217119053711171e-06,3.217119053711171e-06,3.217119053711171e-07
0.5059719438877729,1.5519298597194376e-05,4.5095170340681584e-05,7.134268537074168,1.2601003234489512e-06,1.2601003234489512e-06,1.2601003234489513e-07
0.818056112224444,8.846693386773542e-06,1.4527254509018034e-06,7.615230460921869,1.5033819951510772e-07,1.5033819951510772e-07,1.503381995151077e-08
0.3943887775551083,4.157835671342686e-06,5.699765531062156e-05,7.5350701402805855,3.7276961135130846e-08,3.7276961135130846e-08,3.727696113513085e-09
0.7204208416833625,2.165088176352709e-05,8.855727454909773e-05,2.1843687374749496,8.685386390868373e-08,8.685386390868373e-08,8.685386390868373e-09
0.22352705410821577,1.3174869739478947e-05,6.85394589178358e-05,1.6633266533066144,2.2258298359511498e-10,2.2258298359511498e-10,2.22582983595115e-11
0.6628857715430824,4.365244488977977e-05,7.04328657314629e-06,7.675350701402832,4.842343319704456e-10,4.842343319704456e-10,4.842343319704456e-11
0.1485571142284568,8.513080160320605e-05,6.799843687374764e-05,2.3246492985971927,1.9529198570650123e-09,1.9529198570650123e-09,1.9529198570650122e-10
0.7953907815631215,8.314705410821613e-05,4.401312625250522e-05,4.569138276553095,1.6641253232742929e-09,1.6641253232742929e-09,1.664125323274293e-10
0.2723446893787565,5.248913827655339e-05,9.387715430861717e-06,3.346693386773535,2.1755226933756993e-10,2.1755226933756993e-10,2.1755226933756994e-11
0.6437074148296557,2.4716673346693448e-05,5.807969939879792e-05,6.753507014028071,4.3746054815511335e-08,4.3746054815511335e-08,4.374605481551134e-09
0.713446893787571,5.681731462925883e-05,8.567182364729421e-05,9.358717434869785,1.0025861619226328e-06,1.0025861619226328e-06,1.0025861619226328e-07
0.683807615230457,8.999999999999949e-05,7.629410821643276e-05,8.056112224448928,2.984829963759814e-07,2.984829963759814e-07,2.984829963759814e-08
0.34034068136272394,1.4978276553106199e-05,6.709673346693404e-05,5.210420841683363,5.319742981794605e-06,5.319742981794605e-06,5.319742981794605e-07
0.7814428857715384,1.822440881763528e-05,7.413002004008012e-05,3.246492985971933,2.1811489473271364e-06,2.1811489473271364e-06,2.1811489473271363e-07
0.4658717434869715,6.0784809619238824e-05,1.1010781563126244e-05,9.218436873747539,1.460086182679067e-08,1.460086182679067e-08,1.460086182679067e-09
0.30024048096192263,1.3355210420841672e-05,2.2372244488977998e-05,8.55711422845695,4.579262886226917e-08,4.579262886226917e-08,4.579262886226917e-09
0.5425851703406784,5.7177995991984286e-05,9.568056112224443e-06,2.0440881763527066,2.2543273677448226e-08,2.2543273677448226e-08,2.2543273677448224e-09
0.6785771543086133,3.373370741482979e-05,7.557274549098188e-05,4.00801603206411,6.063148267776576e-07,6.063148267776576e-07,6.063148267776576e-08
0.7169338677354667,6.85394589178358e-05,8.585216432865693e-05,8.416833667334704,2.0313211611354781e-10,2.0313211611354781e-10,2.031321161135478e-11
0.519919839679356,6.0063446893787916e-05,1.1371462925851695e-05,8.757515030060159,2.6895598015305057e-09,2.6895598015305057e-09,2.689559801530506e-10
0.8877955911823593,4.347210420841704e-05,7.954024048096172e-05,2.9659318637274468,5.017749115127665e-08,5.017749115127665e-08,5.017749115127665e-09
0.4048496993987956,7.322831663326652e-05,8.350773547094157e-05,0.0,4.5502270122077455e-09,4.5502270122077455e-09,4.5502270122077453e-10
0.3630060120240464,8.278637274549069e-05,3.4364729458917847e-06,0.5010020040080162,3.516080370622556e-10,3.516080370622556e-10,3.516080370622556e-11
0.5879158316633234,6.186685370741515e-05,2.8503827655310713e-05,9.979959919839732,1.0957547622390422e-10,1.0957547622390422e-10,1.0957547622390422e-11
0.8529258517034016,6.421128256513051e-05,3.9143927855711596e-05,0.02004008016032064,6.5350020116956714e-06,6.5350020116956714e-06,6.535002011695672e-07
0.32813627254508876,3.950460921843705e-05,3.355336673346706e-05,5.050100200400796,3.606690212911828e-06,3.606690212911828e-06,3.6066902129118283e-07
0.3455711422845676,7.719581162324636e-05,7.9359899799599e-05,1.8436873747495004,8.007170844585868e-10,8.007170844585868e-10,8.007170844585868e-11
0.7239078156312583,1.0920440881763526e-06,3.1569619238477067e-05,6.092184368737482,3.196720167281389e-07,3.196720167281389e-07,3.196720167281389e-08
0.7483166332665286,6.042412825651337e-05,6.637537074148315e-05,2.244488977955911,2.0573283780563895e-08,2.0573283780563895e-08,2.0573283780563896e-09
0.8895390781563072,7.75564929859718e-05,6.439162324649323e-05,3.4468937875751373,2.2918321804121607e-09,2.2918321804121607e-09,2.2918321804121607e-10
0.8721042084168283,5.104641282565157e-05,4.635755511022067e-05,5.931863727454915,3.0654112252299065e-10,3.0654112252299065e-10,3.0654112252299064e-11
0.3037274549098184,8.945897795591133e-05,7.75564929859718e-05,6.252505010020049,5.568616805225718e-06,5.568616805225718e-06,5.568616805225718e-07
0.5722244488977924,4.518517034068137e-06,3.8602905811623416e-05,4.829659318637266,5.306020752962591e-10,5.306020752962591e-10,5.3060207529625915e-11
0.20434869739478906,6.204719438877787e-05,8.008126252504988e-05,6.292585170340691,1.385987443518386e-09,1.385987443518386e-09,1.385987443518386e-10
0.4554108216432842,8.260603206412797e-05,6.547366733466955e-05,5.711422845691385,1.1354466475453157e-08,1.1354466475453157e-08,1.1354466475453157e-09
0.5687374749498967,3.193030060120252e-05,6.49326452905814e-05,7.114228456913847,1.9980794952461943e-09,1.9980794952461943e-09,1.9980794952461943e-10
0.6454509018036035,2.1831222444889817e-05,5.0325050100200664e-05,7.595190380761548,4.504325289063267e-07,4.504325289063267e-07,4.504325289063267e-08
0.25839679358717343,6.565400801603227e-05,2.399531062124254e-05,8.57715430861727,1.5796716864117503e-10,1.5796716864117503e-10,1.5796716864117504e-11
0.4257715430861702,2.4897014028056175e-05,3.44550701402807e-05,3.3066132264528942,7.187864777930511e-09,7.187864777930511e-09,7.187864777930511e-10
0.03,9.568056112224443e-06,6.908048096192396e-05,5.911823647294594,4.017797442009687e-07,4.017797442009687e-07,4.017797442009687e-08
0.6158116232464895,6.321923847695389e-06,4.92430060120243e-05,3.1262525050100103,5.408246526943056e-07,5.408246526943056e-07,5.4082465269430566e-08
0.8093386773547045,1.8404749498998006e-05,5.934208416833701e-05,6.653306613226467,1.1470175165026506e-10,1.1470175165026506e-10,1.1470175165026506e-11
0.45889779559118,1.0469759519038069e-05,7.431036072144284e-05,0.8016032064128261,1.0737587876591105e-06,1.0737587876591105e-06,1.0737587876591106e-07
0.5478156312625221,7.701547094188364e-05,3.1749959919839793e-05,5.230460921843684,1.2648701071454006e-09,1.2648701071454006e-09,1.2648701071454006e-10
0.5826853707414797,8.125330661322641e-06,5.880106212424883e-05,2.565130260521038,5.533307704168443e-07,5.533307704168443e-07,5.533307704168443e-08
0.45366733466933634,2.688076152304617e-05,4.004563126252523e-05,5.290581162324647,3.003876738033687e-06,3.003876738033687e-06,3.003876738033687e-07
0.4083366733466914,5.3210501002004294e-05,3.824222444889796e-05,7.274549098196414,4.152596154736201e-09,4.152596154736201e-09,4.1525961547362006e-10
0.4344889779559096,2.354428857715431e-06,2.579871743486981e-05,7.074148296593205,2.618858644105754e-06,2.618858644105754e-06,2.618858644105754e-07
0.05789579158316635,7.0342865731463e-05,3.968494989979978e-05,7.17434869739481,1.0669503720559728e-07,1.0669503720559728e-07,1.0669503720559728e-08
0.7779559118236427,4.257040080160341e-05,3.7068136272545095e-07,4.2685370741482815,3.380372983948503e-09,3.380372983948503e-09,3.380372983948503e-10
0.6018637274549065,4.581653306613249e-05,5.8440380761523374e-05,4.088176352705394,4.533068255355657e-06,4.533068255355657e-06,4.533068255355657e-07
0.13460921843687373,8.747523046092141e-05,3.9865290581162504e-05,8.717434869739517,4.954318458610342e-10,4.954318458610342e-10,4.954318458610342e-11
0.5373547094188348,2.7241442885771624e-05,3.138927855711434e-05,7.014028056112243,1.965381814410689e-08,1.965381814410689e-08,1.965381814410689e-09
0.22701402805611154,2.868416833667344e-05,1.8404749498998006e-05,3.9679358717434687,1.4037323854718723e-07,1.4037323854718723e-07,1.4037323854718723e-08
0.28803607214428745,6.132583166332699e-05,6.168651302605243e-05,8.957915831663367,8.40344736732859e-06,8.40344736732859e-06,8.40344736732859e-07
0.8145691382765482,8.332739478957885e-05,1.0109078156312618e-05,8.77755511022048,3.4585412817003523e-09,3.4585412817003523e-09,3.4585412817003525e-10
0.563507014028053,2.6159398797595263e-05,5.501390781563156e-05,0.9619238476953914,3.643444506839694e-08,3.643444506839694e-08,3.6434445068396936e-09
0.27931863727454803,6.835911823647308e-05,8.531114228456877e-05,5.350701402805609,3.789713079823497e-09,3.789713079823497e-09,3.789713079823497e-10
0.7064729458917794,2.7061102204408897e-05,3.797154308617236e-06,1.0621242484969946,3.270641647263611e-07,3.270641647263611e-07,3.2706416472636115e-08
0.4972545090180334,6.258821643286603e-05,8.486012024048091e-06,7.695390781563153,7.401005926166316e-08,7.401005926166316e-08,7.401005926166316e-09
0.3211623246492972,4.6177214428857945e-05,5.104641282565157e-05,8.857715430861763,7.354078138654125e-09,7.354078138654125e-09,7.354078138654125e-10
0.7326252505009977,4.239006012024068e-05,1.6330661322645289e-06,4.869739478957908,1.0362233290459696e-08,1.0362233290459696e-08,1.0362233290459697e-09
0.3229058116232451,7.30479759519038e-05,2.895450901803608e-06,3.426853707414817,5.133780366335107e-08,5.133780366335107e-08,5.1337803663351075e-09
0.21306613226452847,7.196593186372748e-05,5.9522424849699736e-05,9.01803607214433,1.0296529156878686e-09,1.0296529156878686e-09,1.0296529156878686e-10
0.2828056112224438,5.753867735470974e-05,8.729488977955869e-05,8.917835671342726,1.1885663094244174e-08,1.1885663094244174e-08,1.1885663094244174e-09
0.19388777555110176,5.934208416833701e-05,5.176777555110248e-05,6.472945891783579,9.301953603195098e-08,9.301953603195098e-08,9.301953603195097e-09
0.06312625250501004,6.871979959919852e-05,1.7863727454909826e-05,8.657314629258554,6.866623174825301e-09,6.866623174825301e-09,6.866623174825301e-10
0.42054108216432656,8.305671342685366e-06,6.565400801603227e-05,9.038076152304651,3.6805733486334386e-10,3.6805733486334386e-10,3.6805733486334384e-11
0.09973947895791588,6.0243787575150643e-05,8.495046092184333e-05,2.66533066132264,1.9015829452872134e-06,1.9015829452872134e-06,1.9015829452872134e-07
0.7518036072144244,5.0866072144288845e-05,4.157835671342686e-06,2.1242484969939883,6.226834689391767e-10,6.226834689391767e-10,6.226834689391767e-11
0.5652505010020009,8.440943887775517e-05,6.871979959919852e-05,1.4228456913827665,9.24297241786789e-09,9.24297241786789e-09,9.24297241786789e-10
0.5408416833667306,8.675386773547053e-05,3.1028597194388886e-05,6.813627254509034,8.297217228816601e-08,8.297217228816601e-08,8.297217228816601e-09
0.2305010020040073,1e-08,2.4897014028056175e-05,9.67935871743492,1.2729414866574903e-08,1.2729414866574903e-08,1.2729414866574903e-09
0.1781963927855708,6.601468937875771e-05,5.357118236472975e-05,0.220440881763527,4.732898989392676e-10,4.732898989392676e-10,4.7328989893926764e-11
0.354288577154307,4.419346693386795e-05,8.513080160320605e-05,7.41482965931866,5.286011922698089e-07,5.286011922698089e-07,5.286011922698089e-08
0.78841683366733,3.138927855711434e-05,1.9126112224448914e-05,5.270541082164326,2.306456802499146e-08,2.306456802499146e-08,2.306456802499146e-09
0.39090180360721255,7.21462725450902e-05,7.972058116232444e-05,4.929859719438871,2.4389636426772285e-10,2.4389636426772285e-10,2.4389636426772285e-11
0.13286573146292585,6.890014028056124e-05,6.94411623246494e-05,7.494989979959944,1.7026068294228109e-09,1.7026068294228109e-09,1.702606829422811e-10
0.15727454909819621,4.5636192384769765e-05,2.6700420841683444e-05,0.36072144288577157,2.3211747471134193e-07,2.3211747471134193e-07,2.3211747471134193e-08
0.3664929859719422,4.8521643286573395e-05,3.2290981963927974e-05,9.118236472945934,1.4787798185268515e-06,1.4787798185268515e-06,1.4787798185268515e-07
0.579198396793584,4.635755511022067e-05,4.4373807615230676e-05,8.09619238476957,8.543253911746649e-07,8.543253911746649e-07,8.543253911746649e-08
0.69775551102204,2.7962805611222532e-05,8.02616032064126e-05,5.1503006012024,6.8407293640032075e-06,6.8407293640032075e-06,6.840729364003207e-07
0.5251503006011996,2.3634629258517086e-05,5.86207214428861e-05,7.354709418837698,1.846819366326798e-07,1.846819366326798e-07,1.846819366326798e-08
0.7378557114228413,3.5717454909819785e-05,3.24713226452907e-05,8.737474949899838,9.577783649123128e-07,9.577783649123128e-07,9.577783649123128e-08
0.10322645290581167,8.711454909819597e-05,8.458977955911789e-05,2.5851703406813584,1.0534627781133267e-09,1.0534627781133267e-09,1.0534627781133268e-10
0.5861723446893755,4.293108216432886e-05,9.748396793587168e-06,8.837675350701442,2.2033761375702947e-08,2.2033761375702947e-08,2.2033761375702947e-09
0.21655310621242424,1.0289418837675343e-05,6.348991983967963e-05,3.607214428857701,1.0128031044122859e-08,1.0128031044122859e-08,1.0128031044122858e-09
0.3019839679358705,3.256132264529059e-06,8.675386773547053e-05,8.156312625250532,5.829133706189185e-06,5.829133706189185e-06,5.829133706189185e-07
0.7029859719438837,2.110985971943891e-05,8.062228456913804e-05,0.24048096192384763,1.302377193788689e-08,1.302377193788689e-08,1.302377193788689e-09
0.16250501002003986,2.5347695390781566e-06,3.2832004008016155e-05,7.63527054108219,2.569357414732162e-09,2.569357414732162e-09,2.569357414732162e-10
0.8843086172344635,8.765557114228413e-05,8.29667134268534e-05,6.072144288577161,1.538146446289981e-07,1.538146446289981e-07,1.538146446289981e-08
0.16076152304609198,4.834130260521067e-05,4.7439599198397034e-05,8.537074148296629,9.6140378706701e-10,9.6140378706701e-10,9.6140378706701e-11
0.1991182364729454,1.76833867735471e-05,9.928737474949893e-06,7.334669338677377,3.3250546859543106e-08,3.3250546859543106e-08,3.3250546859543107e-09
0.5809418837675319,3.968494989979978e-05,6.835911823647308e-05,4.609218436873737,4.1107056471825913e-07,4.1107056471825913e-07,4.1107056471825916e-08
0.38044088176352525,3.1569619238477067e-05,6.321923847695389e-06,9.47895791583171,5.068882928942187e-10,5.068882928942187e-10,5.0688829289421867e-11
0.18168336673346658,1.9034068136272548e-07,3.427472945891797e-05,3.0460921843687285,2.036574486575053e-06,2.036574486575053e-06,2.036574486575053e-07
0.17645290581162293,3.2290981963927974e-05,6.457196392785595e-05,5.170340681362721,1.049490204522194e-06,1.049490204522194e-06,1.049490204522194e-07
0.5948897795591149,1.8585090180360733e-05,4.6718236472946126e-05,8.99799599198401,3.4806108990350904e-08,3.4806108990350904e-08,3.4806108990350904e-09
0.4693587174348673,6.962150300601212e-05,3.6979839679358873e-05,0.04008016032064128,1.6162002728487966e-10,1.6162002728487966e-10,1.6162002728487966e-11
0.39264529058116043,2.2011563126252544e-05,2.9044849699398893e-05,7.7154308617234735,1.647337980651232e-07,1.647337980651232e-07,1.647337980651232e-08
0.802364729458913,1.2453507014028046e-05,6.0063446893787916e-05,6.1723446893787655,4.824083001835878e-07,4.824083001835878e-07,4.824083001835878e-08
0.17296593186372716,1.3535551102204397e-05,4.166869739478977e-05,6.3326653306613325,4.8732432440843374e-09,4.8732432440843374e-09,4.873243244084338e-10
0.5757114228456882,7.944989979959916e-06,6.962150300601212e-05,4.368737474949886,5.2191900870658066e-09,5.2191900870658066e-09,5.219190087065806e-10
0.2932665330661311,2.7602124248497078e-05,1.8945771543086187e-05,6.633266533066146,2.3900043461863924e-06,2.3900043461863924e-06,2.3900043461863924e-07
0.8110821643286524,4.2209719438877954e-05,2.7061102204408897e-05,4.348697394789565,1.0985885614816929e-06,1.0985885614816929e-06,1.0985885614816929e-07
0.7901603206412778,8.134364729458892e-05,8.927863727454861e-05,7.8757515030060405,3.6900919072811463e-06,3.6900919072811463e-06,3.690091907281146e-07
0.6315030060120205,6.141583166332664e-06,2.9946553106212528e-05,6.4929859719439,2.7413768495932584e-06,2.7413768495932584e-06,2.7413768495932586e-07
0.5390981963927827,5.807969939879792e-05,1.2453507014028046e-05,0.9018036072144294,2.4701899488522036e-08,2.4701899488522036e-08,2.4701899488522035e-09
0.05963927855711425,5.4833567134268836e-05,2.688076152304617e-05,2.0841683366733474,1.4694032735283116e-07,1.4694032735283116e-07,1.4694032735283116e-08
0.20609218436873694,8.585216432865693e-05,7.088388777555116e-05,3.2665330661322534,1.8586042760275588e-06,1.8586042760275588e-06,1.8586042760275588e-07
0.7831863727454863,2.9946553106212528e-05,7.340865731462924e-05,1.2424849699398806,1.2083402594795315e-09,1.2083402594795315e-09,1.2083402594795315e-10
0.25490981963927767,1.6330661322645289e-06,7.773683366733452e-05,7.995991983967966,1.599896387950018e-08,1.599896387950018e-08,1.5998963879500182e-09
0.7535470941883723,5.519424849699429e-05,7.12445691382766e-05,2.7655310621242424,1.6961863549009102e-06,1.6961863549009102e-06,1.6961863549009102e-07
0.3752104208416816,6.294889779559147e-05,4.942334669338703e-05,3.3266533066132147,7.649312638022242e-10,7.649312638022242e-10,7.649312638022242e-11
0.19563126252504964,6.67360521042086e-05,7.584308617234465e-06,1.1222444889779566,2.5112860259393226e-09,2.5112860259393226e-09,2.5112860259393227e-10
0.8808216432865678,5.176777555110248e-05,8.711454909819597e-05,0.8216432865731468,7.1422884610987e-10,7.1422884610987e-10,7.1422884610987e-11
0.22527054108216366,4.45541482965934e-05,1.119112224448897e-05,9.058116232464972,1.1543368559592538e-09,1.1543368559592538e-09,1.1543368559592538e-10
0.0875350701402806,4.9062665330661576e-05,5.014470941883794e-05,2.845691382765524,6.203353499968312e-07,6.203353499968312e-07,6.203353499968312e-08
0.8267735470941834,2.291326653306618e-05,7.719581162324636e-05,3.026052104208408,8.942933421233391e-07,8.942933421233391e-07,8.942933421233391e-08
0.47458917835671094,3.770120240480978e-05,2.3273947895791633e-05,4.1082164328657145,1.8966778293055573e-10,1.8966778293055573e-10,1.896677829305557e-11
0.3351102204408803,4.6718236472946126e-05,6.76377555110222e-05,6.372745490981974,3.0733388750178143e-06,3.0733388750178143e-06,3.073338875017814e-07
0.038717434869739484,4.18490380761525e-05,1.9034068136272548e-07,1.743486973947897,4.4757645741875136e-08,4.4757645741875136e-08,4.475764574187514e-09
0.6855511022044048,5.600561122244488e-06,5.780901803607213e-06,2.344689378757513,1.3720058967200789e-07,1.3720058967200789e-07,1.3720058967200789e-08
0.8250300601202355,7.84581963927854e-05,4.112767535070159e-05,0.5811623246492988,4.715051382504799e-07,4.715051382504799e-07,4.7150513825047986e-08
0.8407214428857664,4.942334669338703e-05,2.9405531062124347e-05,7.655310621242511,2.240033284379423e-09,2.240033284379423e-09,2.2400332843794228e-10
0.5077154308617208,9.748396793587168e-06,6.276855711422875e-05,4.028056112224431,6.242938292164014e-06,6.242938292164014e-06,6.242938292164014e-07
0.07533066132264532,7.57530861723446e-05,1.6240661322645284e-05,5.37074148296593,2.672506026391465e-10,2.672506026391465e-10,2.672506026391465e-11
0.4170541082164308,7.413002004008012e-05,4.6177214428857945e-05,9.69939879759524,1.583756973177416e-06,1.583756973177416e-06,1.583756973177416e-07
0.03348697394789579,5.212845691382793e-05,5.8981402805611555e-05,2.705410821643281,1.1027469841978454e-09,1.1027469841978454e-09,1.1027469841978454e-10
0.2409619238476946,7.12445691382766e-05,7.376933867735468e-05,3.847695390781546,3.358938948266701e-10,3.358938948266701e-10,3.358938948266701e-11
0.5530460921843657,6.709673346693404e-05,2.742178356713435e-05,9.178356713426897,1.2521103662981536e-07,1.2521103662981536e-07,1.2521103662981537e-08
0.07010020040080163,1.696202404809619e-05,7.39496793587174e-05,5.511022044088176,1.7354092455884483e-06,1.7354092455884483e-06,1.7354092455884483e-07
0.25665330661322555,1.0109078156312618e-05,2.814314629258526e-05,0.7414829659318641,3.4366116018718376e-10,3.4366116018718376e-10,3.4366116018718374e-11
0.6175551102204374,4.1488356713427046e-05,2.5979058116232536e-05,1.8837675350701417,8.027878684932169e-06,8.027878684932169e-06,8.027878684932169e-07
0.7866733466933821,7.106422845691388e-05,6.150617234468971e-05,2.064128256513027,3.0538516600204696e-07,3.0538516600204696e-07,3.05385166002047e-08
0.3263927855711409,6.655571142284587e-05,1.155180360721442e-05,1.1823647294589186,6.101838383410455e-06,6.101838383410455e-06,6.101838383410455e-07
0.0840480961923848,1.9667134268537095e-05,7.827785571142268e-05,3.6272545090180213,4.3193049690439415e-10,4.3193049690439415e-10,4.3193049690439415e-11
0.3874148296593168,4.166869739478977e-05,5.0866072144288845e-05,1.9438877755511037,1.4843773568639093e-09,1.4843773568639093e-09,1.4843773568639093e-10
0.8999999999999945,3.481575150300615e-05,1.9486793587174368e-05,9.138276553106255,7.307447907617714e-10,7.307447907617714e-10,7.307447907617715e-11
0.36997995991983795,6.547366733466955e-05,2.6159398797595263e-05,8.7975951903808,9.517053499680225e-08,9.517053499680225e-08,9.517053499680224e-09
0.8232865731462876,6.980184368737484e-05,1.2092825651302595e-05,5.951903807615236,2.1399212336501777e-09,2.1399212336501777e-09,2.1399212336501776e-10
0.38915831663326467,3.553711422845706e-05,3.481575150300615e-05,0.32064128256513025,6.518145033204574e-10,6.518145033204574e-10,6.518145033204574e-11
0.7971342685370694,7.863853707414812e-05,1.227316633266532e-05,6.713426853707429,1.2006784989695448e-10,1.2006784989695448e-10,1.2006784989695449e-11
0.5268937875751475,6.49326452905814e-05,3.084825651302616e-05,9.278557114228501,4.136936850808543e-06,4.136936850808543e-06,4.136936850808543e-07
0.8197995991983918,4.870198396793612e-05,2.7782464929859805e-05,6.993987975951922,1.2810643711951653e-07,1.2810643711951653e-07,1.2810643711951653e-08
0.8860521042084114,5.880106212424883e-05,2.633973947895799e-05,3.927855711422828,3.136296295760125e-10,3.136296295760125e-10,3.136296295760125e-11
0.0857915831663327,7.954024048096172e-05,2.8323486973947986e-05,2.424849699398795,9.799261884703215e-07,9.799261884703215e-07,9.799261884703214e-08
0.488537074148294,7.449070140280556e-05,1.1732144288577145e-05,7.154308617234489,1.3409964749099134e-07,1.3409964749099134e-07,1.3409964749099134e-08
0.4449498997995969,1.6601342685370737e-05,5.519424849699429e-05,7.775551102204436,1.3495536314212663e-06,1.3495536314212663e-06,1.3495536314212662e-07
0.36126252505009854,7.160525050100204e-05,6.890014028056124e-05,1.3827655310621252,2.126352568802807e-10,2.126352568802807e-10,2.126352568802807e-11
0.6105811623246459,4.888232464929885e-05,6.511298597194411e-05,6.533066132264541,2.21743630462915e-07,2.21743630462915e-07,2.21743630462915e-08
0.44146292585170116,3.535677354709433e-05,6.186685370741515e-05,4.769539078156304,8.773895585016613e-10,8.773895585016613e-10,8.773895585016612e-11
0.5565330661322615,3.1028597194388886e-05,8.765557114228413e-05,2.4048096192384745,2.1535764827585305e-08,2.1535764827585305e-08,2.1535764827585307e-09
0.09799599198396798,1.7863727454909826e-05,5.573527054108247e-05,2.6853707414829606,2.862224654494287e-10,2.862224654494287e-10,2.8622246544942873e-11
0.5966332665330628,4.689857715430885e-05,8.909829659318589e-05,6.693386773547108,1.8165969901177153e-06,1.8165969901177153e-06,1.8165969901177153e-07
0.4275150300601181,8.350773547094157e-05,6.330957915831691e-05,1.162324649298598,7.233731926008842e-08,7.233731926008842e-08,7.233731926008842e-09
0.07707414829659322,6.682605210420839e-06,8.693420841683325e-05,8.256513026052136,4.043435780503082e-06,4.043435780503082e-06,4.0434357805030824e-07
0.1799398797595187,5.6095951903807925e-05,4.419346693386795e-05,5.390781563126251,2.8333511404222655e-08,2.8333511404222655e-08,2.8333511404222654e-09
0.061382765531062145,1.227316633266532e-05,3.3373026052104336e-05,8.617234468937912,3.1563096058403076e-09,3.1563096058403076e-09,3.156309605840308e-10
0.056152304609218454,5.1948116232465206e-05,3.256132264529059e-06,1.5230460921843698,1.006381192397933e-09,1.006381192397933e-09,1.0063811923979331e-10
0.5356112224448869,1.9486793587174368e-05,8.305671342685366e-06,6.793587174348713,1.142692151060895e-07,1.142692151060895e-07,1.142692151060895e-08
0.6593987975951866,3.048757515030071e-05,4.870198396793612e-05,6.27254509018037,7.669094999101012e-06,7.669094999101012e-06,7.669094999101012e-07
0.2915230460921832,3.44550701402807e-05,8.224535070140253e-05,0.6613226452905815,7.448233168919441e-07,7.448233168919441e-07,7.448233168919442e-08
0.04743486973947897,5.4292545090180656e-05,6.601468937875771e-05,4.328657314629244,3.525173523793985e-06,3.525173523793985e-06,3.525173523793985e-07
0.8006212424849651,7.250695390781564e-05,4.8521643286573395e-05,7.975951903807645,2.851431299180209e-07,2.851431299180209e-07,2.851431299180209e-08
0.19214428857715388,1.1010781563126244e-05,1.8585090180360733e-05,3.10621242484969,1.9455554603241263e-06,1.9455554603241263e-06,1.9455554603241262e-07
0.8424649298597143,5.9612424849699384e-06,1.6781683366733464e-05,8.697394789579196,5.166540006581435e-07,5.166540006581435e-07,5.166540006581435e-08
0.7796993987975905,1.533895791583165e-05,3.553711422845706e-05,1.3627254509018045,1.724405482432989e-07,1.724405482432989e-07,1.724405482432989e-08
0.22004008016032,4.112767535070159e-05,6.367026052104235e-05,6.573146292585183,5.186096606823377e-10,5.186096606823377e-10,5.186096606823377e-11
0.6925250501001964,6.150617234468971e-05,1.0289418837675343e-05,2.9058116232464855,4.248621467388963e-09,4.248621467388963e-09,4.2486214673889635e-10
0.6994989979959879,4.338176352705412e-06,8.152398797595164e-05,4.388777555110207,1.2892390894219017e-06,1.2892390894219017e-06,1.2892390894219017e-07
0.19737474949899753,6.168651302605243e-05,5.7899358717435194e-05,6.432865731462937,8.999999999996206e-06,8.999999999996206e-06,8.999999999996206e-07
0.4902805611222419,1.4076573146292573e-05,5.39318637274552e-05,5.971943887775557,1.5637362941303773e-08,1.5637362941303773e-08,1.5637362941303773e-09
0.7291382765531019,8.666352705410816e-06,2.525769539078163e-05,2.20440881763527,1.3324935770259004e-08,1.3324935770259004e-08,1.3324935770259003e-09
0.8790781563126199,3.734052104208433e-05,8.603250501001965e-05,4.589178356713416,8.161436965110303e-07,8.161436965110303e-07,8.161436965110304e-08
0.8372344689378707,3.4364729458917847e-06,7.611376753507004e-05,1.5831663326653318,3.9269891037037604e-07,3.9269891037037604e-07,3.92698910370376e-08
0.5007414829659292,1.7142364729458918e-05,1.4437254509018023e-05,4.749498997995983,4.3030170116442404e-07,4.3030170116442404e-07,4.3030170116442404e-08
0.12066132264529064,8.549148296593149e-05,8.422909819639245e-05,0.7014028056112228,7.926396206684818e-08,7.926396206684818e-08,7.926396206684819e-09
0.18342685370741446,5.826004008016065e-05,1.6060320641282557e-05,1.4829659318637285,1.7936329205584844e-08,1.7936329205584844e-08,1.7936329205584843e-09
0.21480961923847636,1.5158617234468924e-05,8.188466933867709e-05,6.232464929859728,4.637891667090604e-06,4.637891667090604e-06,4.6378916670906043e-07
0.17470941883767505,3.319268537074161e-05,3.788154308617251e-05,0.4008016032064129,3.7040597953057886e-09,3.7040597953057886e-09,3.704059795305789e-10
0.40136272545089985,8.242569138276525e-05,7.160525050100204e-05,5.4709418837675345,4.745139032542713e-06,4.745139032542713e-06,4.7451390325427135e-07
0.12414829659318644,2.219190380761527e-05,1.6601342685370737e-05,5.010020040080154,6.980861869485984e-10,6.980861869485984e-10,6.980861869485984e-11
0.7256513026052062,3.5176432865731605e-05,7.4851382765531e-05,9.23847695390786,5.888536006063764e-08,5.888536006063764e-08,5.888536006063764e-09
0.8564128256512974,6.619503006012043e-05,1.9667134268537095e-05,2.605210420841679,2.268712664406333e-07,2.268712664406333e-07,2.268712664406333e-08
0.3141883767535057,3.301234468937888e-05,3.878324649298614e-05,9.759519038076203,1.512975364909728e-06,1.512975364909728e-06,1.512975364909728e-07
0.6053507014028022,4.2750741482966134e-05,4.347210420841704e-05,2.024048096192386,3.6666940272290375e-07,3.6666940272290375e-07,3.6666940272290375e-08
0.533867735470939,3.661915831663342e-05,3.71601803607216e-05,5.250501002004005,2.8696268309097724e-06,2.8696268309097724e-06,2.8696268309097723e-07
0.5704809619238446,8.873761523046045e-05,7.070354709418844e-05,2.3647294589178336,1.474965319380662e-10,1.474965319380662e-10,1.474965319380662e-11
0.8738476953907762,7.76464929859719e-06,2.453633266533072e-05,8.897795591182405,6.452391371260465e-08,6.452391371260465e-08,6.452391371260465e-09
0.8337474949899749,1.642100200400801e-05,8.981965931863677e-05,8.877755511022084,7.826196594533893e-10,7.826196594533893e-10,7.826196594533893e-11
0.877334669338672,6.240787575150331e-05,1.3715891783567122e-05,0.4408817635270542,4.625928267548222e-10,4.625928267548222e-10,4.625928267548222e-11
0.2531663326653298,3.932426853707432e-05,3.770120240480978e-05,1.3426853707414839,1.149983889528423e-06,1.149983889528423e-06,1.149983889528423e-07
0.6402204408817599,4.5095170340681584e-05,3.0126893787575255e-05,7.795591182364757,1.7642809168409121e-07,1.7642809168409121e-07,1.7642809168409122e-08
0.26885771543086073,8.3868416833667e-05,5.3210501002004294e-05,4.949899799599192,8.244606806538764e-09,8.244606806538764e-09,8.244606806538764e-10
0.6524248496993951,8.368807615230429e-05,7.313627254509018e-07,5.330661322645288,7.620467330900357e-07,7.620467330900357e-07,7.620467330900357e-08
0.08056112224448901,8.404875751502973e-05,1.587997995991983e-05,2.464929859719436,4.3304753910871305e-06,4.3304753910871305e-06,4.330475391087131e-07
0.2810621242484959,7.286763527054108e-05,2.4355991983967994e-05,0.7214428857715435,9.034067171053278e-09,9.034067171053278e-09,9.034067171053277e-10
0.7448296593186329,6.457196392785595e-05,4.2750741482966134e-05,2.4448897795591154,2.7343054928428164e-10,2.7343054928428164e-10,2.7343054928428164e-11
0.49551102204408554,8.188466933867709e-05,6.0784809619238824e-05,1.2825651302605219,1.7709591457061092e-10,1.7709591457061092e-10,1.7709591457061093e-11
0.2601402805611213,3.2832004008016155e-05,4.888232464929885e-05,5.81162324649299,1.5187023416387875e-09,1.5187023416387875e-09,1.5187023416387876e-10
0.7099599198396752,3.7520861723447054e-05,5.735833667334701e-05,9.639278557114277,1.3807609303181489e-06,1.3807609303181489e-06,1.380760930318149e-07
0.3560320641282549,7.647444889779548e-05,5.771901803607247e-05,8.136272545090211,2.3299609534649055e-10,2.3299609534649055e-10,2.3299609534649055e-11
0.7151903807615189,8.008126252504988e-05,5.916174348697428e-05,3.807615230460905,8.058266142308294e-09,8.058266142308294e-09,8.058266142308294e-10
0.4676152304609194,2.0749178356713456e-05,8.999999999999949e-05,1.983967935871745,2.5596684521755253e-06,2.5596684521755253e-06,2.5596684521755255e-07
0.2095791583166327,4.3832785571142496e-05,8.368807615230429e-05,8.216432865731495,2.4545271389327164e-09,2.4545271389327164e-09,2.4545271389327164e-10
0.429258517034066,1.9937474949899797e-06,7.142490981963932e-05,9.298597194388822,8.740809512478927e-07,8.740809512478927e-07,8.740809512478927e-08
0.05092184368737476,5.239879759519038e-06,7.899921843687356e-05,2.104208416833668,1.6265135577434376e-09,1.6265135577434376e-09,1.6265135577434377e-10
0.24619238476953825,4.761993987975976e-05,5.303016032064157e-05,6.152304609218445,1.6747444271363853e-08,1.6747444271363853e-08,1.6747444271363853e-09
0.5321242484969911,3.0757915831663335e-06,8.170432865731437e-05,4.7895791583166245,2.797534020263893e-10,2.797534020263893e-10,2.797534020263893e-11
0.07881763527054111,9.207374749498992e-06,5.230879759519066e-05,9.559118236472994,8.192329972794974e-10,8.192329972794974e-10,8.192329972794974e-11
0.1694789579158314,7.557274549098188e-05,6.655571142284587e-05,5.410821643286572,1.547961654699955e-06,1.547961654699955e-06,1.547961654699955e-07
0.4798196392785546,1.8945771543086187e-05,1.7503046092184372e-05,5.751503006012027,1.865639541560769e-09,1.865639541560769e-09,1.8656395415607688e-10
0.6332464929859684,4.996436873747521e-05,7.76464929859719e-06,8.597194388777591,4.4191852835845255e-10,4.4191852835845255e-10,4.419185283584525e-11
0.6349899799599162,3.788154308617251e-05,6.8629458917835644e-06,9.859719438877807,3.0152471361080205e-09,3.0152471361080205e-09,3.0152471361080204e-10
0.6942685370741443,1.984747494989982e-05,8.891795591182317e-05,9.719438877755561,1.3460724700541052e-10,1.3460724700541052e-10,1.3460724700541052e-11
0.8930260521042029,2.0208156312625275e-05,6.042412825651337e-05,0.8416833667334674,2.662428093802708e-07,2.662428093802708e-07,2.662428093802708e-08
0.04220440881763528,4.022597194388796e-05,2.7962805611222532e-05,8.176352705410853,2.6022531659854646e-07,2.6022531659854646e-07,2.6022531659854647e-08
0.383927855711421,3.797154308617236e-06,7.40396793587174e-06,1.0020040080160326,9.149731276311929e-07,9.149731276311929e-07,9.14973127631193e-08
0.35951903807615065,7.467104208416828e-05,3.211064128256525e-05,4.649298597194378,1.2238107659872235e-07,1.2238107659872235e-07,1.2238107659872236e-08
0.6611422845691345,1.8134068136272543e-06,6.114549098196427e-05,5.490981963927855,1.4126898718987808e-06,1.4126898718987808e-06,1.4126898718987808e-07
0.03523046092184369,7.052320641282572e-05,1.4617595190380748e-05,4.4488977955911695,6.086098746574678e-10,6.086098746574678e-10,6.086098746574678e-11
0.8755911823647241,6.222753507014059e-05,1.2994529058116221e-05,5.430861723446893,3.1244694252741803e-07,3.1244694252741803e-07,3.12446942527418e-08
0.16424849699398775,6.367026052104235e-05,3.977494989979961e-06,6.73346693386775,4.5213752468542977e-10,4.5213752468542977e-10,4.5213752468542977e-11
0.5146893787575123,4.65378957915834e-05,4.473448897795613e-05,3.7675350701402643,6.711427038315516e-09,6.711427038315516e-09,6.711427038315515e-10
0.05266533066132266,7.04328657314629e-06,7.57530861723446e-05,4.068136272545073,1.5283934734759824e-08,1.5283934734759824e-08,1.5283934734759824e-09
0.8459519038076101,3.066791583166343e-05,2.219190380761527e-05,4.849699398797587,2.553065810590191e-10,2.553065810590191e-10,2.553065810590191e-11
0.7988777555110173,3.427472945891797e-05,5.59156112224452e-05,4.9699398797595125,5.442757588566945e-06,5.442757588566945e-06,5.442757588566945e-07
0.11194388777555116,3.607813627254524e-05,2.0749178356713456e-05,4.248496993987961,1.0467830540465593e-10,1.0467830540465593e-10,1.0467830540465593e-11
0.14332665330661315,1.2092825651302595e-05,4.5636192384769765e-05,1.6032064128256525,3.144407265818321e-06,3.144407265818321e-06,3.144407265818321e-07
0.3333667334669324,8.02616032064126e-05,1.8044068136272553e-05,5.611222444889781,2.044283412286684e-09,2.044283412286684e-09,2.0442834122866842e-10
0.41356713426853503,2.345428857715436e-05,4.2209719438877954e-05,0.3406813627254509,1.990544802990605e-06,1.990544802990605e-06,1.990544802990605e-07
0.8041082164328609,2.0388496993988002e-05,4.18490380761525e-05,2.0040080160320657,7.3263461511480485e-06,7.3263461511480485e-06,7.326346151148048e-07
0.6576553106212387,3.6258476953907966e-05,5.627629258517065e-05,5.110220440881759,1.985410210702871e-10,1.985410210702871e-10,1.985410210702871e-11
0.14681362725450892,5.447288577154338e-05,5.5554929859719744e-05,1.102204408817636,3.56109711472964e-08,3.56109711472964e-08,3.56109711472964e-09
0.5164328657314602,1.1732144288577145e-05,1.76833867735471e-05,3.9078156312625074,1.2941191703766615e-09,1.2941191703766615e-09,1.2941191703766614e-10
0.6140681362725416,6.475230460921867e-05,1.3535551102204397e-05,9.198396793587218,5.661260816510151e-07,5.661260816510151e-07,5.661260816510152e-08
0.5914028056112192,1.876543086172346e-05,6.222753507014059e-05,1.9639278557114244,6.306557504078119e-08,6.306557504078119e-08,6.306557504078119e-09
0.5112024048096165,6.330957915831691e-05,6.502264529058114e-06,9.519038076152352,9.396745979765522e-10,9.396745979765522e-10,9.396745979765521e-11
0.832004008016027,8.20650100200398e-05,6.421128256513051e-05,4.168336673346677,4.763100528443976e-09,4.763100528443976e-09,4.763100528443976e-10
0.638476953907812,3.7068136272545095e-07,5.050539078156339e-05,4.809619238476945,4.793494789326676e-08,4.793494789326676e-08,4.793494789326676e-09
0.09276553106212429,5.6636973947896105e-05,4.1488356713427046e-05,0.6012024048096195,3.902089122260732e-08,3.902089122260732e-08,3.902089122260732e-09
0.24444889779559037,2.9405531062124347e-05,6.294889779559147e-05,8.677354709418875,1.173541337152713e-10,1.173541337152713e-10,1.1735413371527131e-11
0.049178356713426866,7.431036072144284e-05,2.50773547094189e-05,3.5470941883767395,2.2315861923191555e-06,2.2315861923191555e-06,2.2315861923191554e-07
0.11543086172344695,4.707891783567158e-05,1.3174869739478947e-05,9.158316633266576,8.109687488956145e-08,8.109687488956145e-08,8.109687488956145e-09
0.4780761523046067,8.891795591182317e-05,4.311142284569159e-05,2.6252505010019993,5.4982224886219015e-08,5.4982224886219015e-08,5.498222488621901e-09
0.8912825651302551,3.9865290581162504e-05,3.409438877755524e-05,0.12024048096192383,9.184365216369317e-10,9.184365216369317e-10,9.184365216369317e-11
0.45192384769538846,1.3896232464929847e-05,8.639318637274509e-05,7.234468937875772,3.401943794335867e-08,3.401943794335867e-08,3.401943794335867e-09
0.4187975951903787,5.699765531062156e-05,8.783591182364685e-05,2.745490981963922,2.9659039599575217e-08,2.9659039599575217e-08,2.9659039599575215e-09
0.5024849699398771,7.4851382765531e-05,3.643881763527069e-05,1.2625250501002012,1.5737147962828574e-07,1.5737147962828574e-07,1.5737147962828573e-08
0.7308817635270498,5.3751523046092475e-05,8.666352705410816e-06,6.05210420841684,1.3948316960565968e-08,1.3948316960565968e-08,1.3948316960565967e-09
0.15030060120240468,3.3914048096192516e-05,3.7520861723447054e-05,7.1943887775551305,3.5385171559541083e-09,3.5385171559541083e-09,3.538517155954108e-10
0.5600200400801573,7.223627254509015e-06,1.0469759519038069e-05,1.863727454909821,9.675386896043865e-09,9.675386896043865e-09,9.675386896043865e-10
0.2636272545090171,4.401312625250522e-05,1.822440881763528e-05,1.8236472945891797,2.9173682629033395e-07,2.9173682629033395e-07,2.9173682629033396e-08
0.7936472945891736,5.86207214428861e-05,5.681731462925883e-05,0.38076152304609223,7.025408092178572e-09,7.025408092178572e-09,7.025408092178571e-10
0.06661322645290584,3.896358717434887e-05,9.027034068136267e-06,9.799599198396844,8.48908343705269e-08,8.48908343705269e-08,8.48908343705269e-09
0.26537074148296497,7.611376753507004e-05,2.7602124248497078e-05,6.012024048096198,1.8234732479403994e-09,1.8234732479403994e-09,1.8234732479403993e-10
0.6733466933867697,1.7322705410821645e-05,8.846693386773542e-06,5.571142284569139,5.554252608620607e-10,5.554252608620607e-10,5.5542526086206076e-11
0.12589178356713432,7.539240480961916e-05,6.0243787575150643e-05,0.4609218436873749,2.010829624931726e-08,2.010829624931726e-08,2.0108296249317262e-09
0.2008617234468933,5.780901803607213e-06,6.475230460921867e-05,1.6432865731462938,5.37395429067653e-08,5.37395429067653e-08,5.37395429067653e-09
0.33859719438877606,6.385060120240507e-05,6.691639278557132e-05,0.26052104208416826,4.058741160324506e-09,4.058741160324506e-09,4.0587411603245054e-10
0.7500601202404765,5.5554929859719744e-05,1.7322705410821645e-05,3.0861723446893694,1.5090726586614084e-10,1.5090726586614084e-10,1.5090726586614084e-11
0.48505010020039824,8.909829659318589e-05,3.319268537074161e-05,3.7274549098196235,5.963927547384928e-06,5.963927547384928e-06,5.963927547384928e-07
0.6907815631262485,7.070354709418844e-05,4.491482965931886e-05,7.3747494989980185,8.976784581523771e-10,8.976784581523771e-10,8.976784581523771e-11
0.5094589178356687,7.521206412825644e-05,4.0947334669338865e-05,2.3046092184368723,5.755446128467109e-08,5.755446128467109e-08,5.755446128467109e-09
0.7395991983967892,5.339084168336702e-05,4.834130260521067e-05,1.7635270541082178,1.0192659958827687e-07,1.0192659958827687e-07,1.0192659958827687e-08
0.13983967935871738,3.8061883767535235e-05,7.30479759519038e-05,4.208416833667319,8.630314692361701e-09,8.630314692361701e-09,8.630314692361702e-10
0.5513026052104179,6.8629458917835644e-06,2.3814969939879813e-05,3.887775551102187,1.7309327731598611e-10,1.7309327731598611e-10,1.7309327731598612e-11
0.4867935871743461,2.6520080160320717e-05,2.056883767535073e-05,2.7254509018036015,1.7822599767437462e-09,1.7822599767437462e-09,1.782259976743746e-10
0.30721442885771416,3.4635410821643424e-05,7.66547895791582e-05,4.509018036072132,1.1168655689768682e-07,1.1168655689768682e-07,1.1168655689768682e-08
0.5774549098196361,3.3373026052104336e-05,1.4797935871743473e-05,6.6733466933867875,3.9520479767190895e-06,3.9520479767190895e-06,3.9520479767190897e-07
0.6872945891783527,1.2994529058116221e-05,8.873761523046045e-05,0.2805611222444889,1.2859135088694639e-10,1.2859135088694639e-10,1.2859135088694638e-11
0.8686172344689326,6.096515030060155e-05,1.4256913827655298e-05,3.987975951903789,2.9961282651988997e-10,2.9961282651988997e-10,2.9961282651988996e-11
0.7082164328657273,8.801625250500957e-05,1.0920440881763526e-06,5.83166332665331,1.908780895451251e-09,1.908780895451251e-09,1.908780895451251e-10
0.5443286573146263,2.9585871743487074e-05,5.420220440881763e-06,0.7615230460921848,3.283021814870707e-10,3.283021814870707e-10,3.283021814870707e-11
0.7186773547094146,7.827785571142268e-05,2.1290200400801637e-05,0.08016032064128256,8.350163368321142e-07,8.350163368321142e-07,8.350163368321142e-08
0.4466933867735448,3.824222444889796e-05,1.7142364729458918e-05,6.212424849699407,3.1764506247026196e-08,3.1764506247026196e-08,3.1764506247026194e-09
0.15204408817635257,2.3093607214428906e-05,4.689857715430885e-05,2.8657314629258446,1.0847010210530333e-08,1.0847010210530333e-08,1.0847010210530334e-09
0.2845490981963917,5.230879759519066e-05,3.0757915831663335e-06,5.59118236472946,1.741978188213289e-09,1.741978188213289e-09,1.741978188213289e-10
0.43274549098196174,8.819659318637229e-05,3.499609218436888e-05,0.14028056112224446,1.0916227069626075e-07,1.0916227069626075e-07,1.0916227069626075e-08
0.7692384769539032,3.8602905811623416e-05,3.6799498997996147e-05,5.851703406813631,2.706722400089829e-08,2.706722400089829e-08,2.706722400089829e-09
0.14507014028056103,1.4617595190380748e-05,4.3832785571142496e-05,3.56713426853706,1.4938494543691993e-08,1.4938494543691993e-08,1.4938494543691992e-09
0.03697394789579159,5.988310621242519e-05,8.549148296593149e-05,6.5130260521042205,1.0428356694758392e-07,1.0428356694758392e-07,1.0428356694758392e-08
0.6663727454909781,6.529332665330683e-05,2.922519038076162e-05,5.6513026052104225,1.354662017467082e-09,1.354662017467082e-09,1.3546620174670821e-10
0.41182364729458715,2.3273947895791633e-05,3.265166332665343e-05,2.8256513026052037,7.976976065901924e-07,7.976976065901924e-07,7.976976065901925e-08
0.772725450901799,5.068573146292612e-05,3.6258476953907966e-05,8.016032064128286,5.851198383420681e-09,5.851198383420681e-09,5.851198383420681e-10
0.4065931863727435,2.453633266533072e-05,3.5717454909819785e-05,9.93987975951909,5.3398794922546735e-09,5.3398794922546735e-09,5.339879492254674e-10
0.4571543086172321,2.0929519038076183e-05,2.97662124248498e-05,8.396793587174383,2.9470979608537566e-09,2.9470979608537566e-09,2.9470979608537566e-10
0.2740881763527044,1.0650100200400794e-05,8.440943887775517e-05,0.7815631262525055,6.754253945511699e-08,6.754253945511699e-08,6.754253945511699e-09
0.3420841683366718,5.12267535070143e-05,2.715110220440882e-06,9.078156312625293,4.084640768561948e-08,4.084640768561948e-08,4.084640768561948e-09
0.08230460921843691,2.633973947895799e-05,8.837693386773501e-05,4.128256513026035,2.1894051222482004e-09,2.1894051222482004e-09,2.1894051222482005e-10
0.6698597194388739,6.511298597194411e-05,6.240787575150331e-05,1.1422845691382773,5.049768337635864e-07,5.049768337635864e-07,5.049768337635864e-08
0.28629258517033956,2.1290200400801637e-05,4.545585170340704e-05,8.456913827655345,2.4297663907591406e-07,2.4297663907591406e-07,2.4297663907591408e-08
0.5582765531062094,6.348991983967963e-05,2.8864509018036166e-05,9.879759519038128,3.229296625390487e-09,3.229296625390487e-09,3.229296625390487e-10
0.6262725450901768,6.908048096192396e-05,3.932426853707432e-05,3.6472945891783417,5.7189523929331805e-09,5.7189523929331805e-09,5.71895239293318e-10
0.6036072144288543,2.579871743486981e-05,5.753867735470974e-05,2.384769539078154,1.610105634618289e-07,1.610105634618289e-07,1.610105634618289e-08
0.6768336673346654,4.780028056112249e-05,2.110985971943891e-05,7.515030060120265,2.1183341629931634e-07,2.1183341629931634e-07,2.1183341629931635e-08
0.3473146292585155,5.357118236472975e-05,1.5158617234468924e-05,4.529058116232453,3.852761810524898e-10,3.852761810524898e-10,3.852761810524898e-11
0.4711022044088152,4.816096192384794e-05,5.6636973947896105e-05,6.312625250501012,1.123992503055137e-06,1.123992503055137e-06,1.123992503055137e-07
0.12937875751503009,8.531114228456877e-05,2.5438036072144355e-05,1.0821643286573153,8.597770058661916e-06,8.597770058661916e-06,8.597770058661916e-07
0.8285170340681313,3.499609218436888e-05,5.9612424849699384e-06,3.527054108216419,7.747247586409063e-08,7.747247586409063e-08,7.747247586409063e-09
0.7413426853707371,3.6799498997996147e-05,6.980184368737484e-05,0.5611222444889782,2.1673188686386775e-07,2.1673188686386775e-07,2.1673188686386775e-08
0.8581563126252453,8.693420841683325e-05,5.4292545090180656e-05,1.803607214428859,7.846436406165732e-06,7.846436406165732e-06,7.846436406165733e-07
0.11368737474949905,5.39318637274552e-05,3.734052104208433e-05,3.1863727454909716,1.8050784373158387e-07,1.8050784373158387e-07,1.8050784373158388e-08
0.05440881763527056,2.922519038076162e-05,3.896358717434887e-05,9.959919839679412,9.456708423776946e-09,9.456708423776946e-09,9.456708423776946e-10
0.27583166332665227,3.1749959919839793e-05,2.5618376753507082e-05,5.9919839679358775,8.381770750968165e-10,8.381770750968165e-10,8.381770750968166e-11
0.18517034068136234,5.050539078156339e-05,2.9585871743487074e-05,1.22244488977956,1.5897518753683175e-09,1.5897518753683175e-09,1.5897518753683174e-10
0.3769539078156295,6.5834348697395e-05,7.917955911823628e-05,4.288577154308602,8.886228686294111e-08,8.886228686294111e-08,8.886228686294111e-09
0.6890380761523006,8.963931863727405e-05,7.232661322645292e-05,0.5210420841683369,8.829883500823982e-09,8.829883500823982e-09,8.829883500823982e-10
0.06835671342685373,4.076699398797614e-05,8.963931863727405e-05,9.779559118236524,6.346800860880272e-07,6.346800860880272e-07,6.346800860880272e-08
0.32987975951903664,1.4797935871743473e-05,8.11633066132262e-05,8.637274549098233,2.3597916868286672e-08,2.3597916868286672e-08,2.3597916868286673e-09
0.07358717434869742,1.6240661322645284e-05,8.404875751502973e-05,6.613226452905825,6.6861184670350125e-06,6.6861184670350125e-06,6.686118467035012e-07
0.654168336673343,4.698857715430862e-06,9.207374749498992e-06,5.771543086172348,1.6368926536932457e-08,1.6368926536932457e-08,1.6368926536932458e-09
0.49376753507013765,3.71601803607216e-05,4.698857715430862e-06,5.691382765531064,1.811911094637567e-10,1.811911094637567e-10,1.811911094637567e-11
0.10845691382765536,4.058665330661341e-05,5.970276553106246e-05,7.755511022044115,9.091715291807655e-08,9.091715291807655e-08,9.091715291807656e-09
0.23398797595190307,9.027034068136267e-06,3.066791583166343e-05,8.296593186372778,3.7754221960716797e-06,3.7754221960716797e-06,3.7754221960716797e-07
0.14158316633266527,6.403094188376779e-05,7.052320641282572e-05,1.5030060120240492,4.2757327383983625e-08,4.2757327383983625e-08,4.275732738398362e-09
0.7465731462925808,1.930645290581164e-05,2.4716673346693448e-05,7.034068136272563,5.682690054358476e-10,5.682690054358476e-10,5.6826900543584764e-11
0.295010020040079,7.584308617234465e-06,7.683513026052092e-05,1.4428857715430872,5.81409750859795e-10,5.81409750859795e-10,5.81409750859795e-11
0.861643286573141,8.080262525050076e-05,8.657352705410781e-05,4.46893787575149,5.428718044671095e-10,5.428718044671095e-10,5.428718044671094e-11
0.7674949899799554,4.92430060120243e-05,6.096515030060155e-05,8.196392785571174,1.2284431849546003e-10,1.2284431849546003e-10,1.2284431849546003e-11
0.6001202404809586,6.727707414829676e-05,7.881887775551084e-05,1.7835671342685384,1.1810299302120125e-09,1.1810299302120125e-09,1.1810299302120126e-10
0.7587775551102159,2.3814969939879813e-05,7.593342685370732e-05,7.575150300601227,4.655447205842502e-09,4.655447205842502e-09,4.655447205842502e-10
0.5286372745490954,3.643881763527069e-05,2.165088176352709e-05,0.20040080160320636,2.131851660850342e-06,2.131851660850342e-06,2.1318516608503423e-07
0.8389779559118186,8.657352705410781e-05,3.950460921843705e-05,3.667334669338662,1.1210931745753224e-10,1.1210931745753224e-10,1.1210931745753223e-11
0.22875751503005942,8.495046092184333e-05,6.619503006012043e-05,8.376753507014062,6.910440418427994e-08,6.910440418427994e-08,6.9104404184279935e-09
0.28977955911823533,1.9126112224448914e-05,3.4635410821643424e-05,7.394789579158339,1.1617029015291595e-08,1.1617029015291595e-08,1.1617029015291595e-09
0.29675350701402686,4.879198396793587e-06,8.242569138276525e-05,7.214428857715451,7.476426528190401e-10,7.476426528190401e-10,7.476426528190401e-11
0.2514228456913819,2.1740881763527053e-06,8.621284569138237e-05,7.835671342685399,1.8775445464206673e-08,1.8775445464206673e-08,1.8775445464206674e-09
0.04046092184368738,4.0947334669338865e-05,4.130801603206432e-05,7.815631262525078,5.697386410995195e-06,5.697386410995195e-06,5.697386410995195e-07
0.8546693386773495,8.837693386773501e-05,4.239006012024068e-05,7.434869739478981,3.7514832596144537e-07,3.7514832596144537e-07,3.7514832596144536e-08
0.42402805611222233,6.312923847695419e-05,4.0406312625250685e-05,5.190380761523042,1.9332192165558978e-07,1.9332192165558978e-07,1.9332192165558978e-08
0.2706012024048086,8.603250501001965e-05,1.9937474949899797e-06,8.496993987975987,6.024703475757249e-08,6.024703475757249e-08,6.0247034757572495e-09
0.46238476953907576,5.059539078156312e-06,5.1407094188377025e-05,2.5050100200400767,1.060185126784533e-08,1.060185126784533e-08,1.0601851267845331e-09
0.5216633266533038,4.527551102204431e-05,1.4978276553106199e-05,0.06012024048096192,1.6918110575635466e-10,1.6918110575635466e-10,1.6918110575635466e-11
0.8965130260520987,7.66547895791582e-05,8.314705410821613e-05,2.164328657314629,2.928411205530999e-10,2.928411205530999e-10,2.928411205530999e-11
0.23921843687374672,7.899921843687356e-05,4.725925851703431e-05,5.070140280561117,5.101228446154385e-09,5.101228446154385e-09,5.101228446154385e-10
0.1677354709418835,2.8864509018036166e-05,5.510220440881764e-07,3.386773547094176,1.3633063764347168e-08,1.3633063764347168e-08,1.3633063764347169e-09
0.4153106212424829,2.7782464929859805e-05,8.260603206412797e-05,5.090180360721438,2.6121033219565265e-10,2.6121033219565265e-10,2.6121033219565266e-11
0.09625250501002008,2.002781563126255e-05,1.4076573146292573e-05,2.5450901803607175,2.4143598957465273e-08,2.4143598957465273e-08,2.414359895746527e-09
0.12240480961923854,7.268729458917836e-05,8.819659318637229e-05,6.893787575150317,2.5018160486855433e-06,2.5018160486855433e-06,2.5018160486855434e-07
0.04569138276553107,3.878324649298614e-05,5.537458917835702e-05,8.436873747495024,1.4361925227385327e-07,1.4361925227385327e-07,1.4361925227385327e-08
0.38218436873747313,1.7503046092184372e-05,5.284981963927884e-05,1.0220440881763533,1.3240445937298617e-09,1.3240445937298617e-09,1.3240445937298618e-10
0.031743486973947896,3.211064128256525e-05,4.022597194388796e-05,7.935871743487003,2.3448288825886378e-09,2.3448288825886378e-09,2.3448288825886376e-10
0.43100200400801386,2.2372244488977998e-05,1.930645290581164e-05,6.873747494989996,6.164019704290581e-08,6.164019704290581e-08,6.16401970429058e-09
0.7744689378757469,2.8323486973947986e-05,3.373370741482979e-05,7.254509018036093,1.1691159512530546e-07,1.1691159512530546e-07,1.1691159512530545e-08
0.7919038076152257,5.158743486973975e-05,3.5176432865731605e-05,4.90981963927855,4.935635886164836e-07,4.935635886164836e-07,4.935635886164836e-08
0.4362324649298575,7.629410821643276e-05,2.1470541082164364e-05,6.95390781563128,2.8047688962243757e-06,2.8047688962243757e-06,2.804768896224376e-07
0.8947695390781508,8.567182364729421e-05,8.477012024048061e-05,9.91983967935877,7.524135044315824e-09,7.524135044315824e-09,7.524135044315825e-10
0.3978757515030041,1.8044068136272553e-05,7.016252505010028e-05,2.6452905811623197,3.5838211605664624e-07,3.5838211605664624e-07,3.5838211605664626e-08
